VEH_NO,PER_NO,ST_CASE,P1,P2,P3,P4,P5,P6,P7,P8,P9,P10
1,1,40175,13,13,13,13,13,13,13,13,13,13
0,1,40176,0,0,0,0,0,0,0,0,0,0
0,2,40176,0,0,0,0,0,0,0,0,0,0
1,1,40176,0,0,0,0,0,0,0,0,0,0
1,1,40177,0,0,0,0,0,0,0,0,0,0
2,1,40177,0,0,0,0,0,0,0,0,0,0
1,1,40178,0,0,0,0,0,0,0,0,0,0
2,1,40178,0,0,0,0,0,0,0,0,0,0
1,1,40179,4,4,4,4,4,4,4,4,4,4
1,1,40180,22,22,22,22,22,22,22,22,22,22
1,1,40182,24,24,24,24,24,24,24,24,24,24
1,1,40183,0,0,0,0,0,0,0,0,0,0
1,1,40184,23,23,23,23,23,23,23,23,23,23
1,1,40185,0,0,0,0,0,0,0,0,0,0
1,1,40186,0,0,0,0,0,0,0,0,0,0
2,1,40186,0,0,0,0,0,0,0,0,0,0
1,1,40187,13,13,13,13,13,13,13,13,13,13
1,1,40188,0,0,0,0,0,0,0,0,0,0
2,1,40188,0,0,0,0,0,0,0,0,0,0
3,1,40188,0,0,0,0,0,0,0,0,0,0
1,1,40189,0,0,0,0,0,0,0,0,0,0
1,1,40190,0,0,0,0,0,0,0,0,0,0
1,1,40191,0,0,0,0,0,0,0,0,0,0
1,1,40192,0,0,0,0,0,0,0,0,0,0
2,1,40192,0,0,0,0,0,0,0,0,0,0
3,1,40192,0,0,0,0,0,0,0,0,0,0
1,1,40193,15,15,15,15,15,15,15,15,15,15
2,1,40193,0,0,0,0,0,0,0,0,0,0
0,1,40194,4,4,4,4,4,4,4,4,4,4
1,1,40194,0,0,0,0,0,0,0,0,0,0
1,1,40195,5,0,0,0,0,0,0,0,0,0
2,1,40195,0,0,0,0,0,0,0,0,0,0
3,1,40195,0,0,11,0,0,0,0,0,0,0
1,1,40196,9,0,13,14,13,21,10,0,21,19
1,1,40197,0,0,0,0,0,0,0,0,0,0
2,1,40197,0,0,0,0,0,0,0,0,0,9
1,1,40198,29,29,29,29,29,29,29,29,29,29
2,1,40198,0,0,0,0,0,0,0,0,0,0
1,1,40199,0,0,0,0,0,0,0,0,0,0
1,1,40200,0,0,0,0,0,0,0,0,0,0
2,1,40200,0,0,0,0,0,0,0,0,0,0
1,1,40201,0,0,0,0,0,0,0,0,0,0
2,1,40201,0,0,0,0,0,0,0,0,0,0
1,1,40202,0,0,0,0,0,0,0,0,0,0
2,1,40202,0,0,0,0,0,0,0,0,0,0
0,1,40203,14,14,14,14,14,14,14,14,14,14
1,1,40204,0,0,0,0,0,0,0,0,0,0
2,1,40204,0,0,0,0,0,0,0,0,0,0
1,1,40205,0,0,0,0,11,0,0,0,0,6
1,1,40206,0,0,0,0,0,0,0,0,0,0
2,1,40206,0,0,0,0,0,0,0,0,0,0
1,1,40207,15,15,15,15,15,15,15,15,15,15
2,1,40207,0,0,0,0,0,0,0,0,0,0
0,1,40208,0,0,0,0,0,0,0,0,0,0
1,1,40208,0,0,0,0,0,0,0,0,0,0
1,1,40209,0,0,0,0,0,0,0,0,0,0
2,1,40209,0,0,0,0,0,0,0,0,0,0
1,1,40210,10,10,10,10,10,10,10,10,10,10
0,1,40212,0,0,0,0,0,0,0,0,0,0
1,1,40212,3,3,3,3,3,3,3,3,3,3
0,1,40213,0,0,0,0,0,0,0,0,0,0
1,1,40213,0,9,17,11,9,12,3,10,16,21
0,1,40214,0,0,0,0,0,0,0,0,0,0
1,1,40214,20,20,20,20,20,20,20,20,20,20
1,1,40215,0,0,0,0,0,0,0,0,0,0
2,1,40215,0,12,0,0,0,0,0,0,0,0
1,1,40216,0,0,0,0,0,0,0,0,0,0
2,1,40216,0,0,0,0,0,0,0,0,0,0
1,1,40217,16,16,16,16,16,16,16,16,16,16
1,1,40218,18,17,15,0,27,0,20,32,0,0
1,1,40219,0,0,0,0,0,0,0,0,0,0
2,1,40219,0,0,0,0,0,0,0,0,0,0
1,1,40220,11,11,11,11,11,11,11,11,11,11
0,1,40221,0,0,0,0,0,0,0,0,0,0
1,1,40221,0,0,0,0,0,0,0,0,0,0
1,1,40222,0,0,0,0,0,0,0,0,0,0
2,1,40222,0,0,0,0,0,0,0,0,0,0
1,1,40223,0,0,0,0,0,26,0,0,0,0
2,1,40223,0,0,0,0,0,0,0,0,0,0
1,1,40224,0,0,0,0,0,0,0,0,0,0
2,1,40224,0,0,0,0,0,0,0,0,0,0
1,1,40225,0,0,0,0,0,0,0,0,0,0
2,1,40225,6,6,6,6,6,6,6,6,6,6
1,1,40226,0,0,0,0,0,0,0,0,0,0
1,1,40227,0,0,0,0,0,0,0,0,0,0
1,1,40228,23,23,23,23,23,23,23,23,23,23
2,1,40228,0,0,0,0,0,0,0,0,0,0
1,1,40229,0,0,0,0,0,0,0,0,0,0
1,1,40230,1,1,1,1,1,1,1,1,1,1
1,1,40231,22,22,22,22,22,22,22,22,22,22
2,1,40231,0,0,0,0,0,0,0,0,0,0
1,1,40232,25,25,25,25,25,25,25,25,25,25
1,1,40233,25,25,25,25,25,25,25,25,25,25
1,1,40234,14,0,40,6,0,0,24,18,16,14
2,1,40234,0,0,0,0,0,6,0,0,0,0
1,1,40235,22,22,22,22,22,22,22,22,22,22
1,1,40236,0,0,0,0,0,0,0,0,0,0
1,1,40237,15,15,15,15,15,15,15,15,15,15
1,1,40238,0,0,0,0,0,0,0,0,0,0
1,1,40239,0,0,0,0,0,0,0,0,0,0
1,1,40240,0,0,0,0,0,0,0,0,0,0
2,1,40240,0,0,0,0,0,0,0,0,0,0
1,1,40241,0,0,0,0,0,0,0,0,0,0
2,1,40241,0,0,0,0,0,0,0,0,0,0
1,1,40242,20,20,20,20,20,20,20,20,20,20
0,1,40243,11,11,11,11,11,11,11,11,11,11
1,1,40243,0,0,0,0,0,0,0,0,0,0
2,1,40243,0,0,0,0,0,0,0,0,0,0
1,1,40244,0,0,0,0,0,0,0,0,0,0
2,1,40244,0,0,0,0,0,0,0,0,0,0
1,1,40245,2,0,0,0,0,0,0,0,0,0
1,1,40246,0,0,0,0,0,0,0,0,0,0
2,1,40246,0,0,0,0,0,0,0,0,0,0
1,1,40247,0,0,0,0,0,0,0,0,0,0
1,1,40248,25,25,25,25,25,25,25,25,25,25
2,1,40248,0,0,0,0,0,0,0,0,0,0
3,1,40248,0,0,0,0,0,0,0,0,0,0
4,1,40248,0,0,0,0,0,0,0,0,0,0
1,1,40249,0,0,0,0,0,0,0,0,0,0
1,1,40250,0,0,0,0,0,0,0,0,0,0
2,1,40250,0,0,0,0,0,0,0,0,0,0
1,1,40251,15,15,15,15,15,15,15,15,15,15
1,1,40252,15,15,15,15,15,15,15,15,15,15
1,1,40253,28,28,28,28,28,28,28,28,28,28
1,1,40254,21,21,21,21,21,21,21,21,21,21
2,1,40254,0,0,0,0,0,0,0,0,0,0
1,1,40255,0,0,0,0,0,0,0,0,0,0
1,1,40256,0,0,0,0,0,0,0,0,0,0
2,1,40256,17,17,17,17,17,17,17,17,17,17
1,1,40257,0,0,0,0,0,0,0,0,0,0
1,1,40258,0,0,0,0,0,0,0,0,0,0
1,1,40259,0,0,0,0,0,0,0,0,0,0
2,1,40259,0,0,0,0,0,0,16,0,0,0
1,1,40260,4,4,4,4,4,4,4,4,4,4
2,1,40260,0,0,0,0,0,0,0,0,0,0
0,1,40261,36,36,36,36,36,36,36,36,36,36
1,1,40261,7,0,0,29,0,0,0,0,9,16
1,1,40262,0,0,10,0,0,0,0,0,0,0
1,1,40263,21,0,0,0,17,13,0,0,10,0
2,1,40263,0,0,0,0,0,0,0,0,0,0
1,1,40264,26,26,26,26,26,26,26,26,26,26
2,1,40264,0,0,0,0,0,0,0,0,0,0
0,1,40265,0,0,0,0,0,0,0,0,0,0
1,1,40265,0,0,0,0,0,0,0,0,0,0
1,1,40266,26,26,26,26,26,26,26,26,26,26
1,1,40267,0,0,0,0,0,0,12,0,0,0
2,1,40267,0,0,0,0,0,0,0,0,0,0
1,1,40268,0,0,0,0,0,0,0,0,0,0
2,1,40268,0,0,0,0,0,0,0,0,0,0
1,1,40269,21,21,21,21,21,21,21,21,21,21
1,1,40270,0,0,0,0,0,0,0,0,0,0
2,1,40270,0,0,0,0,0,0,0,0,0,0
0,1,40271,0,0,0,0,0,0,0,0,0,0
1,1,40271,13,13,13,13,13,13,13,13,13,13
0,1,40272,0,0,0,0,0,0,0,0,0,0
0,2,40272,0,0,0,0,0,0,10,0,0,0
1,1,40272,0,0,0,0,0,0,0,0,0,0
1,1,40273,27,27,27,27,27,27,27,27,27,27
2,1,40273,0,0,0,0,0,0,0,0,0,0
1,1,40274,0,0,0,0,0,0,0,0,0,0
2,1,40274,0,0,0,0,0,0,0,0,0,0
1,1,40275,0,21,20,40,21,25,0,0,0,10
1,1,40276,0,0,0,0,0,0,0,0,0,0
2,1,40276,0,0,0,0,0,0,0,0,0,0
1,1,40277,19,19,19,19,19,19,19,19,19,19
1,1,40278,3,3,3,3,3,3,3,3,3,3
1,1,40279,36,36,36,36,36,36,36,36,36,36
1,1,40280,0,0,0,0,0,0,0,0,0,0
2,1,40280,0,0,0,0,0,0,0,0,0,0
1,1,40281,0,0,0,0,0,0,0,0,0,0
2,1,40281,0,0,0,0,0,0,0,0,0,0
0,1,40282,25,25,25,25,25,25,25,25,25,25
1,1,40282,5,5,5,5,5,5,5,5,5,5
1,1,40283,0,0,0,0,0,0,0,0,0,0
2,1,40283,12,12,12,12,12,12,12,12,12,12
3,1,40283,0,0,0,0,0,0,0,0,0,0
4,1,40283,0,0,0,0,0,0,0,0,10,0
1,1,40284,0,0,0,0,0,0,0,0,0,0
1,1,40285,0,0,0,0,0,0,0,0,0,0
2,1,40285,0,0,0,0,0,0,0,0,0,0
3,1,40285,0,0,0,0,0,0,0,0,0,0
1,6,40286,0,9,0,6,15,4,9,0,0,0
1,1,40287,0,0,0,0,0,0,0,0,0,0
1,1,40288,8,8,8,8,8,8,8,8,8,8
2,1,40288,0,0,0,0,0,0,0,0,0,0
0,1,40289,28,28,28,28,28,28,28,28,28,28
1,1,40289,0,0,0,0,0,0,4,0,0,0
1,1,40290,0,0,0,0,0,0,0,0,0,0
2,1,40290,0,0,0,0,0,0,0,0,0,0
1,1,40291,21,21,21,21,21,21,21,21,21,21
1,1,40292,0,0,0,0,0,0,0,0,0,0
2,1,40292,0,0,0,0,0,0,0,0,0,0
1,1,40293,0,0,0,0,0,0,0,0,0,0
1,1,40294,0,0,0,0,0,0,0,0,0,0
1,1,40295,0,0,0,0,0,0,0,0,0,0
1,1,40296,0,0,0,0,0,0,0,0,0,0
1,1,40297,0,0,0,0,0,0,0,0,0,0
1,1,40298,0,0,0,0,0,0,0,0,0,0
1,27,40299,4,0,12,0,0,11,27,20,0,17
1,1,40300,0,0,0,8,0,0,0,0,0,0
1,1,40301,0,0,0,10,0,0,18,0,0,0
0,1,40302,11,11,11,11,11,11,11,11,11,11
1,1,40302,0,0,0,0,0,0,0,0,0,12
0,1,40303,0,0,0,0,0,0,0,0,0,0
1,1,40303,0,0,0,0,0,0,0,0,0,0
1,1,40304,0,0,0,0,0,0,0,0,0,0
2,1,40304,0,0,0,0,0,0,0,0,0,0
0,1,40305,24,24,24,24,24,24,24,24,24,24
1,1,40305,0,0,0,0,0,0,15,0,0,6
1,1,40306,0,0,0,0,0,0,0,0,0,0
1,1,40307,14,24,22,19,24,15,16,19,19,24
0,1,40308,0,0,0,13,0,15,0,0,0,0
1,1,40308,0,0,0,13,12,0,0,0,0,0
1,1,40309,12,12,12,12,12,12,12,12,12,12
1,1,40310,19,19,19,19,19,19,19,19,19,19
1,1,40311,0,0,0,0,0,0,0,0,0,0
2,1,40311,0,0,0,0,0,0,0,0,0,0
1,1,40313,23,23,23,23,23,23,23,23,23,23
1,1,40314,5,5,5,5,5,5,5,5,5,5
2,1,40314,0,0,0,0,0,0,0,0,0,0
1,1,40315,40,0,18,0,0,23,0,30,22,25
1,1,40316,0,0,0,0,0,0,0,0,0,0
2,1,40316,0,0,0,0,0,0,0,0,0,0
3,1,40316,0,0,0,0,0,0,0,0,0,0
4,1,40316,0,0,0,0,0,0,0,0,0,0
1,1,40317,15,15,15,15,15,15,15,15,15,15
2,1,40317,0,0,0,0,0,0,0,0,0,0
1,1,40318,22,22,22,22,22,22,22,22,22,22
2,1,40318,0,0,0,0,0,0,0,0,0,0
1,1,40319,0,0,0,0,0,0,0,0,0,0
1,1,40320,0,0,0,0,0,0,0,0,0,0
1,1,40321,0,0,0,0,0,0,0,0,0,0
1,1,40322,0,0,0,0,0,0,0,0,0,0
2,1,40322,0,0,0,0,0,0,0,0,0,0
1,1,40323,0,0,0,0,0,0,0,0,0,0
1,1,40324,8,8,8,8,8,8,8,8,8,8
2,1,40324,0,0,0,0,0,0,0,0,0,0
1,1,40325,22,22,22,22,22,22,22,22,22,22
1,1,40326,0,0,0,0,0,0,0,0,0,0
2,1,40326,0,0,0,0,0,0,0,0,0,0
1,1,40327,0,0,0,0,0,0,0,0,0,0
2,1,40327,0,0,0,0,0,0,0,6,13,0
1,1,40328,0,0,0,0,0,0,0,0,0,0
2,1,40328,0,0,0,0,0,0,0,0,0,0
3,1,40328,0,0,0,0,0,0,0,0,0,0
0,1,40329,21,21,21,21,21,21,21,21,21,21
1,1,40329,0,0,0,0,0,0,0,0,0,0
0,1,40330,24,24,24,24,24,24,24,24,24,24
1,1,40330,0,0,0,0,0,0,0,0,0,0
1,1,40331,0,0,0,0,0,0,0,0,0,0
2,1,40331,0,0,0,0,0,0,0,0,0,0
0,1,40332,0,0,0,0,0,0,0,0,0,0
1,1,40332,0,0,0,0,0,0,0,0,0,0
1,1,40333,0,0,0,0,0,0,0,0,0,0
1,1,40334,3,3,3,3,3,3,3,3,3,3
1,1,40335,0,0,0,0,0,0,0,0,0,0
2,1,40335,0,0,0,0,0,0,0,0,0,0
1,1,40336,0,0,0,0,0,0,0,0,0,0
1,1,40337,0,0,0,0,0,0,0,0,0,0
2,1,40337,0,0,0,5,0,0,0,0,0,0
1,1,40338,0,0,0,0,0,0,0,0,0,0
1,1,40339,14,14,14,14,14,14,14,14,14,14
2,1,40339,0,0,10,0,0,0,0,0,13,0
1,1,40340,0,0,0,0,0,0,0,0,0,0
2,1,40340,0,0,0,0,0,0,0,0,0,0
0,1,40341,0,0,0,0,0,0,0,0,0,14
1,1,40341,0,0,0,0,0,0,0,0,0,0
1,1,40342,0,0,0,0,0,0,28,15,0,0
1,1,40343,8,25,35,20,14,17,16,28,28,15
2,1,40343,0,0,0,0,0,0,6,0,0,0
1,1,40344,18,18,18,18,18,18,18,18,18,18
1,1,40345,19,19,19,19,19,19,19,19,19,19
2,1,40345,0,0,0,0,0,0,0,0,0,0
0,1,40346,0,0,0,0,0,0,0,0,0,0
2,1,40346,0,0,0,0,0,0,0,0,0,0
1,1,40347,0,0,0,0,0,0,0,0,0,0
2,1,40347,0,0,0,0,0,0,0,0,0,0
1,1,40348,0,0,0,0,0,0,0,0,0,0
2,1,40348,0,0,0,0,0,0,0,0,0,0
1,1,40349,0,0,0,0,0,0,0,0,0,0
2,1,40349,0,0,0,20,0,0,0,0,0,0
1,1,40350,0,0,0,0,0,0,0,0,0,0
2,1,40350,0,0,0,0,0,0,0,0,0,0
1,1,40352,0,0,0,0,0,0,0,0,0,0
2,1,40352,0,0,0,0,0,0,0,0,0,0
1,1,40353,9,9,9,9,9,9,9,9,9,9
1,1,40354,11,11,11,11,11,11,11,11,11,11
1,1,40355,2,2,2,2,2,2,2,2,2,2
2,1,40355,0,0,0,0,0,0,0,0,0,0
0,1,40356,22,22,22,22,22,22,22,22,22,22
1,1,40356,0,0,0,0,0,0,0,0,0,0
1,1,40357,0,0,0,0,0,0,0,0,0,0
1,1,40358,0,0,0,0,0,0,0,0,0,0
1,1,40359,0,0,0,0,0,0,0,0,0,0
2,1,40359,0,0,0,0,0,0,0,0,0,0
1,1,40360,0,0,0,0,0,0,0,0,0,0
0,1,40361,0,0,0,0,0,0,0,0,0,0
1,1,40361,0,0,0,0,0,0,0,0,0,0
0,1,40362,0,0,0,0,0,0,0,0,0,0
1,1,40362,0,0,0,0,0,0,0,0,0,0
1,1,40363,0,0,0,0,0,0,0,0,0,0
1,1,40364,0,0,0,0,0,0,0,0,0,0
2,1,40364,0,0,0,0,0,0,0,0,0,0
1,1,40365,0,0,0,0,0,0,0,0,0,0
2,1,40365,0,0,0,0,0,0,0,0,0,0
3,1,40365,0,0,0,0,0,0,0,0,0,0
1,1,40366,8,8,8,8,8,8,8,8,8,8
1,1,40367,0,0,0,0,0,0,0,0,0,0
1,1,40368,0,0,0,0,0,0,0,0,0,0
2,1,40368,0,0,0,0,0,0,0,0,0,0
1,1,40369,12,12,12,12,12,12,12,12,12,12
1,1,40370,0,0,13,0,0,20,14,0,0,0
2,1,40370,0,0,0,0,0,0,0,0,0,12
1,1,40371,0,0,0,0,0,0,0,0,0,0
2,1,40371,0,0,0,0,0,0,0,0,0,0
3,1,40371,7,0,0,0,0,0,0,0,0,0
1,1,40372,18,11,9,0,0,0,0,0,0,14
2,1,40372,0,0,0,0,0,0,0,0,0,0
1,1,40373,11,11,11,11,11,11,11,11,11,11
1,1,40374,28,8,0,13,19,28,0,15,24,0
0,1,40375,0,0,0,0,0,0,0,0,0,0
1,1,40375,0,0,0,0,0,0,0,0,0,0
1,1,40376,0,9,10,12,18,0,3,0,0,10
1,1,40377,0,12,14,0,26,4,20,5,9,15
1,2,40378,0,13,0,0,32,29,0,0,29,0
1,2,40379,7,4,36,17,3,0,38,18,13,24
0,1,40380,0,0,0,0,0,0,0,0,0,0
1,1,40380,11,11,11,11,11,11,11,11,11,11
1,1,40381,13,13,13,13,13,13,13,13,13,13
1,1,40382,18,18,18,18,18,18,18,18,18,18
0,1,40383,0,0,0,0,0,0,0,0,0,0
1,1,40383,0,0,0,0,0,0,0,0,0,0
1,1,40384,0,0,0,0,0,0,0,0,0,0
2,1,40384,0,0,0,0,0,0,0,0,0,0
0,1,40385,0,0,0,0,0,0,0,0,0,0
1,1,40385,0,0,0,0,0,0,0,0,0,0
0,1,40386,0,0,0,0,0,0,0,0,0,0
1,1,40386,3,3,3,3,3,3,3,3,3,3
1,1,40387,0,0,0,0,0,0,0,0,0,0
1,1,40388,0,22,48,0,0,0,0,0,0,0
0,1,40389,2,2,2,2,2,2,2,2,2,2
1,1,40389,8,8,8,8,8,8,8,8,8,8
1,1,40390,0,0,5,4,0,0,0,0,0,0
2,1,40390,0,0,0,0,0,0,0,0,0,0
1,1,40391,18,18,18,18,18,18,18,18,18,18
1,1,40392,6,6,6,6,6,6,6,6,6,6
1,1,40393,21,21,21,21,21,21,21,21,21,21
0,1,40394,0,0,0,0,0,0,0,0,0,0
1,1,40394,0,0,0,0,0,0,0,0,0,0
0,1,40395,0,0,0,0,0,0,0,0,0,0
1,1,40395,5,0,0,6,12,0,0,13,0,0
1,1,40396,10,0,0,7,0,0,11,0,4,0
1,1,40397,20,20,20,20,20,20,20,20,20,20
1,1,40398,26,26,26,26,26,26,26,26,26,26
0,1,40399,0,0,0,0,0,0,0,0,0,0
1,1,40399,0,0,0,0,0,0,0,0,0,0
1,1,40400,21,21,21,21,21,21,21,21,21,21
2,1,40400,3,3,3,3,3,3,3,3,3,3
1,1,40401,0,0,0,0,0,0,0,0,0,0
2,1,40401,2,2,2,2,2,2,2,2,2,2
1,1,40402,0,0,0,0,0,0,0,0,0,0
2,1,40402,0,0,0,0,0,0,0,0,0,0
1,1,40403,25,25,25,25,25,25,25,25,25,25
1,1,40404,0,0,0,0,0,0,0,0,0,0
2,1,40404,0,0,0,0,0,0,0,0,0,0
3,1,40404,0,0,0,0,0,0,0,0,0,0
4,1,40404,0,0,0,0,0,6,0,0,0,0
1,1,40405,0,0,0,0,0,0,0,0,0,0
2,1,40405,10,0,0,0,6,4,2,5,0,0
0,1,40406,12,18,12,0,12,0,0,32,7,42
1,1,40406,20,0,0,0,29,0,3,11,0,12
1,1,40407,0,0,0,0,0,0,0,0,0,0
0,1,40408,16,16,16,16,16,16,16,16,16,16
1,1,40408,0,0,0,0,0,0,0,0,0,0
1,1,40409,18,18,18,18,18,18,18,18,18,18
2,1,40409,13,13,13,13,13,13,13,13,13,13
1,1,40410,13,13,13,13,13,13,13,13,13,13
1,1,40411,0,0,0,0,0,0,0,0,0,0
1,1,40412,15,15,15,15,15,15,15,15,15,15
1,1,40413,0,0,0,0,0,0,0,0,0,0
2,1,40413,0,15,0,0,0,0,0,0,0,0
1,1,40414,0,0,0,0,0,0,0,0,0,0
2,1,40414,0,0,0,0,0,0,0,0,0,5
3,1,40414,0,0,0,0,0,0,0,0,0,0
1,1,40415,0,0,0,0,0,70,0,0,0,0
2,1,40415,0,0,0,0,0,0,0,0,0,0
1,1,40416,0,0,0,0,0,0,0,0,0,0
2,1,40416,0,0,0,8,0,10,5,17,0,21
1,1,40417,11,12,0,22,11,17,0,3,21,0
0,1,40418,0,0,0,0,0,0,0,0,0,0
1,1,40418,15,15,15,15,15,15,15,15,15,15
1,1,40419,16,16,16,16,16,16,16,16,16,16
0,1,40420,0,0,0,0,0,0,0,0,0,25
1,1,40420,0,0,0,0,0,0,0,0,0,0
1,1,40421,23,23,23,23,23,23,23,23,23,23
0,1,40422,30,0,0,0,0,0,0,0,0,0
1,1,40422,0,0,0,0,0,0,0,0,0,0
1,1,40423,0,0,0,0,0,0,0,0,0,0
2,1,40423,0,0,0,0,0,0,0,0,0,0
0,1,40424,19,19,19,19,19,19,19,19,19,19
1,1,40424,0,0,0,0,0,0,0,0,0,0
1,1,40425,22,22,22,22,22,22,22,22,22,22
2,1,40425,0,0,0,0,0,0,0,0,0,0
1,1,40426,0,0,0,0,0,0,0,0,0,0
1,1,40427,0,0,0,0,0,0,0,0,0,0
1,1,40428,6,6,6,6,6,6,6,6,6,6
2,1,40428,0,0,0,0,0,0,0,0,9,0
0,1,40429,7,7,7,7,7,7,7,7,7,7
1,1,40429,0,0,12,0,0,0,0,0,0,0
1,1,40430,20,20,20,20,20,20,20,20,20,20
2,1,40430,0,0,0,0,0,0,0,0,0,0
1,1,40431,16,16,16,16,16,16,16,16,16,16
2,1,40431,0,0,0,0,10,0,0,0,0,0
1,1,40432,0,0,0,0,0,0,0,0,0,0
2,1,40432,0,0,0,0,0,0,0,0,0,0
0,1,40433,46,46,46,46,46,46,46,46,46,46
1,1,40433,14,13,0,11,0,13,3,6,9,0
1,1,40434,0,0,0,0,0,0,0,0,7,0
1,1,40435,0,0,0,0,0,0,0,0,0,0
1,1,40436,0,0,0,0,0,0,0,0,0,0
2,1,40436,0,0,0,0,0,0,0,0,0,0
1,1,40437,0,12,0,0,0,0,0,0,0,0
1,1,40438,0,0,0,0,0,0,0,0,0,0
2,1,40438,0,0,0,0,0,0,0,0,0,0
0,1,40439,0,0,0,0,0,0,0,0,0,0
1,1,40439,0,9,9,8,12,17,3,0,10,7
1,1,40440,18,18,18,18,18,18,18,18,18,18
2,1,40440,0,0,0,0,0,0,0,0,0,0
1,1,40441,18,18,18,18,18,18,18,18,18,18
1,1,40442,0,0,0,0,0,0,0,0,0,0
2,1,40442,0,0,0,0,0,0,0,0,0,0
0,1,40443,0,0,0,0,0,0,0,0,0,0
1,1,40443,0,0,0,0,0,0,0,0,0,0
1,1,40444,0,0,0,0,0,0,0,0,0,0
2,1,40444,0,0,0,0,0,0,0,0,0,0
3,1,40444,0,0,0,0,0,0,0,0,0,0
1,1,40445,15,15,15,15,15,15,15,15,15,15
3,1,40445,0,0,0,0,0,0,0,0,0,0
1,1,40446,0,0,0,0,0,0,0,0,0,0
1,1,40447,15,15,15,15,15,15,15,15,15,15
0,1,40448,0,0,0,0,0,0,0,0,0,0
1,1,40448,0,0,0,0,0,0,0,0,0,0
0,1,40449,3,3,3,3,3,3,3,3,3,3
1,1,40449,0,0,0,0,0,0,0,0,0,0
0,1,40450,0,0,0,0,0,0,0,0,0,0
1,1,40450,19,0,0,0,0,18,0,0,0,0
1,1,40451,0,0,0,0,0,0,0,0,0,0
1,1,40452,0,0,0,0,0,0,0,0,0,0
2,1,40452,0,0,0,0,0,0,0,0,0,0
1,3,40453,0,0,21,0,0,0,14,0,0,0
1,1,40455,0,0,0,27,0,0,0,0,0,0
2,1,40455,0,0,0,0,0,0,0,0,0,0
3,1,40455,0,0,0,0,0,0,0,0,0,0
1,1,40456,0,0,0,0,0,0,0,0,0,0
2,1,40456,0,0,0,0,0,0,0,0,0,0
0,1,40457,0,0,0,0,0,0,0,0,0,0
1,1,40457,0,0,0,0,0,0,0,0,0,0
1,1,40458,0,0,0,0,0,0,0,0,0,0
1,1,40459,0,0,0,0,0,0,0,0,0,0
2,1,40459,0,0,0,0,0,0,0,0,0,0
1,1,40460,8,8,8,8,8,8,8,8,8,8
1,1,40461,0,0,0,0,0,0,0,0,0,0
1,1,40462,0,0,0,0,0,31,0,0,0,0
0,1,40463,0,0,0,0,0,0,0,0,0,0
1,1,40463,5,5,5,5,5,5,5,5,5,5
1,1,40464,14,14,14,14,14,14,14,14,14,14
1,1,40465,0,0,0,0,0,0,0,0,0,0
1,1,40466,10,11,10,5,19,5,38,16,19,8
1,1,40467,0,0,0,0,0,0,0,0,0,0
1,1,40468,0,9,17,9,10,10,4,17,11,25
1,1,40469,0,0,0,0,0,0,0,9,0,0
2,1,40469,0,0,0,0,0,0,0,0,0,0
1,1,40470,0,0,0,0,0,0,0,0,0,0
1,1,40471,10,10,10,10,10,10,10,10,10,10
1,1,40472,0,0,0,0,0,0,0,0,0,0
0,1,40474,0,0,0,0,0,0,21,22,9,16
1,1,40474,0,0,0,0,0,0,0,0,0,0
1,1,40475,0,0,0,0,0,17,0,0,0,0
1,1,40476,18,29,0,12,34,23,11,0,13,25
1,1,40477,0,0,0,0,0,0,0,0,0,0
1,1,40478,0,0,0,0,0,0,0,0,0,0
2,1,40478,0,0,0,0,0,0,0,0,0,0
1,1,40479,0,0,0,0,0,0,0,0,0,0
2,1,40479,0,0,0,0,0,0,0,0,0,0
1,1,40480,0,0,0,0,0,0,0,0,0,0
2,1,40480,0,0,0,0,0,0,0,0,0,0
1,1,40481,0,0,0,0,0,0,0,0,0,0
1,1,40482,0,0,0,0,0,0,0,0,0,0
1,1,40483,19,19,19,19,19,19,19,19,19,19
1,1,40484,5,5,5,5,5,5,5,5,5,5
2,1,40484,0,0,0,0,0,0,0,0,0,0
1,1,40485,0,0,0,0,15,18,0,17,0,9
1,1,40486,0,0,0,0,0,0,0,0,0,0
2,1,40486,0,0,0,0,0,0,0,0,0,0
3,1,40486,0,0,0,0,0,0,0,0,0,0
4,1,40486,0,0,0,0,0,0,0,0,0,0
1,1,40487,0,0,0,0,0,0,0,0,0,0
2,1,40487,0,0,0,0,0,0,0,0,0,0
1,1,40488,0,0,0,0,0,0,0,0,0,0
1,1,40489,0,0,0,0,0,0,0,0,0,0
0,1,40490,6,6,6,6,6,6,6,6,6,6
1,1,40490,0,0,0,0,0,0,0,0,0,0
1,1,40491,11,11,11,11,11,11,11,11,11,11
2,1,40491,9,9,9,9,9,9,9,9,9,9
0,1,40492,0,0,0,0,0,0,0,0,0,0
1,1,40492,0,0,0,0,0,0,0,0,0,0
1,1,40493,0,0,0,0,0,0,0,0,0,0
1,1,40494,0,0,0,0,0,0,0,0,0,0
1,1,40495,0,0,0,0,20,0,0,10,0,0
1,1,40496,15,15,15,15,15,15,15,15,15,15
1,1,40497,0,0,0,0,0,0,0,0,0,0
1,1,40498,13,13,13,13,13,13,13,13,13,13
0,1,40499,0,0,0,0,0,0,0,0,0,0
1,1,40499,0,0,0,0,0,0,0,0,0,0
0,1,40500,0,0,0,0,0,0,0,0,0,0
1,1,40500,0,0,0,0,0,0,0,0,0,0
1,1,40501,0,0,0,0,0,0,0,0,0,0
2,1,40501,0,0,0,0,0,0,0,0,0,0
1,1,40502,12,12,12,12,12,12,12,12,12,12
1,1,40503,3,3,3,3,3,3,3,3,3,3
1,1,40504,0,0,0,0,0,0,0,7,0,0
1,1,40505,0,0,26,0,0,0,0,0,0,7
2,1,40505,0,0,0,0,0,0,0,0,0,0
1,1,40506,28,28,28,28,28,28,28,28,28,28
1,1,40507,0,4,0,0,0,0,4,0,0,0
0,1,40508,0,0,0,0,0,0,0,0,0,0
0,2,40508,0,0,0,0,0,0,0,0,0,0
1,1,40508,0,0,0,0,0,0,0,0,0,0
1,1,40509,0,0,0,0,0,0,0,0,0,0