VEH_NO,PER_NO,ST_CASE,P1,P2,P3,P4,P5,P6,P7,P8,P9,P10
1,1,50455,0,0,0,0,0,0,0,0,0,0
2,1,50455,0,0,0,0,0,0,0,0,0,0
1,1,50456,0,0,0,0,0,0,0,0,0,0
2,1,50456,0,0,0,0,0,0,0,0,0,0
1,1,50457,0,0,0,10,0,0,0,9,0,11
1,1,50458,0,0,0,0,0,0,0,0,0,0
1,1,50459,14,14,14,14,14,14,14,14,14,14
1,1,50460,0,0,0,0,0,0,0,0,0,0
2,1,50460,0,4,0,24,0,0,0,0,0,0
1,1,50461,13,0,0,0,0,0,0,0,0,0
1,1,50462,0,0,0,0,0,0,0,0,0,8
1,1,50463,11,11,11,11,11,11,11,11,11,11
2,1,50463,0,0,0,0,0,0,0,0,0,0
3,1,50463,0,0,0,0,0,0,0,0,0,0
1,1,50464,1,1,1,1,1,1,1,1,1,1
2,1,50464,0,0,0,0,0,0,0,0,0,0
3,1,50464,0,0,0,0,0,0,0,0,0,0
4,1,50464,0,0,0,0,0,0,0,0,0,0
5,1,50464,0,0,0,0,0,0,0,0,0,0
1,1,50465,0,0,7,19,24,15,13,0,0,18
2,1,50465,0,0,0,0,0,0,0,0,0,0
1,1,50466,0,0,0,0,0,0,0,0,0,0
2,1,50466,0,0,0,0,0,0,0,0,0,0
3,1,50466,0,0,0,0,0,0,0,0,0,0
1,1,50467,0,0,0,0,0,0,0,0,0,0
2,1,50467,0,0,0,0,0,0,0,0,0,0
1,1,50468,0,0,0,0,0,0,0,0,0,0
2,1,50468,0,0,0,0,0,0,0,0,0,0
1,1,50469,0,0,0,0,0,0,0,0,0,0
2,1,50469,0,0,0,0,0,0,0,0,0,0
1,1,50470,0,0,0,0,0,0,0,0,0,0
2,1,50470,0,0,19,0,0,0,0,0,0,0
1,1,50471,0,0,0,0,0,0,0,0,0,0
1,1,50473,0,0,0,0,0,0,0,0,0,0
1,1,50474,24,24,24,24,24,24,24,24,24,24
1,1,50475,20,20,20,20,20,20,20,20,20,20
1,1,50476,2,2,2,2,2,2,2,2,2,2
2,1,50476,0,0,0,0,0,0,0,0,0,0
1,1,50477,11,11,11,11,11,11,11,11,11,11
0,1,50478,0,0,0,0,0,0,0,0,0,0
0,2,50478,0,0,0,0,0,0,0,0,0,0
1,1,50478,0,0,0,0,0,0,0,0,0,0
1,1,50479,0,0,0,0,0,0,0,0,0,0
1,1,50480,0,0,0,0,0,0,0,0,0,0
1,1,50481,0,0,0,0,0,0,0,0,0,0
1,1,50482,0,0,0,0,0,0,0,0,0,0
0,1,50483,0,0,0,0,0,0,0,0,0,0
1,1,50483,0,0,0,0,0,0,0,0,0,0
1,1,50484,0,0,0,0,0,0,0,0,0,0
1,1,50485,0,0,0,0,0,0,0,0,0,0
2,1,50485,0,0,0,0,0,0,0,0,0,0
0,1,50486,14,14,14,14,14,14,14,14,14,14
1,1,50486,14,14,14,14,14,14,14,14,14,14
1,1,50487,0,0,0,0,0,0,0,0,0,0
1,1,50488,0,0,0,0,0,0,0,0,0,0
0,1,50489,0,0,0,0,0,0,0,0,0,0
1,1,50489,0,0,0,0,0,0,0,0,0,0
1,1,50490,0,0,0,0,0,0,0,0,0,0
1,1,50491,0,0,0,0,0,0,0,0,0,0
1,1,50492,0,0,0,0,0,0,0,0,0,0
2,1,50492,20,20,20,20,20,20,20,20,20,20
1,1,50493,0,0,0,0,0,12,0,0,0,0
2,1,50493,0,0,0,0,0,0,0,0,0,0
1,1,50494,19,19,19,19,19,19,19,19,19,19
1,1,50495,14,14,14,14,14,14,14,14,14,14
1,1,50496,0,0,0,0,0,0,0,0,0,0
1,1,50497,26,15,0,0,0,0,17,0,14,0
1,1,50498,0,0,0,0,0,0,0,0,0,0
0,1,50499,22,22,22,22,22,22,22,22,22,22
1,1,50499,4,0,0,0,10,0,0,0,0,0
1,1,50500,0,0,0,0,0,0,0,0,0,0
2,1,50500,0,0,0,0,0,0,0,0,0,0
1,1,50501,0,0,0,0,0,0,0,0,0,0
2,1,50501,0,0,0,0,0,0,0,0,0,0
1,1,50502,0,0,0,0,0,0,0,0,0,0
1,1,50503,0,0,0,0,0,0,0,0,0,0
1,1,50504,25,25,25,25,25,25,25,25,25,25
0,1,50505,0,0,0,0,0,0,0,0,0,0
2,1,50505,0,0,2,16,0,0,0,0,0,0
1,1,50506,0,0,0,0,0,0,0,0,0,0
1,1,50507,28,28,28,28,28,28,28,28,28,28
1,1,50508,12,12,12,12,12,12,12,12,12,12
1,1,50509,0,0,0,0,0,0,0,0,0,0
1,1,50510,0,0,0,0,0,0,0,0,0,0
2,1,50510,0,0,0,0,0,0,0,0,0,0
1,1,50511,12,12,12,12,12,12,12,12,12,12
1,1,50512,0,0,0,0,0,0,0,0,0,0
2,1,50512,0,0,0,0,0,0,0,0,0,0
1,1,50513,0,0,9,16,0,0,0,0,0,14
0,1,50514,0,0,0,0,0,0,0,0,0,0
1,1,50514,0,0,0,0,0,0,0,0,0,0
1,1,50515,0,0,0,0,0,0,0,0,0,0
2,1,50515,22,22,22,22,22,22,22,22,22,22
1,1,50516,0,0,0,0,0,0,0,0,0,0
2,1,50516,17,17,17,17,17,17,17,17,17,17
1,1,50517,0,0,0,0,11,0,0,13,0,0
2,1,50517,0,0,0,0,0,0,0,0,0,0
1,1,50518,44,44,44,44,44,44,44,44,44,44
0,1,50519,13,13,13,13,13,13,13,13,13,13
1,1,50519,0,0,0,0,0,0,0,0,0,0
1,1,50520,28,28,28,28,28,28,28,28,28,28
1,1,50521,11,11,11,11,11,11,11,11,11,11
1,1,50522,0,0,0,0,0,0,0,0,0,0
1,1,50523,0,0,0,0,0,0,0,0,0,0
2,1,50523,0,0,10,0,0,0,0,43,0,0
1,1,50524,0,0,0,0,0,0,0,0,0,0
1,1,50525,0,0,0,0,0,0,0,0,0,0
2,1,50525,0,0,0,0,0,0,0,5,0,0
1,1,50526,0,0,0,0,0,0,0,0,0,0
2,1,50526,0,0,0,0,0,0,0,0,0,0
1,1,50527,0,0,0,0,0,0,0,0,0,0
2,1,50527,17,17,17,17,17,17,17,17,17,17
1,1,50528,0,0,0,0,0,0,0,0,0,0
2,1,50528,0,0,0,0,0,0,0,0,0,0
1,1,50529,0,0,0,0,0,0,0,0,0,0
1,1,50530,0,0,0,0,0,0,0,0,0,0
1,1,50531,6,6,6,6,6,6,6,6,6,6
1,1,50532,0,0,0,0,0,0,0,8,7,22
1,1,50533,0,0,0,0,0,0,0,0,0,0
0,1,50534,14,32,33,0,0,0,12,0,30,0
1,1,50534,13,0,0,0,0,17,0,0,0,0
1,1,50535,19,19,19,19,19,19,19,19,19,19
1,1,50536,0,0,0,0,0,0,0,0,0,0
1,1,80001,0,0,0,0,0,0,0,0,0,0
1,1,80002,0,0,0,0,0,0,0,0,0,0
1,1,80003,10,10,10,10,10,10,10,10,10,10
1,1,80004,0,0,0,0,0,0,0,0,0,0
2,1,80004,0,0,0,0,0,0,0,0,0,0
0,1,80005,0,0,0,0,0,0,0,0,0,0
1,1,80005,0,5,0,0,0,0,0,0,0,0
2,1,80005,0,0,0,0,0,0,0,0,0,0
1,1,80006,0,0,0,0,0,0,0,0,0,0
1,1,80007,16,16,16,16,16,16,16,16,16,16
2,1,80007,0,0,0,0,0,0,0,0,9,0
1,1,80008,16,16,16,16,16,16,16,16,16,16
1,1,80009,0,0,0,0,0,0,0,0,0,0
2,1,80009,0,0,0,0,0,0,0,0,16,0
1,1,80010,1,1,1,1,1,1,1,1,1,1
1,1,80011,0,0,0,0,0,0,0,0,0,0
2,1,80011,0,0,0,0,15,0,0,0,0,0
1,1,80012,18,18,18,18,18,18,18,18,18,18
1,1,80013,19,6,26,15,23,22,21,16,14,13
1,1,80014,0,0,0,0,0,0,0,0,0,0
0,1,80015,0,0,0,12,0,0,0,0,8,0
0,2,80015,0,0,18,2,0,0,0,0,0,0
1,1,80015,5,0,0,0,0,0,0,0,0,0
0,1,80016,0,0,0,0,0,0,0,0,0,0
2,1,80016,0,0,0,0,0,0,0,0,0,0
1,1,80017,19,19,19,19,19,19,19,19,19,19
0,1,80018,0,0,0,0,0,0,0,0,0,0
1,1,80018,0,0,0,0,0,0,0,0,0,0
1,1,80019,27,27,27,27,27,27,27,27,27,27
2,1,80019,0,0,0,0,0,0,0,0,0,0
1,1,80020,0,0,0,0,0,0,0,0,0,0
1,1,80021,12,12,12,12,12,12,12,12,12,12
2,1,80021,0,0,0,0,0,26,0,0,0,0
3,1,80021,0,0,0,0,0,0,0,0,0,6
1,1,80022,0,0,0,0,0,0,0,0,0,0
2,1,80022,0,0,0,0,0,0,0,0,0,0
1,1,80023,0,0,0,0,0,0,0,0,0,0
1,1,80024,11,11,11,11,11,11,11,11,11,11
1,1,80025,0,0,0,0,0,0,0,0,0,0
2,1,80025,0,0,0,0,0,0,0,0,0,0
3,1,80025,0,6,0,0,0,0,0,0,0,0
1,1,80026,0,0,0,0,0,0,0,0,0,0
2,1,80026,0,0,0,0,0,0,0,0,0,0
1,1,80027,0,0,0,0,0,0,0,0,0,0
1,1,80028,0,0,0,0,0,0,0,0,0,0
2,1,80028,0,0,0,0,0,0,0,0,0,0
1,1,80029,10,10,10,10,10,10,10,10,10,10
2,1,80029,0,0,0,0,0,0,0,0,0,0
1,1,80030,0,0,0,0,0,0,0,0,0,0
2,1,80030,0,0,0,0,0,0,0,0,0,0
3,1,80030,0,0,0,0,0,0,0,0,0,0
4,1,80030,0,0,0,0,0,0,0,0,0,0
5,1,80030,0,0,0,0,0,0,0,0,0,0
6,1,80030,0,0,0,0,0,0,0,0,0,0
7,1,80030,0,0,0,0,0,0,0,0,0,0
8,1,80030,0,0,0,0,0,0,0,0,0,0
9,1,80030,0,0,0,0,0,0,0,0,0,0
10,1,80030,0,0,0,0,0,0,0,0,0,0
11,1,80030,0,0,0,0,0,0,0,0,0,0
12,1,80030,0,0,0,0,0,0,0,0,0,0
13,1,80030,1,1,1,1,1,1,1,1,1,1
14,1,80030,0,0,0,0,0,0,0,0,0,0
1,1,80031,0,0,0,0,0,0,0,0,0,0
1,1,80032,27,27,27,27,27,27,27,27,27,27
2,1,80032,0,0,0,0,0,0,0,0,0,0
1,1,80033,13,10,14,20,8,14,16,2,10,9
2,1,80033,0,0,0,0,0,0,0,0,0,0
1,1,80034,0,0,0,0,0,0,0,0,0,0
2,1,80034,0,0,0,0,0,0,0,0,0,0
0,1,80035,19,19,19,19,19,19,19,19,19,19
1,1,80035,0,0,0,0,0,0,0,0,0,0
1,1,80036,18,18,18,18,18,18,18,18,18,18
1,1,80037,9,9,9,9,9,9,9,9,9,9
2,1,80037,0,0,0,0,0,0,0,0,12,0
0,1,80038,31,31,31,31,31,31,31,31,31,31
1,1,80038,0,0,0,0,0,0,0,0,0,0
1,1,80039,20,20,20,20,20,20,20,20,20,20
1,1,80040,20,20,20,20,20,20,20,20,20,20
1,1,80041,22,22,22,22,22,22,22,22,22,22
1,1,80042,20,20,20,20,20,20,20,20,20,20
1,1,80044,0,0,0,0,0,0,0,0,0,0
1,1,80045,0,0,0,0,0,22,0,0,0,0
2,1,80045,0,0,0,0,0,0,0,0,0,0
0,1,80046,9,20,27,25,17,14,20,0,27,16
1,1,80046,0,0,0,0,0,0,0,0,0,0
1,1,80047,25,25,25,25,25,25,25,25,25,25
1,1,80048,11,16,22,13,22,9,13,0,13,6
0,1,80049,0,0,0,0,0,0,0,0,0,0
1,1,80049,19,0,0,0,0,0,0,0,0,0
0,1,80050,0,0,0,0,0,0,0,0,0,0
1,1,80050,0,0,0,0,0,0,0,0,0,0
1,1,80051,0,0,0,0,0,0,0,0,0,0
2,1,80051,0,0,0,0,0,0,0,0,0,0
1,1,80052,16,16,16,16,16,16,16,16,16,16
0,1,80053,26,26,26,26,26,26,26,26,26,26
1,1,80053,0,18,0,0,17,11,0,12,0,0
1,1,80054,19,19,19,19,19,19,19,19,19,19
1,1,80055,21,21,21,21,21,21,21,21,21,21
2,1,80055,0,0,0,0,0,0,0,0,0,0
3,1,80055,0,0,0,0,0,0,0,0,0,0
1,1,80056,0,0,0,0,0,0,0,0,0,0
2,1,80056,0,0,0,0,0,0,0,0,0,0
1,1,80057,7,7,7,7,7,7,7,7,7,7
1,1,80058,0,0,0,0,0,0,0,0,0,0
1,1,80059,21,21,21,21,21,21,21,21,21,21
2,1,80059,0,0,0,10,8,0,0,0,0,28
1,1,80060,0,0,0,0,0,0,0,0,0,0
2,1,80060,0,0,0,0,0,0,0,0,0,0
1,1,80061,0,0,0,0,0,0,0,0,0,0
2,1,80061,6,6,6,6,6,6,6,6,6,6
1,1,80062,0,0,0,0,0,0,0,0,0,0
0,1,80063,0,0,0,0,0,0,0,0,0,0
1,1,80063,0,0,0,0,0,0,0,0,0,0
1,1,80064,0,0,0,0,0,0,0,0,0,0
1,1,80065,33,33,33,33,33,33,33,33,33,33
1,1,80067,25,25,25,25,25,25,25,25,25,25
0,1,80068,16,16,16,16,16,16,16,16,16,16
1,1,80068,0,0,0,0,0,0,0,0,0,0
1,1,80069,0,0,0,0,0,0,0,0,0,0
1,1,80070,0,0,0,0,0,0,0,0,0,0
1,1,80071,21,21,21,21,21,21,21,21,21,21
1,1,80072,21,21,21,21,21,21,21,21,21,21
1,1,80073,28,28,28,28,28,28,28,28,28,28
1,1,80074,0,0,0,0,0,0,0,0,0,0
2,1,80074,0,0,0,0,0,0,0,0,0,0
1,1,80075,0,0,0,0,0,0,0,0,0,0
2,1,80075,0,0,0,0,0,0,0,0,0,0
1,1,80076,10,10,10,10,10,10,10,10,10,10
1,1,80077,0,0,0,0,0,0,0,0,0,0
2,1,80077,0,0,0,0,0,0,0,0,0,0
1,1,80078,0,0,0,0,0,0,0,0,0,0
0,1,80079,2,2,2,2,2,2,2,2,2,2
1,1,80079,0,0,0,0,0,0,0,0,0,0
2,1,80079,0,0,0,0,0,8,0,0,0,0
1,1,80080,18,18,18,18,18,18,18,18,18,18
1,1,80081,7,7,7,7,7,7,7,7,7,7
1,1,80082,0,0,0,0,0,0,0,0,0,0
1,1,80083,22,22,22,22,22,22,22,22,22,22
2,1,80083,0,0,0,0,0,0,0,0,0,0
1,1,80084,0,0,0,0,0,0,0,0,0,0
1,1,80085,23,23,23,23,23,23,23,23,23,23
1,1,80086,13,13,13,13,13,13,13,13,13,13
1,1,80087,14,14,14,14,14,14,14,14,14,14
1,1,80088,0,0,0,0,0,0,0,0,0,0
1,1,80089,0,0,0,0,0,0,0,0,0,0
2,1,80089,0,0,0,0,0,0,0,0,0,0
1,1,80090,19,19,19,19,19,19,19,19,19,19
2,1,80090,0,0,0,0,0,0,0,0,0,0
1,1,80091,0,0,0,0,0,0,0,0,0,0
2,1,80091,0,0,0,0,0,0,0,0,0,0
1,1,80092,0,0,0,0,0,0,0,0,0,0
2,1,80092,0,0,0,0,0,0,0,0,0,0
1,1,80093,0,0,0,0,0,0,0,0,0,0
1,1,80094,0,0,0,0,0,0,0,0,0,0
2,1,80094,15,15,15,15,15,15,15,15,15,15
1,1,80095,8,8,8,8,8,8,8,8,8,8
1,1,80096,0,0,0,0,0,0,0,0,0,0
1,1,80097,9,0,0,0,0,15,0,0,0,0
1,1,80098,0,0,0,0,0,0,0,0,0,0
2,1,80098,0,0,0,0,0,0,0,0,0,0
1,1,80099,0,0,0,0,0,0,0,0,0,0
2,1,80099,0,0,0,0,0,0,0,0,0,0
1,1,80100,26,26,26,26,26,26,26,26,26,26
2,1,80100,0,0,0,0,0,0,0,0,0,0
3,1,80100,0,0,0,0,0,0,0,0,0,0
1,1,80101,0,0,0,0,0,0,0,0,0,0
2,1,80101,0,0,0,0,0,0,0,0,0,0
1,1,80102,0,0,0,0,0,0,0,0,0,0
2,1,80102,0,0,0,0,0,0,0,0,0,0
3,1,80102,0,0,0,0,0,0,0,0,0,0
4,1,80102,0,12,0,0,0,0,0,0,0,0
1,1,80103,0,0,0,0,0,0,0,0,0,0
2,1,80103,0,0,0,0,0,0,0,0,10,0
1,1,80104,21,21,21,21,21,21,21,21,21,21
2,1,80104,9,0,11,18,32,0,0,14,7,15
1,1,80105,0,0,0,0,0,0,0,0,0,0
2,1,80105,0,0,0,0,0,0,0,0,0,0
1,1,80106,0,0,0,0,0,0,0,0,0,0
1,1,80107,0,0,0,0,0,0,0,0,0,0
1,1,80108,0,0,0,0,0,0,0,0,0,0
1,1,80109,0,0,0,0,0,0,0,0,2,0
1,1,80110,0,0,0,0,0,21,0,0,0,0
2,1,80110,0,0,0,0,0,8,0,0,0,0
1,1,80111,20,20,20,20,20,20,20,20,20,20
1,1,80112,0,0,18,0,0,0,0,0,0,0
1,1,80113,13,13,13,13,13,13,13,13,13,13
1,1,80114,0,0,0,0,0,0,0,0,0,0
2,1,80114,0,0,0,0,0,0,0,0,0,0
1,1,80115,8,7,26,2,12,7,16,29,12,0
2,1,80115,0,0,0,0,0,0,0,0,0,0
3,1,80115,0,0,0,0,6,0,0,0,0,0
4,1,80115,0,0,0,0,0,0,0,0,0,0
1,1,80116,0,0,0,0,0,0,0,0,0,0
1,1,80117,16,16,16,16,16,16,16,16,16,16
1,1,80118,14,14,14,14,14,14,14,14,14,14
1,1,80119,0,0,0,0,0,0,4,0,0,0
2,1,80119,0,0,0,0,0,0,0,0,0,0
3,1,80119,0,0,0,0,0,0,0,0,0,0
1,1,80120,19,19,19,19,19,19,19,19,19,19
2,1,80120,0,0,0,0,0,0,0,0,0,0
1,1,80121,0,0,0,0,0,0,0,0,0,0
1,1,80122,0,0,0,0,0,0,0,0,0,0
2,1,80122,0,0,0,0,0,0,0,0,0,0
1,1,80123,0,0,0,0,0,12,0,0,0,0
2,1,80123,0,0,0,0,0,0,0,0,0,0
1,1,80124,8,8,8,8,8,8,8,8,8,8
1,1,80125,24,24,24,24,24,24,24,24,24,24
1,1,80126,0,0,0,0,0,0,0,0,0,0
2,1,80126,0,0,0,0,0,0,0,0,0,0
1,1,80127,0,0,0,0,0,0,0,0,0,0
1,1,80128,0,0,0,0,0,0,0,0,0,0
2,1,80128,0,0,0,0,0,0,0,0,0,0
0,1,80129,0,0,0,0,0,0,0,0,0,0
1,1,80129,0,0,0,0,0,0,0,0,0,0
1,1,80130,0,0,0,0,0,0,0,0,0,0
1,1,80131,22,22,22,22,22,22,22,22,22,22
1,1,80132,20,20,20,20,20,20,20,20,20,20
1,1,80133,2,2,2,2,2,2,2,2,2,2
2,1,80133,0,0,0,0,0,0,0,0,0,0
0,1,80134,0,0,0,0,0,0,0,0,0,0
1,1,80134,0,0,0,0,0,0,0,0,0,0
1,1,80135,7,7,7,7,7,7,7,7,7,7
2,1,80135,7,7,7,7,7,7,7,7,7,7
1,1,80136,0,0,0,0,0,0,0,0,0,0
0,1,80137,0,0,0,0,0,0,0,0,0,0
1,1,80137,15,0,0,0,0,2,0,0,0,0
1,1,80138,0,0,0,0,0,0,0,0,0,0
1,1,80139,0,0,0,0,0,0,0,0,0,0
2,1,80139,0,0,0,0,0,0,0,0,0,0
1,1,80140,0,0,0,0,0,0,0,0,0,0
1,1,80141,0,0,0,0,0,0,0,0,0,0
1,1,80142,0,0,0,0,0,0,0,0,0,0
2,1,80142,0,0,0,0,0,0,0,0,0,0
1,1,80143,0,0,0,0,0,0,0,0,0,0
1,1,80144,0,0,0,0,0,0,0,0,0,0
2,1,80144,0,0,0,0,0,0,0,0,0,0
1,1,80145,0,0,0,0,0,0,0,0,0,16
1,1,80146,10,10,10,10,10,10,10,10,10,10
1,1,80147,28,23,33,27,21,15,9,18,17,21
1,1,80148,0,0,0,0,0,0,0,0,0,0
2,1,80148,0,0,0,0,0,0,0,0,0,0
1,1,80149,0,0,0,0,0,0,0,0,0,0
2,1,80149,0,0,0,0,0,0,0,0,0,0
1,1,80150,0,0,0,0,0,0,0,0,0,0
2,1,80150,0,0,0,0,0,21,0,0,0,0
1,1,80151,0,0,0,0,0,0,0,7,0,0
2,1,80151,12,12,12,12,12,12,12,12,12,12
1,1,80152,21,21,21,21,21,21,21,21,21,21
1,1,80153,0,0,0,0,0,0,0,0,0,0
1,1,80154,0,0,0,0,0,0,0,0,0,0
1,1,80155,28,28,28,28,28,28,28,28,28,28
1,1,80156,0,0,0,0,0,0,0,0,0,0
2,1,80156,0,0,0,0,0,0,0,0,0,0
1,1,80157,0,0,0,0,0,0,0,0,0,0
1,1,80158,0,0,0,0,0,0,0,0,0,0
1,1,80159,19,22,0,2,0,15,11,0,9,12
2,1,80159,0,0,0,0,0,0,0,0,0,0
0,1,80160,0,0,0,0,0,0,0,0,0,0
1,1,80161,0,0,0,0,0,0,0,0,0,0
2,1,80161,0,0,0,0,0,0,0,0,0,0
1,1,80162,1,1,1,1,1,1,1,1,1,1
1,1,80163,8,8,8,8,8,8,8,8,8,8
1,1,80164,0,0,0,0,0,0,0,0,0,0
2,1,80164,0,0,0,0,0,0,0,0,0,0
1,1,80165,10,10,10,10,10,10,10,10,10,10
1,1,80166,28,28,28,28,28,28,28,28,28,28
0,1,80167,0,0,0,0,0,0,0,0,0,0
0,2,80167,0,0,0,0,0,0,0,0,0,0
1,1,80167,0,0,0,0,0,0,0,0,0,0
1,1,80168,0,0,0,0,0,0,0,0,0,0
2,1,80168,23,21,20,15,17,6,16,12,13,23
1,1,80169,0,0,0,0,0,0,0,0,0,0
2,1,80169,0,0,0,0,0,0,0,0,0,0
1,1,80170,0,0,0,0,0,0,0,0,0,0
2,1,80170,0,0,0,0,0,0,0,0,0,0
1,1,80171,23,23,23,23,23,23,23,23,23,23
1,1,80172,15,15,15,15,15,15,15,15,15,15
1,1,80173,0,0,0,0,0,0,0,0,0,0
2,1,80173,0,0,0,0,0,0,0,0,0,0
1,1,80174,27,27,27,27,27,27,27,27,27,27
1,1,80175,18,18,18,18,18,18,18,18,18,18
1,1,80176,0,0,0,0,0,0,0,0,0,0
2,1,80176,0,0,0,0,0,0,0,0,0,0
1,1,80177,0,0,0,0,0,0,0,0,0,0
2,1,80177,0,0,0,0,0,0,0,0,0,0
1,1,80178,0,0,0,0,0,0,0,0,0,0
1,1,80179,0,0,0,16,0,0,0,0,0,18
2,1,80179,0,0,0,0,0,0,22,0,0,0
1,1,80180,0,0,0,0,0,0,0,0,0,0
1,1,80181,0,0,0,0,0,0,0,0,0,0
1,1,80182,25,25,25,25,25,25,25,25,25,25
1,1,80183,28,28,28,28,28,28,28,28,28,28
1,1,80184,0,0,0,0,0,0,0,0,0,0
2,1,80184,0,0,0,0,0,0,0,0,0,0
1,1,80185,12,12,12,12,12,12,12,12,12,12
1,1,80186,0,0,0,0,0,0,0,0,0,0
2,1,80186,0,0,0,0,0,0,0,0,0,0
1,1,80187,21,21,21,21,21,21,21,21,21,21
1,1,80188,0,0,0,0,0,0,0,0,0,0
2,1,80188,0,0,0,0,0,0,0,0,0,0
1,1,80189,22,22,22,22,22,22,22,22,22,22
0,1,80190,0,0,0,0,0,0,0,0,0,0
1,1,80190,0,0,0,0,0,0,0,0,0,0
1,1,80191,26,26,26,26,26,26,26,26,26,26
1,1,80192,0,0,0,0,0,0,0,0,0,0
2,1,80192,0,0,0,0,0,0,0,0,0,0
1,1,80193,19,19,19,19,19,19,19,19,19,19
0,1,80194,0,0,0,0,0,0,0,0,0,0
1,1,80194,0,0,0,3,0,0,0,16,0,10
1,1,80195,0,0,0,0,0,0,0,0,0,0
1,1,80196,0,0,0,0,0,0,0,0,0,0
2,1,80196,0,0,0,0,0,0,0,0,0,0
1,1,80197,0,0,0,0,0,0,0,0,0,0
1,1,80198,20,0,0,0,11,0,0,0,0,0
2,1,80198,0,0,0,0,0,0,0,0,0,0
1,1,80199,0,0,0,0,0,0,0,0,0,0
1,1,80200,0,0,0,0,0,0,0,0,0,0
0,1,80201,37,37,37,37,37,37,37,37,37,37
1,1,80201,7,10,17,8,8,26,12,8,14,10
1,1,80202,0,0,0,0,0,0,0,0,0,0
1,1,80203,0,0,0,0,0,0,0,0,0,0
1,1,80204,20,20,20,20,20,20,20,20,20,20
1,1,80205,17,17,17,17,17,17,17,17,17,17
1,1,80206,0,0,0,0,0,0,0,0,0,0
2,1,80206,0,0,0,0,0,0,0,0,0,0
1,1,80207,33,33,33,33,33,33,33,33,33,33
1,1,80208,10,10,10,10,10,10,10,10,10,10
1,1,80209,0,0,0,0,0,0,0,0,0,0
2,1,80209,0,0,0,0,0,0,0,0,0,0
1,1,80210,0,0,0,0,0,0,0,0,0,0
2,1,80210,0,0,0,0,0,0,0,0,0,0
3,1,80210,0,0,0,0,0,0,0,0,0,0
4,1,80210,0,0,0,0,0,0,0,0,0,0
5,1,80210,0,0,0,0,0,0,0,0,0,0
1,1,80211,0,0,0,0,0,0,0,0,0,0
2,1,80211,0,0,0,0,0,0,0,0,0,0
1,1,80212,0,0,0,0,0,0,0,0,0,0
2,1,80212,0,0,0,0,0,0,0,0,0,0
0,1,80213,0,0,0,0,0,0,0,0,0,0
1,1,80213,0,5,0,0,0,0,0,0,0,0
1,1,80214,0,0,0,0,0,0,0,0,0,0
1,1,80215,9,24,19,0,22,19,23,0,15,25
1,1,80216,0,0,0,0,0,0,0,0,0,8
2,1,80216,0,0,0,0,0,0,0,0,0,0
1,1,80217,11,7,14,23,20,13,38,16,11,5
2,1,80217,15,15,15,15,15,15,15,15,15,15
1,1,80218,27,27,27,27,27,27,27,27,27,27
0,1,80219,0,0,0,0,0,0,0,0,0,0
1,1,80219,0,0,0,0,0,0,0,0,0,0
1,1,80220,19,19,19,19,19,19,19,19,19,19
1,1,80221,19,19,19,19,19,19,19,19,19,19
1,1,80222,18,18,18,18,18,18,18,18,18,18
2,1,80222,0,0,0,0,0,0,0,0,0,0
1,1,80223,13,26,8,23,12,4,9,8,24,14
1,1,80224,0,0,0,0,0,0,0,0,0,0
2,1,80224,0,0,0,0,0,0,0,0,0,0
0,1,80225,3,3,3,3,3,3,3,3,3,3
1,1,80225,3,3,3,3,3,3,3,3,3,3
1,1,80226,0,0,0,0,0,0,0,0,0,0
2,1,80226,0,0,0,0,0,0,0,0,0,0
1,1,80227,0,0,0,0,0,0,0,0,0,0
1,1,80228,15,15,15,15,15,15,15,15,15,15
1,1,80229,0,0,0,0,0,0,0,0,0,0
1,1,80230,0,0,0,0,0,0,0,0,0,0
1,1,80231,0,0,0,0,0,0,0,0,0,0
2,1,80231,0,0,0,0,0,0,0,0,0,0
1,1,80232,20,20,20,20,20,20,20,20,20,20
2,1,80232,0,0,0,0,0,0,0,0,0,0
1,1,80233,31,31,31,31,31,31,31,31,31,31
1,1,80234,0,0,0,0,0,0,0,0,0,8
2,1,80234,0,0,0,0,0,0,0,0,0,0
3,1,80234,0,0,0,0,0,0,0,0,0,0
1,1,80235,0,0,0,0,0,0,0,0,0,0
2,1,80235,0,0,0,0,0,0,0,0,0,0
3,1,80235,0,0,0,0,0,0,0,0,0,0
4,1,80235,0,0,0,0,0,0,0,0,0,0
5,1,80235,0,0,0,0,0,0,0,17,0,0
0,1,80236,0,0,0,0,0,0,0,0,0,0
1,1,80236,0,0,0,0,0,0,0,0,0,0
1,1,80237,0,0,0,0,0,0,0,0,0,0
2,1,80237,0,0,0,0,0,0,0,0,0,0
1,1,80238,0,0,0,0,0,0,0,0,0,0
2,1,80238,0,0,0,0,0,0,0,0,0,0
1,1,80239,17,0,25,0,0,11,0,23,10,18
1,1,80240,0,0,0,0,0,0,0,0,0,0
2,1,80240,0,0,0,0,0,0,0,0,0,0
0,1,80241,0,0,0,0,0,0,0,0,0,0
1,1,80241,0,0,0,0,0,0,0,0,0,0
0,1,80242,0,0,0,0,0,0,0,0,0,0
1,1,80242,0,0,0,0,0,0,0,0,0,0
1,1,80243,0,0,0,0,0,0,0,0,0,0
2,1,80243,0,0,0,0,0,0,0,0,0,0
0,1,80244,32,32,32,32,32,32,32,32,32,32
1,1,80244,0,9,0,0,8,0,0,10,0,13
2,1,80244,0,0,0,0,0,0,0,0,0,0
1,1,80245,0,0,0,0,0,0,0,0,0,0
1,1,80246,0,0,0,0,0,0,0,0,0,0
1,1,80247,5,5,5,5,5,5,5,5,5,5
1,1,80248,0,0,0,15,0,0,0,0,0,0
0,1,80249,1,1,1,1,1,1,1,1,1,1
1,1,80249,0,0,0,0,0,0,0,0,0,0
1,1,80250,0,0,0,0,0,0,0,0,0,0
2,1,80250,0,0,0,0,0,0,0,0,0,0