VEH_NO,PER_NO,ST_CASE,P1,P2,P3,P4,P5,P6,P7,P8,P9,P10
1,1,80251,0,0,0,0,0,0,0,0,0,0
1,1,80252,0,0,0,0,0,0,0,0,0,0
1,1,80253,0,0,0,0,12,0,0,0,0,0
0,1,80254,23,23,23,23,23,23,23,23,23,23
1,1,80254,0,0,0,4,0,0,0,0,0,0
1,1,80255,0,0,0,0,0,0,0,0,0,0
1,1,80256,0,0,0,0,0,0,0,0,0,0
1,1,80257,0,0,0,0,0,0,0,0,0,0
2,1,80257,0,0,0,0,0,0,0,0,0,0
3,1,80257,0,0,0,0,0,0,0,0,0,0
1,1,80258,2,21,12,20,5,15,11,45,20,17
1,1,80259,0,0,0,0,0,0,0,0,0,0
1,1,80260,11,11,11,11,11,11,11,11,11,11
1,1,80261,16,16,16,16,16,16,16,16,16,16
1,1,80262,16,16,16,16,16,16,16,16,16,16
2,1,80262,0,0,0,0,0,0,0,0,0,0
1,1,80263,0,0,0,0,0,0,0,0,0,0
2,1,80263,0,0,0,0,0,0,0,0,0,0
1,1,80264,13,13,13,13,13,13,13,13,13,13
1,1,80265,0,0,0,0,0,0,0,0,0,0
2,1,80265,0,0,0,0,0,0,0,0,0,0
1,1,80266,27,27,27,27,27,27,27,27,27,27
2,1,80266,0,0,0,0,0,0,0,0,0,0
3,1,80266,0,0,0,0,0,0,0,0,0,0
4,1,80266,0,0,0,0,0,0,0,0,0,0
5,1,80266,0,0,0,0,0,0,8,0,0,0
6,1,80266,0,0,0,0,0,0,0,0,0,0
7,1,80266,0,0,0,0,0,0,0,0,0,0
8,1,80266,0,0,0,0,0,0,0,0,0,0
9,1,80266,0,0,0,0,0,0,0,0,0,0
10,1,80266,0,0,0,0,0,0,0,0,0,0
11,1,80266,0,0,0,0,0,0,0,0,0,0
1,1,80267,0,0,0,0,0,0,0,0,0,0
2,1,80267,0,0,0,0,0,0,0,0,0,0
0,1,80268,0,0,0,0,0,0,0,0,0,0
1,1,80268,0,0,0,7,0,0,0,0,0,0
1,1,80269,0,0,0,0,0,0,0,0,0,0
2,1,80269,0,0,0,0,0,0,0,0,0,0
1,1,80270,0,0,0,0,0,0,0,0,0,0
2,1,80270,0,0,0,3,0,0,0,0,0,7
3,1,80270,0,0,0,0,0,0,0,0,0,0
1,1,80271,0,0,0,0,0,0,0,0,0,0
2,1,80271,0,0,0,0,0,0,0,0,0,0
3,1,80271,22,0,0,0,4,0,0,0,0,0
1,1,80272,20,20,20,20,20,20,20,20,20,20
1,1,80273,0,0,0,0,0,0,0,0,0,0
1,1,80274,19,19,19,19,19,19,19,19,19,19
2,1,80274,0,0,0,0,0,0,0,0,0,0
3,1,80274,0,0,0,0,0,0,0,0,0,0
0,1,80275,0,0,0,0,0,0,0,0,0,0
1,1,80275,0,0,0,0,0,0,0,0,0,0
1,1,80276,17,29,10,14,14,8,14,7,7,17
1,1,80277,0,0,0,0,13,0,0,0,0,0
1,1,80278,0,0,0,0,0,0,0,14,0,0
1,1,80279,21,21,21,21,21,21,21,21,21,21
0,1,80280,23,23,23,23,23,23,23,23,23,23
1,1,80280,0,0,0,0,0,0,0,0,0,0
2,1,80280,0,0,0,0,0,0,0,0,0,0
1,1,80281,0,0,0,0,0,0,0,0,0,0
1,1,80282,0,0,0,0,0,0,0,0,0,0
2,1,80282,0,0,0,0,0,0,0,0,0,0
1,1,80283,0,0,0,0,0,0,0,0,0,0
1,1,80284,10,21,15,6,18,25,4,18,18,3
1,1,80285,0,0,0,0,0,0,0,0,0,0
2,1,80285,0,0,0,0,0,0,0,0,0,0
1,1,80286,22,22,22,22,22,22,22,22,22,22
0,1,80287,0,0,0,0,0,0,0,0,0,0
1,1,80287,0,0,0,0,0,0,0,0,0,0
1,1,80288,0,0,0,0,0,0,0,0,0,0
2,1,80288,0,0,0,0,0,0,0,0,0,0
0,1,80289,28,28,28,28,28,28,28,28,28,28
1,1,80289,0,0,0,0,0,0,0,0,0,0
0,1,80290,17,17,17,17,17,17,17,17,17,17
1,1,80290,0,0,0,0,0,0,0,0,0,0
1,1,80291,0,0,0,0,0,0,0,0,0,0
2,1,80291,0,0,0,0,0,0,0,0,0,0
1,1,80292,0,0,0,0,0,0,0,0,0,0
2,1,80292,0,0,2,0,0,0,0,0,0,0
1,1,80293,0,0,0,11,0,4,0,0,13,0
1,1,80294,0,0,0,0,0,0,0,0,0,0
1,1,80295,0,0,0,0,0,0,0,0,0,0
1,1,80296,0,0,0,0,0,0,0,0,0,0
2,1,80296,0,0,0,0,0,0,12,0,0,0
1,1,80297,0,0,0,0,0,0,0,0,0,0
2,1,80297,0,0,0,0,0,0,0,0,0,0
1,1,80298,0,0,0,0,0,0,0,0,0,0
1,1,80299,17,17,17,17,17,17,17,17,17,17
2,1,80299,0,0,0,0,0,0,0,0,0,0
1,1,80300,0,0,0,0,0,0,0,0,0,0
1,1,80301,0,0,0,0,0,0,0,0,0,0
2,1,80301,0,0,0,0,0,0,0,0,0,0
3,1,80301,0,0,0,0,0,0,0,0,0,0
1,1,80302,24,24,24,24,24,24,24,24,24,24
0,1,80303,0,0,0,0,0,0,0,0,0,0
1,1,80303,0,0,0,0,0,0,2,0,0,0
1,1,80304,0,0,0,0,0,0,0,0,0,0
0,1,80305,0,0,0,0,0,0,0,0,0,0
1,1,80305,13,7,8,22,6,5,22,17,25,27
1,1,80306,0,0,0,0,0,0,0,0,0,0
2,1,80306,0,0,0,0,0,0,0,0,0,0
1,1,80307,22,22,22,22,22,22,22,22,22,22
1,1,80308,7,7,7,7,7,7,7,7,7,7
1,1,80309,3,3,3,3,3,3,3,3,3,3
2,1,80309,0,0,0,0,0,0,0,0,0,0
0,1,80310,0,0,0,0,0,0,0,0,0,0
1,1,80310,0,0,0,0,0,0,0,0,0,0
1,1,80311,0,0,0,0,0,0,0,0,0,0
2,1,80311,0,0,0,0,0,0,0,0,0,0
0,1,80312,0,0,0,0,0,0,0,0,0,0
1,1,80312,0,0,0,0,0,0,0,0,0,0
2,1,80312,0,0,0,0,0,0,0,0,0,0
1,1,80313,0,0,0,0,0,0,0,0,0,0
1,1,80314,0,0,0,0,0,0,0,0,0,0
1,1,80315,12,12,21,18,16,12,23,13,20,9
1,1,80316,43,13,36,20,14,25,0,22,17,7
1,1,80317,0,0,0,0,0,0,0,0,0,0
2,1,80317,0,0,0,0,0,0,0,0,0,0
1,1,80318,14,14,14,14,14,14,14,14,14,14
0,1,80319,35,35,35,35,35,35,35,35,35,35
1,1,80319,0,0,0,0,0,0,0,0,0,0
1,1,80320,0,0,0,0,0,0,0,0,0,0
2,1,80320,0,0,0,0,0,0,0,0,0,0
3,1,80320,0,0,0,0,0,0,0,0,0,0
1,1,80321,0,0,0,0,0,0,0,0,0,0
1,1,80322,29,27,0,34,16,23,0,0,19,8
2,1,80322,0,0,0,0,0,0,0,0,0,0
1,1,80323,0,0,0,0,0,0,0,0,0,0
2,1,80323,0,0,0,0,0,0,0,0,0,0
0,1,80324,29,29,29,29,29,29,29,29,29,29
1,1,80324,0,0,0,0,0,0,0,0,0,0
1,1,80325,0,0,3,0,0,0,0,0,0,0
1,1,80326,22,22,22,22,22,22,22,22,22,22
1,1,80327,16,16,16,16,16,16,16,16,16,16
2,1,80327,0,0,0,4,0,8,0,0,0,0
0,1,80328,0,0,0,0,0,0,0,0,0,0
1,1,80328,0,0,0,0,0,0,0,0,0,0
1,1,80329,0,0,0,0,0,0,0,0,0,0
1,1,80330,0,0,0,0,0,0,0,0,0,0
2,1,80330,0,0,0,0,0,0,0,0,0,0
1,1,80331,0,0,0,0,0,0,0,0,0,0
1,1,80332,13,13,13,13,13,13,13,13,13,13
1,1,80333,0,0,0,0,0,0,0,0,0,0
1,1,80334,0,0,0,0,0,0,0,0,0,0
1,1,80335,0,0,0,0,0,0,0,0,0,0
2,1,80335,0,0,0,0,0,0,0,0,0,0
3,1,80335,0,0,0,0,0,0,0,0,0,0
1,1,80336,0,0,0,0,0,0,0,0,0,0
0,1,80337,0,0,0,0,0,0,0,0,0,0
1,1,80337,0,0,0,0,0,0,0,0,0,0
1,1,80338,15,15,15,15,15,15,15,15,15,15
2,1,80338,0,0,0,0,0,0,0,0,0,0
1,1,80339,20,20,20,20,20,20,20,20,20,20
1,1,80340,0,0,0,0,0,0,0,0,0,0
1,1,80341,0,0,0,0,0,0,0,0,0,0
1,1,80342,25,25,25,25,25,25,25,25,25,25
1,1,80343,13,0,0,0,0,0,0,0,14,0
1,1,80344,0,0,0,0,0,0,0,0,0,0
1,1,80345,22,22,22,22,22,22,22,22,22,22
1,1,80346,0,0,0,0,0,0,0,0,0,0
1,1,80347,6,6,6,6,6,6,6,6,6,6
2,1,80347,0,0,0,0,0,0,0,0,0,0
1,1,80348,0,0,0,0,0,0,0,0,0,14
2,1,80348,20,20,20,20,20,20,20,20,20,20
1,1,80349,12,4,31,15,13,23,0,10,4,0
2,1,80349,0,0,0,0,0,0,0,0,0,0
1,1,80350,17,17,17,17,17,17,17,17,17,17
1,1,80351,0,0,0,0,0,0,0,0,0,0
1,1,80352,24,24,24,24,24,24,24,24,24,24
1,1,80353,18,18,18,18,18,18,18,18,18,18
2,1,80353,13,7,0,17,15,13,8,22,16,0
1,1,80354,0,0,0,0,0,0,0,0,24,0
2,1,80354,0,0,0,0,0,0,0,0,0,0
1,1,80355,0,0,0,0,0,0,0,0,0,0
2,1,80355,0,0,0,0,0,0,0,0,0,0
0,1,80356,0,0,0,0,0,0,0,0,0,0
0,2,80356,0,0,0,0,0,0,0,0,0,0
1,1,80356,0,0,0,0,0,0,0,0,0,0
1,1,80357,10,0,0,0,0,0,0,0,0,0
2,1,80357,8,8,8,8,8,8,8,8,8,8
1,1,80358,22,22,22,22,22,22,22,22,22,22
0,1,80359,30,30,30,30,30,30,30,30,30,30
1,1,80359,0,0,0,0,0,0,0,0,0,0
1,1,80360,0,0,0,0,0,0,0,0,0,0
2,1,80360,0,10,0,0,0,0,0,0,0,0
1,1,80361,0,0,0,0,0,0,0,0,0,0
2,1,80361,0,0,0,0,0,0,0,0,0,0
1,1,80362,22,22,22,22,22,22,22,22,22,22
2,1,80362,0,0,0,0,0,0,0,0,0,0
1,1,80363,0,0,0,0,0,0,0,0,0,0
2,1,80363,0,0,0,0,0,0,0,0,0,0
1,1,80364,0,0,0,0,0,0,0,0,0,0
2,1,80364,0,0,0,0,0,0,0,0,0,0
1,1,80365,19,19,19,19,19,19,19,19,19,19
2,1,80365,0,8,0,0,0,0,0,0,0,0
0,1,80366,0,12,25,0,6,0,0,0,10,32
1,1,80367,0,0,0,0,0,0,0,0,0,0
2,1,80367,0,0,0,0,0,0,10,0,0,0
1,1,80368,24,24,24,24,24,24,24,24,24,24
1,1,80369,0,0,0,0,0,0,0,0,0,0
2,1,80369,0,0,0,0,0,0,0,0,0,0
1,1,80370,20,20,20,20,20,20,20,20,20,20
1,1,80371,14,14,14,14,14,14,14,14,14,14
1,1,80372,0,0,0,0,0,0,0,0,0,0
2,1,80372,0,0,0,0,0,0,0,0,0,0
3,1,80372,0,0,0,0,0,0,0,0,0,0
1,1,80373,0,0,0,0,0,0,0,0,0,0
1,1,80374,0,0,0,0,0,0,0,0,0,0
2,1,80374,0,0,0,0,0,0,0,0,0,0
3,1,80374,0,0,0,0,0,0,0,0,0,0
1,1,80375,11,11,11,11,11,11,11,11,11,11
0,1,80376,0,0,0,6,0,0,0,0,0,0
1,1,80376,0,0,0,0,0,0,0,0,0,0
0,1,80377,27,27,27,27,27,27,27,27,27,27
1,1,80377,0,0,0,0,0,0,0,0,0,0
1,1,80378,0,0,0,0,0,0,0,0,0,0
1,1,80379,0,0,0,0,0,0,0,0,0,0
2,1,80379,0,0,0,0,0,0,0,0,0,0
1,1,80380,20,20,20,20,20,20,20,20,20,20
1,1,80381,31,31,31,31,31,31,31,31,31,31
0,1,80382,0,0,0,0,0,0,0,0,0,0
1,1,80382,0,0,0,0,0,0,0,0,0,0
1,1,80383,0,0,0,0,0,0,0,0,0,0
1,1,80384,0,0,0,0,0,0,0,0,0,0
2,1,80384,0,0,0,0,0,0,0,0,0,0
1,1,80385,9,9,9,9,9,9,9,9,9,9
0,1,80386,0,0,0,0,0,0,0,0,0,0
1,1,80386,4,13,10,16,16,7,13,16,13,24
1,1,80387,6,0,24,25,11,0,0,20,0,0
1,1,80388,0,0,0,0,0,0,0,0,0,0
0,1,80389,0,0,0,0,0,0,0,0,0,0
1,1,80389,0,0,0,0,0,14,0,0,0,0
1,1,80390,31,31,31,31,31,31,31,31,31,31
2,1,80390,17,14,21,13,19,26,10,15,16,0
1,1,80391,33,17,29,0,6,9,13,23,3,14
1,1,80392,17,17,17,17,17,17,17,17,17,17
1,1,80393,0,0,0,0,0,0,0,0,0,0
0,1,80394,22,22,22,22,22,22,22,22,22,22
1,1,80394,0,0,0,0,0,2,0,0,0,0
2,1,80394,0,0,0,0,0,0,0,0,0,0
3,1,80394,0,0,0,0,0,0,0,0,0,0
4,1,80394,0,0,0,0,7,0,0,0,2,0
5,1,80394,0,0,0,0,0,0,0,0,0,0
0,1,80395,26,26,26,26,26,26,26,26,26,26
1,1,80395,0,0,0,0,0,0,0,0,0,18
1,1,80397,0,0,0,0,0,0,0,0,0,0
2,1,80397,0,0,0,0,0,0,0,0,0,0
1,1,80398,0,0,0,0,0,0,0,0,0,0
2,1,80399,0,0,0,0,0,0,0,0,0,0
1,1,80400,28,28,28,28,28,28,28,28,28,28
2,1,80400,11,11,11,11,11,11,11,11,11,11
3,1,80400,0,0,0,0,0,0,0,0,0,0
1,1,80401,0,0,0,0,0,0,0,0,0,0
2,1,80401,0,0,0,0,0,0,0,0,0,0
1,1,80402,12,12,12,12,12,12,12,12,12,12
1,1,80403,0,0,0,0,0,0,0,0,0,0
1,1,80404,25,25,25,25,25,25,25,25,25,25
2,1,80404,0,0,0,0,0,0,0,0,0,15
1,1,80405,0,0,0,0,0,0,0,0,0,0
2,1,80405,0,0,0,0,0,0,0,0,0,0
1,1,80406,5,15,15,11,0,18,12,11,12,0
0,1,80407,17,17,17,17,17,17,17,17,17,17
1,1,80407,0,0,0,5,0,0,0,0,0,0
1,1,80408,0,0,0,0,0,0,0,0,0,0
2,1,80408,0,0,0,0,0,0,0,0,0,0
1,1,80409,0,0,0,0,0,0,0,0,0,0
2,1,80409,0,0,0,0,0,0,0,0,0,0
1,1,80410,22,22,22,22,22,22,22,22,22,22
1,1,80411,0,0,0,0,0,0,0,0,0,0
2,1,80411,0,0,0,0,0,0,0,0,0,0
1,1,80412,0,0,0,0,0,0,0,0,0,0
1,1,80413,0,0,0,0,0,0,0,0,0,0
2,1,80413,0,0,0,0,0,0,0,7,0,4
1,1,80414,0,0,0,0,0,0,0,0,0,0
2,1,80414,0,0,0,0,0,0,0,0,0,0
1,1,80415,0,0,0,0,0,0,0,0,0,0
1,1,80416,17,17,17,17,17,17,17,17,17,17
1,1,80417,0,0,0,0,0,0,0,0,0,0
1,1,80418,25,23,19,5,23,21,18,0,13,19
0,1,80419,18,18,18,18,18,18,18,18,18,18
1,1,80419,21,8,21,6,8,3,12,4,13,0
2,1,80419,0,0,0,0,0,0,0,0,0,0
3,1,80419,0,0,0,0,0,0,0,0,0,0
1,1,80420,0,0,0,0,0,0,0,0,0,0
1,1,80421,0,0,0,0,0,0,0,0,0,0
2,1,80421,0,0,0,0,0,0,0,0,0,0
1,1,80422,0,0,0,0,0,0,0,0,0,0
0,1,80423,0,0,0,0,0,0,0,0,0,0
1,1,80423,0,0,0,0,0,0,0,0,0,0
0,1,80424,15,15,15,15,15,15,15,15,15,15
1,1,80424,0,0,0,0,0,0,0,0,0,0
1,1,80425,16,16,16,16,16,16,16,16,16,16
0,1,80426,13,13,13,13,13,13,13,13,13,13
1,1,80426,14,14,14,14,14,14,14,14,14,14
1,1,80427,0,0,0,0,0,0,0,0,0,0
1,1,80428,0,0,0,0,0,0,0,0,0,0
1,1,80429,0,0,0,0,12,0,0,0,0,0
1,1,80430,0,0,0,0,0,0,0,0,0,0
2,1,80430,0,0,0,0,18,0,0,0,0,0
1,1,80431,0,0,0,0,0,0,0,0,0,0
1,1,80432,22,22,22,22,22,22,22,22,22,22
1,1,80433,28,28,28,28,28,28,28,28,28,28
1,1,80434,0,0,0,0,0,0,0,0,0,0
2,1,80434,0,0,0,0,0,0,0,0,0,0
1,1,80435,0,0,0,0,0,0,0,0,0,0
0,1,80436,17,17,17,17,17,17,17,17,17,17
1,1,80436,0,0,0,0,0,0,0,0,0,0
0,1,80437,28,16,12,20,12,22,10,31,30,17
1,1,80437,0,0,0,0,0,0,0,0,0,0
0,1,80438,0,0,0,0,0,0,0,0,0,0
1,1,80438,0,0,7,0,0,0,0,0,0,0
1,1,80439,24,24,24,24,24,24,24,24,24,24
2,1,80439,0,0,0,0,0,0,0,0,0,0
1,1,80440,0,0,0,0,0,0,0,0,0,0
2,1,80440,0,0,0,0,0,0,0,0,0,0
3,1,80440,0,0,0,0,0,0,0,0,0,0
1,1,90001,0,0,0,0,0,0,0,0,0,0
2,1,90001,0,0,0,0,0,19,0,0,7,0
3,1,90001,17,17,17,17,17,17,17,17,17,17
1,1,90002,0,0,0,0,0,0,0,0,0,0
1,1,90003,0,0,0,0,0,0,0,0,0,0
2,1,90003,0,0,0,11,0,12,0,0,0,0
1,1,90004,23,23,23,23,23,23,23,23,23,23
1,1,90005,24,24,24,24,24,24,24,24,24,24
1,1,90006,0,0,0,0,0,0,0,0,0,0
2,1,90006,0,0,0,0,0,0,0,0,0,0
1,1,90008,0,0,0,0,0,0,0,24,12,0
1,1,90009,23,23,23,23,23,23,23,23,23,23
2,1,90009,0,0,0,0,0,0,0,0,0,0
1,1,90010,0,0,0,0,0,0,0,0,0,14
2,1,90010,0,0,0,0,0,0,0,0,0,0
1,1,90011,22,23,19,12,9,23,14,13,4,7
1,1,90012,0,0,0,0,0,0,0,0,17,0
1,1,90013,5,5,5,5,5,5,5,5,5,5
1,1,90014,21,49,28,18,16,26,21,10,21,21
1,1,90015,0,0,0,0,19,18,0,0,0,0
0,1,90016,0,0,0,0,0,0,15,0,0,0
1,1,90016,0,15,9,14,26,9,14,10,19,17
1,1,90017,0,0,0,0,0,0,0,0,0,0
2,1,90017,13,13,13,13,13,13,13,13,13,13
1,1,90018,0,0,0,0,0,0,0,0,0,4
1,1,90019,6,0,0,0,0,0,0,0,0,0
2,1,90019,0,0,0,0,0,0,0,0,0,0
1,1,90020,4,38,10,16,21,24,13,13,25,0
1,1,90021,0,0,18,0,0,0,0,0,0,19
2,1,90021,0,0,0,0,0,0,0,0,0,0
1,1,90022,0,0,0,0,0,0,0,0,0,0
2,1,90022,0,0,0,0,0,0,0,0,0,0
1,1,90023,9,21,6,7,22,13,31,7,19,17
2,1,90023,0,0,0,0,0,0,0,0,0,0
1,1,90024,0,29,0,0,0,0,0,0,0,0
1,1,90025,0,0,0,0,0,0,0,0,0,0
2,1,90025,19,0,12,0,2,18,0,0,0,3
1,1,90026,0,0,0,0,0,0,0,0,0,0
1,1,90027,0,0,0,17,27,7,27,0,36,0
1,1,90028,0,0,0,0,0,0,0,0,0,0
2,1,90028,13,13,13,13,13,13,13,13,13,13
1,1,90029,22,22,22,22,22,22,22,22,22,22
1,1,90030,0,0,0,0,0,0,0,0,0,0
2,1,90030,0,7,0,10,0,0,0,0,0,0
1,1,90031,0,0,0,0,0,0,0,0,0,0
2,1,90031,0,0,0,0,0,0,0,0,0,0
1,1,90032,8,8,8,8,8,8,8,8,8,8
1,1,90033,0,0,0,0,0,0,0,0,0,0
0,1,90034,0,0,16,0,0,0,0,0,0,0
1,1,90034,0,0,0,0,0,20,0,0,0,0
1,1,90035,31,31,31,31,31,31,31,31,31,31
1,1,90036,0,0,0,0,0,0,0,0,0,0
2,1,90036,0,0,0,0,0,0,0,0,0,0
0,1,90037,0,0,0,0,0,0,0,0,0,0
1,1,90037,0,0,0,0,0,0,0,0,0,0
1,1,90038,25,25,25,25,25,25,25,25,25,25
2,1,90038,19,19,19,19,19,19,19,19,19,19
1,1,90039,23,5,6,10,0,14,8,4,4,8
1,1,90040,0,0,0,0,0,0,0,0,0,0
1,1,90041,27,27,27,27,27,27,27,27,27,27
2,1,90042,20,0,0,0,0,0,0,0,0,0
1,1,90043,0,20,0,0,0,0,0,16,0,13
1,1,90044,7,7,7,7,7,7,7,7,7,7
1,1,90045,27,0,22,0,13,0,24,17,23,23
1,1,90046,0,3,0,0,0,0,14,0,0,0
2,1,90046,17,17,17,17,17,17,17,17,17,17
1,1,90047,0,0,0,0,0,0,0,0,0,0
2,1,90047,0,0,0,0,0,0,0,0,0,0
3,1,90047,0,0,0,0,0,11,0,0,0,0
4,1,90047,0,0,0,0,0,0,0,0,0,0
1,1,90048,0,0,0,0,0,0,0,0,0,0
2,1,90048,18,18,18,18,18,18,18,18,18,18
1,1,90049,0,0,0,0,0,0,0,0,0,0
1,1,90050,0,0,15,10,0,11,0,0,7,0
2,1,90050,17,17,17,17,17,17,17,17,17,17
1,1,90051,0,0,0,6,0,0,0,0,0,0
2,1,90051,0,2,0,0,16,0,0,0,0,0
3,1,90051,0,0,0,0,15,0,0,0,0,0
4,1,90051,0,0,10,0,0,0,0,0,0,0
5,1,90051,0,0,4,0,7,0,0,0,0,0
6,1,90051,0,0,0,0,0,0,0,0,0,0
1,1,90052,25,25,25,25,25,25,25,25,25,25
1,1,90053,0,0,0,0,0,0,0,0,0,0
1,1,90054,30,30,30,30,30,30,30,30,30,30
1,1,90055,24,24,24,24,24,24,24,24,24,24
1,1,90056,0,0,0,0,0,0,0,0,0,0
2,1,90056,9,0,9,0,3,16,0,0,0,8
1,1,90057,0,0,0,0,0,0,0,0,0,0
2,1,90057,0,0,0,0,0,0,0,1,0,0
0,1,90058,0,0,0,0,0,0,0,0,0,0
1,1,90058,0,0,0,0,0,0,0,0,0,0
1,1,90059,17,17,17,17,17,17,17,17,17,17
1,1,90060,21,23,8,10,22,33,23,11,18,28
1,1,90061,0,0,0,0,0,0,0,0,0,0
1,1,90062,0,0,0,0,0,0,0,0,0,0
1,1,90063,0,0,0,0,0,0,0,0,0,0
1,1,90064,0,0,0,0,0,0,0,0,0,0
1,1,90065,9,0,0,0,12,0,0,0,0,0
2,1,90065,16,16,16,16,16,16,16,16,16,16
3,1,90065,0,0,17,0,0,0,6,0,0,0
4,1,90065,0,0,0,12,0,0,0,0,0,0
0,1,90066,21,21,21,21,21,21,21,21,21,21
1,1,90066,0,0,0,0,0,0,0,0,0,0
0,1,90067,0,0,0,0,0,0,0,0,0,0
0,2,90067,0,7,0,0,0,0,27,0,30,35
1,1,90067,21,21,21,21,21,21,21,21,21,21
1,1,90068,21,21,21,21,21,21,21,21,21,21
1,1,90069,0,0,0,0,0,0,0,0,0,0
2,1,90069,6,6,6,6,6,6,6,6,6,6
1,1,90070,28,28,28,28,28,28,28,28,28,28
2,1,90070,0,0,0,0,0,0,0,0,0,0
3,1,90070,0,0,0,0,0,0,0,0,0,0
1,1,90071,14,17,17,15,21,19,10,10,23,7
0,1,90072,13,13,13,13,13,13,13,13,13,13
1,1,90072,19,19,19,19,19,19,19,19,19,19
1,1,90073,0,0,0,0,0,0,0,0,10,0
1,1,90074,0,0,0,0,0,0,0,0,0,0
2,1,90074,3,3,3,3,3,3,3,3,3,3
3,1,90074,0,0,0,0,0,0,0,0,0,0
1,1,90075,0,0,14,23,0,0,0,30,0,0
2,1,90075,0,0,0,0,0,0,0,0,0,0
1,1,90076,0,0,0,0,18,0,0,0,0,0
1,1,90077,11,0,0,0,0,22,0,18,5,0
1,1,90078,32,32,32,32,32,32,32,32,32,32
1,1,90079,0,0,0,0,0,0,0,0,0,0
1,1,90080,0,0,0,0,0,0,0,0,0,0
2,1,90080,22,22,22,22,22,22,22,22,22,22
1,1,90081,0,0,0,3,11,0,12,0,0,5
1,1,90082,11,25,25,6,30,35,0,0,29,0
2,1,90082,0,0,0,0,0,0,0,0,6,0
1,1,90083,0,0,0,0,0,0,0,0,0,0
1,1,90084,39,39,39,39,39,39,39,39,39,39
2,1,90084,6,0,0,0,0,0,11,0,2,17
0,1,90085,17,17,17,17,17,17,17,17,17,17
1,1,90085,0,0,7,0,0,0,0,0,0,0
1,1,90086,0,0,0,10,0,6,0,0,0,0
1,1,90088,0,0,0,7,25,0,29,0,0,21
1,1,90089,0,17,0,0,0,0,0,0,0,0
2,1,90089,0,0,0,0,0,0,0,0,0,0
3,1,90089,0,0,0,0,0,0,0,0,0,0
1,1,90090,0,0,0,0,0,0,0,0,0,0
1,1,90091,0,0,0,0,0,0,0,0,0,0
1,1,90092,4,4,4,4,4,4,4,4,4,4
1,1,90093,0,0,0,0,0,0,0,0,0,0
2,1,90093,0,0,0,0,0,0,0,0,0,0
1,1,90094,0,0,0,14,0,0,17,0,10,0
0,1,90095,0,0,13,0,0,22,4,14,32,27
1,1,90095,0,0,0,0,0,0,0,0,0,0
0,1,90096,0,0,0,0,0,0,0,0,0,0
1,1,90096,0,23,4,0,0,0,0,0,21,0
1,1,90097,0,0,0,0,0,0,0,0,0,0
1,1,90098,6,6,6,6,6,6,6,6,6,6
1,1,90099,0,0,0,0,8,7,0,0,0,0
1,1,90100,9,9,9,9,9,9,9,9,9,9
1,1,90101,0,0,0,0,0,0,0,0,0,0
2,1,90101,0,12,0,0,0,0,0,0,0,0
0,1,90102,0,0,0,0,0,0,0,0,0,0
1,1,90102,0,0,0,0,0,0,0,0,0,0
1,1,90103,0,0,0,0,0,0,0,0,0,0
1,1,90104,0,0,0,0,0,0,0,0,0,0
2,1,90104,0,0,0,0,0,0,0,0,0,0
1,1,90105,0,0,0,0,0,0,0,0,0,0
1,1,90106,0,0,0,0,0,0,0,0,0,0
2,1,90106,16,0,0,0,0,0,0,0,0,0
1,1,90107,0,0,0,0,0,0,0,0,0,0
1,1,90108,0,0,8,11,9,0,0,0,0,0
2,1,90108,0,0,0,0,0,0,0,0,0,0
3,1,90108,10,0,12,0,0,15,5,0,0,0
1,1,90109,0,7,7,9,11,11,0,0,0,0
2,1,90109,0,0,0,0,0,0,0,0,0,0
1,1,90110,0,0,0,0,0,0,0,0,0,0
2,1,90110,4,0,0,8,6,12,0,5,11,0
1,1,90111,0,0,0,0,0,0,0,0,0,0
2,1,90111,0,0,0,0,0,0,0,0,0,0
1,1,90112,0,0,0,0,0,0,0,0,0,0
1,1,90113,10,10,10,10,10,10,10,10,10,10
1,1,90114,15,15,15,15,15,15,15,15,15,15
2,1,90114,0,0,0,0,0,0,0,0,0,0
1,1,90115,21,21,21,21,21,21,21,21,21,21
1,1,90116,0,0,0,0,0,0,0,0,0,0
2,1,90116,0,0,0,0,0,0,0,0,0,0
1,1,90117,0,0,0,0,0,0,0,0,0,0
2,1,90117,0,0,0,0,0,0,0,0,0,0
1,1,90118,19,19,19,19,19,19,19,19,19,19
1,1,90119,0,0,0,0,0,0,0,0,0,0
2,1,90119,0,0,0,0,0,0,0,0,0,0
1,1,90120,0,0,0,0,0,0,0,0,0,0
2,1,90120,0,0,0,0,0,0,0,0,0,0
1,1,90121,13,13,13,13,13,13,13,13,13,13
0,1,90122,12,12,12,12,12,12,12,12,12,12
1,1,90122,0,0,0,0,0,0,0,0,0,0
1,1,90123,0,0,0,0,0,0,0,0,0,0
2,1,90123,0,0,0,0,0,0,0,0,0,0
0,1,90124,28,0,0,0,0,0,16,18,0,16
1,1,90124,13,0,0,5,18,0,0,17,14,0
1,1,90125,0,0,0,0,0,0,0,0,0,0
0,1,90126,0,0,0,0,0,0,0,0,0,0
1,1,90126,0,0,0,0,0,0,0,0,0,0
1,1,90127,0,0,11,6,0,0,0,7,0,0
2,1,90127,9,0,2,2,3,6,0,0,0,0
1,1,90128,0,0,0,0,0,0,0,0,0,0
2,1,90128,0,0,0,0,0,0,5,0,0,0
3,1,90128,0,0,0,0,0,0,0,10,0,0
4,1,90128,13,13,0,0,0,12,0,0,29,15
1,1,90129,23,23,23,23,23,23,23,23,23,23
1,1,90130,11,11,11,11,11,11,11,11,11,11
2,1,90130,13,9,3,12,7,11,22,5,33,22