VEH_NO,PER_NO,ST_CASE,P1,P2,P3,P4,P5,P6,P7,P8,P9,P10
1,1,90131,12,17,17,24,0,25,0,9,0,8
2,1,90131,0,0,0,0,0,0,0,0,0,0
3,1,90131,0,0,0,0,0,0,0,0,0,0
1,1,90132,20,20,20,20,20,20,20,20,20,20
1,1,90133,0,0,0,0,0,0,0,0,0,0
2,1,90133,0,0,0,0,0,0,0,0,0,0
1,1,90134,22,22,22,22,22,22,22,22,22,22
1,1,90135,22,22,22,22,22,22,22,22,22,22
1,1,90136,30,30,30,30,30,30,30,30,30,30
1,1,90137,0,0,0,0,0,0,0,0,0,0
1,1,90138,0,0,0,0,0,0,0,0,0,0
1,1,90139,0,0,0,0,0,0,0,0,0,0
2,1,90139,19,19,19,19,19,19,19,19,19,19
1,1,90140,16,0,12,0,0,0,0,0,24,0
2,1,90140,14,14,14,14,14,14,14,14,14,14
1,1,90141,16,16,16,16,16,16,16,16,16,16
1,1,90142,0,39,16,0,0,0,15,0,0,26
1,1,90143,39,39,39,39,39,39,39,39,39,39
1,1,90144,0,0,0,0,0,0,13,0,0,0
2,1,90144,0,0,0,0,0,0,0,0,0,0
1,1,90145,0,0,0,0,0,0,0,0,0,0
2,1,90145,22,0,0,0,0,0,10,0,26,0
1,1,90146,0,0,0,0,0,0,0,0,0,0
1,1,90147,0,0,0,0,0,0,0,0,0,0
2,1,90147,0,0,0,0,0,0,0,0,0,0
0,1,90148,0,0,0,0,0,0,0,0,0,0
2,1,90148,0,0,0,0,0,0,0,0,0,0
1,1,90149,45,45,45,45,45,45,45,45,45,45
1,1,90150,0,0,0,0,0,0,0,0,0,0
0,1,90151,0,0,0,0,0,0,0,0,0,0
1,1,90151,0,0,0,0,0,0,0,0,0,0
1,1,90152,16,23,0,15,0,10,14,27,10,19
1,1,90153,28,28,28,28,28,28,28,28,28,28
2,1,90153,0,0,0,0,7,0,0,0,0,0
1,1,90154,0,0,0,0,0,0,0,0,0,0
1,1,90155,0,0,0,0,0,0,0,0,0,0
1,1,90156,11,7,18,8,13,3,21,13,11,9
1,1,90157,13,13,13,13,13,13,13,13,13,13
0,1,90158,0,0,0,0,0,0,0,0,0,0
1,1,90158,0,0,0,0,0,0,0,0,0,0
1,1,90159,0,0,23,0,0,0,0,0,0,17
1,1,90160,0,0,0,0,0,0,0,0,0,0
1,1,90161,5,5,5,5,5,5,5,5,5,5
1,1,90162,0,0,0,0,0,0,0,0,0,0
1,1,90163,28,28,28,28,28,28,28,28,28,28
1,1,90164,0,0,0,0,0,0,0,0,0,0
2,1,90164,9,9,9,9,9,9,9,9,9,9
0,1,90165,0,0,0,0,0,0,0,0,0,0
0,2,90165,0,25,0,0,0,0,19,9,0,0
1,1,90165,0,0,0,0,0,0,0,0,0,0
2,1,90165,0,0,0,0,0,0,0,0,0,0
0,1,90166,0,0,0,0,0,0,0,0,0,0
1,1,90166,0,0,0,0,0,0,0,0,0,0
1,1,90167,18,28,4,18,11,6,4,11,12,17
1,1,90168,0,0,0,0,0,0,0,0,0,0
2,1,90168,0,0,8,2,0,0,0,0,0,0
0,1,90169,10,10,10,10,10,10,10,10,10,10
0,2,90169,14,16,0,0,0,13,23,23,0,0
1,1,90169,16,13,0,0,0,9,12,0,12,0
1,1,90170,0,0,0,0,0,0,0,0,0,0
1,1,90171,13,13,13,13,13,13,13,13,13,13
1,1,90172,0,6,17,11,11,4,10,9,13,0
1,1,90173,20,20,20,20,20,20,20,20,20,20
1,1,90174,0,0,0,3,16,4,0,0,0,0
2,1,90174,19,0,0,0,0,0,0,0,7,0
1,1,90175,0,0,0,0,17,0,0,0,0,0
2,1,90175,0,0,0,0,0,0,0,0,0,0
1,1,90176,4,4,4,4,4,4,4,4,4,4
1,1,90177,1,1,1,1,1,1,1,1,1,1
1,1,90178,0,0,0,0,0,0,0,0,0,0
2,1,90178,0,0,0,0,0,0,0,0,0,0
1,1,90179,13,10,27,22,10,2,21,16,39,18
1,1,90180,0,9,34,0,0,0,0,0,0,15
1,1,90181,0,0,0,0,0,0,0,0,0,0
2,1,90181,0,0,0,0,0,0,0,0,0,0
0,1,90182,0,0,0,0,0,0,0,0,0,0
1,1,90182,0,0,0,0,0,0,0,0,0,0
1,1,90183,0,0,0,0,0,0,4,0,0,0
2,1,90183,0,0,0,0,0,0,0,0,0,0
1,1,90184,14,14,14,14,14,14,14,14,14,14
1,1,90185,0,0,0,0,0,0,0,0,0,0
1,1,90186,17,17,17,17,17,17,17,17,17,17
1,1,90187,0,0,0,0,0,0,0,0,0,0
2,1,90187,0,0,0,0,0,0,0,0,0,0
1,1,90188,26,26,26,26,26,26,26,26,26,26
1,1,90189,23,23,23,23,23,23,23,23,23,23
2,1,90189,7,0,8,0,4,0,0,0,10,0
1,1,90190,2,2,2,2,2,2,2,2,2,2
2,1,90190,0,0,0,0,0,0,0,0,0,0
1,1,90191,9,9,9,9,9,9,9,9,9,9
1,1,90192,21,21,21,21,21,21,21,21,21,21
1,1,90193,0,0,0,0,0,0,12,0,0,0
2,1,90193,0,0,0,0,0,0,0,0,0,0
1,1,90194,20,20,20,20,20,20,20,20,20,20
1,1,90195,0,0,0,0,0,0,0,0,0,0
0,1,90196,0,0,0,0,0,12,0,0,0,22
1,1,90196,0,0,0,9,0,0,0,0,0,0
0,1,90197,0,0,0,0,0,0,0,0,0,0
1,1,90197,0,0,0,0,0,0,0,0,0,0
1,1,90198,0,0,0,0,0,0,0,0,0,0
2,1,90198,15,15,15,15,15,15,15,15,15,15
1,1,90199,3,0,0,0,0,0,0,0,0,0
2,1,90199,11,11,11,11,11,11,11,11,11,11
1,1,90200,0,0,0,0,0,0,0,0,0,0
1,1,90201,0,0,0,0,0,0,0,0,0,0
2,1,90201,0,0,0,0,0,0,0,0,0,0
0,1,90202,22,22,22,22,22,22,22,22,22,22
1,1,90202,13,13,13,13,13,13,13,13,13,13
1,1,90203,0,0,0,0,0,0,0,15,0,0
1,1,90204,14,14,14,14,14,14,14,14,14,14
2,1,90204,0,0,0,0,0,0,0,0,0,0
0,1,90205,0,0,0,0,0,0,0,0,0,0
1,1,90205,13,7,10,20,17,14,7,10,19,9
0,1,90206,0,0,0,0,0,0,0,0,0,0
1,1,90206,0,0,0,0,0,0,0,0,0,0
1,1,90207,14,14,14,14,14,14,14,14,14,14
1,1,90208,11,11,11,11,11,11,11,11,11,11
0,1,90209,25,25,25,25,25,25,25,25,25,25
1,1,90209,0,0,0,0,0,0,0,0,0,0
2,1,90209,0,0,0,0,0,0,11,0,0,0
1,1,90210,0,0,0,0,0,0,0,0,0,0
1,1,90211,28,28,28,28,28,28,28,28,28,28
1,1,90212,15,15,15,15,15,15,15,15,15,15
1,1,90213,0,0,0,0,0,0,0,0,0,0
2,1,90213,0,0,0,0,0,0,0,0,0,0
1,1,100001,0,0,0,0,0,0,0,0,0,0
1,1,100002,0,0,0,0,0,0,22,0,0,23
2,1,100002,0,0,0,0,0,0,0,0,0,0
0,1,100003,0,0,0,0,0,0,0,0,0,0
1,1,100003,0,0,0,0,0,0,0,0,0,0
2,1,100003,0,0,0,0,0,0,0,0,10,0
3,1,100003,0,0,0,0,0,10,0,0,0,0
4,1,100003,0,0,0,0,0,0,0,0,0,0
1,1,100004,5,5,5,5,5,5,5,5,5,5
2,1,100004,16,16,16,16,16,16,16,16,16,16
1,1,100005,23,23,23,23,23,23,23,23,23,23
1,1,100006,0,0,0,0,0,0,0,0,0,0
1,1,100007,21,21,21,21,21,21,21,21,21,21
2,1,100007,0,0,0,0,0,0,0,0,0,0
1,1,100008,7,0,0,0,0,0,0,0,0,0
2,1,100008,0,0,0,9,0,0,0,0,0,0
3,1,100008,0,0,0,0,0,0,0,0,0,0
1,1,100009,0,0,0,0,0,0,0,0,0,0
2,1,100009,0,0,0,0,0,0,2,0,0,0
1,1,100010,18,18,18,18,18,18,18,18,18,18
1,1,100011,0,12,0,0,0,0,0,0,0,0
2,1,100011,0,0,0,0,0,0,0,0,0,0
1,1,100012,0,0,0,0,0,0,0,0,0,0
1,1,100013,0,0,0,0,0,0,0,0,0,6
2,1,100013,0,0,0,0,0,0,0,0,0,10
1,1,100014,0,0,11,0,0,0,0,0,0,0
2,1,100014,0,0,7,0,0,0,0,0,0,0
0,1,100015,0,21,0,0,0,0,0,0,0,0
1,1,100015,14,0,6,7,0,11,10,13,9,0
1,1,100016,31,31,31,31,31,31,31,31,31,31
1,1,100017,0,0,0,17,0,0,0,0,0,0
2,1,100017,0,0,0,0,0,0,0,0,0,0
3,1,100017,0,0,14,0,0,0,0,0,0,0
1,1,100018,0,0,0,0,0,0,0,0,0,0
2,1,100018,10,0,0,0,0,0,0,0,0,0
3,1,100018,0,0,0,0,0,0,0,0,0,0
1,1,100019,0,0,0,0,0,0,0,0,0,0
2,1,100019,0,0,5,0,0,0,0,0,0,0
1,1,100020,16,16,16,16,16,16,16,16,16,16
0,1,100021,0,0,0,0,0,0,0,0,0,0
1,1,100021,0,0,0,0,0,0,0,0,0,0
1,1,100022,0,0,0,0,0,0,0,0,0,0
1,1,100023,0,0,0,0,0,0,0,0,0,0
2,1,100023,0,0,0,0,0,0,0,2,0,0
1,1,100024,0,0,0,0,0,0,0,0,0,0
2,1,100024,0,0,0,0,0,0,0,0,0,0
1,1,100026,26,26,26,26,26,26,26,26,26,26
0,1,100027,0,0,0,0,0,0,0,0,0,0
1,1,100027,0,0,0,0,0,0,0,0,0,0
1,1,100028,13,13,13,13,13,13,13,13,13,13
2,1,100028,0,0,0,0,0,0,0,0,0,11
1,1,100029,24,24,24,24,24,24,24,24,24,24
1,1,100030,0,0,0,0,0,0,0,0,0,0
1,1,100031,0,0,0,0,0,0,0,0,0,0
2,1,100031,0,0,21,0,0,0,0,0,0,0
0,1,100032,0,0,0,0,0,0,0,0,0,0
1,1,100032,0,0,0,0,0,0,0,0,0,0
1,1,100033,16,16,16,16,16,16,16,16,16,16
1,1,100034,20,20,20,20,20,20,20,20,20,20
1,1,100035,9,0,0,0,0,15,0,6,0,0
1,1,100036,0,0,0,0,0,0,0,0,0,0
2,1,100036,0,0,0,0,0,0,0,0,0,0
0,1,100037,29,29,29,29,29,29,29,29,29,29
1,1,100037,0,0,0,0,0,0,0,0,0,0
2,1,100037,10,0,0,0,0,0,0,11,0,0
1,1,100038,17,17,17,17,17,17,17,17,17,17
0,1,100039,9,11,19,0,0,0,20,27,0,0
1,1,100039,0,0,0,8,0,0,11,24,0,0
2,1,100039,0,0,0,0,0,0,0,0,0,0
3,1,100039,14,0,0,0,0,0,0,0,0,0
1,1,100040,25,24,16,0,0,21,0,0,0,21
1,1,100041,0,0,0,0,0,0,0,0,0,0
2,1,100041,0,0,0,0,0,0,0,0,0,0
1,1,100042,0,0,0,0,0,0,0,0,0,0
1,1,100043,19,19,19,19,19,19,19,19,19,19
1,1,100044,19,19,19,19,19,19,19,19,19,19
2,1,100044,0,0,0,0,0,0,0,0,0,0
1,1,100045,8,8,8,8,8,8,8,8,8,8
1,1,100046,0,0,0,0,0,0,0,0,0,0
2,1,100046,0,0,0,0,0,0,0,0,0,0
1,1,100047,10,10,10,10,10,10,10,10,10,10
1,1,100048,0,0,0,8,0,0,0,0,0,0
2,1,100048,0,0,0,0,0,0,0,0,0,0
1,1,100049,0,0,0,0,0,0,0,0,0,0
2,1,100049,0,0,0,0,0,0,0,0,0,0
1,1,100050,18,18,18,18,18,18,18,18,18,18
1,1,100051,0,0,0,0,0,0,0,0,0,0
2,1,100051,0,0,0,0,0,0,0,0,0,0
1,1,100052,0,0,0,0,0,0,0,0,0,0
2,1,100052,8,8,8,8,8,8,8,8,8,8
1,1,100053,21,21,21,21,21,21,21,21,21,21
1,1,100054,0,0,8,0,0,0,0,0,0,0
2,1,100054,0,0,0,0,0,0,0,0,0,0
0,1,100055,0,0,0,0,0,0,0,0,0,0
1,1,100055,0,0,0,0,0,0,0,0,0,0
1,1,100056,0,0,0,0,0,0,0,0,0,0
2,1,100056,16,16,16,16,16,16,16,16,16,16
1,1,100057,26,26,26,26,26,26,26,26,26,26
0,1,100058,0,0,0,0,0,0,0,0,0,0
1,1,100058,6,0,0,0,0,0,0,0,0,0
1,1,100059,0,0,0,0,0,0,0,0,0,0
1,1,100060,20,20,20,20,20,20,20,20,20,20
2,1,100061,0,0,0,0,0,0,0,0,0,0
0,1,100062,0,0,0,0,0,0,0,0,0,0
1,1,100062,0,0,0,0,0,0,0,20,0,0
1,1,100063,16,16,16,16,16,16,16,16,16,16
2,1,100063,0,0,0,0,0,0,0,0,0,0
1,1,100064,0,0,0,0,0,0,0,0,0,0
2,1,100064,0,0,0,0,0,0,0,15,0,0
0,1,100065,0,0,15,0,10,19,0,0,0,0
1,1,100065,0,0,0,0,0,0,0,0,0,0
0,1,100066,0,0,0,0,0,0,0,0,0,0
1,1,100066,0,0,0,0,0,0,0,0,0,0
0,1,100067,28,28,28,28,28,28,28,28,28,28
1,1,100067,2,0,0,0,0,0,0,0,0,0
1,1,100068,3,3,3,3,3,3,3,3,3,3
2,1,100068,0,0,0,0,0,0,0,0,7,0
3,1,100068,0,0,0,0,0,0,0,0,0,0
4,1,100068,0,0,0,0,0,0,0,0,0,0
1,1,100069,0,0,0,0,0,0,0,0,0,0
0,1,100070,12,12,12,12,12,12,12,12,12,12
1,1,100070,0,0,0,0,0,0,0,0,0,0
1,1,100071,0,19,13,13,0,0,0,0,0,24
1,1,100072,0,0,0,0,0,0,0,0,0,0
2,1,100072,0,0,0,0,0,0,0,0,0,0
1,1,100073,16,16,16,16,16,16,16,16,16,16
0,1,100074,23,23,23,23,23,23,23,23,23,23
1,1,100074,0,7,0,0,0,0,0,0,0,0
1,1,100075,24,24,24,24,24,24,24,24,24,24
2,1,100075,3,0,0,0,0,0,0,0,0,0
0,1,100076,6,6,6,6,6,6,6,6,6,6
1,1,100076,0,0,0,0,0,0,0,0,0,0
1,1,100077,14,14,14,14,14,14,14,14,14,14
2,1,100077,8,8,8,8,8,8,8,8,8,8
1,1,100078,0,0,0,0,0,0,0,0,0,0
2,1,100078,21,0,0,0,0,0,18,24,0,0
1,1,100079,0,15,4,11,0,0,0,0,0,0
2,1,100079,0,0,0,0,0,0,0,0,0,0
1,1,100080,0,0,0,0,0,0,0,0,0,5
1,1,100081,0,0,0,0,0,0,0,0,12,0
2,1,100081,0,0,0,0,0,0,0,0,0,0
1,1,100082,0,0,0,0,0,0,0,0,0,0
0,1,100083,0,0,18,17,0,26,0,0,0,20
1,1,100083,0,0,0,0,0,0,0,7,0,0
1,1,100084,12,12,12,12,12,12,12,12,12,12
1,1,100085,0,0,0,0,0,0,0,0,0,0
2,1,100085,21,25,0,0,0,0,0,0,0,0
0,1,100086,0,0,0,0,0,0,0,0,0,0
1,1,100086,0,0,9,0,15,0,0,10,0,0
2,1,100086,18,3,0,0,0,0,0,0,11,0
1,1,100087,9,9,9,9,9,9,9,9,9,9
0,1,100088,0,0,0,0,0,30,0,0,0,12
1,1,100088,8,0,0,29,0,0,0,0,18,0
1,1,100089,0,0,0,0,0,0,0,0,0,0
2,1,100089,0,0,0,0,0,0,0,0,0,0
3,1,100089,0,0,0,0,0,0,0,0,12,0
0,1,100090,0,0,0,0,0,0,0,0,0,0
1,1,100090,0,0,0,0,0,0,0,0,0,0
2,1,100090,0,0,0,0,0,0,0,0,0,0
1,1,100091,15,0,12,22,0,15,15,7,16,0
1,1,100092,33,33,33,33,33,33,33,33,33,33
1,1,100093,0,0,0,0,0,0,0,0,0,0
1,1,100094,0,0,0,0,0,0,5,0,0,0
1,1,100095,0,24,0,0,12,0,0,0,0,11
0,1,100096,16,16,16,16,16,16,16,16,16,16
1,1,100096,0,0,0,0,0,0,0,0,0,0
1,1,100097,12,12,12,12,12,12,12,12,12,12
1,1,100098,15,15,15,15,15,15,15,15,15,15
1,1,100099,0,0,14,0,8,0,8,0,8,0
2,1,100099,0,25,0,0,0,0,0,6,0,0
3,1,100099,0,0,0,0,0,0,0,0,0,0
1,1,100100,22,22,22,22,22,22,22,22,22,22
1,1,100101,24,0,17,19,0,9,17,18,12,23
2,1,100101,0,0,0,0,0,0,0,0,0,0
1,1,100102,0,0,14,0,0,0,0,0,0,0
1,1,110001,13,15,14,0,7,9,11,17,28,9
0,1,110002,0,0,0,0,0,0,0,0,0,0
0,2,110002,7,0,0,0,0,0,0,0,0,9
1,1,110002,0,0,0,0,0,0,0,0,0,0
1,1,110003,0,0,0,0,0,0,0,0,0,0
2,1,110003,0,9,0,0,0,0,0,19,0,0
1,1,110004,9,9,9,9,9,9,9,9,9,9
2,1,110004,0,0,0,0,0,0,0,0,0,0
3,1,110004,0,17,0,0,0,15,0,0,0,5
0,1,110005,31,31,31,31,31,31,31,31,31,31
1,1,110005,0,0,0,0,0,0,0,0,0,0
1,1,110006,9,9,9,9,9,9,9,9,9,9
2,1,110006,0,0,0,7,0,0,0,16,0,0
1,1,110007,5,5,5,5,5,5,5,5,5,5
0,1,110008,0,0,0,0,0,0,0,0,0,0
1,1,110008,0,0,0,17,0,17,25,0,0,0
1,1,110009,11,11,11,11,11,11,11,11,11,11
2,1,110009,0,0,0,0,0,0,0,0,0,0
1,1,110010,14,14,14,14,14,14,14,14,14,14
1,1,110011,0,0,0,0,0,0,0,0,0,0
2,1,110011,0,0,0,0,0,0,0,0,0,0
1,1,110012,16,16,16,16,16,16,16,16,16,16
0,1,110013,0,14,21,0,13,0,3,0,5,0
1,1,110013,0,0,0,0,0,0,0,0,0,0
0,1,110014,0,0,0,0,0,0,0,0,0,0
1,1,110014,0,0,0,0,0,0,0,0,0,0
0,1,110015,0,0,0,0,0,0,0,0,0,0
0,2,110015,0,0,0,7,0,0,0,17,0,0
1,1,110015,0,0,0,0,0,0,0,0,0,0
2,1,110015,0,0,0,0,17,0,0,0,0,10
1,1,110016,9,9,9,9,9,9,9,9,9,9
2,1,110016,0,0,0,0,0,0,0,0,0,0
1,1,110017,0,0,0,0,10,0,0,0,0,0
0,1,110018,0,17,28,0,17,13,34,0,0,24
1,1,110018,5,0,0,10,14,14,0,0,14,0
0,1,110019,0,0,0,0,0,0,0,0,0,0
1,1,110019,0,0,0,0,0,0,0,0,0,0
1,1,110020,0,0,0,0,0,13,0,0,0,0
0,1,110021,0,0,0,0,0,0,0,0,0,0
1,1,110021,0,0,0,0,0,0,0,0,0,0
0,1,110022,0,0,0,0,0,0,0,0,0,0
1,1,110022,0,0,0,0,0,0,0,0,0,0
1,1,110023,28,28,28,28,28,28,28,28,28,28
0,1,110024,0,0,0,10,11,0,0,0,0,0
1,1,110024,0,0,0,0,0,0,0,0,0,0
0,1,110025,0,0,0,0,0,0,0,0,0,0
1,1,110025,0,0,0,0,0,0,0,0,0,0
0,1,110026,0,5,0,0,0,16,0,0,0,0
1,1,110026,0,0,0,0,0,0,0,0,0,0
2,1,110026,0,0,0,0,0,0,0,0,0,0
0,1,110027,0,0,0,0,0,0,0,0,0,0
1,1,110027,0,0,0,0,0,3,0,0,0,0
0,1,110028,36,36,36,36,36,36,36,36,36,36
1,1,110028,14,14,11,3,0,0,0,0,19,0
1,1,120001,5,5,5,5,5,5,5,5,5,5
1,1,120002,22,22,22,22,22,22,22,22,22,22
1,1,120003,10,10,10,10,10,10,10,10,10,10
0,1,120004,0,0,0,0,0,0,0,0,0,0
1,1,120004,0,0,0,0,0,0,0,0,0,0
0,1,120005,28,28,28,28,28,28,28,28,28,28
1,1,120005,0,0,6,0,0,0,0,0,0,0
2,1,120005,0,0,0,0,0,0,0,0,0,0
3,1,120005,0,0,0,0,0,0,0,0,0,0
1,1,120006,0,0,0,0,0,0,0,0,0,0
2,1,120006,0,0,0,0,0,0,0,0,0,0
3,1,120006,7,7,7,7,7,7,7,7,7,7
1,1,120007,0,0,0,0,0,0,0,0,0,0
2,1,120007,28,28,28,28,28,28,28,28,28,28
1,1,120008,32,16,0,6,0,11,20,18,24,8
0,1,120009,0,33,0,0,0,0,0,0,0,0
1,1,120009,0,0,0,0,0,0,0,0,0,0
0,1,120010,0,0,0,0,0,0,0,0,0,0
1,1,120010,13,0,9,5,9,0,2,9,0,9
1,1,120011,15,15,15,15,15,15,15,15,15,15
1,1,120012,22,22,22,22,22,22,22,22,22,22
1,1,120013,0,0,0,0,0,0,0,0,0,0
2,1,120013,0,2,0,10,0,0,0,0,0,0
0,1,120014,23,23,23,23,23,23,23,23,23,23
1,1,120014,0,0,0,0,0,0,0,0,0,0
1,1,120015,0,0,0,0,0,0,0,0,0,0
2,1,120015,0,0,0,0,0,0,0,0,0,0
1,1,120016,0,0,0,0,0,0,0,0,0,0
1,1,120017,0,16,15,19,14,0,12,0,18,18
1,1,120018,0,0,0,0,0,0,0,14,0,21
2,1,120018,0,0,0,0,0,11,0,0,0,0
1,1,120020,0,0,0,0,0,0,23,0,0,0
2,1,120020,0,0,0,0,0,0,0,0,0,0
1,1,120021,0,0,0,0,0,0,0,0,0,0
2,1,120021,0,0,0,0,0,0,0,0,0,0
3,1,120021,0,0,0,0,0,0,0,0,0,0
4,1,120021,0,0,4,0,0,3,0,0,0,0
1,1,120022,6,0,0,0,0,0,0,0,0,0
2,1,120022,0,0,0,0,0,0,0,0,0,0
1,1,120023,19,19,19,19,19,19,19,19,19,19
1,1,120024,0,0,0,0,0,0,0,0,0,0
2,1,120024,0,0,0,0,0,0,0,0,0,0
3,1,120024,0,0,0,0,0,0,0,0,0,0
4,1,120024,0,0,0,0,0,0,0,0,0,0
0,1,120025,13,13,13,13,13,13,13,13,13,13
1,1,120025,0,0,0,0,0,0,0,0,0,0
1,1,120026,0,0,0,0,0,0,0,0,0,0
2,1,120026,0,0,0,0,0,0,0,0,0,0
1,1,120027,0,0,0,0,0,0,0,0,0,0
1,1,120028,5,0,8,0,0,0,0,0,0,0
0,1,120029,0,0,0,0,0,0,0,0,0,0
1,1,120029,0,0,0,0,0,0,0,0,0,0
1,1,120030,0,0,0,0,0,0,0,0,0,0
2,1,120030,0,0,0,0,0,0,0,0,0,0
3,1,120030,0,0,0,0,0,0,0,0,0,0
0,1,120031,2,2,2,2,2,2,2,2,2,2
1,1,120031,0,0,0,0,0,0,0,0,0,0
1,1,120032,22,22,22,22,22,22,22,22,22,22
1,1,120033,0,0,0,0,0,0,0,0,0,0
1,1,120034,24,24,24,24,24,24,24,24,24,24
0,1,120035,0,0,0,0,0,0,0,25,0,0
1,1,120035,0,0,0,0,0,0,0,0,0,0
0,1,120036,0,0,0,0,0,0,0,0,0,0
1,1,120036,8,0,0,0,0,0,0,0,0,16
1,1,120037,0,0,0,0,0,0,0,0,0,0
2,1,120037,0,0,0,0,0,0,0,0,0,0
1,1,120038,3,3,3,3,3,3,3,3,3,3
2,1,120038,0,0,0,0,0,0,0,0,0,0
1,1,120039,8,8,8,8,8,8,8,8,8,8
2,1,120039,0,0,0,0,0,0,0,0,0,0
1,1,120040,22,22,22,22,22,22,22,22,22,22
2,1,120040,0,0,0,0,0,0,0,0,0,0
0,1,120041,0,0,0,0,0,0,0,0,0,0
1,1,120041,0,23,9,0,9,7,0,3,0,3
0,1,120042,0,0,0,0,0,0,0,0,0,0
1,1,120042,0,0,0,0,0,0,0,0,0,0
1,1,120043,10,10,10,10,10,10,10,10,10,10
1,1,120044,0,0,0,0,0,0,0,0,0,0
1,1,120045,9,9,9,9,9,9,9,9,9,9
2,1,120045,5,0,0,0,6,0,25,0,0,0
1,1,120046,18,18,18,18,18,18,18,18,18,18
1,1,120047,0,0,0,0,0,0,0,0,0,0
1,1,120048,17,17,17,17,17,17,17,17,17,17
1,1,120049,22,22,22,22,22,22,22,22,22,22
1,1,120050,2,2,2,2,2,2,2,2,2,2
2,1,120050,12,0,7,0,0,0,0,0,0,0
1,1,120051,24,24,24,24,24,24,24,24,24,24
1,1,120052,24,24,24,24,24,24,24,24,24,24
1,1,120053,0,0,0,0,0,0,0,0,0,12
2,1,120053,0,0,9,0,0,0,0,0,0,0
3,1,120053,0,0,19,16,0,0,0,0,0,0
1,1,120054,18,18,18,18,18,18,18,18,18,18
1,1,120055,34,34,34,34,34,34,34,34,34,34
1,1,120056,0,0,0,0,0,0,0,0,0,0
2,1,120056,0,0,0,0,0,9,0,0,0,0
1,1,120057,19,19,19,19,19,19,19,19,19,19
2,1,120057,1,1,1,1,1,1,1,1,1,1
1,1,120058,22,22,22,22,22,22,22,22,22,22
1,1,120059,28,28,28,28,28,28,28,28,28,28
0,1,120060,0,0,0,0,0,0,0,0,0,0
1,1,120060,0,0,0,0,0,0,0,0,0,0
1,1,120061,10,10,10,10,10,10,10,10,10,10
1,1,120062,0,0,0,0,0,0,0,0,0,0
0,1,120063,0,0,0,0,0,0,0,0,0,0
1,1,120063,0,0,12,0,0,0,0,0,0,0
1,1,120064,0,0,0,0,0,6,0,0,0,0
2,1,120064,0,0,0,0,0,0,0,0,0,0
1,1,120065,0,0,0,0,0,0,0,10,0,0
2,1,120065,0,0,0,0,0,0,0,0,0,0
1,1,120066,0,0,0,0,0,0,0,0,0,5
2,1,120066,0,0,0,0,0,0,0,0,0,0
3,1,120066,0,0,0,0,0,0,0,0,0,0
1,1,120067,22,22,22,22,22,22,22,22,22,22
1,1,120068,0,0,0,0,0,0,0,0,0,0
2,1,120068,0,0,0,0,0,0,0,0,0,0
0,1,120069,0,0,0,0,0,0,31,0,0,0
1,1,120069,13,13,13,13,13,13,13,13,13,13
1,1,120070,0,0,0,0,0,0,0,0,0,0
2,1,120070,0,0,0,0,0,0,0,0,0,0
3,1,120070,0,0,0,0,0,0,0,0,0,0
4,1,120070,0,0,0,0,0,0,0,0,0,0
5,1,120070,0,0,0,0,0,0,0,0,0,0
1,1,120071,18,18,18,18,18,18,18,18,18,18
0,1,120072,12,12,12,12,12,12,12,12,12,12
1,1,120072,0,0,0,0,0,0,0,0,0,0
1,1,120073,0,0,6,0,0,0,0,0,0,0
2,1,120073,0,0,0,0,0,0,0,0,0,0
1,1,120074,7,7,7,7,7,7,7,7,7,7
1,1,120075,0,0,0,0,0,0,0,0,0,0
1,1,120076,0,0,0,0,0,0,0,0,0,0
1,1,120077,0,0,0,0,0,0,0,0,0,0
1,1,120078,15,15,15,15,15,15,15,15,15,15
1,1,120079,0,0,0,0,0,0,0,0,0,0
2,1,120079,0,0,0,0,0,0,0,0,0,0
1,1,120080,0,0,0,0,0,0,0,0,0,0
2,1,120080,16,16,16,16,16,16,16,16,16,16
1,1,120081,0,0,0,0,8,0,0,0,0,0
2,1,120081,0,0,0,0,0,0,0,0,0,0
0,1,120082,23,23,23,23,23,23,23,23,23,23
1,1,120082,0,0,0,0,0,0,0,0,0,0
1,1,120083,23,23,23,23,23,23,23,23,23,23
1,1,120084,0,0,0,0,0,0,0,0,0,24
1,1,120085,16,16,16,16,16,16,16,16,16,16
1,1,120086,21,21,21,21,21,21,21,21,21,21
1,1,120087,0,0,0,0,0,0,0,0,0,0
1,1,120088,13,13,13,13,13,13,13,13,13,13
2,1,120088,0,0,0,0,0,0,0,0,0,0
3,1,120088,0,0,0,0,0,0,0,0,0,0
1,1,120089,0,23,0,0,0,0,0,0,8,0
1,1,120090,0,0,0,0,0,0,0,0,0,0
2,1,120090,0,0,0,0,0,0,0,0,0,0
1,1,120091,0,0,0,0,0,0,0,0,0,0
2,1,120091,0,0,0,0,0,0,0,0,0,0
1,1,120092,33,33,33,33,33,33,33,33,33,33
2,1,120092,0,0,0,0,0,0,0,0,0,0