VEH_NO,PER_NO,ST_CASE,P1,P2,P3,P4,P5,P6,P7,P8,P9,P10
1,1,120093,21,21,21,21,21,21,21,21,21,21
1,1,120094,0,12,0,0,0,0,0,0,0,0
0,1,120095,31,31,31,31,31,31,31,31,31,31
1,1,120095,0,0,0,0,0,0,0,0,0,0
0,1,120096,0,0,0,0,0,0,0,0,0,0
1,1,120096,0,0,0,0,0,0,0,0,0,0
1,1,120097,0,0,0,0,22,0,13,0,0,27
2,1,120097,0,0,0,0,0,0,0,0,0,0
1,1,120098,0,0,0,0,0,0,0,0,0,0
2,1,120098,0,0,0,0,0,0,0,0,0,0
1,1,120099,0,0,0,0,0,0,0,0,0,0
1,1,120100,0,0,0,0,0,0,0,0,0,0
2,1,120100,0,0,0,0,0,0,0,0,0,0
1,1,120101,0,0,0,0,0,0,0,0,0,0
2,1,120101,0,0,0,0,0,0,0,0,0,0
1,1,120102,11,0,9,14,0,18,0,0,17,9
0,1,120104,0,0,0,0,0,0,0,0,0,0
1,1,120104,0,0,0,0,0,0,0,0,0,0
1,1,120105,22,22,22,22,22,22,22,22,22,22
0,1,120106,1,1,1,1,1,1,1,1,1,1
1,1,120106,0,0,0,0,0,0,0,0,0,0
0,1,120107,5,5,5,5,5,5,5,5,5,5
1,1,120107,17,17,17,17,17,17,17,17,17,17
1,1,120108,0,0,14,14,0,0,0,0,10,0
1,1,120109,1,1,1,1,1,1,1,1,1,1
1,1,120110,0,0,0,0,0,0,0,11,0,0
0,1,120111,8,8,8,8,8,8,8,8,8,8
1,1,120111,0,0,0,0,0,0,0,0,0,0
1,1,120112,13,13,13,13,13,13,13,13,13,13
1,1,120113,23,23,23,23,23,23,23,23,23,23
1,1,120114,0,0,0,0,0,0,0,0,0,0
2,1,120114,0,0,0,0,0,0,0,0,0,0
1,1,120115,23,23,23,23,23,23,23,23,23,23
2,1,120115,0,0,0,0,0,0,0,0,0,0
1,1,120116,6,6,6,6,6,6,6,6,6,6
2,1,120116,0,0,0,6,0,0,0,0,0,0
1,1,120117,5,5,5,5,5,5,5,5,5,5
1,1,120118,23,23,23,23,23,23,23,23,23,23
2,1,120118,0,0,0,0,0,0,0,0,0,0
0,1,120119,31,31,31,31,31,31,31,31,31,31
1,1,120119,0,0,0,0,0,0,0,0,0,0
1,1,120120,0,0,0,0,0,0,0,0,0,0
2,1,120120,0,0,0,0,0,0,0,0,0,0
3,1,120120,0,0,0,0,0,0,0,0,0,0
4,1,120120,0,0,0,0,0,0,0,0,0,0
1,1,120121,6,6,6,6,6,6,6,6,6,6
1,1,120122,17,17,17,17,17,17,17,17,17,17
1,1,120123,23,23,23,23,23,23,23,23,23,23
1,1,120124,0,0,0,0,0,0,0,0,0,0
2,1,120124,0,0,0,0,0,0,0,0,0,0
1,1,120125,29,29,29,29,29,29,29,29,29,29
2,1,120125,0,12,0,0,0,0,8,0,0,0
1,1,120126,0,0,0,0,0,0,0,0,0,0
1,1,120127,1,1,1,1,1,1,1,1,1,1
1,1,120128,0,0,0,0,0,0,0,0,0,0
1,1,120130,0,0,0,0,0,0,0,0,0,0
1,1,120131,0,0,0,0,0,0,0,0,0,0
2,1,120131,0,0,0,0,0,0,0,0,0,0
1,1,120133,0,0,0,0,0,0,0,0,0,0
2,1,120133,0,0,0,0,0,0,0,0,0,0
1,1,120134,0,0,0,0,0,0,0,0,0,0
1,1,120135,0,0,0,0,0,0,0,0,0,0
2,1,120135,0,0,0,0,0,0,0,0,0,0
0,1,120136,23,23,23,23,23,23,23,23,23,23
1,1,120136,0,18,0,0,0,8,0,0,0,0
1,1,120137,0,0,0,0,0,0,0,0,0,0
1,1,120138,0,0,0,0,0,0,0,0,0,0
1,1,120139,22,22,22,22,22,22,22,22,22,22
2,1,120139,0,0,0,6,0,0,0,6,0,8
3,1,120139,0,0,0,0,0,0,0,0,0,0
0,1,120140,0,0,0,0,0,0,0,0,0,0
1,1,120140,0,5,0,0,0,0,12,0,0,0
1,1,120141,0,0,10,0,0,0,0,0,0,0
2,1,120141,0,0,0,0,0,0,0,0,0,0
0,1,120142,0,0,0,12,0,6,0,12,0,13
1,1,120142,0,0,0,9,0,0,0,0,0,0
1,1,120143,0,10,7,0,7,0,0,0,0,0
2,1,120143,0,0,0,0,0,0,0,0,0,0
1,1,120144,0,0,0,13,0,0,0,0,11,0
2,1,120144,0,0,0,0,0,0,0,0,0,0
1,1,120145,0,0,0,0,0,0,0,0,0,0
1,1,120146,0,0,0,0,0,0,0,0,0,0
2,1,120146,0,0,0,0,0,0,0,0,0,0
3,1,120146,0,0,0,0,0,0,0,0,0,0
1,1,120147,24,24,24,24,24,24,24,24,24,24
1,1,120148,0,0,0,0,0,0,0,0,0,0
1,1,120149,8,8,8,8,8,8,8,8,8,8
1,1,120150,0,0,0,0,0,0,0,0,0,0
2,1,120150,0,0,0,0,0,0,0,0,0,0
3,1,120150,0,0,0,0,0,0,0,0,0,0
1,1,120151,6,6,6,6,6,6,6,6,6,6
1,1,120152,6,6,6,6,6,6,6,6,6,6
1,1,120153,0,0,0,0,0,0,0,0,0,0
2,1,120153,0,0,0,0,0,0,0,0,0,0
1,1,120154,0,0,0,0,0,0,0,0,0,0
2,1,120154,0,0,0,0,0,0,0,0,0,0
1,1,120155,0,0,0,0,0,0,0,0,0,0
2,1,120155,0,0,0,0,0,0,0,0,0,0
0,1,120156,23,23,23,23,23,23,23,23,23,23
1,1,120156,0,0,0,0,0,0,0,0,0,0
2,1,120156,23,0,0,0,9,0,0,11,0,0
1,1,120157,7,7,7,7,7,7,7,7,7,7
2,1,120157,0,0,0,0,0,0,0,0,0,0
0,1,120158,0,0,0,19,11,0,0,11,0,13
1,1,120158,20,20,20,20,20,20,20,20,20,20
1,1,120159,0,0,0,0,0,0,0,0,0,0
2,1,120159,0,0,0,0,0,0,0,0,0,0
1,1,120160,16,16,16,16,16,16,16,16,16,16
0,1,120161,0,0,0,0,0,0,0,0,0,0
1,1,120161,0,0,0,0,0,0,0,0,0,0
0,1,120162,0,0,0,0,23,0,0,0,24,0
1,1,120162,0,0,0,0,0,0,0,0,0,0
0,1,120163,0,0,0,0,0,0,0,0,0,0
1,1,120163,6,6,6,6,6,6,6,6,6,6
0,1,120164,0,0,0,0,8,0,0,0,0,0
1,1,120164,0,0,0,0,0,0,0,0,0,0
1,1,120165,0,0,0,0,0,0,0,0,0,0
2,1,120165,0,0,0,0,0,0,0,0,0,0
1,1,120166,0,0,0,0,0,0,0,0,0,0
1,1,120168,0,0,0,0,0,0,0,0,0,0
2,1,120168,0,0,0,0,0,0,0,0,0,0
3,1,120168,0,0,0,0,0,0,0,0,0,0
1,1,120169,25,25,25,25,25,25,25,25,25,25
1,1,120170,0,0,11,15,0,0,12,0,12,0
0,1,120171,2,2,2,2,2,2,2,2,2,2
1,1,120171,0,0,0,0,0,0,0,0,0,0
0,1,120172,0,0,0,0,0,0,0,0,0,0
1,1,120172,0,0,20,0,0,0,3,0,0,0
1,1,120173,0,0,0,0,0,0,0,0,0,0
1,1,120174,0,0,0,0,0,0,0,0,0,0
1,1,120175,0,0,0,15,0,0,0,0,0,15
0,1,120176,0,0,19,0,0,17,29,33,18,0
1,1,120176,0,6,6,0,7,9,0,0,23,0
1,1,120177,10,10,10,10,10,10,10,10,10,10
1,1,120178,0,0,26,15,0,0,0,0,0,0
1,1,120179,13,13,13,13,13,13,13,13,13,13
1,1,120180,0,0,0,0,0,0,0,0,0,0
1,1,120181,24,24,24,24,24,24,24,24,24,24
2,1,120181,17,17,17,17,17,17,17,17,17,17
0,1,120182,22,22,22,22,22,22,22,22,22,22
1,1,120182,0,0,8,0,0,2,0,0,0,0
1,1,120183,19,19,19,19,19,19,19,19,19,19
2,1,120183,0,0,0,0,0,0,0,0,0,0
1,1,120184,0,0,0,0,0,0,0,0,0,0
2,1,120184,0,0,0,0,0,0,0,0,0,0
1,1,120185,0,0,0,0,0,2,0,0,0,0
2,1,120185,0,0,0,0,0,0,0,15,0,10
1,1,120186,0,0,0,0,0,0,0,0,0,0
1,1,120187,16,16,16,16,16,16,16,16,16,16
1,1,120188,0,0,0,0,0,0,0,0,0,0
2,1,120188,0,0,0,0,0,0,0,0,0,0
1,1,120189,24,24,24,24,24,24,24,24,24,24
2,1,120189,0,11,0,0,0,0,0,0,0,0
1,1,120190,0,0,0,0,0,0,0,0,0,0
2,1,120190,0,0,0,0,0,0,0,0,0,0
3,1,120190,0,3,0,0,0,0,0,0,0,0
1,1,120192,0,0,0,0,0,0,0,0,0,0
2,1,120192,0,0,0,0,0,0,0,0,0,0
1,1,120193,0,0,0,0,0,0,0,0,0,0
2,1,120193,0,0,0,0,0,0,3,0,14,0
1,1,120194,0,0,0,0,0,0,0,0,0,0
2,1,120194,0,0,0,0,0,0,0,0,0,0
0,1,120195,31,31,31,31,31,31,31,31,31,31
1,1,120195,0,0,0,0,0,0,0,0,0,19
1,1,120196,18,18,18,18,18,18,18,18,18,18
2,1,120196,0,0,0,0,0,0,0,0,0,0
1,1,120197,24,24,24,24,24,24,24,24,24,24
2,1,120197,0,0,0,0,0,0,0,0,0,0
1,1,120198,7,7,7,7,7,7,7,7,7,7
2,1,120198,0,0,0,0,0,0,0,0,0,0
1,1,120199,0,0,0,0,0,0,0,0,0,0
1,1,120200,0,0,0,0,0,0,0,0,0,0
2,1,120200,0,0,0,0,0,0,0,0,0,0
1,1,120201,0,0,0,0,0,0,0,0,0,0
1,1,120202,13,13,13,13,13,13,13,13,13,13
1,1,120203,0,0,0,0,0,0,0,0,0,0
2,1,120203,0,0,0,0,0,0,0,0,0,5
3,1,120203,0,0,0,0,0,0,0,0,0,0
4,1,120203,0,0,0,0,0,0,0,0,0,0
5,1,120203,0,0,18,0,2,2,0,6,8,8
6,1,120203,8,0,16,0,0,0,0,0,0,0
1,1,120204,0,0,0,0,0,21,0,0,0,0
1,1,120205,0,0,15,0,0,0,0,0,0,13
1,1,120206,0,0,0,0,0,0,0,0,0,0
0,1,120207,0,0,0,4,0,0,0,0,0,0
1,1,120207,0,0,0,0,0,0,0,0,0,0
1,1,120208,0,0,0,0,0,0,0,0,0,0
2,1,120208,0,0,0,0,0,0,0,0,0,0
1,1,120209,11,11,11,11,11,11,11,11,11,11
2,1,120209,0,15,0,0,0,0,0,0,0,0
0,1,120210,30,19,23,17,14,31,0,0,12,0
1,1,120210,0,0,0,0,0,0,0,0,0,0
1,1,120211,19,19,19,19,19,19,19,19,19,19
2,1,120211,0,0,0,0,0,0,0,0,0,0
3,1,120211,0,0,0,0,0,0,0,0,0,0
4,1,120211,0,0,0,0,0,0,0,0,0,0
5,1,120211,2,0,0,0,0,0,0,0,0,0
6,1,120211,0,0,0,0,0,0,0,0,0,0
1,1,120212,0,0,0,0,0,0,0,0,0,0
2,1,120212,0,0,0,0,0,0,0,0,0,0
0,1,120213,18,18,18,18,18,18,18,18,18,18
0,2,120213,0,11,0,3,31,0,17,0,0,0
1,1,120213,0,0,26,0,10,0,0,0,0,0
1,1,120214,19,19,19,19,19,19,19,19,19,19
2,1,120214,17,0,0,4,0,0,0,14,0,15
1,1,120216,21,21,21,21,21,21,21,21,21,21
1,1,120217,0,0,0,0,0,0,0,0,11,0
0,1,120218,0,0,0,0,26,0,21,0,0,0
1,1,120218,0,0,0,0,0,0,0,0,0,0
1,1,120219,0,0,0,0,0,0,0,0,0,0
1,1,120220,5,5,5,5,5,5,5,5,5,5
1,1,120221,0,0,0,0,0,0,0,0,0,0
1,1,120222,0,0,0,0,0,0,0,0,0,0
2,1,120222,0,0,0,0,0,0,0,0,0,0
1,1,120223,0,0,0,0,0,0,0,0,0,0
1,1,120224,0,0,0,0,0,0,0,0,0,0
2,1,120224,0,0,0,0,0,0,0,0,0,0
1,1,120225,0,0,0,0,0,0,0,0,0,0
2,1,120225,0,0,0,0,0,0,0,0,0,0
3,1,120225,0,0,0,0,0,0,0,0,0,0
1,1,120226,0,0,0,0,0,0,0,0,0,0
1,1,120227,10,10,10,10,10,10,10,10,10,10
1,1,120228,0,12,19,0,0,9,8,3,19,8
1,1,120229,0,0,0,0,0,0,0,0,0,0
2,1,120229,0,0,0,0,0,0,0,0,0,0
3,1,120229,0,0,0,0,0,0,0,0,0,0
4,1,120229,0,0,3,0,0,0,0,0,0,7
0,1,120231,0,0,0,0,0,0,0,0,0,0
1,1,120231,0,0,13,0,0,0,0,0,0,0
2,1,120231,0,0,0,0,0,0,0,0,0,0
3,1,120231,0,0,0,0,0,0,0,0,0,0
4,1,120231,0,0,0,0,0,0,0,0,0,0
1,1,120232,0,0,0,0,0,0,0,0,0,0
2,1,120232,0,0,0,0,0,0,0,0,0,0
1,1,120233,0,0,0,0,0,0,0,0,0,0
2,1,120233,0,0,0,0,0,0,0,0,0,0
1,1,120234,14,14,14,14,14,14,14,14,14,14
2,1,120234,0,3,0,0,0,0,0,0,0,0
1,1,120235,26,26,26,26,26,26,26,26,26,26
2,1,120235,0,0,0,0,0,0,0,0,0,0
1,1,120236,0,0,0,0,0,0,0,0,0,0
2,1,120236,0,0,0,0,0,0,0,0,0,0
0,1,120237,29,29,29,29,29,29,29,29,29,29
1,1,120237,0,0,0,0,13,0,0,0,0,0
1,1,120238,0,0,0,0,0,0,0,0,0,0
2,1,120238,0,0,0,0,0,0,0,0,0,0
3,1,120238,2,6,14,0,35,0,0,37,11,8
1,1,120239,16,16,16,16,16,16,16,16,16,16
1,1,120240,0,0,0,0,0,0,0,0,0,0
2,1,120240,0,0,0,0,0,0,0,0,0,0
1,1,120241,0,0,0,0,0,0,0,0,0,0
1,1,120242,0,0,0,0,0,0,0,0,0,0
1,1,120243,16,16,16,16,16,16,16,16,16,16
2,1,120243,18,18,18,18,18,18,18,18,18,18
1,1,120244,0,0,0,0,0,0,0,0,0,0
0,1,120245,22,22,22,22,22,22,22,22,22,22
1,1,120245,0,0,0,0,0,0,0,0,0,0
0,1,120246,25,25,25,25,25,25,25,25,25,25
1,1,120246,0,10,0,0,0,0,0,0,0,0
1,1,120247,25,25,25,25,25,25,25,25,25,25
1,1,120248,0,0,0,0,0,0,0,0,0,0
1,1,120249,0,8,0,0,0,0,0,0,0,0
1,1,120250,0,0,0,0,0,0,0,0,0,0
1,1,120251,0,4,0,0,0,0,0,0,0,0
1,1,120252,0,0,0,0,0,0,0,0,0,0
1,1,120254,0,0,0,0,0,0,0,0,0,0
2,1,120254,0,0,0,0,0,0,0,0,0,0
0,1,120255,30,30,30,30,30,30,30,30,30,30
1,1,120255,0,0,0,0,0,0,0,0,0,0
1,1,120256,0,0,0,0,0,0,0,0,0,0
2,1,120256,0,0,0,0,0,0,0,0,0,0
1,1,120257,0,0,0,0,0,0,0,0,0,0
2,1,120257,0,0,0,0,0,0,0,0,0,0
1,1,120258,0,0,0,0,0,0,0,0,0,0
2,1,120258,0,0,0,0,0,0,0,0,0,0
0,1,120259,0,0,0,0,0,0,0,0,0,0
1,1,120259,0,0,0,0,0,0,0,0,0,0
1,1,120260,0,0,0,0,0,0,0,0,0,0
2,1,120260,8,0,0,0,20,0,0,0,0,0
1,1,120262,18,18,18,18,18,18,18,18,18,18
0,1,120263,0,0,0,0,0,0,0,0,0,0
0,2,120263,0,0,0,0,0,0,0,0,0,0
0,3,120263,6,0,0,0,11,0,0,0,0,0
1,1,120263,0,0,0,0,0,0,0,0,0,0
0,1,120264,0,0,0,0,0,0,0,0,0,0
1,1,120264,0,0,0,0,0,0,0,0,0,0
1,1,120265,16,16,16,16,16,16,16,16,16,16
1,1,120266,19,19,19,19,19,19,19,19,19,19
1,1,120267,0,0,0,0,0,0,0,0,0,0
2,1,120267,15,0,0,0,0,0,0,0,0,0
1,1,120268,0,0,0,0,0,0,0,0,0,0
2,1,120268,0,0,0,0,0,0,0,0,0,0
1,1,120269,0,0,0,0,0,0,0,0,0,0
1,1,120270,0,11,13,0,0,0,0,0,0,0
1,1,120271,8,8,8,8,8,8,8,8,8,8
1,1,120272,13,13,13,13,13,13,13,13,13,13
1,1,120273,14,0,0,0,21,0,26,0,26,15
1,1,120274,0,0,0,0,0,0,0,0,0,0
2,1,120274,0,0,0,0,0,0,0,0,0,0
1,1,120275,0,0,0,0,0,0,0,0,0,0
0,1,120276,30,30,30,30,30,30,30,30,30,30
1,1,120276,30,30,30,30,30,30,30,30,30,30
2,1,120276,0,0,0,0,0,0,0,0,0,0
3,1,120276,0,0,0,0,0,0,0,0,0,0
1,1,120278,26,0,31,20,24,14,21,16,0,0
1,1,120279,10,10,10,10,10,10,10,10,10,10
1,1,120280,26,26,26,26,26,26,26,26,26,26
1,1,120281,0,0,0,0,0,0,0,0,0,0
1,1,120282,0,0,0,0,0,0,13,0,0,0
1,1,120283,0,0,0,0,0,0,0,0,0,0
2,1,120283,0,0,0,0,0,0,0,0,0,0
0,1,120284,15,15,15,15,15,15,15,15,15,15
1,1,120284,0,0,0,0,0,0,0,0,0,0
1,1,120285,0,0,0,0,0,0,0,0,0,0
2,1,120285,0,0,0,0,0,0,0,0,0,0
1,1,120286,0,0,0,0,0,0,0,0,0,0
1,1,120287,0,0,0,0,0,0,0,0,0,0
1,1,120288,0,0,0,0,0,0,0,0,0,0
2,1,120288,0,0,0,0,0,0,0,0,0,0
1,1,120289,25,25,25,25,25,25,25,25,25,25
1,1,120290,0,0,0,0,0,0,0,0,0,0
2,1,120290,0,0,0,0,0,0,0,0,0,0
0,1,120291,0,0,0,0,0,0,0,0,0,0
0,2,120291,0,0,0,0,0,0,0,0,0,0
1,1,120291,0,0,0,0,0,0,0,0,0,0
1,1,120292,0,0,0,0,0,0,0,20,0,0
2,1,120292,0,0,0,0,0,0,0,0,0,0
0,1,120293,9,26,0,18,29,25,26,27,36,19
1,1,120293,0,0,0,17,0,0,0,0,0,0
1,1,120294,0,0,0,0,0,0,0,0,0,0
2,1,120294,0,0,0,0,0,0,0,0,0,0
0,1,120295,18,18,18,18,18,18,18,18,18,18
1,1,120295,0,0,0,0,0,0,0,3,0,0
2,1,120295,12,0,0,13,11,0,7,10,0,16
1,1,120296,24,24,24,24,24,24,24,24,24,24
2,1,120296,0,0,0,0,0,19,0,0,0,0
1,1,120297,20,20,20,20,20,20,20,20,20,20
2,1,120297,0,0,0,0,0,0,0,0,0,0
0,1,120298,11,11,11,11,11,11,11,11,11,11
1,1,120298,0,0,0,0,0,0,0,0,0,0
1,1,120299,19,19,19,19,19,19,19,19,19,19
2,1,120299,0,0,0,0,0,0,0,0,6,0
1,1,120300,0,0,0,0,0,0,0,0,0,0
2,1,120300,0,0,0,0,0,0,0,0,0,0
1,1,120301,24,24,24,24,24,24,24,24,24,24
1,1,120302,0,0,0,0,0,0,0,0,0,0
2,1,120302,0,0,0,0,0,0,0,0,0,0
1,1,120303,0,0,0,0,0,0,0,0,0,0
2,1,120303,0,0,0,0,0,0,0,0,0,0
1,1,120304,0,4,26,0,0,0,0,0,16,0
2,1,120304,0,0,13,0,15,0,0,0,0,0
1,1,120305,0,0,0,0,0,0,0,0,0,0
1,1,120306,10,10,10,10,10,10,10,10,10,10
1,1,120307,0,0,0,0,0,0,0,0,0,0
2,1,120307,0,0,0,0,0,0,0,0,0,0
1,1,120308,0,0,0,0,0,0,0,0,0,0
1,1,120309,0,0,0,0,0,0,0,0,0,0
2,1,120309,0,0,0,0,0,0,0,0,0,0
1,1,120310,21,21,21,21,21,21,21,21,21,21
2,1,120310,5,0,0,6,0,0,0,0,0,0
1,1,120311,22,22,22,22,22,22,22,22,22,22
1,1,120312,22,22,22,22,22,22,22,22,22,22
1,1,120313,0,0,0,0,0,0,0,0,0,0
2,1,120313,0,8,0,0,0,4,0,0,0,0
3,1,120313,0,0,0,10,0,0,0,0,0,7
1,1,120314,0,0,0,0,0,0,0,0,0,0
2,1,120314,0,0,0,0,0,0,0,0,0,0
1,1,120315,0,0,0,0,0,0,0,0,0,0
2,1,120315,0,0,0,0,0,0,0,0,0,0
1,1,120316,26,26,26,26,26,26,26,26,26,26
1,1,120317,0,0,0,0,0,0,0,0,0,0
2,1,120317,0,0,0,7,0,0,0,0,0,0
1,1,120318,0,0,0,0,0,0,0,0,0,18
1,1,120319,24,24,24,24,24,24,24,24,24,24
2,1,120319,19,19,19,19,19,19,19,19,19,19
1,1,120320,1,1,1,1,1,1,1,1,1,1
1,1,120321,6,6,6,6,6,6,6,6,6,6
2,1,120321,0,0,0,0,0,0,0,0,0,0
1,1,120322,0,0,0,0,0,0,0,0,0,0
2,1,120322,0,0,0,0,0,0,0,0,0,0
1,1,120323,0,0,0,0,0,0,0,18,0,0
1,1,120324,20,20,20,20,20,20,20,20,20,20
2,1,120324,0,0,0,0,0,0,0,0,0,0
1,1,120325,0,0,0,0,0,0,0,0,0,0
2,1,120325,9,0,0,0,0,0,0,0,0,0
1,1,120326,0,0,0,0,0,0,0,0,0,0
2,1,120326,0,0,0,0,0,0,0,0,0,0
3,1,120326,0,0,0,0,0,0,0,0,0,0
1,1,120327,0,0,0,0,0,0,0,0,0,0
2,1,120327,3,0,0,0,0,0,0,0,0,0
3,1,120327,0,0,0,0,0,0,0,0,0,0
4,1,120327,0,0,0,0,0,0,0,8,0,0
0,1,120328,0,0,0,0,0,0,0,0,0,0
0,2,120328,0,0,11,0,0,0,0,0,0,0
1,1,120328,0,0,11,0,0,0,0,0,0,0
1,1,120329,0,0,0,0,0,0,0,0,0,0
1,1,120330,0,0,0,0,0,0,0,0,0,0
0,1,120331,14,17,20,0,0,21,23,18,44,0
1,1,120331,6,0,16,5,0,0,4,16,0,3
1,1,120332,0,0,0,0,0,0,0,0,0,0
1,1,120333,0,0,0,0,0,0,0,0,0,0
2,1,120333,0,0,0,0,0,0,0,0,0,0
3,1,120333,0,0,0,0,0,0,0,0,0,0
1,1,120335,22,22,22,22,22,22,22,22,22,22
1,1,120336,0,0,0,0,0,0,0,0,0,0
0,1,120337,0,0,0,0,0,0,0,0,0,0
1,1,120337,0,0,0,0,0,0,0,0,0,0
1,1,120338,15,15,15,15,15,15,15,15,15,15
1,1,120339,0,0,0,0,0,0,0,0,0,0
2,1,120339,0,0,0,0,0,0,0,0,0,0
1,1,120340,13,13,13,13,13,13,13,13,13,13
2,1,120340,7,7,7,7,7,7,7,7,7,7
1,1,120341,16,0,0,5,6,20,0,0,0,9
1,1,120343,19,19,19,19,19,19,19,19,19,19
2,1,120343,0,0,0,0,0,0,0,0,0,0
1,1,120344,21,21,21,21,21,21,21,21,21,21
2,1,120344,0,0,0,0,0,0,0,0,0,0
1,1,120345,0,0,0,0,0,0,0,0,0,0
2,1,120345,0,0,0,0,0,0,0,0,0,0
3,1,120345,0,0,0,0,0,0,0,0,0,0
1,1,120346,0,0,0,0,0,0,0,0,0,0
2,1,120346,0,0,0,0,0,0,0,0,0,0
3,1,120346,0,0,0,0,0,0,0,0,0,0
1,1,120347,0,0,0,0,11,0,0,0,0,0
1,1,120348,17,17,17,17,17,17,17,17,17,17
1,1,120349,25,25,25,25,25,25,25,25,25,25
1,1,120350,0,0,0,0,0,0,0,0,0,0
2,1,120350,0,0,0,0,0,0,0,0,0,0
1,1,120351,33,33,33,33,33,33,33,33,33,33
0,1,120352,0,0,0,0,0,0,0,0,0,0
1,1,120353,0,0,0,0,0,0,0,0,0,0
1,1,120354,15,15,15,15,15,15,15,15,15,15
1,1,120355,0,0,0,0,0,0,0,0,0,0
1,1,120356,0,0,0,0,0,0,0,0,0,0
1,1,120357,0,0,0,0,0,0,0,0,0,0
1,1,120358,32,32,32,32,32,32,32,32,32,32
2,1,120358,0,0,0,0,16,0,0,0,0,0
1,1,120359,0,0,0,0,0,0,0,0,0,0
1,1,120360,0,0,0,0,0,0,0,0,0,0
1,1,120361,6,0,5,1,17,0,0,0,17,14
1,1,120362,19,19,19,19,19,19,19,19,19,19
1,1,120363,0,0,0,0,0,0,0,0,0,0
2,1,120363,0,0,0,0,0,0,0,0,0,0
1,1,120364,17,17,17,17,17,17,17,17,17,17
1,1,120365,21,21,21,21,21,21,21,21,21,21
2,1,120365,0,0,0,0,0,0,0,0,0,0
0,1,120366,0,0,0,0,0,0,0,0,0,0
1,1,120366,0,0,0,0,0,0,0,0,0,0
0,1,120367,0,0,0,0,13,0,0,0,23,25
1,1,120367,0,0,0,0,0,0,0,0,0,0
2,1,120367,0,0,0,0,0,0,0,0,0,0
0,1,120368,30,30,30,30,30,30,30,30,30,30
1,1,120368,0,0,0,0,0,0,0,0,0,0
1,1,120369,0,0,0,0,0,0,0,18,0,0
2,1,120369,0,0,0,0,0,0,0,0,0,0
1,1,120370,26,26,26,26,26,26,26,26,26,26
1,1,120371,7,7,7,7,7,7,7,7,7,7
1,1,120372,0,0,0,0,0,0,0,0,0,0
2,1,120372,0,0,0,0,0,0,0,0,0,0
1,1,120373,0,0,0,0,0,0,0,0,0,0
2,1,120373,0,0,0,30,0,0,0,0,0,0
1,1,120374,0,0,0,0,0,0,0,0,0,0
0,1,120375,0,0,0,0,0,0,0,0,0,0
1,1,120375,0,0,0,0,0,0,0,0,0,0
1,1,120376,21,21,21,21,21,21,21,21,21,21
1,1,120377,0,0,0,0,0,0,0,0,0,0
2,1,120377,4,4,4,4,4,4,4,4,4,4
3,1,120377,8,0,0,0,0,0,0,0,0,0
1,1,120378,24,24,24,24,24,24,24,24,24,24
2,1,120378,0,0,0,0,0,0,0,0,0,0
1,1,120379,0,0,0,0,0,0,0,0,0,0
1,1,120380,13,13,13,13,13,13,13,13,13,13
1,1,120381,0,0,0,0,0,0,0,0,0,0
2,1,120381,0,13,0,0,0,0,0,0,5,0
1,1,120382,23,23,23,23,23,23,23,23,23,23
2,1,120382,0,0,0,0,0,0,0,0,0,0
1,1,120383,8,8,8,8,8,8,8,8,8,8
1,1,120384,0,0,0,0,0,0,0,0,0,0
2,1,120384,0,0,0,0,0,0,0,0,0,0
1,1,120385,0,0,0,0,0,0,0,0,0,0
2,1,120385,0,0,0,0,0,0,0,0,0,0
1,1,120386,0,0,0,0,0,0,0,0,0,0
1,1,120387,0,0,0,0,0,0,0,0,0,0
1,1,120388,0,0,0,0,0,0,0,0,0,0
1,1,120389,14,14,14,14,14,14,14,14,14,14
1,1,120390,0,0,0,0,0,0,0,0,0,0
1,1,120391,24,24,24,24,24,24,24,24,24,24
1,1,120392,16,16,16,16,16,16,16,16,16,16
2,1,120392,0,0,0,0,0,4,0,0,0,0
1,1,120393,14,14,14,14,14,14,14,14,14,14
1,1,120394,10,10,10,10,10,10,10,10,10,10
0,1,120395,15,15,15,15,15,15,15,15,15,15
1,1,120395,0,12,8,0,30,4,0,9,0,0
0,1,120396,0,0,0,0,0,0,0,0,0,0
1,1,120396,0,0,0,0,0,0,0,0,0,0
2,1,120396,0,0,0,0,0,0,0,0,0,0
1,1,120397,0,0,0,0,0,0,0,0,0,0
2,1,120397,0,6,0,0,0,0,0,0,0,0
1,1,120398,14,14,14,14,14,14,14,14,14,14
2,1,120398,0,0,0,0,3,0,0,0,0,0
0,1,120399,29,29,29,29,29,29,29,29,29,29
1,1,120399,0,0,17,0,0,0,0,0,0,0
1,1,120400,0,0,0,0,0,0,0,0,0,0
2,1,120400,0,0,0,0,0,0,0,0,0,0
3,1,120400,0,0,0,0,0,0,0,0,0,0
4,1,120400,0,0,0,0,0,0,0,0,0,0
5,1,120400,0,0,0,0,0,0,0,0,0,0
6,1,120400,0,0,0,0,0,0,0,0,0,0
7,1,120400,0,0,0,0,0,0,0,0,0,0
8,1,120400,0,0,0,0,0,0,0,0,0,0