VEH_NO,PER_NO,ST_CASE,P1,P2,P3,P4,P5,P6,P7,P8,P9,P10
9,1,120400,0,0,0,0,0,0,0,0,0,0
10,1,120400,0,0,0,0,0,0,0,0,0,0
0,1,120401,0,0,0,0,0,0,18,0,0,0
1,1,120401,0,0,0,0,0,0,0,0,0,0
0,1,120402,23,23,23,23,23,23,23,23,23,23
1,1,120402,0,0,0,0,0,0,0,0,0,0
1,1,120403,20,20,20,20,20,20,20,20,20,20
0,1,120404,0,0,0,0,0,0,0,0,0,0
1,1,120404,0,0,0,0,0,0,0,0,0,0
0,1,120405,4,4,4,4,4,4,4,4,4,4
1,1,120405,6,0,0,0,0,11,0,0,0,0
1,1,120406,18,18,18,18,18,18,18,18,18,18
1,1,120407,0,0,16,0,11,0,0,0,14,0
1,1,120408,0,0,0,0,0,0,0,0,0,0
1,1,120409,0,0,0,0,0,0,0,0,0,0
2,1,120409,0,0,0,0,0,0,0,0,0,0
1,1,120410,0,0,0,0,0,0,0,0,0,0
2,1,120410,0,0,0,0,0,0,0,0,0,0
1,1,120411,18,23,16,0,0,0,27,0,29,6
0,1,120412,10,0,0,0,0,0,0,17,22,22
1,1,120412,0,0,0,11,3,0,0,0,0,0
1,1,120413,14,14,14,14,14,14,14,14,14,14
0,1,120414,0,0,0,0,0,0,0,0,0,0
0,2,120414,0,0,0,0,0,0,0,0,0,0
0,3,120414,0,0,0,0,11,0,0,0,20,0
1,1,120414,0,0,0,0,15,0,0,0,0,0
1,1,120415,0,0,0,0,0,0,0,0,0,0
1,1,120416,0,0,0,0,0,0,0,0,0,0
2,1,120416,0,0,0,0,0,0,9,0,13,0
1,1,120417,17,0,0,0,0,10,0,8,5,0
0,1,120418,22,22,22,22,22,22,22,22,22,22
1,1,120418,0,0,0,0,0,0,0,0,0,0
1,1,120419,0,0,0,0,0,0,0,0,0,0
2,1,120419,0,0,0,0,0,0,11,0,0,0
0,1,120420,19,19,19,19,19,19,19,19,19,19
1,1,120420,13,13,13,13,13,13,13,13,13,13
1,1,120421,0,0,0,0,0,0,0,0,0,0
2,1,120421,0,0,0,0,0,0,0,0,0,0
0,1,120422,0,0,0,0,0,0,0,0,0,0
0,2,120422,0,0,0,0,0,0,0,0,0,0
1,1,120422,16,0,0,0,0,0,0,0,0,0
0,1,120423,20,20,20,20,20,20,20,20,20,20
1,1,120423,16,16,16,16,16,16,16,16,16,16
1,1,120424,0,0,0,0,0,0,0,0,0,0
2,1,120424,0,0,0,0,0,0,0,0,0,0
1,1,120425,12,12,12,12,12,12,12,12,12,12
1,1,120427,0,0,0,0,0,0,0,0,0,0
1,1,120428,0,0,0,0,0,0,0,0,0,0
1,1,120429,0,0,0,0,0,0,0,0,8,0
2,1,120429,16,0,0,0,0,0,0,0,0,12
0,1,120430,0,0,0,0,0,0,0,0,0,0
1,1,120430,15,15,15,15,15,15,15,15,15,15
1,1,120431,0,0,0,0,15,0,0,0,0,0
1,1,120432,0,0,0,0,0,0,0,0,0,0
2,1,120432,0,0,0,0,0,0,0,0,0,0
1,1,120433,0,0,0,0,0,0,0,0,0,0
2,1,120433,0,0,0,0,0,0,0,0,0,0
1,1,120434,0,0,0,0,0,0,0,0,0,0
2,1,120434,0,0,0,0,0,0,0,0,0,0
1,1,120435,0,0,0,0,0,0,0,0,0,0
2,1,120435,16,16,16,16,16,16,16,16,16,16
1,1,120436,26,26,26,26,26,26,26,26,26,26
0,1,120437,0,0,0,0,0,0,0,0,0,0
0,2,120437,0,0,0,0,0,0,0,0,0,0
1,1,120437,0,0,0,0,0,0,0,0,0,0
1,1,120438,0,0,0,0,0,0,0,7,0,0
2,1,120438,0,0,0,0,0,0,0,0,0,3
1,1,120439,0,0,0,0,0,11,0,0,0,9
1,1,120440,0,0,0,12,0,0,0,9,0,0
1,1,120441,10,10,10,10,10,10,10,10,10,10
2,1,120441,0,0,0,0,0,0,0,0,0,0
1,1,120442,0,0,11,15,6,16,0,0,0,0
0,1,120444,0,0,0,17,8,14,29,0,0,24
1,1,120444,18,0,0,0,0,0,0,0,0,0
1,1,120445,0,0,0,0,0,0,0,0,0,0
0,1,120447,50,15,22,13,9,21,31,10,0,22
1,1,120447,7,7,7,7,7,7,7,7,7,7
1,1,120448,0,0,0,0,0,0,0,0,0,0
2,1,120448,0,0,0,0,0,0,0,0,0,0
3,1,120448,0,0,0,0,0,0,0,0,0,0
1,1,120449,0,0,0,0,0,0,0,0,0,0
2,1,120449,0,0,0,0,0,0,0,0,0,0
3,1,120449,0,0,0,0,0,0,0,0,0,0
4,1,120449,0,0,0,0,0,0,0,0,10,0
1,1,120450,0,0,0,0,0,0,0,0,0,0
2,1,120450,0,0,0,0,0,0,0,0,0,0
0,1,120451,0,0,0,0,0,0,0,0,0,0
1,1,120451,0,0,0,0,0,0,0,0,0,0
1,1,120452,0,22,0,0,0,0,0,0,0,0
2,1,120452,0,0,7,0,0,3,0,0,0,0
1,1,120453,0,0,0,0,0,0,0,0,0,0
1,1,120454,0,0,11,0,0,0,8,0,0,0
1,1,120455,0,0,0,0,0,0,0,0,0,0
1,1,120456,31,31,31,31,31,31,31,31,31,31
2,1,120456,0,0,0,0,0,0,0,0,0,0
1,1,120457,0,0,0,0,0,0,0,0,0,0
2,1,120457,0,0,0,0,0,0,0,0,0,0
0,1,120458,0,0,0,0,0,0,0,0,0,0
1,1,120458,0,0,0,0,0,0,0,0,0,0
1,1,120459,0,0,0,0,0,0,0,0,0,0
2,1,120459,0,0,0,0,0,0,0,0,0,0
1,1,120460,0,0,0,0,0,0,0,0,0,0
2,1,120460,0,0,0,0,0,0,0,0,0,0
1,1,120461,0,0,0,0,0,0,0,0,0,0
2,1,120461,18,18,18,18,18,18,18,18,18,18
0,1,120462,0,0,0,0,0,0,0,0,0,0
1,1,120462,0,0,0,0,0,0,0,0,0,0
1,1,120463,0,0,0,0,0,0,0,0,0,0
2,1,120463,0,0,8,0,8,0,0,0,0,0
1,1,120464,0,0,0,0,0,0,0,0,0,0
2,1,120464,0,0,0,0,0,0,0,0,0,0
1,1,120465,0,0,0,0,0,0,0,0,0,0
2,1,120465,0,0,0,0,0,0,0,0,0,0
0,1,120466,0,0,11,30,0,10,0,0,0,0
1,1,120466,0,0,0,0,0,0,0,0,0,0
0,1,120467,0,0,0,0,0,0,0,0,0,0
1,1,120467,0,0,0,0,0,0,0,0,0,0
0,1,120468,24,24,24,24,24,24,24,24,24,24
1,1,120468,0,0,0,0,0,0,0,0,0,0
1,1,120469,7,0,0,0,0,0,0,0,0,0
1,1,120470,0,0,0,0,0,0,0,0,0,0
0,1,120471,32,32,32,32,32,32,32,32,32,32
1,1,120471,0,0,0,0,0,0,0,0,0,0
1,1,120472,0,21,0,0,0,0,20,11,9,0
0,1,120473,27,27,27,27,27,27,27,27,27,27
1,1,120473,0,0,0,0,0,0,0,0,0,0
2,1,120473,0,0,0,0,0,0,0,24,0,0
1,1,120474,0,0,0,0,0,0,0,0,0,0
2,1,120474,0,0,0,0,0,0,0,0,0,0
0,1,120476,6,0,14,0,0,0,0,0,0,23
1,1,120476,15,15,9,0,0,0,0,6,6,19
0,1,120477,10,10,10,10,10,10,10,10,10,10
1,1,120477,0,0,0,0,17,0,0,0,0,0
1,1,120478,3,3,3,3,3,3,3,3,3,3
1,1,120479,0,0,10,16,2,20,15,0,3,6
1,1,120480,21,21,21,21,21,21,21,21,21,21
1,1,120481,17,17,17,17,17,17,17,17,17,17
0,1,120482,0,0,0,0,0,0,0,0,0,0
1,1,120482,12,12,12,12,12,12,12,12,12,12
1,1,120483,0,0,0,0,0,0,0,0,0,0
1,1,120484,0,0,0,0,0,0,0,0,0,0
1,1,120485,10,10,10,10,10,10,10,10,10,10
0,1,120486,0,0,0,0,0,0,0,0,0,0
1,1,120486,0,0,0,0,0,0,0,0,0,0
1,1,120487,0,0,0,0,0,0,0,0,0,0
2,1,120487,0,0,0,0,0,0,0,0,0,0
1,1,120488,16,16,16,16,16,16,16,16,16,16
1,1,120489,16,16,16,16,16,16,16,16,16,16
2,1,120489,0,0,0,0,0,0,0,0,0,0
1,1,120490,0,0,0,0,0,0,0,0,0,0
2,1,120490,0,0,0,0,0,0,0,0,0,0
1,1,120491,0,0,0,0,0,0,0,0,0,0
2,1,120491,0,0,0,0,0,0,0,0,0,0
1,1,120492,0,0,0,0,0,0,0,0,0,0
2,1,120492,0,0,0,0,0,0,0,0,0,0
1,1,120493,0,0,0,0,0,0,0,0,0,0
2,1,120493,0,0,0,0,0,0,0,0,0,0
1,1,120495,25,25,25,25,25,25,25,25,25,25
1,1,120496,0,0,0,0,0,0,0,0,0,0
0,1,120497,39,39,39,39,39,39,39,39,39,39
1,1,120497,0,0,0,2,10,0,0,0,0,0
2,1,120497,0,0,3,0,0,4,0,0,9,0
1,1,120498,28,28,28,28,28,28,28,28,28,28
2,1,120498,0,0,0,0,0,0,0,0,0,0
1,1,120499,17,17,17,17,17,17,17,17,17,17
1,1,120500,0,0,0,0,0,0,0,0,0,0
2,1,120500,0,0,0,0,0,0,0,0,0,0
0,1,120501,8,8,8,8,8,8,8,8,8,8
1,1,120501,0,0,0,0,0,0,0,0,0,0
1,1,120502,0,0,0,0,0,0,0,0,0,0
2,1,120502,0,0,0,0,0,0,0,0,0,0
1,1,120503,0,0,0,0,0,0,0,0,0,0
2,1,120503,0,0,0,0,0,0,0,0,0,0
1,1,120504,8,0,0,0,0,0,0,0,0,0
1,1,120505,0,0,0,0,0,0,0,0,0,0
2,1,120505,6,6,6,6,6,6,6,6,6,6
1,1,120506,0,0,0,0,0,0,0,0,0,0
1,1,120507,0,0,0,0,0,0,0,0,0,0
1,1,120508,14,14,14,14,14,14,14,14,14,14
2,1,120508,0,9,0,0,0,0,0,0,0,0
0,1,120509,14,0,0,0,0,22,5,4,7,0
1,1,120509,0,0,0,0,0,0,0,0,0,0
1,1,120510,0,0,0,0,0,0,0,0,0,0
2,1,120510,0,0,0,0,0,0,0,0,0,0
1,1,120511,8,8,8,8,8,8,8,8,8,8
1,1,120512,2,2,2,2,2,2,2,2,2,2
2,1,120512,0,0,0,0,0,0,0,0,0,0
1,1,120513,10,10,10,10,10,10,10,10,10,10
2,1,120513,0,0,0,0,0,0,0,0,0,0
1,1,120514,6,6,6,6,6,6,6,6,6,6
2,1,120514,0,0,0,0,0,0,0,0,0,0
1,1,120515,0,0,0,0,0,0,0,0,0,0
2,1,120515,0,0,0,0,0,0,0,0,0,0
1,1,120516,16,16,16,16,16,16,16,16,16,16
2,1,120516,0,0,0,0,0,0,0,0,0,0
1,1,120517,0,0,0,0,0,0,0,0,0,0
2,1,120517,0,0,0,0,0,0,2,0,0,0
1,1,120518,0,0,0,0,0,0,0,0,0,0
0,1,120519,0,0,0,0,0,0,0,0,0,0
1,1,120519,0,0,0,0,0,0,0,0,0,0
1,1,120520,0,0,0,0,0,0,0,0,0,0
2,1,120520,0,0,0,0,0,0,0,0,0,0
1,1,120521,33,33,33,33,33,33,33,33,33,33
2,1,120521,0,0,0,0,0,0,0,0,0,0
1,1,120522,31,31,31,31,31,31,31,31,31,31
1,1,120523,0,0,0,0,0,0,0,0,0,0
2,1,120523,0,0,0,0,0,0,0,0,0,0
1,1,120524,19,19,19,19,19,19,19,19,19,19
0,1,120525,0,0,0,0,0,0,0,0,0,0
1,1,120525,0,0,0,0,0,6,0,0,0,0
0,1,120526,0,0,0,0,0,0,0,0,0,0
1,1,120526,0,12,0,0,0,0,0,0,0,11
1,1,120527,19,19,19,19,19,19,19,19,19,19
1,1,120528,17,17,17,17,17,17,17,17,17,17
1,1,120529,22,22,22,22,22,22,22,22,22,22
0,1,120530,29,29,29,29,29,29,29,29,29,29
1,1,120530,0,0,0,0,0,0,0,0,0,0
1,1,120531,14,14,14,14,14,14,14,14,14,14
0,1,120532,0,0,0,0,0,0,0,0,0,0
1,1,120532,13,0,8,13,0,0,0,16,0,15
1,1,120533,0,0,0,0,0,0,0,0,0,0
2,1,120533,0,0,0,0,0,0,0,0,0,0
1,1,120534,13,13,13,13,13,13,13,13,13,13
0,1,120535,0,0,0,0,0,0,0,0,0,0
1,1,120535,28,28,28,28,28,28,28,28,28,28
1,1,120536,34,34,34,34,34,34,34,34,34,34
1,1,120537,0,0,0,0,0,0,0,14,0,13
1,1,120538,0,0,0,0,0,0,0,0,0,0
0,1,120539,0,0,0,0,0,0,0,0,0,0
1,1,120539,0,0,0,0,0,0,0,0,0,0
1,1,120540,19,19,19,19,19,19,19,19,19,19
1,1,120541,0,0,0,2,0,0,0,0,0,4
1,1,120542,19,19,19,19,19,19,19,19,19,19
2,1,120542,0,8,0,0,0,0,0,0,0,0
3,1,120542,0,0,0,0,0,0,0,0,0,0
1,1,120543,0,0,0,0,0,0,0,0,0,0
1,1,120544,23,23,23,23,23,23,23,23,23,23
2,1,120544,0,20,13,0,0,0,19,0,0,0
1,1,120545,0,0,0,0,0,0,0,0,0,0
2,1,120545,0,0,0,0,0,0,0,0,0,0
1,1,120546,14,0,0,0,0,0,2,4,0,0
2,1,120546,0,0,0,0,0,0,0,0,0,0
1,1,120547,0,0,0,0,0,0,0,0,0,0
1,1,120548,0,0,0,0,0,0,0,0,0,0
2,1,120548,0,0,0,0,0,0,0,0,0,0
1,1,120549,0,0,0,0,0,0,0,0,0,0
1,1,120550,0,10,12,0,0,12,0,0,0,0
1,1,120551,0,0,0,0,0,0,0,0,0,0
2,1,120551,0,0,0,0,0,0,0,0,0,0
3,1,120551,0,0,0,0,0,0,0,0,0,0
1,1,120552,0,0,0,0,0,0,0,0,0,0
1,1,120553,0,0,0,0,0,0,0,0,0,0
2,1,120553,0,0,0,0,0,0,0,0,0,0
1,1,120554,0,0,0,0,0,0,0,0,0,0
2,1,120554,0,0,0,0,0,0,0,0,0,0
1,1,120555,0,10,0,0,0,0,0,0,0,0
2,1,120555,0,0,0,0,7,2,0,0,20,0
1,1,120556,0,0,0,0,0,0,0,0,0,0
0,1,120557,8,8,8,8,8,8,8,8,8,8
1,1,120557,0,0,0,0,0,0,0,0,0,0
1,1,120558,25,25,25,25,25,25,25,25,25,25
2,1,120558,0,0,11,15,0,30,17,19,7,0
1,1,120559,0,0,0,0,0,0,0,0,0,0
2,1,120559,0,0,0,0,0,0,0,0,0,0
1,1,120560,14,14,14,14,14,14,14,14,14,14
1,1,120561,0,0,0,0,0,0,0,0,0,0
2,1,120561,0,0,0,0,0,0,0,0,0,0
1,1,120562,15,15,15,15,15,15,15,15,15,15
2,1,120562,2,2,2,2,2,2,2,2,2,2
1,1,120563,0,0,0,0,0,0,0,0,0,0
2,1,120563,0,0,0,0,0,0,0,0,0,0
1,1,120564,0,16,0,0,0,0,0,0,0,0
2,1,120564,0,0,0,0,0,0,0,0,0,0
1,1,120565,0,0,0,0,0,0,0,0,0,0
2,1,120565,0,0,0,0,0,0,0,0,0,0
1,1,120566,0,0,0,12,0,0,15,0,31,0
2,1,120566,4,4,4,4,4,4,4,4,4,4
0,1,120567,0,0,0,0,0,0,0,0,0,0
1,1,120567,0,0,0,0,0,0,0,0,0,0
1,1,120568,19,19,19,19,19,19,19,19,19,19
1,1,120569,16,16,16,16,16,16,16,16,16,16
2,1,120569,0,0,0,0,0,0,0,0,0,0
1,1,120570,0,0,0,0,0,0,0,0,0,0
1,1,120571,0,0,0,0,0,0,0,0,0,0
2,1,120571,0,0,0,0,0,0,0,0,0,0
1,1,120572,0,0,0,0,0,0,0,0,0,0
2,1,120572,0,0,0,0,0,0,0,0,0,0
3,1,120572,0,0,0,0,0,0,0,0,0,0
1,1,120573,17,17,17,17,17,17,17,17,17,17
0,1,120574,0,0,0,0,0,0,0,0,0,0
0,2,120574,0,0,0,0,11,0,5,0,0,0
1,1,120574,0,0,0,0,0,0,0,0,0,0
1,1,120575,0,0,0,0,0,0,0,0,0,0
2,1,120575,0,0,0,0,0,0,0,0,0,0
3,1,120575,0,0,0,0,0,0,0,0,0,0
4,1,120575,0,0,0,0,0,0,0,0,0,0
1,1,120576,6,0,0,0,0,0,0,0,0,0
0,1,120577,23,0,0,0,0,0,0,0,0,0
1,1,120577,0,0,0,0,0,0,0,0,0,0
1,1,120578,23,23,23,23,23,23,23,23,23,23
2,1,120578,0,0,0,0,0,0,0,0,0,0
3,1,120578,0,0,0,0,0,8,0,0,0,0
1,1,120580,0,0,0,0,0,0,0,0,0,0
1,1,120581,24,24,24,24,24,24,24,24,24,24
1,1,120582,18,18,18,18,18,18,18,18,18,18
2,1,120582,0,0,0,0,0,0,0,0,0,0
1,1,120583,0,0,0,0,0,0,0,0,0,0
2,1,120583,0,0,0,0,0,0,0,0,0,0
1,1,120584,0,0,0,0,0,0,0,0,0,0
2,1,120584,0,0,0,0,0,0,0,0,0,0
1,1,120585,0,0,0,0,0,0,0,0,0,0
2,1,120585,0,0,0,0,0,0,0,0,0,0
1,1,120586,0,0,0,0,0,0,0,0,0,0
2,1,120586,0,0,0,0,0,0,0,0,0,0
1,1,120587,0,0,21,0,0,0,20,0,0,0
1,1,120588,0,0,6,0,0,0,14,0,0,0
2,1,120588,0,0,0,5,0,0,0,1,0,0
1,1,120589,6,6,6,6,6,6,6,6,6,6
2,1,120589,0,0,0,0,0,0,0,0,0,0
1,1,120590,28,28,28,28,28,28,28,28,28,28
1,1,120591,22,22,22,22,22,22,22,22,22,22
2,1,120591,0,0,0,0,0,0,0,0,0,0
0,1,120592,0,0,0,0,0,0,0,0,0,0
1,1,120592,0,0,0,0,0,0,0,0,0,0
0,1,120593,16,16,16,16,16,16,16,16,16,16
1,1,120593,8,0,0,0,0,0,0,0,0,0
1,1,120594,11,11,11,11,11,11,11,11,11,11
0,1,120595,21,20,0,0,10,14,0,13,20,0
1,1,120595,11,11,11,11,11,11,11,11,11,11
1,1,120596,15,15,15,15,15,15,15,15,15,15
0,1,120597,18,18,18,18,18,18,18,18,18,18
1,1,120597,0,23,0,0,0,0,7,0,0,4
1,1,120598,14,14,14,14,14,14,14,14,14,14
1,1,120599,0,0,0,0,0,0,0,0,0,0
2,1,120599,0,0,0,0,0,0,0,0,0,0
1,1,120600,0,0,0,0,0,0,0,0,0,0
2,1,120600,0,0,0,0,0,0,0,0,0,0
1,1,120602,13,13,13,13,13,13,13,13,13,13
1,1,120603,27,27,27,27,27,27,27,27,27,27
0,1,120604,17,17,17,17,17,17,17,17,17,17
1,1,120604,11,11,11,11,11,11,11,11,11,11
1,1,120605,0,0,0,0,0,0,0,0,0,0
2,1,120605,0,0,0,0,0,0,0,0,0,0
1,1,120606,0,0,0,0,0,0,0,0,0,0
2,1,120606,0,0,0,0,0,0,0,0,0,0
1,1,120607,0,0,0,0,0,0,0,0,0,0
2,1,120607,0,0,0,0,0,0,0,0,0,0
3,1,120607,0,0,7,0,0,0,0,0,0,0
1,1,120608,0,0,0,0,0,0,0,0,0,0
1,1,120609,0,0,0,0,0,0,0,0,0,0
1,1,120610,0,0,0,0,0,0,0,0,0,0
1,1,120611,0,0,0,6,0,0,0,0,0,0
2,1,120611,0,0,0,0,0,0,0,0,0,0
1,1,120612,15,15,15,15,15,15,15,15,15,15
1,1,120613,0,14,0,0,11,0,0,15,0,0
2,1,120613,0,0,0,0,0,0,0,0,0,0
0,1,120614,0,0,0,0,0,0,26,0,0,0
1,1,120614,0,0,0,0,0,0,0,0,0,0
1,1,120615,0,9,0,0,0,20,0,0,0,19
2,1,120615,0,0,0,0,0,0,0,0,0,0
1,1,120616,10,10,10,10,10,10,10,10,10,10
1,1,120617,0,0,0,0,0,0,14,11,0,0
2,1,120617,0,0,0,0,0,0,0,0,0,0
1,1,120618,0,0,0,0,0,0,0,0,0,0
2,1,120618,0,0,0,0,0,0,0,0,0,0
1,1,120619,0,0,0,0,0,0,0,0,0,0
2,1,120619,0,0,0,0,0,0,0,0,0,0
1,1,120620,0,0,0,0,0,0,0,0,0,0
2,1,120620,2,0,0,18,0,0,0,0,0,0
1,1,120621,0,0,0,0,0,0,0,0,0,0
2,1,120621,0,0,0,0,0,0,0,0,0,0
1,1,120622,0,8,0,2,0,16,0,12,0,19
1,1,120623,0,0,0,0,0,0,0,0,0,0
1,1,120624,0,0,0,0,0,0,0,0,0,0
2,1,120624,0,0,0,0,0,0,0,0,0,0
1,1,120625,26,26,26,26,26,26,26,26,26,26
1,1,120626,0,0,0,0,0,0,0,0,0,0
2,1,120626,0,0,0,0,0,0,0,0,0,0
1,1,120627,22,22,22,22,22,22,22,22,22,22
2,1,120627,0,10,0,0,0,0,0,0,0,0
0,1,120628,0,0,0,0,6,0,0,0,0,0
1,1,120628,0,0,0,0,0,0,0,0,0,0
0,1,120629,0,0,0,0,0,0,0,0,0,0
1,1,120629,0,0,0,0,0,0,0,0,0,0
1,1,120630,0,0,0,0,0,0,0,0,0,0
0,1,120631,0,0,0,0,20,0,0,0,0,19
1,1,120631,0,0,0,0,0,0,0,0,0,0
1,1,120632,0,0,0,0,0,0,0,0,0,10
0,1,120633,26,26,26,26,26,26,26,26,26,26
1,1,120633,0,0,0,5,0,0,0,0,0,0
0,1,120634,27,27,27,27,27,27,27,27,27,27
1,1,120634,0,7,0,0,24,17,0,0,0,3
1,1,120635,0,0,0,0,0,0,0,0,0,0
2,1,120635,0,0,0,0,0,0,0,0,0,0
0,1,120636,0,0,0,0,0,0,0,0,0,0
1,1,120636,0,0,0,0,0,0,0,0,0,0
0,1,120637,16,16,16,16,16,16,16,16,16,16
1,1,120637,0,0,0,0,0,0,0,0,0,0
0,1,120638,0,0,0,0,0,0,0,0,0,0
1,1,120638,0,0,0,0,0,0,0,0,0,0
1,1,120639,0,0,0,0,0,0,0,0,0,0
2,1,120639,0,0,0,0,0,0,0,0,0,0
3,1,120639,0,0,0,0,0,0,0,0,0,0
0,1,120640,0,0,0,0,0,0,3,0,0,0
0,2,120640,13,0,0,0,0,0,0,0,0,0
1,1,120640,0,10,0,0,0,6,0,0,0,0
0,1,120641,0,0,0,0,0,0,0,0,0,0
1,1,120641,0,0,0,0,0,0,0,0,0,0
1,1,120642,0,0,0,0,0,0,0,0,0,0
2,1,120642,0,0,0,0,0,0,0,18,0,0
1,1,120643,0,0,0,0,0,0,0,0,0,0
2,1,120643,0,0,0,0,0,0,0,0,0,0
1,1,120644,0,0,0,0,0,0,0,0,0,0
2,1,120644,12,12,12,12,12,12,12,12,12,12
1,1,120645,2,2,2,2,2,2,2,2,2,2
2,1,120645,0,0,0,0,0,0,0,0,0,0
1,1,120646,0,0,0,0,0,0,0,0,0,0
2,1,120646,0,0,0,0,0,0,0,0,0,0
1,1,120647,0,0,11,0,0,0,0,0,0,0
2,1,120647,0,3,0,0,0,0,0,0,0,0
1,1,120648,18,18,0,0,0,0,11,0,0,0
1,1,120649,10,10,10,10,10,10,10,10,10,10
0,1,120650,35,35,35,35,35,35,35,35,35,35
1,1,120650,0,0,0,0,0,0,0,0,0,0
0,1,120651,0,23,0,32,17,30,20,0,0,13
1,1,120651,0,0,0,0,0,0,0,0,0,0
1,1,120652,0,0,0,0,0,0,0,0,0,0
2,1,120652,0,0,0,0,0,11,0,0,0,0
1,1,120653,0,0,0,0,0,0,0,0,0,0
2,1,120653,3,3,3,3,3,3,3,3,3,3
3,1,120653,37,37,37,37,37,37,37,37,37,37
1,1,120654,24,24,24,24,24,24,24,24,24,24
1,1,120655,0,0,0,0,0,0,0,0,0,0
2,1,120655,0,0,13,0,0,0,0,0,0,0
1,1,120656,23,23,23,23,23,23,23,23,23,23
2,1,120656,0,8,0,0,0,0,0,0,0,0
1,1,120657,0,0,0,0,0,0,0,0,0,0
2,1,120657,0,0,0,0,0,0,0,0,0,0
0,1,120658,13,13,13,13,13,13,13,13,13,13
1,1,120658,0,0,0,0,0,0,0,0,0,0
0,1,120659,0,0,0,0,0,0,0,0,0,0
1,1,120659,0,0,0,0,14,0,0,0,0,13
0,1,120660,34,34,34,34,34,34,34,34,34,34
1,1,120660,0,0,0,0,2,0,0,0,0,0
0,1,120661,14,14,14,14,14,14,14,14,14,14
1,1,120661,0,0,0,0,0,8,0,14,0,0
1,1,120662,8,0,0,0,0,0,0,0,0,0
1,1,120664,11,11,11,11,11,11,11,11,11,11
1,1,120665,0,0,0,0,0,0,0,0,0,0
1,1,120666,0,0,0,0,15,0,15,0,12,0
2,1,120666,0,0,0,0,0,0,0,0,0,0
0,1,120667,0,0,0,0,0,0,0,0,0,0
1,1,120667,0,0,0,0,0,0,0,0,0,0
1,1,120668,0,0,0,0,0,0,0,0,0,0
1,1,120669,0,0,0,0,0,0,0,0,0,0
1,1,120670,25,25,25,25,25,25,25,25,25,25
1,1,120671,0,0,0,0,0,0,0,0,0,0
2,1,120671,0,0,0,0,0,0,0,0,0,0
1,1,120672,24,24,24,24,24,24,24,24,24,24
0,1,120673,0,0,0,0,0,0,0,0,0,0
0,2,120673,0,0,0,0,0,0,0,0,0,0
1,1,120673,0,0,0,0,0,0,0,0,0,0
2,1,120673,0,0,0,0,0,0,0,0,0,0
1,1,120674,0,0,0,0,0,0,0,0,0,0
1,1,120675,21,21,21,21,21,21,21,21,21,21
2,1,120675,13,13,13,13,13,13,13,13,13,13
0,1,120676,0,0,0,0,0,0,0,0,0,0
1,1,120676,0,0,0,0,0,7,0,0,0,0
1,1,120677,19,19,19,19,19,19,19,19,19,19
0,1,120678,38,38,38,38,38,38,38,38,38,38
1,1,120678,0,0,0,0,0,0,0,0,0,0
1,1,120679,0,0,0,0,0,0,0,0,0,0
2,1,120679,0,0,0,0,0,0,0,0,0,0
1,1,120681,0,0,0,0,0,0,0,0,0,0
2,1,120681,0,0,0,0,0,0,0,0,0,0
1,1,120682,0,0,0,0,0,0,0,0,0,0
1,1,120683,0,0,0,0,0,0,0,0,0,0
1,1,120684,0,0,0,0,0,0,0,0,0,0
1,1,120685,12,0,28,15,15,18,17,13,0,11
2,1,120685,0,0,0,17,4,0,0,0,0,0
1,1,120686,25,25,25,25,25,25,25,25,25,25
1,1,120687,19,19,19,19,19,19,19,19,19,19
2,1,120687,0,0,5,0,0,5,0,27,0,0
1,1,120688,0,0,0,0,0,0,0,0,0,0
1,1,120689,0,0,0,0,0,0,0,0,0,0
2,1,120689,0,0,0,0,0,0,0,0,0,0
1,1,120690,24,24,24,24,24,24,24,24,24,24
1,1,120691,0,0,0,0,0,0,0,0,0,0
2,1,120691,0,0,0,0,0,0,0,11,0,0
1,1,120692,0,0,0,0,0,0,0,0,0,0
2,1,120692,15,15,15,15,15,15,15,15,15,15
1,1,120693,0,0,0,0,0,0,0,0,0,0
2,1,120693,0,0,0,0,0,0,0,0,0,0
0,1,120694,0,0,0,0,0,0,0,0,0,0
1,1,120694,0,0,0,0,0,0,0,0,0,0
1,1,120695,17,17,17,19,29,12,15,8,0,0
2,1,120695,0,0,0,0,0,0,8,0,0,0
1,1,120696,0,0,0,0,0,0,0,0,0,0
0,1,120697,0,0,0,0,0,0,0,0,0,0
1,1,120697,0,0,0,0,0,0,0,0,0,0
1,1,120698,4,0,0,0,0,9,0,0,0,0
2,1,120698,0,0,0,0,0,0,0,0,0,0
1,1,120699,0,0,0,0,0,0,0,0,0,0
1,1,120700,22,22,22,22,22,22,22,22,22,22
1,1,120701,15,15,15,15,15,15,15,15,15,15
1,1,120702,0,0,17,0,0,20,0,0,0,0
1,1,120703,8,8,8,8,8,8,8,8,8,8
2,1,120703,16,16,16,16,16,16,16,16,16,16
1,1,120704,0,0,0,0,0,0,0,0,0,0
0,1,120705,0,0,0,0,0,0,0,0,0,0
1,1,120705,0,0,0,0,0,0,0,0,0,0