VEH_NO,PER_NO,ST_CASE,P1,P2,P3,P4,P5,P6,P7,P8,P9,P10
2,1,121011,0,0,0,0,0,0,0,0,0,8
1,1,121012,0,0,0,0,0,0,0,0,0,0
2,1,121012,0,0,0,0,0,0,0,0,0,0
1,1,121013,0,0,0,0,0,0,0,0,0,0
2,1,121013,0,0,0,0,0,0,0,0,0,0
0,1,121014,0,0,0,0,10,0,0,23,20,0
1,1,121014,0,5,0,0,17,0,0,0,0,0
1,1,121015,0,0,0,0,0,0,0,0,0,0
2,1,121015,0,0,0,0,0,0,0,0,0,0
0,1,121016,0,0,0,0,0,0,0,0,0,0
1,1,121016,0,0,0,0,0,0,0,0,0,0
1,1,121018,0,7,0,12,0,0,0,0,10,0
2,1,121018,4,4,4,4,4,4,4,4,4,4
1,1,121019,0,0,0,0,0,0,0,0,0,0
0,1,121020,0,0,0,0,0,0,0,0,0,0
1,1,121020,0,29,23,6,0,0,4,8,0,0
1,1,121021,0,0,0,0,0,0,0,0,0,0
2,1,121021,0,0,0,0,0,0,0,0,0,0
3,1,121021,0,0,0,0,0,0,0,0,0,0
1,1,121022,0,0,0,0,0,16,0,0,0,0
1,1,121023,0,0,0,0,0,0,0,0,0,0
2,1,121023,0,0,0,0,0,15,0,11,0,0
3,1,121023,0,0,0,7,0,0,0,0,0,0
1,1,121024,0,0,0,0,0,0,0,0,0,0
1,1,121025,0,0,13,0,0,0,0,0,0,0
2,1,121025,0,0,0,0,0,0,0,0,0,0
0,1,121026,0,0,0,0,0,0,0,0,0,0
0,2,121026,0,0,0,0,0,0,0,0,0,0
1,1,121026,0,0,0,0,0,0,0,6,0,0
2,1,121026,0,0,0,0,0,0,0,0,0,0
0,1,121027,0,0,0,0,0,0,0,0,0,0
1,1,121027,0,0,0,0,0,0,0,0,0,0
1,1,121028,22,22,22,22,22,22,22,22,22,22
0,1,121029,25,25,25,25,25,25,25,25,25,25
1,1,121029,0,0,0,0,0,0,8,0,0,6
2,1,121029,12,0,0,0,0,0,0,0,0,0
3,1,121029,0,0,0,0,0,0,0,0,0,0
1,1,121030,18,18,18,18,18,18,18,18,18,18
1,1,121031,0,17,0,6,19,22,6,8,17,14
2,1,121031,9,0,0,0,0,0,0,0,0,0
3,1,121031,0,0,0,0,0,0,0,0,0,0
4,1,121031,0,0,0,0,0,0,0,0,0,25
1,1,121032,0,0,0,0,0,0,0,0,0,0
2,1,121032,0,0,0,0,0,0,0,0,0,0
0,1,121033,25,0,0,18,27,14,16,0,22,0
1,1,121033,0,0,0,0,5,0,0,0,0,0
1,1,121034,0,0,0,0,0,0,0,0,0,0
2,1,121034,0,0,0,0,0,0,0,0,0,0
1,1,121035,0,0,0,0,0,0,0,0,0,0
1,1,121036,0,0,0,0,0,0,0,0,0,0
1,1,121037,31,11,0,0,9,9,13,17,7,0
2,1,121037,0,0,0,0,0,0,0,0,0,0
0,1,121038,23,23,23,23,23,23,23,23,23,23
1,1,121038,0,0,0,0,0,0,0,0,0,0
1,1,121039,0,0,0,0,0,0,0,0,0,0
2,1,121039,0,0,0,0,0,0,0,0,0,0
1,1,121040,14,14,14,14,14,14,14,14,14,14
2,1,121040,0,0,0,0,0,0,0,0,0,0
0,1,121041,16,16,16,16,16,16,16,16,16,16
0,2,121041,0,0,0,0,20,0,0,0,0,0
1,1,121041,0,0,26,0,0,0,0,0,0,0
2,1,121041,0,0,0,0,0,0,0,0,0,0
1,1,121043,0,0,0,0,0,0,0,0,0,0
1,1,121044,0,17,8,0,0,0,0,0,0,5
0,1,121045,0,0,0,0,0,0,0,0,0,0
1,1,121045,0,0,0,0,0,0,0,0,0,0
1,1,121046,0,0,0,0,0,0,0,0,0,0
1,1,121047,0,0,0,0,0,0,0,0,0,0
2,1,121047,0,0,0,0,0,0,0,0,0,0
1,1,121048,22,22,22,22,22,22,22,22,22,22
2,1,121048,0,0,0,0,0,0,0,0,0,0
0,1,121049,28,28,28,28,28,28,28,28,28,28
1,1,121049,0,0,0,0,0,0,8,5,0,0
0,1,121050,29,29,29,29,29,29,29,29,29,29
1,1,121050,0,0,0,0,0,0,0,0,0,0
2,1,121050,21,0,0,5,0,2,0,0,0,0
3,1,121050,0,0,0,0,0,0,0,0,0,0
1,1,121051,13,13,13,13,13,13,13,13,13,13
1,1,121052,8,8,8,8,8,8,8,8,8,8
0,1,121053,0,0,0,0,0,0,0,0,0,0
1,1,121053,2,2,2,2,2,2,2,2,2,2
1,1,121054,19,19,19,19,19,19,19,19,19,19
1,1,121055,0,0,0,0,0,0,0,0,0,0
2,1,121055,0,0,0,0,0,0,0,0,0,0
1,1,121056,0,0,0,0,0,0,0,0,0,0
2,1,121056,0,0,0,0,0,0,0,0,0,0
1,1,121057,0,0,0,0,0,0,0,0,0,0
2,1,121057,0,0,0,0,0,0,0,0,0,0
1,1,121058,7,0,0,0,0,0,0,0,0,0
0,1,121059,0,0,0,0,0,0,0,0,0,0
1,1,121059,0,0,0,0,0,0,0,0,0,0
1,1,121060,0,0,0,0,0,0,0,0,0,0
1,1,121061,0,0,0,0,0,0,0,0,0,0
1,1,121062,0,23,0,0,0,8,22,25,0,0
1,1,121063,8,8,8,8,8,8,8,8,8,8
1,1,121064,17,17,17,17,17,17,17,17,17,17
1,1,121065,12,12,12,12,12,12,12,12,12,12
1,1,121066,19,19,19,19,19,19,19,19,19,19
1,1,121067,14,14,14,14,14,14,14,14,14,14
2,1,121067,0,0,0,0,0,0,0,0,0,0
1,1,121068,0,0,0,0,0,0,0,0,0,0
1,1,121069,10,0,0,0,0,0,0,0,0,0
0,1,121070,31,31,31,31,31,31,31,31,31,31
1,1,121070,0,0,0,0,6,0,0,0,0,0
0,1,121071,0,0,0,0,0,0,0,0,0,0
1,1,121071,0,0,0,0,0,0,0,10,0,5
0,1,121072,0,0,0,0,0,0,0,0,0,0
1,1,121072,0,0,0,0,0,0,0,0,0,0
1,1,121073,0,0,0,0,0,0,0,0,0,0
2,1,121073,0,0,0,0,0,0,0,0,0,0
3,1,121073,0,0,0,0,0,0,0,0,0,0
1,1,121074,0,0,0,0,0,0,0,0,0,0
2,1,121074,0,0,0,0,0,0,0,0,0,0
1,1,121075,16,0,0,0,0,0,0,0,0,0
1,1,121076,0,0,0,0,0,0,0,0,0,0
2,1,121076,0,0,0,0,0,0,0,0,0,0
1,1,121077,0,0,0,0,0,0,0,0,0,0
2,1,121077,0,0,0,0,0,0,0,0,0,0
1,1,121078,26,26,26,26,26,26,26,26,26,26
2,1,121078,0,0,0,0,0,0,0,0,0,0
1,1,121079,0,0,0,0,0,0,0,0,0,0
2,1,121079,16,16,16,16,16,16,16,16,16,16
1,1,121080,0,0,0,0,0,0,0,0,0,0
1,1,121081,0,0,0,0,0,0,0,0,0,0
0,1,121082,0,0,0,0,0,0,0,0,0,0
1,1,121082,0,0,0,0,0,0,0,0,0,0
1,1,121083,0,0,0,0,0,0,0,0,0,0
2,1,121083,0,0,0,0,0,0,0,0,0,0
1,1,121084,0,0,0,0,0,0,0,0,10,13
1,1,121085,11,11,11,11,11,11,11,11,11,11
0,1,121086,32,32,32,32,32,32,32,32,32,32
1,1,121086,0,0,0,0,0,0,0,0,0,0
1,1,121087,0,0,0,0,0,0,0,0,0,0
1,1,121088,0,0,0,0,0,0,0,0,0,0
2,1,121088,0,0,0,0,0,0,0,0,0,0
1,1,121089,4,17,0,14,0,0,6,10,9,0
1,1,121090,0,0,0,0,0,0,0,0,0,0
2,1,121090,0,0,0,0,0,0,0,0,0,0
1,1,121091,10,10,10,10,10,10,10,10,10,10
2,1,121091,0,0,0,0,29,0,0,0,0,0
1,1,121092,20,20,20,20,20,20,20,20,20,20
1,1,121093,0,0,0,0,0,6,0,15,0,0
2,1,121093,0,0,0,0,0,0,0,0,0,0
1,1,121094,0,0,0,0,0,0,0,0,0,0
2,1,121094,0,0,0,0,0,0,0,0,0,0
3,1,121094,0,0,0,0,0,0,0,0,0,0
4,1,121094,0,0,0,0,0,0,0,0,0,0
1,1,121095,0,0,0,0,0,0,0,0,0,0
2,1,121095,0,0,0,0,0,0,0,0,0,0
0,1,121096,0,0,0,0,0,0,0,0,0,0
1,1,121096,0,0,0,0,0,0,0,0,0,0
1,1,121097,42,42,42,42,42,42,42,42,42,42
1,1,121098,0,0,0,0,0,0,0,0,0,0
2,1,121098,0,0,0,0,0,0,0,0,0,0
1,1,121099,3,3,3,3,3,3,3,3,3,3
0,1,121100,0,0,0,0,0,0,0,0,0,0
1,1,121100,0,0,0,0,0,0,0,0,0,0
1,1,121101,17,17,17,17,17,17,17,17,17,17
2,1,121101,0,0,0,0,0,0,0,0,0,0
1,1,121102,0,0,0,0,15,0,0,0,0,0
2,1,121102,0,0,0,0,0,0,0,0,0,0
1,1,121103,0,0,0,0,0,0,0,0,0,0
0,1,121104,0,19,0,0,0,0,0,0,0,0
1,1,121104,0,0,0,0,0,0,0,0,0,0
0,1,121105,0,0,11,19,0,0,9,0,0,25
1,1,121105,17,0,0,0,0,0,0,0,0,0
0,1,121106,15,0,0,17,0,0,0,0,8,0
1,1,121106,0,0,0,0,14,0,0,0,0,0
1,1,121107,0,0,0,0,0,0,0,0,0,0
2,1,121107,0,0,0,0,0,0,0,0,0,0
1,1,121108,0,0,0,0,0,0,0,0,0,0
2,1,121108,0,0,0,0,0,0,0,0,0,0
0,1,121109,23,23,23,23,23,23,23,23,23,23
1,1,121109,0,0,0,0,0,0,0,0,3,0
1,1,121110,0,0,0,0,0,0,0,0,0,0
2,1,121110,0,0,0,0,0,0,0,0,0,0
1,1,121111,0,0,0,0,0,0,0,0,0,0
2,1,121111,0,0,0,0,0,0,0,0,0,0
1,1,121112,0,0,0,0,0,0,0,0,0,0
1,1,121113,0,0,0,0,0,0,0,0,0,0
2,1,121113,10,0,0,0,0,0,0,0,0,0
1,1,121114,21,21,21,21,21,21,21,21,21,21
1,1,121115,16,16,16,16,16,16,16,16,16,16
1,1,121116,21,21,21,21,21,21,21,21,21,21
1,1,121117,20,0,0,0,0,12,0,0,0,0
1,1,121118,0,0,0,0,0,0,0,0,0,0
2,1,121118,0,0,0,0,0,0,0,0,0,0
3,1,121118,0,0,0,0,0,0,0,0,0,0
1,1,121119,0,0,0,7,0,0,0,0,0,0
2,1,121119,0,0,0,0,0,0,0,0,0,0
1,1,121120,0,0,0,0,0,0,0,0,0,0
2,1,121120,0,0,0,0,0,0,0,0,0,0
1,1,121121,0,0,0,0,0,0,0,0,0,0
2,1,121121,8,0,4,0,0,0,0,0,0,0
3,1,121121,0,0,0,0,0,0,0,0,0,0
1,1,121122,0,0,0,0,0,0,17,0,4,0
2,1,121122,0,0,0,0,0,0,0,0,0,0
1,1,121123,0,0,0,0,0,0,0,0,0,0
2,1,121123,0,0,0,0,0,27,0,0,0,0
1,1,121124,22,22,22,22,22,22,22,22,22,22
1,1,121125,0,0,0,0,0,0,0,0,0,0
2,1,121125,0,0,0,0,0,0,0,0,0,0
1,1,121126,7,7,7,7,7,7,7,7,7,7
2,1,121126,0,0,0,0,0,0,0,0,0,0
3,1,121126,0,0,0,0,0,0,0,0,0,0
1,1,121127,0,0,0,0,0,0,0,0,0,0
2,1,121127,0,0,0,0,0,0,0,0,0,0
3,1,121127,0,0,0,0,0,0,0,0,0,0
1,1,121128,0,0,0,0,0,0,0,0,0,0
1,1,121129,0,0,0,0,0,0,0,0,0,0
2,1,121129,0,0,0,0,0,0,0,0,0,0
3,1,121129,0,0,0,0,0,0,0,0,0,0
4,1,121129,0,0,0,0,0,0,0,0,0,0
1,1,121130,18,0,0,0,0,0,21,0,24,0
2,1,121130,0,0,0,0,0,0,0,0,0,0
1,1,121131,25,25,25,25,25,25,25,25,25,25
0,1,121132,0,0,0,0,0,0,0,0,0,0
1,1,121132,0,0,0,0,0,0,0,8,0,0
0,1,121133,0,0,0,0,0,0,0,0,0,0
1,1,121133,29,29,29,29,29,29,29,29,29,29
1,1,121134,12,12,12,12,12,12,12,12,12,12
0,1,121135,0,0,0,0,0,0,0,0,0,0
1,1,121135,0,0,0,0,0,0,0,0,0,0
1,1,121136,2,2,2,2,2,2,2,2,2,2
0,1,121137,11,0,0,0,0,0,0,0,0,0
1,1,121137,0,0,0,15,0,10,6,0,0,1
2,1,121137,9,0,0,10,0,0,4,9,0,0
1,1,121138,35,35,35,35,35,35,35,35,35,35
1,1,121139,15,15,15,15,15,15,15,15,15,15
0,1,121140,0,0,0,0,0,0,0,0,0,0
1,1,121140,0,0,0,0,13,0,0,0,10,0
1,1,121141,16,16,16,16,16,16,16,16,16,16
0,1,121143,0,0,0,0,0,0,0,0,0,0
1,1,121143,0,0,0,0,0,0,0,0,0,0
0,1,121144,0,0,0,0,0,0,0,0,0,0
1,1,121144,0,0,0,0,0,0,0,0,0,0
1,1,121145,0,0,0,0,0,0,0,0,0,0
1,1,121146,0,0,0,0,0,0,0,0,0,0
2,1,121146,0,0,0,0,0,0,0,0,0,0
1,1,121147,0,0,0,0,0,0,0,0,0,0
2,1,121147,0,0,0,0,0,0,0,0,0,0
1,1,121148,0,0,0,0,0,0,0,0,0,0
2,1,121148,0,0,22,0,0,0,13,0,0,0
1,1,121149,0,0,0,0,0,0,0,0,0,0
2,1,121149,0,0,0,0,0,0,0,0,0,0
3,1,121149,0,0,0,0,0,0,0,0,0,0
0,1,121150,0,0,0,0,0,0,0,0,0,0
1,1,121150,0,0,0,0,0,0,0,0,0,0
1,1,121151,17,17,17,17,17,17,17,17,17,17
1,1,121152,0,0,0,0,0,0,0,0,0,0
0,1,121153,35,41,26,23,0,24,17,28,21,9
1,1,121153,0,0,0,0,0,0,0,0,0,0
1,1,121154,6,6,6,6,6,6,6,6,6,6
2,1,121154,0,0,0,0,0,0,0,0,0,0
1,1,121155,0,0,0,0,0,0,0,0,0,0
2,1,121155,0,0,0,0,0,0,0,0,0,0
3,1,121155,0,0,0,0,0,0,0,0,0,0
1,1,121156,8,8,8,8,8,8,8,8,8,8
1,1,121157,0,0,0,0,0,0,0,0,0,0
2,1,121157,0,0,0,3,0,0,0,0,0,0
1,1,121158,0,0,0,0,0,0,0,0,0,0
2,1,121158,0,0,0,0,0,0,0,0,0,0
0,1,121159,15,0,0,0,10,0,11,0,18,0
1,1,121159,0,0,0,0,0,0,0,0,0,0
1,1,121160,13,0,0,0,7,0,12,0,0,0
1,1,121161,0,0,0,0,0,0,0,0,0,0
2,1,121161,0,0,0,0,0,0,0,0,0,0
3,1,121161,0,10,0,0,0,0,0,0,0,0
4,1,121161,0,0,0,0,0,0,0,0,0,0
5,1,121161,0,0,0,0,20,0,0,0,0,0
1,1,121162,0,0,0,0,0,0,0,0,0,0
2,1,121162,0,0,0,0,0,0,0,0,0,0
1,1,121163,0,0,0,0,0,0,0,0,0,0
1,1,121164,21,21,21,21,21,21,21,21,21,21
0,1,121165,0,0,0,0,0,0,0,0,0,0
1,1,121165,0,0,0,0,0,11,0,12,0,0
1,1,121166,20,20,20,20,20,20,20,20,20,20
1,1,121167,29,29,29,29,29,29,29,29,29,29
1,1,121168,24,24,24,24,24,24,24,24,24,24
1,1,121169,0,0,0,0,0,0,0,0,0,0
1,1,121171,0,0,0,0,0,0,0,0,0,0
1,1,121172,24,24,24,24,24,24,24,24,24,24
1,1,121173,0,0,0,0,0,0,0,0,0,0
1,1,121174,0,0,0,0,0,0,0,0,0,0
2,1,121174,0,0,0,0,0,0,0,0,0,0
1,1,121175,23,23,23,23,23,23,23,23,23,23
2,1,121175,0,0,0,0,0,0,0,0,0,0
3,1,121175,0,0,0,0,0,0,0,0,0,0
0,1,121176,7,7,7,7,7,7,7,7,7,7
1,1,121176,0,0,0,19,0,0,4,0,0,3
1,1,121177,0,7,11,0,9,0,6,0,0,0
1,1,121178,0,0,0,0,0,0,0,0,0,0
1,1,121179,23,23,23,23,23,23,23,23,23,23
2,1,121179,0,0,0,0,0,0,0,0,0,0
1,1,121180,6,6,6,6,6,6,6,6,6,6
1,1,121181,0,0,0,0,0,0,0,0,0,0
2,1,121181,0,0,0,0,0,0,0,0,0,0
0,1,121182,0,0,0,0,0,0,0,0,0,0
1,1,121182,0,0,0,0,0,0,0,0,0,0
0,1,121183,0,0,0,0,0,0,0,0,0,0
1,1,121183,0,0,0,0,17,0,0,0,11,0
1,1,121184,12,12,12,12,12,12,12,12,12,12
1,1,121185,3,3,3,3,3,3,3,3,3,3
2,1,121185,0,0,0,0,0,0,0,0,0,0
0,1,121186,0,4,21,0,6,28,13,12,19,0
1,1,121186,0,13,0,5,0,0,0,0,0,0
1,1,121187,29,29,29,29,29,29,29,29,29,29
2,1,121187,0,0,0,0,0,0,0,0,0,0
1,1,121188,32,19,0,20,14,0,0,16,15,17
1,1,121189,0,0,0,0,21,0,0,0,0,0
2,1,121189,0,0,0,0,0,0,0,0,0,0
0,1,121190,0,19,18,17,15,40,0,8,9,14
1,1,121190,0,0,0,22,0,0,16,0,0,0
1,1,121191,0,0,0,0,0,0,0,23,25,0
1,1,121192,27,27,27,27,27,27,27,27,27,27
0,1,121193,0,0,0,16,16,0,0,0,0,0
1,1,121193,0,0,0,0,0,0,0,0,0,0
1,1,121194,31,31,31,31,31,31,31,31,31,31
1,1,121195,0,0,0,0,0,0,0,0,0,0
2,1,121195,16,16,16,16,16,16,16,16,16,16
1,1,121197,13,0,20,15,0,12,0,13,0,19
1,1,121198,0,0,0,0,4,0,0,0,23,10
2,1,121198,0,0,0,0,0,0,0,0,0,0
0,1,121199,0,0,0,0,0,0,0,17,0,0
1,1,121199,0,0,0,0,0,0,0,0,0,0
1,1,121200,14,14,14,14,14,14,14,14,14,14
1,1,121201,0,0,0,0,0,0,0,0,0,0
1,1,121202,0,0,0,0,0,0,0,0,0,0
2,1,121202,0,0,0,0,0,0,0,0,0,0
0,1,121203,28,28,28,28,28,28,28,28,28,28
1,1,121203,0,0,0,0,0,0,0,0,0,0
1,1,121204,9,9,9,9,9,9,9,9,9,9
1,1,121205,0,0,0,0,0,0,0,0,0,0
2,1,121205,0,0,0,0,0,0,0,0,0,0
3,1,121205,0,2,0,0,0,0,0,0,0,0
4,1,121205,0,0,0,0,0,0,0,0,0,0
1,1,121206,0,0,0,0,0,0,0,0,0,0
2,1,121206,0,0,0,0,0,0,0,0,0,0
1,1,121207,0,0,0,0,0,0,0,0,0,0
0,1,121208,33,33,33,33,33,33,33,33,33,33
1,1,121208,0,0,0,0,0,0,0,0,0,0
1,1,121209,0,0,0,0,0,0,0,0,0,0
1,1,121210,13,13,13,13,13,13,13,13,13,13
2,1,121210,0,0,0,9,0,0,0,0,0,0
1,1,121211,0,0,0,0,0,0,12,30,0,24
1,1,121212,8,8,8,8,8,8,8,8,8,8
2,1,121212,0,0,0,0,0,0,0,0,0,6
1,1,121213,0,0,0,0,0,0,0,0,0,0
2,1,121213,0,17,0,17,0,9,0,13,12,21
0,1,121214,6,6,6,6,6,6,6,6,6,6
1,1,121214,24,0,0,0,7,4,0,0,0,0
1,1,121216,4,4,4,4,4,4,4,4,4,4
2,1,121216,0,0,0,0,0,0,0,0,0,0
1,1,121217,21,21,21,21,21,21,21,21,21,21
2,1,121217,0,0,0,0,9,0,0,0,0,0
1,1,121218,26,26,26,26,26,26,26,26,26,26
1,1,121219,24,24,24,24,24,24,24,24,24,24
0,1,121220,0,0,0,0,0,0,0,0,0,0
1,1,121220,0,0,0,5,0,0,0,6,0,0
1,1,121221,15,15,15,15,15,15,15,15,15,15
0,1,121222,4,4,4,4,4,4,4,4,4,4
0,2,121222,5,0,0,0,0,0,3,0,0,0
1,1,121222,18,18,18,18,18,18,18,18,18,18
0,1,121223,30,22,39,22,23,20,14,15,7,17
1,1,121223,13,13,13,13,13,13,13,13,13,13
1,1,121224,16,24,0,19,0,0,10,10,0,12
2,1,121224,0,0,0,0,0,0,0,0,0,0
0,1,121225,0,0,30,0,7,0,0,0,21,0
1,1,121225,0,0,0,0,0,0,0,0,0,0
0,1,121226,13,13,13,13,13,13,13,13,13,13
0,2,121226,0,0,0,0,0,0,0,0,0,0
1,1,121226,0,14,0,0,0,0,0,0,0,0
1,1,121227,0,0,0,0,0,0,0,0,0,0
2,1,121227,12,12,12,12,12,12,12,12,12,12
1,1,121228,0,0,0,0,0,0,0,0,0,0
2,1,121228,3,3,3,3,3,3,3,3,3,3
1,1,121229,9,21,10,0,30,13,0,21,28,12
1,1,121230,0,0,0,0,0,0,0,14,0,0
1,1,121231,0,0,0,0,0,0,0,0,0,0
2,1,121231,0,0,0,0,0,0,0,0,0,0
3,1,121231,0,0,0,0,0,0,0,0,0,0
1,1,121232,0,0,0,0,0,0,0,0,0,0
2,1,121232,0,0,0,0,0,0,0,0,0,0
1,1,121233,0,0,0,0,0,0,0,0,0,0
1,1,121234,20,20,20,20,20,20,20,20,20,20
0,1,121235,0,0,0,0,0,0,0,0,0,0
1,1,121235,0,0,0,0,0,0,0,0,0,0
1,1,121236,0,0,0,0,0,0,0,0,0,0
2,1,121236,0,0,0,0,0,0,0,0,0,0
1,1,121237,17,17,17,17,17,17,17,17,17,17
1,1,121238,0,0,0,0,0,0,0,0,0,0
1,1,121239,0,0,9,0,0,0,0,0,0,0
2,1,121239,0,0,0,0,0,0,0,0,0,0
1,1,121240,11,11,11,11,11,11,11,11,11,11
2,1,121240,14,14,14,14,14,14,14,14,14,14
1,1,121241,23,23,23,23,23,23,23,23,23,23
2,1,121241,0,0,0,0,0,0,0,0,0,0
1,1,121242,0,0,0,0,0,0,0,0,6,2
1,1,121243,30,30,30,30,30,30,30,30,30,30
1,1,121245,29,29,29,29,29,29,29,29,29,29
0,1,121246,18,0,0,0,0,0,0,0,0,0
1,1,121246,0,0,0,0,0,0,0,0,0,0
1,1,121247,0,0,0,0,0,19,0,0,0,0
1,1,121248,8,8,8,8,8,8,8,8,8,8
2,1,121248,0,0,0,0,0,0,0,0,0,0
1,1,121249,0,0,0,0,0,0,0,0,0,0
2,1,121249,0,0,0,0,0,0,0,0,0,0
1,1,121250,0,0,0,0,0,0,0,0,0,0
1,1,121251,16,16,16,16,16,16,16,16,16,16
2,1,121251,0,0,0,0,0,0,0,0,0,0
0,1,121252,0,0,0,0,0,0,0,0,0,0
1,1,121252,0,0,0,0,0,0,0,0,0,0
1,1,121253,0,0,0,0,0,0,0,0,0,0
2,1,121253,0,0,0,0,0,0,0,0,0,0
3,1,121253,0,0,0,0,0,0,0,0,0,0
1,1,121254,0,0,0,0,0,0,0,0,0,0
2,1,121254,0,0,0,0,0,0,0,0,0,0
1,1,121255,0,12,20,24,16,7,0,10,22,0
1,1,121256,0,0,0,0,0,0,0,0,7,13
1,1,121257,0,0,0,0,0,0,0,0,0,0
2,1,121257,0,0,0,0,0,0,0,0,0,0
3,1,121257,0,0,0,0,0,0,0,0,0,0
1,1,121258,12,12,12,12,12,12,12,12,12,12
0,1,121259,1,1,1,1,1,1,1,1,1,1
1,1,121259,0,15,24,0,0,4,0,23,0,0
4,1,121259,0,0,0,0,14,0,2,0,0,0
1,1,121260,7,7,7,7,7,7,7,7,7,7
1,1,121261,0,0,0,0,0,0,0,0,0,0
1,1,121262,25,25,25,25,25,25,25,25,25,25
1,1,121263,20,20,20,20,20,20,20,20,20,20
0,1,121264,31,31,31,31,31,31,31,31,31,31
1,1,121264,0,0,0,0,13,0,0,0,8,0
1,1,121265,0,0,0,4,0,0,0,0,0,0
2,1,121265,0,20,0,0,0,0,0,0,0,0
0,1,121266,0,0,0,0,0,0,0,0,0,0
1,1,121266,0,0,0,0,0,0,0,0,0,0
0,1,121267,0,4,0,0,22,21,0,16,0,36
1,1,121267,0,0,0,0,0,0,0,0,0,0
1,1,121268,23,0,0,8,0,0,7,12,0,0
1,1,121269,0,0,0,0,0,0,0,0,0,0
2,1,121269,0,0,0,0,0,0,0,0,0,0
3,1,121269,0,0,0,0,0,0,0,0,0,0
4,1,121269,0,0,0,13,0,0,18,0,0,0
0,1,121270,0,23,0,0,7,0,0,0,28,0
0,2,121270,0,0,0,0,0,0,0,0,0,0
0,3,121270,0,0,0,0,0,0,0,0,0,0
1,1,121270,0,11,0,8,0,0,0,0,0,0
2,1,121270,0,0,0,0,0,0,0,0,0,0
0,1,121271,0,0,0,0,0,0,0,0,0,0
1,1,121271,0,0,0,0,0,0,0,0,0,3
1,1,121272,9,9,0,0,0,0,0,0,0,0
0,1,121273,33,33,33,33,33,33,33,33,33,33
1,1,121273,0,0,0,0,0,0,0,0,0,11
1,1,121274,25,25,25,25,25,25,25,25,25,25
1,1,121275,21,21,21,21,21,21,21,21,21,21
0,1,121276,17,17,17,17,17,17,17,17,17,17
1,1,121276,0,0,0,0,0,0,0,0,0,0
2,1,121276,0,5,4,0,3,0,3,0,11,0
1,1,121277,15,15,0,0,0,0,12,0,0,6
1,1,121278,31,31,31,31,31,31,31,31,31,31
2,1,121278,0,0,0,0,0,0,0,0,0,0
3,1,121278,0,0,0,0,0,0,0,0,0,0
1,1,121279,0,0,0,0,0,0,0,0,0,0
2,1,121279,8,14,0,14,0,3,0,8,0,0
1,1,121280,0,0,0,0,0,0,0,0,0,0
1,1,121281,12,12,12,12,12,12,12,12,12,12
1,1,121282,27,27,27,27,27,27,27,27,27,27
1,1,121283,0,0,0,0,0,0,0,0,0,0
0,1,121284,9,9,9,9,9,9,9,9,9,9
1,1,121284,0,0,0,0,0,0,0,0,0,0
1,1,121285,0,0,0,0,0,0,0,0,0,0
1,1,121286,0,0,0,0,0,0,0,0,0,0
2,1,121286,0,0,0,0,0,0,0,0,0,0
0,1,121287,0,0,0,25,0,5,0,0,0,0
1,1,121287,0,31,20,12,28,0,18,12,10,0
0,1,121288,11,11,11,11,11,11,11,11,11,11
1,1,121288,0,0,0,0,0,0,0,0,0,0
0,1,121289,6,11,11,14,18,0,22,31,8,0
1,1,121289,0,0,0,0,4,0,0,0,0,0
1,1,121290,23,23,23,23,23,23,23,23,23,23
1,1,121291,4,4,4,4,4,4,4,4,4,4
1,1,121292,27,27,27,27,27,27,27,27,27,27
2,1,121292,0,0,0,0,0,0,0,0,0,0
0,1,121293,0,0,0,0,0,0,0,0,0,0
1,1,121293,0,0,0,0,0,0,0,0,0,0
1,1,121294,0,0,14,0,0,0,0,0,0,0
2,1,121294,0,0,0,0,0,0,0,0,0,0
1,1,121295,0,0,0,0,0,0,0,0,0,0
2,1,121295,0,0,0,0,0,0,0,0,0,0
3,1,121295,0,0,0,0,0,0,0,0,0,0
4,1,121295,0,0,0,0,0,0,0,0,0,0
1,1,121296,0,0,8,13,0,0,0,0,0,0
2,1,121296,0,0,0,0,0,0,0,0,0,0
1,1,121297,0,0,0,12,0,0,15,0,0,0
1,1,121298,0,0,0,0,0,0,0,0,0,0
2,1,121298,0,0,0,0,19,0,0,0,0,0
0,1,121299,0,0,0,0,0,0,0,0,0,0
1,1,121299,16,16,16,16,16,16,16,16,16,16
1,1,121300,0,0,0,0,29,0,0,0,0,0
1,1,121301,0,0,0,0,0,0,0,0,0,0
2,1,121301,0,0,0,0,0,0,0,0,0,0
1,1,121302,0,0,0,0,0,0,0,0,0,0
1,1,121303,24,24,24,24,24,24,24,24,24,24
2,1,121303,0,0,0,0,0,0,0,0,0,0
1,1,121304,0,0,0,0,0,0,0,0,0,0
2,1,121304,0,0,0,0,0,0,0,0,0,0
1,1,121305,0,0,0,0,0,0,0,0,0,0
2,1,121305,9,0,0,0,0,0,0,0,0,0
1,1,121306,0,0,0,0,0,0,0,0,0,0
2,1,121306,1,1,1,1,1,1,1,1,1,1
1,1,121307,0,0,0,0,0,0,0,0,0,0
2,1,121307,0,0,0,0,0,0,0,0,0,0
3,1,121307,0,0,0,0,0,0,0,0,0,0