VEH_NO,PER_NO,ST_CASE,P1,P2,P3,P4,P5,P6,P7,P8,P9,P10
1,1,121308,0,0,0,0,0,0,0,0,0,0
2,1,121308,0,0,0,0,0,0,0,0,0,0
3,1,121308,0,0,0,0,0,0,0,0,0,0
1,1,121309,18,18,18,18,18,18,18,18,18,18
2,1,121309,0,0,0,0,0,0,0,0,0,0
1,1,121310,0,0,13,0,0,7,0,0,0,0
1,1,121311,0,0,0,0,0,0,0,0,0,20
1,1,121312,0,7,25,0,0,0,0,0,0,0
2,1,121312,0,0,0,0,0,0,0,0,0,0
1,1,121313,0,20,0,19,0,0,0,22,0,0
1,1,121315,0,0,0,0,0,0,0,0,0,0
2,1,121315,0,0,0,0,0,0,0,0,0,0
1,1,121316,11,11,11,11,11,11,11,11,11,11
2,1,121316,0,0,0,25,10,0,0,24,0,0
1,1,121317,25,25,25,25,25,25,25,25,25,25
0,1,121318,31,31,31,31,31,31,31,31,31,31
1,1,121318,0,0,0,0,0,0,0,0,0,0
0,1,121319,0,0,0,0,0,0,0,0,0,0
1,1,121319,0,0,0,0,0,0,0,0,0,0
2,1,121319,12,0,0,0,0,0,0,0,0,0
3,1,121319,0,0,0,0,0,0,0,0,0,0
4,1,121319,0,0,0,0,0,0,0,0,0,0
1,1,121320,0,0,0,9,0,0,0,0,0,0
2,1,121320,0,0,0,0,0,0,0,0,3,0
1,1,121321,16,29,26,5,14,7,13,13,13,0
1,1,121322,20,20,20,20,20,20,20,20,20,20
1,1,121323,5,5,5,5,5,5,5,5,5,5
1,1,121324,0,0,0,0,0,0,0,0,0,0
1,1,121325,28,28,28,28,28,28,28,28,28,28
1,1,121326,0,0,0,0,0,0,0,0,0,0
2,1,121326,0,0,0,0,0,0,0,0,0,0
1,1,121327,0,13,0,7,8,0,14,0,0,0
1,1,121328,20,13,0,0,0,10,0,0,0,0
1,1,121329,22,22,22,22,22,22,22,22,22,22
2,1,121329,0,0,0,0,0,0,0,0,0,0
0,1,121330,21,21,21,21,21,21,21,21,21,21
1,1,121330,0,0,0,0,0,0,0,0,0,0
1,1,121331,21,21,21,21,21,21,21,21,21,21
2,1,121331,0,0,0,0,0,0,0,0,0,0
1,1,121332,0,0,0,0,0,0,0,0,0,0
0,1,121333,0,0,0,0,0,0,0,0,0,0
1,1,121333,0,0,0,0,0,0,0,0,0,0
0,1,121334,21,21,21,21,21,21,21,21,21,21
1,1,121334,0,0,0,0,0,0,0,0,0,0
1,1,121335,0,0,0,0,0,0,0,0,0,11
1,1,121336,0,0,0,0,0,0,0,0,0,0
2,1,121336,0,12,0,0,0,0,0,0,0,0
1,1,121337,0,0,0,0,0,0,0,0,0,0
2,1,121337,0,0,23,0,0,0,0,0,0,0
0,1,121338,21,21,21,21,21,21,21,21,21,21
1,1,121338,0,0,0,0,0,0,0,0,0,0
1,1,121339,24,24,24,24,24,24,24,24,24,24
1,1,121340,24,24,24,24,24,24,24,24,24,24
2,1,121340,0,0,0,0,0,0,0,26,0,0
1,1,121341,11,11,11,11,11,11,11,11,11,11
2,1,121341,0,0,0,0,0,0,0,0,0,0
1,1,121342,0,0,0,0,0,0,0,0,0,0
1,1,121343,20,20,20,20,20,20,20,20,20,20
0,1,121344,29,29,29,29,29,29,29,29,29,29
1,1,121344,0,0,0,0,0,0,0,0,0,0
0,1,121345,0,9,23,50,30,23,17,17,29,0
1,1,121345,0,27,9,5,0,0,0,0,0,19
0,1,121346,0,0,0,0,0,0,0,0,0,0
1,1,121346,0,0,0,0,0,0,0,0,0,0
1,1,121347,18,18,18,18,18,18,18,18,18,18
1,1,121349,0,0,0,0,0,0,0,0,0,0
2,1,121349,0,0,0,0,0,0,11,0,0,0
1,1,121350,0,0,0,0,0,0,0,0,0,0
2,1,121350,0,0,0,0,0,0,0,0,0,0
1,1,121352,0,0,0,0,0,0,0,0,0,0
1,1,121353,26,26,26,26,26,26,26,26,26,26
1,1,121354,0,0,7,5,15,0,16,0,0,0
1,1,121355,10,10,10,10,10,10,10,10,10,10
1,1,121356,27,27,27,27,27,27,27,27,27,27
0,1,121357,0,0,0,0,0,0,0,0,0,0
1,1,121357,0,0,0,0,0,0,0,0,0,0
1,1,121358,15,13,0,0,6,7,0,0,0,0
1,1,121359,0,0,0,0,0,0,0,0,0,0
1,1,121361,0,0,0,0,0,0,0,0,0,0
2,1,121361,0,0,0,0,0,0,0,0,0,0
0,1,121362,0,0,0,0,0,0,0,0,0,0
1,1,121362,8,0,0,0,0,0,0,0,0,0
1,1,121363,5,5,5,5,5,5,5,5,5,5
2,1,121363,0,0,0,0,0,0,0,0,0,0
1,1,121364,18,18,18,18,18,18,18,18,18,18
2,1,121364,0,0,0,0,8,0,0,0,0,0
1,1,121365,11,11,11,11,11,11,11,11,11,11
1,1,121366,0,0,0,0,0,0,0,0,0,0
2,1,121366,18,10,0,8,0,0,0,7,15,0
1,1,121367,17,17,17,17,17,17,17,17,17,17
1,1,121368,23,23,23,23,23,23,23,23,23,23
0,1,121369,16,16,16,16,16,16,16,16,16,16
1,1,121369,0,0,0,9,0,0,0,0,0,0
1,1,121370,24,24,24,24,24,24,24,24,24,24
1,1,121371,0,0,0,0,0,0,0,0,0,0
0,1,121372,0,0,0,0,0,0,0,0,0,0
1,1,121372,0,0,0,0,0,0,0,0,0,0
1,1,121373,0,0,0,0,0,0,0,0,0,0
2,1,121373,0,0,0,0,0,0,0,0,0,0
3,1,121373,0,0,0,0,0,0,0,0,0,0
0,1,121374,23,23,23,23,23,23,23,23,23,23
1,1,121374,0,0,0,0,0,10,0,12,0,0
2,1,121374,0,0,0,0,0,0,0,0,0,0
1,1,121375,0,0,0,0,0,0,0,0,0,0
1,1,121376,0,0,0,0,0,0,0,0,12,0
2,1,121376,0,0,0,0,0,0,0,0,0,0
3,1,121376,0,0,0,0,0,0,0,0,0,0
1,1,121377,0,0,0,0,0,0,0,0,0,0
2,1,121377,25,25,25,25,25,25,25,25,25,25
1,1,121378,21,21,21,21,21,21,21,21,21,21
1,1,121379,0,0,0,0,0,0,0,0,0,0
1,1,121380,1,1,1,1,1,1,1,1,1,1
2,1,121380,11,11,11,11,11,11,11,11,11,11
1,1,121381,0,0,0,0,0,0,0,0,0,0
2,1,121381,0,0,0,0,0,0,0,0,0,0
3,1,121381,0,0,0,0,0,0,0,0,0,0
1,1,121382,0,0,0,0,7,0,0,0,0,0
2,1,121382,0,0,0,0,0,0,0,0,0,0
3,1,121382,0,0,0,0,0,0,0,0,0,0
1,1,121383,17,17,17,17,17,17,17,17,17,17
1,1,121384,0,0,0,0,0,0,0,0,0,0
2,1,121384,2,2,2,2,2,2,2,2,2,2
1,1,121385,0,0,0,0,0,0,0,0,0,6
1,1,121386,4,4,4,4,4,4,4,4,4,4
1,2,121387,4,14,0,0,4,0,0,13,12,0
0,1,121388,0,0,0,0,0,0,0,0,0,0
1,1,121388,0,0,0,0,0,0,0,0,0,0
2,1,121388,0,0,0,0,0,0,0,0,0,0
1,1,121389,0,0,0,0,0,0,0,0,0,0
1,1,121390,12,0,0,21,6,4,0,14,0,10
1,1,121391,10,10,10,10,10,10,10,10,10,10
1,1,121392,0,0,0,0,0,0,0,0,0,0
1,1,121393,0,8,0,0,0,11,6,0,0,0
2,1,121393,7,0,0,0,0,0,0,0,0,0
1,1,121394,16,16,16,16,16,16,16,16,16,16
1,1,121395,5,6,18,7,17,22,12,19,4,8
1,1,121396,0,0,0,0,0,0,0,6,0,0
2,1,121396,0,0,0,0,0,0,0,0,0,0
0,1,121397,54,0,29,15,30,12,0,0,0,27
1,1,121397,0,0,0,0,0,0,0,0,0,0
1,1,121398,11,11,11,11,11,11,11,11,11,11
2,1,121398,9,9,9,9,9,9,9,9,9,9
0,1,121399,0,0,0,0,0,0,0,0,0,0
1,1,121399,0,0,0,0,0,0,0,0,0,0
1,1,121400,0,0,0,0,0,0,0,0,0,0
2,1,121400,0,0,0,0,0,0,0,0,0,0
1,1,121401,0,0,0,0,0,0,0,0,0,0
2,1,121401,0,0,0,0,0,0,0,0,0,0
1,1,121402,0,0,0,0,0,0,0,0,0,0
1,1,121403,9,9,9,9,9,9,9,9,9,9
2,1,121403,0,0,0,0,0,0,0,0,0,0
1,1,121404,18,18,18,18,18,18,18,18,18,18
2,1,121404,0,0,0,0,0,0,0,0,0,0
0,1,121405,0,0,0,0,0,0,0,0,0,0
1,1,121405,0,0,0,0,0,0,6,0,0,8
0,1,121406,15,15,15,15,15,15,15,15,15,15
1,1,121406,0,0,0,0,0,0,12,18,0,0
1,1,121407,13,13,13,13,13,13,13,13,13,13
2,1,121407,0,0,0,0,0,0,0,0,0,0
1,1,121408,0,0,0,0,0,0,0,0,0,0
2,1,121408,0,0,0,0,0,0,0,0,0,0
1,1,121409,0,0,15,0,9,0,0,0,0,0
2,1,121409,0,0,0,0,0,0,0,0,0,0
1,1,121410,21,21,21,21,21,21,21,21,21,21
1,1,121411,28,28,28,28,28,28,28,28,28,28
1,1,121412,16,16,16,16,16,16,16,16,16,16
2,1,121412,2,2,2,2,2,2,2,2,2,2
1,1,121413,4,4,4,4,4,4,4,4,4,4
2,1,121413,0,0,0,0,0,0,0,0,0,0
3,1,121413,0,0,0,0,0,0,0,0,0,0
1,1,121414,24,24,24,24,24,24,24,24,24,24
2,1,121414,17,17,17,17,17,17,17,17,17,17
1,1,121416,12,12,12,12,12,12,12,12,12,12
0,1,121417,8,8,8,8,8,8,8,8,8,8
0,2,121417,0,0,0,0,0,0,0,0,0,0
1,1,121417,4,0,0,0,0,0,0,14,0,0
1,1,121418,0,0,0,0,0,0,0,0,0,0
2,1,121418,18,0,11,0,0,0,4,0,0,17
0,1,121419,17,17,17,17,17,17,17,17,17,17
1,1,121419,0,0,0,0,0,0,0,0,0,0
1,1,121420,0,0,23,0,0,0,0,21,0,0
1,1,121421,24,24,24,24,24,24,24,24,24,24
1,1,121422,0,0,0,0,0,0,6,0,0,0
1,1,121423,12,12,12,12,12,12,12,12,12,12
0,1,121424,0,0,0,0,0,0,0,0,0,0
1,1,121424,0,0,0,0,0,0,0,0,0,0
0,1,121425,28,28,28,28,28,28,28,28,28,28
1,1,121425,0,0,0,0,0,0,0,0,0,0
0,1,121426,0,0,0,12,0,0,0,0,0,13
1,1,121426,0,0,0,0,0,0,0,0,0,6
1,1,121427,0,0,0,0,0,0,0,0,0,0
2,1,121427,0,0,0,0,0,0,0,0,0,0
3,1,121427,0,0,0,0,0,0,0,0,0,0
4,1,121427,0,0,0,19,0,0,0,0,0,0
1,1,121428,0,0,0,0,0,0,0,0,0,0
2,1,121428,0,0,0,0,0,0,0,0,0,0
1,1,121429,19,19,19,19,19,19,19,19,19,19
1,1,121430,0,0,0,0,0,0,0,0,0,0
1,1,121431,0,0,0,0,0,0,0,0,0,0
2,1,121431,0,0,0,0,0,0,0,0,0,0
1,1,121432,0,0,0,0,0,0,0,0,0,0
2,1,121432,0,0,0,0,0,0,0,0,0,0
1,1,121433,0,0,0,0,0,0,0,0,0,0
1,1,121434,0,0,0,0,0,0,0,0,0,0
2,1,121434,0,0,0,0,0,0,0,0,0,0
1,1,121435,0,0,20,22,0,8,0,17,15,18
2,1,121435,0,0,0,0,0,0,0,0,0,0
1,1,121436,0,0,0,0,0,0,0,0,0,0
2,1,121436,0,0,0,0,0,0,0,0,0,0
1,1,121437,14,14,14,14,14,14,14,14,14,14
2,1,121437,0,0,0,0,0,0,0,0,0,0
1,1,121438,0,0,0,0,0,0,0,0,0,0
2,1,121438,0,0,0,0,0,3,0,0,0,0
0,1,121439,10,12,0,0,13,0,4,24,25,15
1,1,121439,0,0,0,0,0,0,0,0,0,0
1,1,121440,0,0,0,0,0,0,0,0,0,0
2,1,121440,0,0,0,0,0,0,0,0,0,0
3,1,121440,0,0,0,0,0,0,0,0,0,0
0,1,121441,0,0,0,0,0,0,0,0,0,0
1,1,121441,0,0,0,0,0,0,0,0,0,0
0,1,121442,0,13,0,0,0,19,16,0,0,9
1,1,121442,0,0,0,0,0,0,0,0,0,0
1,1,121443,0,0,0,0,0,0,0,0,0,0
1,1,121444,0,0,0,0,0,0,0,0,0,0
2,1,121444,0,0,0,0,0,0,0,0,0,0
1,1,121445,0,0,0,0,0,0,0,0,0,0
1,1,121446,0,0,0,0,0,0,0,0,0,0
1,1,121447,0,0,0,0,0,0,0,0,0,0
1,1,121448,0,0,0,0,0,0,0,0,0,0
2,1,121448,0,0,0,0,0,0,0,0,0,0
1,1,121449,12,12,12,12,12,12,12,12,12,12
1,1,121451,0,0,0,0,0,0,0,0,0,0
2,1,121451,0,0,0,0,0,0,0,0,0,0
1,1,121452,16,16,16,16,16,16,16,16,16,16
2,1,121452,0,0,0,0,0,0,0,0,0,0
1,1,121453,27,27,27,27,27,27,27,27,27,27
1,1,121454,10,10,10,10,10,10,10,10,10,10
0,1,121455,39,39,39,39,39,39,39,39,39,39
1,1,121455,0,0,0,0,0,0,0,0,0,0
1,1,121456,0,0,0,0,0,0,0,0,0,0
2,1,121456,0,0,0,0,0,0,0,0,0,0
1,1,121457,0,0,0,0,0,0,0,0,0,0
2,1,121457,0,0,0,0,0,0,0,0,0,0
1,1,121458,20,20,20,20,20,20,20,20,20,20
0,1,121459,0,0,0,0,0,0,0,0,0,0
1,1,121459,13,0,0,0,0,0,0,0,0,0
2,1,121459,0,7,0,0,0,0,0,10,0,0
1,1,121461,28,28,28,28,28,28,28,28,28,28
2,1,121461,0,0,0,0,0,0,0,0,0,0
1,1,121463,7,7,7,7,7,7,7,7,7,7
0,1,121464,0,0,0,0,12,0,0,0,0,5
1,1,121464,0,0,0,0,0,0,0,0,0,0
0,1,121465,0,0,0,0,0,0,0,0,0,0
1,1,121465,0,0,4,0,0,0,0,0,0,0
0,1,121466,28,28,28,28,28,28,28,28,28,28
1,1,121466,0,0,0,0,0,19,0,0,0,0
0,1,121467,26,26,26,26,26,26,26,26,26,26
1,1,121467,0,0,0,0,0,0,0,0,0,0
1,1,121468,0,0,0,0,0,0,0,0,0,0
0,1,121469,0,0,0,0,0,0,0,0,0,0
1,1,121469,0,0,0,0,0,0,0,0,0,0
1,1,121470,23,23,23,23,23,23,23,23,23,23
1,1,121471,0,0,0,9,0,4,0,22,0,0
2,1,121471,0,0,0,0,0,0,0,0,0,0
1,1,121472,0,0,0,0,0,0,0,0,0,0
2,1,121472,0,0,0,0,0,0,0,0,0,0
1,1,121473,0,0,0,0,0,0,0,0,0,0
1,1,121474,0,0,0,0,0,8,0,0,0,0
2,1,121474,0,0,0,0,0,0,0,0,0,0
1,1,121475,21,21,21,21,21,21,21,21,21,21
1,1,121476,5,5,5,5,5,5,5,5,5,5
1,1,121477,4,0,0,0,0,10,0,0,28,18
1,1,121478,13,13,13,13,13,13,13,13,13,13
2,1,121478,16,16,16,16,16,16,16,16,16,16
1,1,121479,0,0,0,0,0,0,0,0,0,0
2,1,121479,0,0,0,0,0,0,0,0,0,0
3,1,121479,0,0,0,0,0,0,0,0,0,0
1,1,121480,25,25,25,25,25,25,25,25,25,25
1,1,121481,20,20,20,20,20,20,20,20,20,20
1,1,121482,0,0,0,0,0,0,0,0,0,0
1,1,121483,0,0,0,0,0,0,0,0,0,0
2,1,121483,0,0,0,0,0,0,0,0,0,0
1,1,121484,0,0,0,0,0,0,0,0,0,0
1,1,121485,17,17,17,17,17,17,17,17,17,17
2,1,121485,0,0,13,22,0,0,0,20,7,0
1,1,121486,0,0,0,0,0,0,0,0,0,0
2,1,121486,0,0,0,0,0,0,0,0,0,0
3,1,121486,0,0,0,0,0,0,0,0,0,0
1,1,121487,0,0,0,0,0,0,0,0,0,0
2,1,121487,0,0,0,0,0,0,0,0,0,0
1,1,121488,0,0,0,0,0,0,0,0,0,0
1,1,121489,0,0,0,0,0,0,0,0,6,0
2,1,121489,0,0,0,0,0,0,0,0,0,0
1,1,121490,16,16,16,16,16,16,16,16,16,16
1,1,121491,0,0,0,0,0,0,0,0,0,0
0,1,121492,0,0,0,0,0,0,0,0,8,0
1,1,121492,0,0,0,0,0,0,0,0,0,0
1,1,121493,0,0,0,0,0,0,0,0,0,33
2,1,121493,0,0,0,0,0,0,0,0,0,0
3,1,121493,0,0,0,0,0,0,0,0,0,0
1,1,121494,20,20,20,20,20,20,20,20,20,20
1,1,121495,0,0,0,0,0,0,0,0,0,0
0,1,121496,0,0,0,9,0,0,0,0,0,0
1,1,121496,0,0,0,0,0,0,0,0,0,3
0,1,121497,24,24,24,24,24,24,24,24,24,24
1,1,121497,6,0,4,0,0,0,0,0,0,0
1,1,121498,0,0,0,0,0,0,0,0,0,0
2,1,121498,0,0,0,0,0,0,0,0,0,0
1,1,121499,0,0,0,0,0,0,0,0,0,0
2,1,121499,0,0,0,0,0,0,0,0,0,0
1,1,121500,11,0,16,20,17,0,0,8,20,7
0,1,121501,0,0,12,0,0,0,14,0,0,0
1,1,121501,18,7,0,0,0,6,0,0,5,0
1,1,121502,0,0,0,0,0,0,0,0,0,0
1,1,121503,0,0,0,0,10,0,0,0,0,21
2,1,121503,0,0,0,0,0,0,0,0,9,13
1,1,121504,0,0,0,0,0,0,0,0,0,0
2,1,121504,0,0,0,0,0,0,0,0,0,0
0,1,121505,0,0,0,0,0,0,0,0,0,0
1,1,121505,0,0,0,0,0,0,0,0,0,0
1,1,121506,7,7,7,7,7,7,7,7,7,7
0,1,121508,0,0,0,0,0,0,0,0,0,0
1,1,121508,0,0,0,0,0,0,0,0,0,0
1,1,121509,0,0,0,0,0,0,0,0,0,0
2,1,121509,0,7,0,5,0,0,3,0,0,0
1,1,121510,0,0,0,0,0,0,0,0,0,0
0,1,121511,0,0,0,0,0,0,0,0,0,0
1,1,121511,0,0,0,0,0,0,0,0,0,0
0,1,121512,0,0,0,0,0,0,0,0,0,0
1,1,121512,5,4,10,18,0,3,4,15,0,6
1,1,121513,0,0,0,0,0,0,0,0,0,0
2,1,121513,0,0,0,0,0,0,0,0,0,0
1,1,121514,19,19,19,19,19,19,19,19,19,19
1,1,121515,0,0,26,0,0,17,0,0,0,0
1,1,121516,0,0,0,0,0,0,0,0,0,0
1,1,121517,0,0,0,0,0,0,0,0,0,0
2,1,121517,0,0,0,0,0,0,0,0,0,0
1,1,121518,0,0,0,0,0,0,0,0,0,0
0,1,121519,0,0,0,0,0,0,0,0,0,0
1,1,121519,0,0,0,0,0,0,0,0,0,0
1,1,121520,31,31,31,31,31,31,31,31,31,31
2,1,121520,0,0,0,0,0,0,0,0,0,0
1,1,121521,0,21,18,21,19,21,0,17,0,0
0,1,121522,21,10,0,0,28,36,21,0,0,0
1,1,121522,0,0,0,0,0,0,0,0,0,0
1,1,121523,11,25,37,8,28,0,15,36,14,20
0,1,121524,29,29,29,29,29,29,29,29,29,29
1,1,121524,0,0,13,0,0,0,0,0,0,0
1,1,121525,28,28,28,28,28,28,28,28,28,28
1,1,121526,22,22,22,22,22,22,22,22,22,22
1,1,121527,12,12,12,12,12,12,12,12,12,12
1,1,121528,26,26,26,26,26,26,26,26,26,26
2,1,121528,0,0,0,0,0,0,0,0,0,0
1,1,121529,3,3,3,3,3,3,3,3,3,3
2,1,121529,0,0,0,0,0,0,0,0,0,0
1,1,121530,8,8,8,8,8,8,8,8,8,8
1,1,121531,11,11,11,11,11,11,11,11,11,11
1,1,121532,0,8,0,0,0,13,0,0,0,0
1,1,121533,0,0,0,0,0,0,0,0,0,0
2,1,121533,0,0,0,0,0,0,0,0,0,0
1,1,121534,12,12,12,12,12,12,12,12,12,12
0,1,121535,0,0,0,0,0,0,0,0,0,0
1,1,121535,0,0,14,0,0,0,0,0,0,6
1,1,121536,24,0,24,28,0,27,17,0,0,20
2,1,121536,0,0,0,0,13,0,7,0,0,0
0,1,121537,0,0,0,0,0,0,0,12,0,0
0,2,121537,21,0,0,0,0,0,0,0,0,0
0,3,121537,0,0,0,0,0,0,0,0,0,0
1,1,121537,0,0,0,7,0,0,0,0,0,0
1,1,121539,0,0,0,0,0,0,0,0,0,0
2,1,121539,0,0,0,0,0,0,0,0,0,0
1,1,121540,0,0,0,0,5,0,0,0,0,0
2,1,121540,0,0,0,0,0,0,0,0,0,0
1,1,121541,0,0,0,0,0,0,21,0,0,0
0,1,121542,23,23,23,23,23,23,23,23,23,23
1,1,121542,0,0,11,0,0,0,12,0,0,0
1,1,121543,0,0,0,0,0,0,0,0,0,0
1,1,121544,0,0,0,0,0,0,0,0,0,0
1,1,121545,0,0,0,0,0,0,0,5,0,0
1,1,121546,0,0,0,0,0,0,0,0,0,0
2,1,121546,21,21,21,21,21,21,21,21,21,21
1,1,121547,15,15,15,15,15,15,15,15,15,15
2,1,121547,0,0,0,0,0,0,0,0,0,0
0,1,121548,29,29,29,29,29,29,29,29,29,29
1,1,121548,0,0,0,0,0,0,0,0,0,0
1,1,121550,0,21,19,0,21,0,22,0,0,0
1,1,121551,19,19,19,19,19,19,19,19,19,19
0,1,121552,0,0,0,0,0,0,0,0,0,0
0,2,121552,0,0,0,0,0,0,0,0,0,0
1,1,121552,0,0,0,0,0,0,0,0,0,0
1,1,121553,0,0,0,0,0,0,0,0,0,0
2,1,121553,0,0,4,10,0,7,10,0,0,0
0,1,121554,0,0,0,0,0,0,0,0,0,0
0,2,121554,0,0,0,0,0,18,0,0,0,0
0,3,121554,0,0,10,13,0,0,0,12,0,0
1,1,121554,0,5,6,0,10,3,0,0,0,0
2,1,121554,0,0,0,0,0,0,0,0,0,0
1,1,121555,0,0,0,0,0,0,0,0,0,0
1,1,121556,15,15,15,15,15,15,15,15,15,15
1,1,121557,15,15,15,15,15,15,15,15,15,15
1,1,121558,0,0,0,0,0,0,0,0,0,0
2,1,121558,0,0,0,0,0,0,0,0,0,0
1,1,121559,0,0,0,0,0,0,0,0,0,0
1,1,121560,0,0,0,0,0,0,0,0,0,0
1,1,121561,0,0,0,0,0,0,0,0,0,0
2,1,121561,0,0,0,0,0,0,0,0,0,0
1,1,121562,0,0,0,0,0,12,0,0,0,0
2,1,121562,0,0,0,0,0,0,0,0,0,0
1,1,121563,0,0,0,0,0,0,0,0,0,0
2,1,121563,0,0,0,0,0,0,0,0,0,0
3,1,121563,0,0,0,0,0,0,0,0,0,0
0,1,121564,0,0,0,0,0,0,0,0,0,0
1,1,121564,0,0,0,0,0,0,0,0,0,0
1,1,121565,0,0,0,0,0,0,0,0,0,0
1,1,121566,0,0,0,0,0,0,0,0,0,0
2,1,121566,0,0,0,0,0,0,0,0,0,0
3,1,121566,0,0,0,0,0,0,0,0,3,11
1,1,121567,0,0,0,0,0,0,0,0,0,0
2,1,121567,20,20,20,20,20,20,20,20,20,20
0,1,121568,0,0,0,0,0,0,0,0,0,0
1,1,121568,0,0,0,0,0,0,0,0,0,0
1,1,121569,18,18,18,18,18,18,18,18,18,18
1,1,121570,27,27,27,27,27,27,27,27,27,27
1,1,121571,12,12,12,12,12,12,12,12,12,12
1,1,121572,18,18,18,18,18,18,18,18,18,18
2,1,121572,0,0,0,0,0,0,0,0,0,0
3,1,121572,0,0,0,0,0,0,0,0,0,0
1,1,121573,0,0,0,0,0,0,0,0,0,0
1,1,121574,0,0,0,0,0,0,0,0,0,0
2,1,121574,0,0,0,0,0,0,0,0,0,0
1,1,121575,0,22,0,0,0,0,0,0,0,0
1,1,121576,0,0,0,0,0,0,0,0,0,0
2,1,121576,0,0,0,0,7,0,0,0,0,0
1,1,121577,0,0,0,0,0,0,20,0,0,0
1,1,121578,0,0,0,0,0,0,0,0,0,0
2,1,121578,18,0,0,0,0,0,9,0,0,0
0,1,121579,0,7,0,0,0,11,0,8,0,0
1,1,121579,0,0,0,0,0,0,0,0,0,0
1,1,121580,0,0,0,0,0,0,0,0,0,0
2,1,121580,0,0,0,0,0,0,0,0,0,0
0,1,121581,0,0,0,0,0,0,0,0,0,0
1,1,121581,0,0,0,0,0,0,0,0,0,0
1,1,121582,0,0,0,0,0,0,0,0,0,0
0,1,121583,0,0,0,0,30,0,0,0,10,0
1,1,121583,10,0,0,0,0,11,0,0,14,0
0,1,121584,0,0,0,0,0,0,0,0,0,0
1,1,121584,7,0,0,0,5,0,0,0,0,0
1,1,121585,0,0,0,0,0,0,0,0,0,0
2,1,121585,0,0,0,0,0,0,0,0,0,0
1,1,121586,0,0,0,0,0,0,0,0,0,0
2,1,121586,0,0,0,0,0,0,0,0,0,0
1,1,121588,12,12,12,12,12,12,12,12,12,12
1,1,121589,20,20,20,20,20,20,20,20,20,20
2,1,121589,0,14,0,0,0,0,0,0,0,0
3,1,121589,0,0,0,0,0,12,0,0,0,0
0,1,121590,34,34,34,34,34,34,34,34,34,34
1,1,121590,0,0,0,0,0,0,0,0,0,0
1,1,121591,0,0,0,0,12,0,0,0,0,7
1,1,121592,0,0,0,0,0,0,0,0,0,0
1,1,121593,0,27,0,0,0,0,0,0,0,0
2,1,121593,0,0,0,0,0,0,0,0,0,0
1,1,121594,12,12,12,12,12,12,12,12,12,12
1,1,121595,0,0,0,0,0,0,0,0,0,0
1,1,121596,0,0,0,0,0,0,0,0,0,0
2,1,121596,0,0,0,0,0,0,0,0,0,0
1,1,121597,21,21,21,21,21,21,21,21,21,21
1,1,121599,0,0,0,0,0,0,0,0,0,0
1,1,121600,0,0,0,0,0,0,0,0,0,0
2,1,121600,0,5,0,0,0,0,0,0,0,0
1,1,121601,6,6,6,6,6,6,6,6,6,6
1,1,121602,0,0,0,0,0,0,0,0,0,0
2,1,121602,0,0,0,0,0,0,0,0,0,0
1,1,121603,0,0,4,0,0,0,0,0,0,0
2,1,121603,0,0,0,0,0,0,0,0,0,0
1,1,121604,24,24,24,24,24,24,24,24,24,24
0,1,121605,0,0,0,0,0,0,0,0,0,0
1,1,121605,0,0,0,0,0,0,0,0,0,0
1,1,121606,0,0,0,0,0,0,0,0,0,0
2,1,121606,0,0,0,0,0,0,0,0,0,0
1,1,121607,0,0,0,0,0,0,0,0,0,0
2,1,121607,0,0,0,0,0,0,0,0,0,0
1,1,121608,29,0,12,0,29,0,28,25,16,0
0,1,121609,0,0,0,0,0,0,0,0,0,9
1,1,121609,0,0,0,0,0,0,0,0,0,0
1,1,121610,0,0,0,0,0,0,0,0,0,0
2,1,121610,0,0,0,0,0,0,0,0,0,0
3,1,121610,0,0,0,0,0,0,0,0,0,0
1,1,121611,0,0,0,0,0,6,0,0,0,0
0,1,121612,0,0,0,0,0,17,0,0,0,0
1,1,121612,0,0,0,0,3,0,0,0,0,0
1,1,121613,22,22,22,22,22,22,22,22,22,22
1,1,121615,15,15,15,15,15,15,15,15,15,15
1,1,121616,0,0,0,0,0,0,0,0,0,0
1,1,121617,34,34,34,34,34,34,34,34,34,34
1,1,121618,22,22,22,22,22,22,22,22,22,22
2,1,121618,0,0,0,0,0,0,0,0,0,0
1,1,121619,16,16,16,16,16,16,16,16,16,16
1,1,121620,0,0,0,0,0,0,0,9,0,0
2,1,121620,0,0,0,0,0,0,0,0,0,0
3,1,121620,0,0,0,0,13,0,0,0,0,0
1,1,121621,17,0,0,0,0,0,0,0,0,0
2,1,121621,10,10,10,10,10,10,10,10,10,10
1,1,121622,0,0,0,0,0,0,0,0,0,0
1,1,121623,0,0,0,0,0,0,0,0,0,0
1,1,121624,20,20,20,20,20,20,20,20,20,20
1,1,121626,12,12,12,12,12,12,12,12,12,12
1,1,121627,0,0,0,0,0,0,0,0,0,0
2,1,121627,0,0,0,0,0,0,0,0,0,6