VEH_NO,PER_NO,ST_CASE,P1,P2,P3,P4,P5,P6,P7,P8,P9,P10
1,1,121628,0,0,0,0,0,0,0,0,0,0
2,1,121628,0,0,0,0,0,0,0,0,0,0
1,1,121629,0,0,0,0,0,0,0,0,0,0
2,1,121629,0,0,0,0,0,0,0,0,0,0
0,1,121630,23,23,23,23,23,23,23,23,23,23
1,1,121630,0,0,0,0,0,7,0,0,4,0
0,1,121631,0,0,0,0,0,0,0,0,0,0
1,1,121631,0,0,0,0,0,0,0,0,0,0
1,1,121632,23,23,23,23,23,23,23,23,23,23
1,1,121633,0,0,0,0,0,0,0,0,0,0
2,1,121633,0,0,0,0,0,0,0,0,0,0
0,1,121634,0,0,0,0,0,0,0,0,0,0
1,1,121634,0,0,0,0,0,0,0,0,0,0
0,1,121635,0,0,0,0,0,0,0,0,0,0
1,1,121635,0,0,0,0,0,0,0,0,0,0
0,1,121636,0,0,0,8,0,0,21,0,0,0
0,1,121637,0,0,0,0,0,0,0,0,0,0
1,1,121637,0,0,0,0,0,0,0,0,0,0
1,1,121638,10,0,0,0,0,0,0,0,0,0
0,1,121639,25,25,25,25,25,25,25,25,25,25
1,1,121639,0,0,0,0,0,0,0,0,0,0
1,1,121640,0,0,0,16,0,11,0,0,0,0
2,1,121640,0,0,0,0,0,0,0,0,0,0
1,1,121641,0,0,0,0,0,0,0,0,0,0
2,1,121641,0,0,0,0,0,0,0,0,0,0
1,1,121642,15,15,15,15,15,15,15,15,15,15
2,1,121642,0,0,0,0,0,0,0,0,0,0
0,1,121643,0,0,0,33,0,0,0,0,24,20
1,1,121643,0,0,0,0,0,0,3,0,0,0
0,1,121644,1,1,1,1,1,1,1,1,1,1
1,1,121644,0,0,0,0,0,0,0,0,0,0
1,1,121645,0,0,0,0,0,0,0,0,0,0
2,1,121645,11,0,0,0,0,0,0,0,0,6
1,1,121646,0,0,0,0,0,0,0,0,0,0
2,1,121646,0,0,0,0,0,0,0,0,0,0
1,1,121647,0,0,0,0,0,0,0,0,0,0
2,1,121647,0,0,25,0,0,0,0,0,0,0
1,1,121648,0,0,0,0,0,0,0,0,0,0
0,1,121649,0,0,0,0,0,0,0,0,0,0
1,1,121649,0,0,0,0,0,0,0,0,0,0
1,1,121650,0,0,0,0,0,0,0,0,0,0
0,1,121651,34,34,34,34,34,34,34,34,34,34
1,1,121651,0,0,0,0,0,0,0,0,0,0
1,1,121652,12,12,12,12,12,12,12,12,12,12
2,1,121652,0,0,9,0,10,0,16,0,0,0
1,1,121653,0,0,0,0,0,0,0,0,0,0
1,1,121654,0,0,0,0,0,0,0,0,0,0
0,1,121656,0,0,0,0,0,0,0,0,0,0
0,2,121656,0,0,0,0,7,0,0,0,0,0
1,1,121656,17,17,17,17,17,17,17,17,17,17
0,1,121657,0,0,0,0,0,0,0,0,0,0
1,1,121657,0,0,0,0,0,0,0,0,0,0
1,1,121658,13,13,13,13,13,13,13,13,13,13
1,1,121659,9,9,9,9,9,9,9,9,9,9
2,1,121659,0,10,0,0,0,0,0,0,0,0
0,1,121660,7,7,7,7,7,7,7,7,7,7
1,1,121660,0,0,0,0,0,0,0,0,0,0
0,1,121661,0,0,0,0,0,0,0,0,0,0
1,1,121661,0,0,0,0,0,0,0,0,0,0
1,1,121662,0,0,0,0,0,0,18,0,0,0
2,1,121662,21,21,21,21,21,21,21,21,21,21
1,1,121664,0,0,0,0,0,0,0,0,0,0
2,1,121664,0,0,0,0,0,0,0,0,0,0
1,1,121665,16,16,16,16,16,16,16,16,16,16
1,1,121666,22,22,22,22,22,22,22,22,22,22
2,1,121666,0,0,0,5,0,0,0,0,0,0
3,1,121666,25,25,25,25,25,25,25,25,25,25
4,1,121666,20,0,8,18,0,0,8,0,0,4
1,1,121667,0,0,0,0,0,0,0,0,0,0
1,1,121668,0,0,0,0,0,0,0,0,0,0
2,1,121668,0,0,0,0,0,23,0,0,0,0
1,1,121669,17,17,17,17,17,17,17,17,17,17
2,1,121669,0,0,0,0,0,0,0,0,0,0
1,1,121670,0,0,0,0,0,0,0,0,0,0
2,1,121670,0,0,0,0,0,0,0,0,0,0
1,1,121672,0,0,0,0,0,0,0,0,0,0
2,1,121672,0,0,0,0,0,0,0,0,0,0
3,1,121672,0,0,0,0,0,0,0,0,0,0
4,1,121672,0,0,0,0,0,0,0,0,0,0
5,1,121672,0,0,0,0,0,0,0,0,0,0
1,1,121673,22,22,22,22,22,22,22,22,22,22
2,1,121673,0,0,0,0,0,0,0,0,0,0
1,1,121674,0,10,0,0,0,0,0,0,0,0
1,1,121675,31,31,31,31,31,31,31,31,31,31
1,1,121677,26,26,26,26,26,26,26,26,26,26
1,1,121678,0,0,0,0,0,0,0,0,0,0
0,1,121679,0,0,0,0,0,0,0,0,0,0
1,1,121679,0,0,0,0,0,0,0,0,0,0
0,1,121680,18,18,18,18,18,18,18,18,18,18
1,1,121680,0,0,0,5,0,0,0,0,0,0
0,1,121681,0,0,0,0,0,0,0,0,13,0
1,1,121681,0,0,0,0,0,0,0,0,0,0
0,1,121682,0,0,0,0,0,0,0,0,0,0
1,1,121682,18,18,18,18,18,18,18,18,18,18
1,1,121683,21,21,21,21,21,21,21,21,21,21
2,1,121683,0,0,0,0,0,0,0,0,15,0
1,1,121684,0,0,0,0,0,0,0,0,0,0
1,1,121685,0,17,0,20,38,0,0,15,0,0
1,1,121686,0,0,0,0,0,0,0,0,0,0
2,1,121686,0,0,0,0,0,0,0,0,0,0
1,1,121687,11,0,0,0,20,8,9,0,0,10
0,1,121688,16,11,30,33,25,19,0,0,23,0
1,1,121688,0,0,0,0,0,0,0,0,0,0
0,1,121689,9,12,17,17,0,0,32,0,12,10
1,1,121689,3,15,18,0,11,7,0,0,9,7
1,1,121690,29,29,29,29,29,29,29,29,29,29
1,1,121691,11,11,11,11,11,11,11,11,11,11
0,1,121692,30,30,30,30,30,30,30,30,30,30
1,1,121692,0,0,0,0,0,0,18,0,0,0
1,1,121694,0,0,0,0,0,0,0,0,0,0
1,1,121695,2,2,2,2,2,2,2,2,2,2
1,1,121696,17,17,17,17,17,17,17,17,17,17
1,1,121697,12,12,12,12,12,12,12,12,12,12
1,1,121699,0,0,0,0,0,0,0,0,0,0
1,1,121700,10,10,10,10,10,10,10,10,10,10
2,1,121700,0,0,0,0,0,0,0,0,0,0
1,1,121701,2,2,2,2,2,2,2,2,2,2
1,1,121702,0,0,0,0,0,0,0,0,0,0
1,1,121703,0,0,0,0,0,0,0,0,0,0
1,1,121704,0,0,0,0,0,0,0,0,0,0
1,1,121705,0,0,0,0,0,0,0,0,0,0
1,1,121706,24,24,24,24,24,24,24,24,24,24
2,1,121706,0,0,0,0,0,0,0,0,0,0
1,1,121707,0,0,0,0,0,0,0,0,0,0
2,1,121707,0,0,0,0,0,0,0,0,0,7
0,1,121708,0,0,0,0,0,0,0,0,0,0
0,2,121708,0,0,0,0,0,0,0,0,0,0
0,3,121708,0,0,0,0,0,0,0,0,0,0
0,4,121708,0,0,0,0,0,0,0,0,0,0
0,5,121708,0,0,0,0,0,0,0,0,0,0
0,1,121709,0,0,0,2,0,5,0,0,0,0
1,1,121709,0,11,0,0,0,0,4,0,0,0
1,1,121710,17,17,17,17,17,17,17,17,17,17
1,1,121711,0,0,0,0,0,0,0,0,18,0
1,1,121712,0,0,0,0,0,0,0,0,0,0
2,1,121712,0,0,0,0,0,0,0,0,0,0
0,1,121713,0,0,0,0,7,0,9,0,0,25
1,1,121713,0,0,0,0,0,0,0,0,0,0
0,1,121714,20,0,21,0,26,16,0,19,0,29
1,1,121714,0,0,0,0,0,0,0,0,0,0
1,1,121715,0,0,0,0,0,0,0,0,0,0
1,1,121716,0,0,0,0,0,0,0,0,0,0
2,1,121716,0,0,0,0,0,0,0,0,6,0
1,1,121717,25,25,25,25,25,25,25,25,25,25
1,1,121718,4,4,4,4,4,4,4,4,4,4
1,1,121719,0,0,0,0,0,0,0,0,0,0
1,1,121720,20,20,20,20,20,20,20,20,20,20
2,1,121720,0,0,0,0,0,0,0,0,0,0
0,1,121721,0,0,0,0,0,0,0,0,0,0
1,1,121721,0,0,0,0,0,0,0,0,0,0
1,1,121722,18,18,18,18,18,18,18,18,18,18
1,1,121723,0,0,0,0,0,0,0,0,0,0
2,1,121723,0,0,0,0,0,0,0,0,0,0
1,1,121724,4,9,15,5,0,0,0,0,0,16
1,1,121725,11,11,11,11,11,11,11,11,11,11
0,1,121726,41,35,33,20,7,11,15,0,4,22
1,1,121726,0,0,13,0,0,0,0,0,0,21
0,1,121727,0,0,0,0,0,5,0,0,0,0
1,1,121727,0,0,0,0,0,0,0,0,0,0
1,1,121728,13,13,13,13,13,13,13,13,13,13
1,1,121729,31,31,31,31,31,31,31,31,31,31
1,1,121730,0,0,0,0,8,0,0,0,0,0
1,1,121731,0,0,0,0,0,0,0,0,0,0
2,1,121731,0,0,0,0,0,0,0,0,0,0
0,1,121732,0,0,0,0,0,0,0,0,0,0
1,1,121732,0,0,0,0,0,0,0,0,0,0
1,1,121733,19,19,19,19,19,19,19,19,19,19
1,1,121734,32,32,32,32,32,32,32,32,32,32
0,1,121735,0,0,0,0,0,0,0,0,0,0
1,1,121735,0,0,0,0,0,0,0,0,0,0
1,1,121736,0,0,0,0,0,0,0,0,0,0
2,1,121736,0,0,0,0,0,0,0,0,0,0
1,1,121737,0,16,0,0,0,0,0,0,13,0
0,1,121738,0,0,0,0,0,0,0,0,0,0
1,1,121738,0,0,0,0,0,0,0,0,0,0
1,1,121739,0,0,0,0,0,0,0,0,0,0
1,1,121740,24,24,24,24,24,24,24,24,24,24
1,1,121741,0,0,0,0,0,0,0,0,0,0
1,1,121742,0,0,0,0,0,0,0,0,0,0
0,1,121743,21,21,21,21,21,21,21,21,21,21
1,1,121743,0,0,0,0,0,0,0,0,6,0
0,1,121744,0,13,0,0,0,16,13,0,26,7
1,1,121744,0,18,13,0,0,0,18,0,0,26
0,1,121745,0,0,0,19,0,0,0,0,0,0
1,1,121745,17,0,0,0,0,0,0,0,0,0
1,1,121746,33,33,33,33,33,33,33,33,33,33
2,1,121746,0,0,0,0,0,0,0,0,0,0
1,1,121747,0,0,0,0,0,0,0,0,0,0
2,1,121747,0,0,0,0,0,0,0,0,0,0
0,1,121748,6,0,38,40,0,27,0,0,0,0
1,1,121748,0,0,0,0,0,0,4,0,0,0
0,1,121749,27,27,27,27,27,27,27,27,27,27
1,1,121749,0,0,0,4,0,0,11,0,0,0
0,1,121750,0,0,0,0,0,0,0,0,0,7
1,1,121750,0,0,0,0,0,0,0,0,7,0
1,1,121751,6,6,6,6,6,6,6,6,6,6
2,1,121751,0,0,0,0,0,0,0,0,0,0
1,1,121752,9,9,9,9,9,9,9,9,9,9
1,1,121753,5,5,5,5,5,5,5,5,5,5
0,1,121754,0,0,0,0,0,0,0,0,0,0
1,1,121754,0,0,0,0,0,0,0,0,0,0
1,1,121755,21,4,17,28,15,32,18,11,21,9
1,1,121756,0,0,0,0,0,0,0,0,0,0
1,1,121757,0,0,0,0,0,0,0,0,0,0
1,1,121758,0,0,0,0,0,0,0,0,0,0
0,1,121759,11,11,11,11,11,11,11,11,11,11
1,1,121759,0,0,0,0,0,0,0,0,0,0
1,1,121760,0,0,0,3,0,0,0,0,0,0
1,1,121761,9,9,9,9,9,9,9,9,9,9
2,1,121761,0,0,0,0,0,0,0,0,0,0
0,1,121762,0,0,0,9,0,0,0,0,0,0
1,1,121762,0,0,0,0,0,0,0,0,0,0
1,1,121763,15,15,15,15,15,15,15,15,15,15
1,1,121764,6,6,6,6,6,6,6,6,6,6
2,1,121764,0,0,0,0,0,0,0,0,0,0
1,1,121765,0,0,0,0,0,0,0,0,13,0
2,1,121765,0,0,7,0,0,0,0,5,0,0
1,1,121766,0,0,0,0,0,0,0,0,0,0
2,1,121766,0,0,0,0,0,0,0,0,0,0
3,1,121766,0,0,0,0,0,0,0,0,0,0
1,1,121767,17,17,17,17,17,17,17,17,17,17
0,1,121768,0,0,0,0,0,0,0,0,0,27
1,1,121768,0,0,0,0,0,0,0,0,0,0
1,1,121769,0,0,0,0,0,0,0,0,0,0
2,1,121769,0,0,0,0,0,0,0,0,0,0
1,1,121770,0,0,0,0,0,0,0,0,0,0
1,1,121771,0,0,0,0,0,0,0,0,0,0
0,1,121772,0,0,6,0,0,14,0,0,0,9
1,1,121772,0,0,0,0,0,0,0,0,0,0
1,1,121773,0,0,0,0,0,0,0,0,0,0
2,1,121773,0,0,0,0,0,0,0,0,0,0
1,1,121775,0,0,0,0,0,0,0,0,0,0
1,1,121776,0,0,0,0,0,0,0,0,0,0
2,1,121776,0,0,0,0,0,0,0,0,0,0
1,1,121777,0,0,0,0,0,0,0,0,0,0
0,1,121778,0,0,0,0,0,0,0,0,0,0
1,1,121778,0,0,0,5,0,4,0,0,0,0
1,1,121779,0,0,0,0,0,0,0,0,0,0
2,1,121779,0,0,0,0,0,0,0,0,0,0
3,1,121779,0,0,0,0,0,0,0,0,0,0
0,1,121780,7,0,0,0,16,0,22,7,0,0
1,1,121780,0,0,0,0,0,0,0,0,0,0
1,1,121781,0,28,0,8,0,0,9,0,0,0
1,1,121782,9,0,0,0,0,0,0,0,0,0
2,1,121782,0,0,8,0,0,0,0,0,0,0
1,1,121783,0,0,0,0,0,0,0,0,0,0
1,1,121785,22,22,22,22,22,22,22,22,22,22
0,1,121786,14,0,0,0,0,0,0,16,34,0
1,1,121786,0,0,0,0,0,0,0,0,0,0
1,1,121787,0,0,0,0,0,0,0,0,0,0
2,1,121787,0,0,0,0,0,0,0,0,0,0
1,1,121788,7,7,7,7,7,7,7,7,7,7
1,1,121789,17,17,17,17,17,17,17,17,17,17
2,1,121789,6,6,6,6,6,6,6,6,6,6
0,1,121790,9,0,0,5,21,32,0,0,0,10
1,1,121790,0,0,0,0,0,0,0,0,0,0
1,1,121791,14,14,14,14,14,14,14,14,14,14
0,1,121792,0,0,0,0,0,0,0,0,0,0
1,1,121792,0,0,0,0,9,0,0,0,0,0
1,1,121793,0,0,0,0,0,4,0,0,0,0
2,1,121793,0,0,0,0,0,0,0,0,0,0
1,1,121794,0,0,0,0,24,0,0,0,0,0
1,1,121795,0,0,0,0,0,0,0,0,0,0
2,1,121795,0,0,0,0,0,0,0,0,0,0
1,1,121796,24,24,24,24,24,24,24,24,24,24
1,1,121797,0,0,0,0,0,0,0,0,0,0
0,1,121798,0,0,0,0,0,0,0,0,0,0
1,1,121798,0,0,0,0,0,0,0,0,0,0
1,1,121799,12,12,12,12,12,12,12,12,12,12
2,1,121799,0,0,0,0,0,0,0,0,0,0
1,1,121800,0,0,0,0,0,0,0,0,0,0
2,1,121800,0,0,0,0,0,0,0,0,0,0
0,1,121801,32,32,32,32,32,32,32,32,32,32
1,1,121801,0,0,0,0,0,0,0,0,0,0
0,1,121802,0,0,0,0,0,0,30,0,0,0
0,2,121802,0,0,0,0,11,0,9,0,0,0
1,1,121802,0,0,0,0,0,0,0,0,12,0
1,1,121803,0,0,0,0,0,0,0,0,0,0
2,1,121803,0,0,0,0,0,0,0,0,0,0
1,1,121804,0,0,0,0,0,0,0,0,0,0
2,1,121804,0,0,0,4,0,0,0,0,0,0
1,1,121805,23,23,23,23,23,23,23,23,23,23
2,1,121805,0,0,0,0,0,0,0,0,0,0
3,1,121805,0,0,0,0,0,0,0,0,0,0
1,1,121806,12,12,12,12,12,12,12,12,12,12
1,1,121807,0,0,0,0,0,5,0,0,0,0
2,1,121807,0,0,0,0,0,0,0,0,0,19
1,1,121808,20,20,20,20,20,20,20,20,20,20
2,1,121808,0,0,0,0,0,0,0,0,0,0
1,1,121809,0,0,0,0,0,10,0,0,0,0
1,1,121810,0,0,0,0,0,0,0,18,0,0
1,1,121811,17,17,17,17,17,17,17,17,17,17
0,1,121812,19,19,19,19,19,19,19,19,19,19
1,1,121812,0,0,0,0,0,0,0,0,0,0
1,1,121813,4,4,4,4,4,4,4,4,4,4
2,1,121813,0,0,0,0,0,0,0,0,0,0
1,1,121814,0,0,0,0,0,0,0,0,0,0
0,1,121815,0,10,0,0,0,0,0,16,0,0
1,1,121815,0,0,0,2,0,0,0,0,7,0
1,1,121816,28,28,28,28,28,28,28,28,28,28
0,1,121817,15,15,15,15,15,15,15,15,15,15
1,1,121817,0,0,0,0,0,0,0,0,9,0
1,1,121818,0,0,0,0,0,0,0,0,0,0
2,1,121818,0,0,0,0,0,0,0,0,0,0
1,1,121820,30,30,30,30,30,30,30,30,30,30
2,1,121820,0,0,0,0,0,0,0,0,0,0
1,1,121821,25,25,25,25,25,25,25,25,25,25
1,1,121822,16,16,16,16,16,16,16,16,16,16
2,1,121822,0,23,0,0,0,0,0,7,4,2
1,1,121823,0,0,0,0,0,0,0,0,0,0
2,1,121823,15,15,15,15,15,15,15,15,15,15
1,1,121824,0,0,0,0,0,0,11,0,0,0
2,1,121824,0,0,0,0,0,0,0,0,0,0
1,1,121825,0,0,0,15,0,0,11,20,0,0
1,1,121826,16,16,16,16,16,16,16,16,16,16
1,1,121827,30,30,30,30,30,30,30,30,30,30
1,1,121828,16,16,16,16,16,16,16,16,16,16
1,1,121829,0,0,0,0,0,0,0,0,0,0
1,1,121830,0,0,0,0,0,0,0,0,0,0
2,1,121830,0,0,0,0,0,0,0,0,0,0
1,1,121832,0,0,0,0,0,0,0,0,0,0
2,1,121832,0,0,0,0,0,0,0,0,0,0
1,1,121833,23,23,23,23,23,23,23,23,23,23
1,1,121834,7,7,7,7,7,7,7,7,7,7
1,1,121835,0,0,0,0,0,0,0,0,0,0
1,1,121836,0,0,0,0,0,0,0,0,0,0
1,1,121837,0,0,0,0,0,0,0,0,0,0
2,1,121837,0,0,0,0,0,0,0,0,0,0
1,1,121838,23,23,23,23,23,23,23,23,23,23
1,1,121839,0,0,0,0,0,0,0,12,0,0
2,1,121839,0,0,0,0,0,0,0,0,0,0
0,1,121840,0,0,0,0,0,0,0,0,0,0
0,2,121840,0,0,0,0,0,0,0,0,0,0
1,1,121840,0,0,0,0,0,0,0,13,0,0
1,1,121841,0,0,0,0,0,0,0,0,0,0
2,1,121841,0,0,0,0,0,0,0,0,0,0
0,1,121842,0,0,0,0,0,0,0,0,20,0
1,1,121842,0,0,0,0,0,0,0,0,0,0
1,1,121843,10,0,0,0,0,0,16,30,13,0
2,1,121843,0,0,0,0,0,0,0,0,0,0
3,1,121843,0,0,0,0,0,0,0,0,0,0
0,1,121845,33,33,33,33,33,33,33,33,33,33
1,1,121845,0,0,0,0,0,16,0,0,0,11
1,1,121846,0,0,0,0,0,0,0,0,0,0
0,1,121847,0,0,0,0,0,0,0,0,0,0
1,1,121847,0,0,0,0,0,0,0,0,0,0
1,1,121848,0,0,0,0,0,0,0,0,0,0
0,1,121850,0,0,0,0,0,0,0,0,6,0
1,1,121850,0,0,0,0,0,0,0,9,0,0
1,1,121851,0,0,0,0,18,0,0,0,0,0
0,1,121852,0,0,0,0,0,0,0,0,0,0
1,1,121852,0,0,0,0,0,0,0,0,0,0
0,1,121853,0,0,0,0,0,0,0,14,0,0
1,1,121853,0,0,0,0,0,0,0,0,0,0
0,1,121854,0,0,0,0,0,5,0,14,7,6
1,1,121854,0,0,0,0,0,0,0,0,0,0
0,1,121855,0,0,0,0,0,0,4,0,14,0
1,1,121855,0,0,0,0,0,0,0,0,27,0
2,1,121855,0,0,0,0,0,0,0,0,0,0
0,1,121856,0,0,0,15,26,0,0,0,0,0
1,1,121856,0,0,0,0,0,0,0,0,0,0
1,1,121857,0,0,0,0,0,0,0,0,0,0
0,1,121858,14,0,9,17,0,14,0,9,29,0
1,1,121858,0,0,0,0,7,0,0,0,0,0
1,1,121859,0,0,0,0,0,0,0,0,0,0
2,1,121859,0,0,15,0,0,0,0,0,0,0
1,1,121860,26,26,26,26,26,26,26,26,26,26
1,1,121861,17,17,17,17,17,17,17,17,17,17
1,1,121862,0,0,0,0,0,0,0,0,0,0
2,1,121862,13,0,0,0,0,0,0,0,0,0
1,1,121863,12,12,12,12,12,12,12,12,12,12
1,1,121864,0,0,0,0,0,0,0,0,0,0
2,1,121864,9,0,0,0,0,0,0,0,0,0
1,1,121865,15,15,15,15,15,15,15,15,15,15
1,1,121866,25,25,25,25,25,25,25,25,25,25
2,1,121866,0,0,0,0,0,0,0,0,0,0
0,1,121867,24,24,24,24,24,24,24,24,24,24
1,1,121867,0,0,21,0,0,7,0,4,0,3
1,1,121868,15,15,15,15,15,15,15,15,15,15
2,1,121868,0,0,0,0,0,0,0,0,10,15
1,1,121869,10,10,10,10,10,10,10,10,10,10
2,1,121869,0,0,0,0,0,0,0,0,0,0
3,1,121869,0,0,0,0,0,0,0,0,0,0
0,1,121870,0,0,0,0,0,0,0,0,0,0
1,1,121870,0,0,6,0,0,0,0,0,0,0
1,1,121871,0,0,0,0,0,0,0,0,0,0
2,1,121871,0,0,0,0,0,0,0,0,0,0
0,1,121872,0,0,0,0,0,0,0,0,0,0
1,1,121872,0,0,0,0,0,0,0,0,0,0
1,1,121873,0,0,0,0,0,0,0,0,0,0
2,1,121873,20,20,20,20,20,20,20,20,20,20
0,1,121874,3,3,3,3,3,3,3,3,3,3
0,2,121874,21,21,21,21,21,21,21,21,21,21
1,1,121874,10,10,10,10,10,10,10,10,10,10
0,1,121875,25,25,25,25,25,25,25,25,25,25
1,1,121875,0,0,0,0,0,0,0,0,0,0
1,1,121876,0,0,0,0,0,0,0,0,0,0
2,1,121876,0,0,0,0,0,0,0,0,0,0
1,1,121877,25,25,25,25,25,25,25,25,25,25
1,1,121878,0,0,0,0,0,0,0,0,0,0
2,1,121878,0,0,0,0,0,0,0,0,0,0
1,1,121879,0,0,0,0,0,0,0,0,0,0
1,1,121880,0,0,7,0,0,0,0,0,0,0
1,1,121881,0,12,0,20,10,0,13,0,0,0
2,1,121881,35,0,16,0,0,0,0,0,0,26
3,1,121881,0,0,0,0,0,0,0,0,0,0
4,1,121881,0,0,0,0,0,0,0,0,0,0
0,1,121883,0,0,0,0,0,0,0,0,0,0
1,1,121883,0,0,14,0,0,0,0,0,10,0
2,1,121883,0,0,0,0,0,0,0,0,0,0
3,1,121883,0,0,0,0,0,0,0,0,0,0
1,1,121884,5,5,5,5,5,5,5,5,5,5
2,1,121884,0,0,0,5,0,0,0,0,0,0
1,1,121885,0,0,0,0,0,0,0,0,0,0
2,1,121885,0,0,0,0,0,0,0,0,0,0
0,1,121886,0,0,0,0,0,0,0,0,0,0
1,1,121886,0,0,8,7,0,6,0,0,0,16
1,1,121887,0,0,0,0,0,0,0,0,0,0
2,1,121887,5,5,5,5,5,5,5,5,5,5
0,1,121888,22,22,22,22,22,22,22,22,22,22
1,1,121888,0,0,0,0,0,0,0,0,0,0
0,1,121889,12,12,12,12,12,12,12,12,12,12
1,1,121889,0,0,0,0,0,0,0,0,0,0
1,1,121890,0,0,0,0,0,0,0,0,0,0
2,1,121890,0,0,0,0,0,0,0,0,0,0
0,1,121891,0,0,0,0,0,0,0,0,0,0
1,1,121891,0,0,0,0,0,5,0,0,0,0
0,1,121892,28,28,28,28,28,28,28,28,28,28
1,1,121892,0,0,0,0,0,0,0,0,0,0
1,1,121893,17,17,17,17,17,17,17,17,17,17
0,1,121894,0,0,0,0,0,0,0,0,0,0
1,1,121894,0,0,0,0,0,0,0,0,0,0
2,1,121894,0,0,0,0,0,0,0,0,0,0
0,1,121895,0,0,0,0,0,0,0,0,0,0
1,1,121895,0,0,19,0,0,0,0,0,0,0
1,1,121897,23,23,23,23,23,23,23,23,23,23
1,1,121898,0,0,0,0,0,0,0,0,0,8
2,1,121898,0,0,0,0,0,0,0,0,0,0
3,1,121898,0,0,0,0,0,0,0,0,0,0
1,1,121899,0,0,0,0,0,0,0,0,0,0
2,1,121899,0,0,0,0,0,0,0,0,0,0
0,1,121900,0,0,0,0,0,0,0,0,0,0
1,1,121900,0,0,0,0,0,0,0,0,15,0
1,1,121901,0,0,0,0,19,0,15,0,21,34
2,1,121901,2,2,2,2,2,2,2,2,2,2
3,1,121901,0,0,0,0,0,0,0,0,0,0
0,1,121902,0,0,0,0,0,31,0,0,13,0
1,1,121902,0,3,0,0,0,0,0,0,0,3
1,1,121903,0,0,0,0,0,0,0,0,0,0
2,1,121903,0,0,0,0,0,0,0,0,0,0
3,1,121903,0,0,0,0,0,0,0,0,0,0
0,1,121904,11,11,11,11,11,11,11,11,11,11
1,1,121904,0,0,0,0,6,0,0,0,0,0
1,1,121905,29,0,0,0,20,0,0,0,14,19
1,1,121906,0,0,8,0,0,0,0,0,0,0
1,1,121907,0,0,0,0,0,0,0,0,0,0
1,1,121908,0,0,0,0,0,0,0,0,0,0
2,1,121908,17,0,0,0,0,0,0,0,0,0
0,1,121909,25,25,25,25,25,25,25,25,25,25
1,1,121909,7,0,0,0,0,0,0,0,0,0
1,1,121910,0,0,0,0,9,0,0,0,0,0
1,1,121911,0,0,0,0,0,0,0,0,0,0
2,1,121911,0,0,0,0,0,0,0,0,0,0
1,1,121912,6,47,15,0,8,14,22,11,0,12
0,1,121913,0,21,11,0,0,0,0,19,40,9
1,1,121913,12,6,9,6,7,15,0,0,25,25
1,1,121914,0,14,0,0,0,0,15,0,0,16
2,1,121914,7,0,0,0,0,18,0,0,0,0
1,1,121915,0,0,0,0,0,11,0,0,0,0
1,1,121916,0,0,0,0,0,0,0,0,0,0
2,1,121916,0,0,0,0,0,0,0,0,0,0
3,1,121916,0,0,0,5,10,0,12,0,15,0
0,1,121917,5,5,5,5,5,5,5,5,5,5
1,1,121917,4,0,26,9,0,0,0,0,0,4
1,1,121918,20,20,20,20,20,20,20,20,20,20
0,1,121919,0,0,0,0,0,0,0,0,0,0
1,1,121919,0,0,0,16,0,0,0,0,0,0
1,1,121920,17,0,0,0,0,0,0,0,0,0
1,1,121921,0,0,0,0,0,0,0,0,0,0
0,1,121922,0,0,0,0,0,0,0,0,0,0
1,1,121922,0,0,0,0,0,0,0,0,0,0
1,1,121923,0,0,0,0,0,0,0,0,0,0
1,1,121924,0,0,0,0,0,0,0,0,0,0
0,1,121925,0,16,7,19,0,0,0,0,0,0
1,1,121925,0,0,0,0,0,0,0,0,0,0
0,1,121926,0,0,0,0,6,0,0,0,0,0
1,1,121926,8,8,8,8,8,8,8,8,8,8
1,1,121927,0,0,0,0,0,0,0,0,0,0
1,1,121928,0,0,0,0,0,0,0,0,0,0
2,1,121928,0,0,0,0,0,21,0,0,0,0
3,1,121928,0,0,0,0,0,0,0,0,0,7
1,1,121929,0,0,5,0,0,9,0,0,0,0
2,1,121929,0,0,0,0,0,0,0,0,0,0
0,1,121930,0,0,0,9,0,0,8,0,0,0
1,1,121930,0,0,0,0,0,0,0,0,0,0
0,1,121931,13,13,13,13,13,13,13,13,13,13
1,1,121931,0,0,0,0,0,0,0,0,0,0
1,1,121932,0,0,0,0,0,0,0,0,0,0
0,1,121933,0,0,0,0,0,0,0,0,0,0
1,1,121933,0,11,0,0,0,0,0,0,13,0
1,1,121934,0,0,0,0,0,0,0,0,0,0
2,1,121934,0,0,0,0,0,0,0,0,0,0
3,1,121934,0,0,0,0,0,0,0,0,0,0
1,1,121935,18,18,18,18,18,18,18,18,18,18
2,1,121935,4,46,0,0,0,0,17,21,0,9
1,1,121936,0,0,0,0,0,0,0,0,0,0
0,1,121937,0,0,7,0,0,0,14,8,0,0
1,1,121937,0,0,0,0,0,0,0,0,0,0
0,1,121938,0,0,0,0,0,0,0,0,0,0
1,1,121938,0,4,0,0,0,0,0,0,0,0
0,1,121939,25,25,25,25,25,25,25,25,25,25
1,1,121939,0,0,0,0,0,0,0,0,0,0