VEH_NO,PER_NO,ST_CASE,P1,P2,P3,P4,P5,P6,P7,P8,P9,P10
1,1,121940,0,0,0,0,0,0,0,0,0,0
2,1,121940,0,0,7,0,0,0,0,0,0,0
0,1,121941,0,0,0,0,0,0,0,0,0,0
1,1,121941,0,0,0,0,0,0,20,0,7,0
0,1,121942,0,0,0,0,0,0,0,0,0,0
1,1,121942,6,5,0,0,0,0,10,0,0,0
1,1,121943,21,21,21,21,21,21,21,21,21,21
0,1,121944,0,0,0,0,0,0,0,0,0,0
1,1,121944,0,0,0,0,7,0,0,0,0,0
1,1,121945,0,0,0,0,0,0,0,0,0,0
1,1,121946,0,0,0,0,0,0,0,0,0,0
2,1,121946,0,0,0,0,0,0,0,0,0,0
1,1,121947,0,0,0,0,0,0,0,0,0,0
2,1,121947,0,0,0,0,0,13,7,0,0,0
0,1,121948,35,35,35,35,35,35,35,35,35,35
1,1,121948,0,0,0,0,0,10,0,0,0,0
1,1,121949,17,17,17,17,17,17,17,17,17,17
0,1,121950,25,25,25,25,25,25,25,25,25,25
1,1,121950,20,20,20,20,20,20,20,20,20,20
1,1,121951,25,25,25,25,25,25,25,25,25,25
2,1,121951,0,0,0,0,0,0,0,0,0,0
1,1,121952,20,20,20,20,20,20,20,20,20,20
1,1,121953,0,0,0,0,0,0,0,0,0,0
2,1,121953,12,12,12,12,12,12,12,12,12,12
3,1,121953,0,0,0,10,0,0,0,0,0,0
1,1,121954,0,0,0,0,0,0,0,0,0,0
2,1,121954,0,0,0,0,0,0,0,8,0,0
1,1,121955,0,0,0,0,0,0,0,0,0,0
2,1,121955,0,0,0,0,0,0,0,0,0,0
0,1,121956,0,0,0,0,0,0,0,0,0,0
1,1,121956,0,0,0,0,0,0,0,0,0,0
1,1,121957,0,28,0,0,0,0,0,0,0,0
2,1,121957,0,0,0,0,0,0,0,0,0,0
1,1,121958,26,26,26,26,26,26,26,26,26,26
1,1,121960,0,0,0,0,0,0,0,0,0,0
2,1,121960,7,0,0,0,0,14,9,0,0,0
1,1,121961,26,26,26,26,26,26,26,26,26,26
1,1,121962,21,21,21,21,21,21,21,21,21,21
1,1,121963,0,0,0,0,5,15,0,0,15,0
2,1,121963,0,0,0,0,0,0,0,0,0,0
1,1,121964,1,1,1,1,1,1,1,1,1,1
1,1,121967,0,26,0,0,0,0,0,0,0,0
2,1,121967,4,9,0,0,0,0,0,0,0,0
0,1,121968,0,0,0,36,0,8,26,0,0,0
1,1,121968,0,0,0,0,22,0,0,0,0,0
0,1,121969,12,12,12,12,12,12,12,12,12,12
1,1,121969,0,0,0,0,0,0,0,0,0,0
2,1,121969,15,0,0,0,0,0,0,0,0,0
0,1,121970,7,7,7,7,7,7,7,7,7,7
1,1,121970,0,0,0,0,0,0,0,0,0,0
1,1,121971,30,30,30,30,30,30,30,30,30,30
1,1,121972,0,0,0,0,0,0,0,0,0,0
1,1,121973,0,0,0,0,0,0,0,0,0,0
2,1,121973,10,10,10,10,10,10,10,10,10,10
0,1,121974,6,6,6,6,6,6,6,6,6,6
1,1,121974,7,0,0,0,0,0,0,0,0,6
0,1,121975,15,15,15,15,15,15,15,15,15,15
1,1,121975,0,0,0,0,0,0,0,0,0,0
1,1,121976,1,1,1,1,1,1,1,1,1,1
1,1,121977,12,12,12,12,12,12,12,12,12,12
2,1,121977,0,0,0,0,0,0,0,0,0,0
1,1,121978,22,22,22,22,22,22,22,22,22,22
2,1,121978,0,0,0,0,0,0,0,0,0,0
0,1,121980,0,0,0,0,0,0,0,0,0,0
1,1,121980,0,0,0,0,0,0,0,0,0,0
0,1,121981,16,16,16,16,16,16,16,16,16,16
1,1,121981,0,0,0,0,0,0,0,0,0,0
0,1,121982,0,0,0,0,0,0,0,0,0,0
1,1,121982,0,0,0,0,0,0,0,0,0,0
1,1,121983,21,21,21,21,21,21,21,21,21,21
2,1,121983,0,0,0,0,0,0,0,0,0,0
1,1,121984,0,0,0,0,0,0,0,0,0,0
1,1,121985,19,19,19,19,19,19,19,19,19,19
2,1,121985,0,0,0,0,0,0,0,0,0,0
1,1,121986,0,0,0,0,0,0,0,0,0,0
1,1,121987,0,0,0,0,0,0,0,0,0,0
2,1,121987,0,0,0,0,0,0,0,0,0,0
1,1,121988,0,0,0,0,0,0,0,0,0,0
1,1,121989,0,0,0,0,0,0,0,0,0,0
1,1,121990,0,0,0,0,0,0,0,0,0,0
2,1,121990,0,0,0,0,0,0,0,0,0,0
1,1,121991,0,0,0,0,0,0,0,0,0,0
0,1,121992,0,0,0,0,0,0,0,0,0,0
1,1,121992,0,0,0,0,0,0,0,0,0,0
0,1,121993,30,30,30,30,30,30,30,30,30,30
1,1,121993,0,0,0,0,0,0,11,0,0,0
1,1,121994,0,0,0,0,0,0,0,0,0,0
2,1,121994,0,0,0,0,0,0,0,0,0,0
1,1,121995,0,0,0,0,0,0,0,0,0,0
2,1,121995,0,0,0,0,11,0,0,0,0,0
3,1,121995,0,0,0,0,0,11,0,13,0,0
1,1,121996,0,0,0,0,0,0,0,0,0,0
2,1,121996,0,0,0,0,0,0,0,0,0,0
3,1,121996,0,0,0,0,0,0,0,0,0,0
1,1,121997,6,6,6,6,6,6,6,6,6,6
2,1,121997,0,0,0,0,0,0,0,0,0,0
1,1,121998,0,0,0,0,0,0,0,0,0,0
1,1,121999,0,0,19,0,0,0,0,0,0,0
2,1,121999,0,6,0,0,0,0,0,0,0,0
0,1,122000,0,0,0,0,0,0,0,0,0,0
1,1,122000,37,0,0,0,0,0,0,0,0,0
0,1,122001,0,0,0,0,0,0,0,0,0,0
0,2,122001,0,0,0,0,0,0,0,0,0,0
0,3,122001,0,0,0,14,0,0,0,0,0,0
1,1,122001,16,16,16,16,16,16,16,16,16,16
1,1,122002,14,14,14,14,14,14,14,14,14,14
1,1,122003,0,0,0,0,0,0,0,0,0,0
1,1,122004,17,17,17,17,17,17,17,17,17,17
1,1,122005,0,0,0,0,0,0,0,0,0,0
1,1,122006,0,0,0,0,0,0,0,0,0,0
1,1,122007,0,0,0,0,0,0,0,0,0,0
1,1,122008,0,0,0,0,0,0,0,0,0,0
0,1,122009,14,14,14,14,14,14,14,14,14,14
1,1,122009,0,0,0,0,0,0,0,0,0,6
1,1,122010,17,17,17,17,17,17,17,17,17,17
2,1,122010,7,7,7,7,7,7,7,7,7,7
1,1,122011,0,13,0,11,0,9,7,25,0,0
1,1,122012,0,0,0,8,11,0,0,0,0,7
2,1,122012,0,0,0,0,0,0,0,0,0,0
1,1,122013,0,18,0,0,0,0,0,5,0,0
0,1,122014,36,36,36,36,36,36,36,36,36,36
1,1,122014,0,0,0,0,0,0,0,0,0,0
0,1,122015,0,0,0,0,0,0,0,0,0,0
1,1,122015,0,0,0,0,0,0,0,0,0,0
1,1,122016,37,37,37,37,37,37,37,37,37,37
2,1,122016,0,0,0,0,0,0,0,0,0,0
1,1,122017,13,13,13,13,13,13,13,13,13,13
1,1,122018,18,18,18,18,18,18,18,18,18,18
2,1,122018,0,0,0,0,0,0,0,0,4,0
1,1,122019,2,2,2,2,2,2,2,2,2,2
2,1,122019,0,0,0,0,0,0,0,0,0,0
1,1,122020,0,0,0,0,0,0,0,0,0,0
2,1,122020,0,0,0,0,0,0,0,0,0,0
0,1,122021,29,29,29,29,29,29,29,29,29,29
1,1,122021,0,0,0,0,0,0,0,0,0,9
1,1,122022,5,8,0,0,10,13,0,0,11,0
0,1,122023,0,0,0,0,0,11,0,0,12,0
1,1,122023,0,0,0,0,0,0,0,0,0,0
1,1,122024,16,16,16,16,16,16,16,16,16,16
1,1,122025,0,0,0,0,0,0,0,0,0,0
0,1,122026,31,31,31,31,31,31,31,31,31,31
1,1,122026,0,0,0,0,0,0,0,0,0,0
0,1,122027,0,0,0,0,0,0,0,0,0,0
1,1,122027,0,0,0,0,0,0,0,8,0,0
0,1,122028,0,0,0,0,0,0,0,0,0,0
1,1,122028,0,0,0,0,0,0,0,0,0,0
1,1,122029,0,0,0,0,0,0,0,0,0,0
0,1,122030,22,22,22,22,22,22,22,22,22,22
1,1,122030,0,0,0,0,0,0,0,0,0,0
1,1,122031,12,12,12,12,12,12,12,12,12,12
2,1,122031,0,0,0,0,0,0,0,0,0,0
1,1,122032,0,0,0,0,0,0,0,0,0,0
0,1,122033,0,0,0,0,0,0,0,0,0,0
1,1,122033,0,0,0,0,0,0,0,0,0,0
0,1,122034,0,0,0,0,0,0,0,0,0,0
0,2,122034,0,26,0,0,0,8,0,19,20,50
1,1,122034,13,0,0,0,0,0,0,0,0,0
0,1,122036,0,0,0,0,0,0,0,23,0,0
1,1,122036,0,0,0,0,0,0,12,0,24,0
1,1,122037,0,0,0,0,0,0,0,0,0,0
1,1,122038,0,0,0,0,0,0,0,0,0,0
1,1,122039,0,0,0,0,0,0,0,0,0,0
2,1,122039,5,0,0,0,0,0,0,0,0,0
1,1,122040,9,9,9,9,9,9,9,9,9,9
2,1,122040,0,9,0,0,0,0,0,0,0,0
3,1,122040,0,3,0,0,0,0,0,0,0,0
4,1,122040,0,0,0,0,0,0,0,0,0,0
1,1,122041,0,0,0,0,0,0,0,0,0,0
1,1,122042,0,0,0,0,0,0,0,0,0,0
1,1,122043,0,0,0,0,0,0,0,0,0,0
2,1,122043,0,0,0,0,0,0,0,0,0,0
1,1,122044,0,0,0,0,0,0,0,0,0,0
0,1,122045,0,0,0,0,0,0,0,0,0,0
1,1,122045,0,0,0,0,0,0,0,0,0,0
1,1,122046,0,0,0,0,0,0,0,0,0,0
1,1,122047,0,0,0,0,0,0,0,0,0,0
2,1,122047,0,0,0,0,0,0,0,0,0,0
3,1,122047,0,0,0,0,0,0,0,0,0,0
0,1,122048,5,5,5,5,5,5,5,5,5,5
1,1,122048,27,0,0,0,0,0,0,0,0,0
1,1,122049,0,0,0,0,0,0,0,0,0,0
2,1,122049,0,0,0,0,0,0,0,0,0,0
1,1,122050,0,0,0,0,0,0,0,0,0,0
2,1,122050,0,0,0,0,0,0,0,0,0,0
3,1,122050,0,0,0,0,0,0,13,0,0,5
1,1,122051,0,0,0,0,0,0,0,0,0,0
2,1,122051,0,0,0,0,0,0,0,0,0,0
1,1,122052,0,0,0,0,0,0,0,0,0,0
2,1,122052,1,1,1,1,1,1,1,1,1,1
1,1,122053,6,0,0,0,0,0,0,0,0,0
2,1,122053,0,0,0,0,0,0,0,0,0,0
0,1,122054,0,0,0,0,0,0,0,0,0,0
1,1,122054,0,0,0,0,0,0,0,0,0,0
0,1,122056,20,20,20,20,20,20,20,20,20,20
1,1,122056,0,0,0,0,0,0,0,0,0,0
1,1,122058,0,0,21,0,0,0,0,0,0,0
2,1,122058,0,0,0,0,0,0,0,0,0,0
1,1,122059,0,0,0,0,0,0,0,0,0,0
0,1,122060,26,35,22,19,19,23,37,14,6,11
1,1,122060,0,0,0,0,0,0,5,0,33,0
1,1,122061,0,0,0,0,0,0,0,0,0,0
2,1,122061,0,0,0,0,0,0,0,0,0,0
0,1,122062,13,13,13,13,13,13,13,13,13,13
1,1,122062,0,0,0,0,0,0,0,0,0,0
1,1,122063,0,0,0,0,0,0,0,0,0,0
2,1,122063,0,0,0,0,0,0,0,0,0,0
0,1,122064,0,0,0,0,0,0,0,0,0,0
0,2,122064,0,0,0,0,0,0,0,0,0,0
1,1,122064,0,0,0,0,0,0,0,0,0,0
1,1,122065,25,25,25,25,25,25,25,25,25,25
2,1,122065,3,3,3,3,3,3,3,3,3,3
1,1,122066,0,0,0,0,0,0,0,0,0,0
2,1,122066,0,0,26,0,0,0,0,0,0,0
0,1,122067,18,24,13,22,12,21,12,0,18,0
1,1,122067,0,0,0,0,17,0,24,0,0,12
0,1,122068,0,0,0,0,0,0,0,0,0,0
1,1,122068,0,0,0,0,0,0,0,0,0,0
1,1,122069,0,0,0,0,0,0,0,0,0,0
2,1,122069,0,0,0,0,0,0,0,0,0,0
1,1,122070,0,0,0,0,0,0,0,0,0,0
1,1,122071,0,0,0,0,0,0,0,0,0,0
1,1,122072,0,0,0,0,23,10,6,0,0,8
2,1,122072,0,0,0,0,0,0,0,0,0,0
3,1,122072,0,0,0,0,0,0,0,0,0,0
0,1,122073,0,0,0,0,0,0,0,0,0,0
1,1,122073,0,0,0,0,0,0,0,0,11,0
1,1,122074,0,0,0,20,0,0,0,0,0,0
2,1,122074,0,0,0,0,0,0,0,0,0,0
0,1,122075,0,0,0,0,0,0,0,0,0,0
1,1,122075,0,0,0,0,0,0,0,0,0,0
0,1,122076,15,15,15,15,15,15,15,15,15,15
1,1,122076,0,0,0,0,0,0,0,0,0,0
0,1,122077,0,0,0,0,0,0,0,0,0,0
1,1,122077,0,0,0,0,0,0,0,0,0,0
1,1,122078,0,0,0,0,0,0,0,0,7,0
2,1,122078,0,0,0,0,0,0,0,0,0,0
3,1,122078,7,0,0,8,0,0,0,0,0,0
4,1,122078,0,0,0,0,0,0,0,0,0,0
5,1,122078,0,6,0,7,4,0,0,0,0,0
0,1,122079,32,32,32,32,32,32,32,32,32,32
1,1,122079,0,0,0,0,0,0,0,0,0,0
1,1,122080,0,0,0,0,0,0,0,0,0,0
0,1,122081,0,0,0,0,0,0,0,0,0,0
1,1,122081,14,14,14,14,14,14,14,14,14,14
1,1,122082,8,8,8,8,8,8,8,8,8,8
1,1,122083,4,4,4,4,4,4,4,4,4,4
1,1,122084,0,0,0,0,0,0,0,0,0,0
2,1,122084,0,0,0,0,0,0,0,0,0,0
1,1,122085,0,0,0,0,0,0,0,0,0,0
2,1,122085,10,10,10,10,10,10,10,10,10,10
0,1,122086,0,0,0,0,0,0,0,0,0,4
1,1,122086,0,0,0,0,0,0,0,0,0,0
1,1,122088,0,0,0,0,0,0,0,0,0,0
2,1,122088,0,0,0,0,0,0,0,0,0,0
1,1,122089,0,0,0,0,0,0,0,0,0,0
2,1,122089,0,0,0,0,0,0,0,0,0,0
1,1,122090,0,0,0,0,0,0,0,0,0,0
1,1,122091,23,23,23,23,23,23,23,23,23,23
2,1,122091,0,0,0,0,0,0,0,0,0,0
1,1,122092,4,4,4,4,4,4,4,4,4,4
1,1,122093,0,0,0,0,0,0,0,0,0,0
2,1,122093,0,0,0,0,0,0,0,0,0,0
1,1,122094,0,0,0,0,0,0,0,0,0,0
2,1,122094,0,0,0,0,0,0,0,0,0,0
3,1,122094,0,0,0,0,0,0,0,0,0,0
1,1,122095,0,0,0,0,0,0,0,0,0,0
2,1,122095,0,0,0,0,0,0,0,0,0,0
3,1,122095,0,0,0,3,0,0,0,0,12,0
1,1,122096,19,19,19,19,19,19,19,19,19,19
1,1,122097,0,0,0,8,0,13,0,0,0,0
2,1,122097,0,0,15,0,0,0,0,0,14,0
1,1,122098,0,0,0,0,0,0,0,0,0,0
2,1,122098,0,0,0,0,0,0,0,0,0,0
1,1,122099,0,0,0,0,0,0,0,0,0,0
0,1,122100,0,0,0,0,0,0,0,0,0,0
0,2,122100,0,0,0,0,0,0,31,0,0,0
1,1,122100,0,0,0,0,0,25,0,0,0,0
0,1,122101,24,0,0,0,0,0,0,9,0,22
1,1,122101,20,20,20,20,20,20,20,20,20,20
0,1,122102,0,0,0,0,0,0,0,0,6,0
1,1,122102,0,0,0,0,0,0,0,0,0,0
0,1,122103,2,2,2,2,2,2,2,2,2,2
1,1,122103,0,0,0,0,0,0,0,0,0,0
1,1,122104,0,0,0,0,0,0,0,0,0,0
2,1,122104,0,0,0,0,0,0,0,0,0,0
0,1,122105,0,15,0,24,10,0,0,0,0,0
1,1,122105,0,0,5,4,11,13,0,0,0,0
1,1,122106,16,16,16,16,16,16,16,16,16,16
1,1,122107,29,29,29,29,29,29,29,29,29,29
1,1,122108,9,0,0,0,21,15,8,0,0,0
2,1,122108,0,0,0,0,0,0,0,0,0,0
1,1,122109,15,15,15,15,15,15,15,15,15,15
0,1,122110,19,19,19,19,19,19,19,19,19,19
1,1,122110,0,10,0,0,0,0,0,0,0,0
1,1,122111,6,6,6,6,6,6,6,6,6,6
1,1,122112,0,0,0,0,0,0,0,0,0,0
2,1,122112,0,0,0,0,0,0,0,0,0,0
1,1,122113,16,16,16,16,16,16,16,16,16,16
1,1,122114,0,0,0,0,0,0,0,0,0,0
0,1,122115,0,0,0,0,0,0,0,0,0,0
1,1,122115,0,0,10,0,0,0,0,0,0,0
1,1,122116,30,30,30,30,30,30,30,30,30,30
1,1,122117,0,0,7,8,10,0,17,6,0,0
2,1,122117,0,0,0,0,0,0,0,0,0,0
1,1,122118,0,0,0,0,0,0,0,0,0,0
2,1,122118,0,0,0,0,0,0,0,0,0,0
1,1,122119,0,0,0,0,0,0,0,0,0,0
2,1,122119,0,0,17,0,0,0,0,0,0,0
1,1,122120,39,39,39,39,39,39,39,39,39,39
2,1,122120,0,0,0,0,12,0,0,0,0,0
3,1,122120,0,0,0,0,0,0,0,0,0,0
1,1,122121,6,0,0,0,0,0,0,0,0,0
1,1,122122,0,11,0,0,0,0,0,0,0,0
2,1,122122,0,0,0,0,2,13,0,0,0,0
1,1,122123,0,0,0,0,0,0,0,0,0,0
2,1,122123,0,0,0,0,0,0,0,0,0,0
1,1,122124,14,14,14,14,14,14,14,14,14,14
1,1,122125,10,10,10,10,10,10,10,10,10,10
2,1,122125,0,0,0,0,0,0,0,0,0,0
0,1,122126,21,21,21,21,21,21,21,21,21,21
1,1,122126,0,0,0,0,0,0,0,0,0,0
1,1,122128,9,9,9,9,9,9,9,9,9,9
1,1,122129,9,9,9,9,9,9,9,9,9,9
1,1,122130,0,0,0,0,0,0,0,0,0,0
2,1,122130,0,0,0,0,0,0,0,0,0,0
1,1,122131,0,0,0,0,0,0,0,0,0,0
2,1,122131,0,0,0,0,0,0,0,0,0,0
1,1,122132,0,0,0,0,0,0,0,0,0,0
1,1,122133,14,14,14,14,14,14,14,14,14,14
1,1,122134,8,8,8,8,8,8,8,8,8,8
1,1,122135,18,18,18,18,18,18,18,18,18,18
0,1,122136,0,0,0,0,0,0,0,0,0,0
1,1,122136,0,0,0,0,0,0,0,0,0,0
1,1,122137,0,0,0,0,0,0,0,0,0,0
2,1,122137,0,0,0,0,0,0,0,0,0,0
1,1,122138,14,14,14,14,14,14,14,14,14,14
1,1,122139,0,0,8,17,0,11,11,0,22,24
2,1,122139,0,8,0,0,0,0,0,0,0,0
1,1,122140,0,0,0,0,0,0,0,0,0,0
2,1,122140,0,0,0,0,0,0,0,0,0,0
3,1,122140,0,0,0,0,0,0,0,0,0,0
1,1,122141,0,0,0,0,0,0,0,10,0,0
1,1,122142,0,34,0,0,14,12,0,0,0,12
2,1,122142,10,0,0,0,0,0,0,12,0,0
0,1,122143,0,0,0,23,0,0,0,0,28,0
1,1,122143,0,0,0,1,0,0,0,0,0,0
1,1,122144,15,15,15,15,15,15,15,15,15,15
2,1,122144,0,0,0,0,0,0,0,0,0,0
3,1,122144,0,0,0,0,0,0,0,0,0,0
1,1,122145,0,0,6,0,0,0,0,0,0,0
1,1,122146,0,27,0,0,0,0,0,0,0,0
1,1,122147,0,0,0,0,0,0,0,0,0,0
2,1,122147,0,0,0,0,0,0,0,0,0,0
0,1,122148,0,0,0,0,0,0,0,0,0,0
1,1,122148,16,0,0,10,0,0,0,0,0,0
1,1,122149,0,0,0,0,0,0,0,0,0,0
0,1,122151,0,0,0,0,0,0,0,0,0,0
1,1,122151,0,0,0,0,0,0,0,0,0,0
1,1,122152,0,18,11,0,21,5,16,7,18,0
1,1,122153,0,0,0,0,0,0,0,0,0,0
2,1,122153,0,0,0,0,0,0,0,0,0,0
0,1,122154,31,0,18,26,16,21,16,0,17,0
1,1,122154,15,0,0,0,0,14,0,0,6,0
1,1,122155,0,0,0,0,0,0,0,0,0,0
1,1,122157,0,6,0,0,0,17,9,18,0,14
2,1,122157,0,0,0,0,0,0,0,0,0,0
0,1,122158,0,25,0,35,21,0,24,0,14,0
1,1,122158,0,0,0,0,0,0,0,0,0,0
1,1,122159,2,2,2,2,2,2,2,2,2,2
1,1,122160,0,0,0,0,0,0,0,0,0,0
2,1,122160,0,0,0,0,0,0,0,0,0,0
1,1,122161,0,0,0,0,0,0,0,0,0,0
2,1,122161,0,0,0,0,0,0,0,0,0,0
0,1,122162,0,0,0,0,0,0,0,0,0,0
1,1,122162,0,0,0,0,0,0,0,0,0,0
0,1,122163,0,18,0,0,0,0,0,0,0,0
1,1,122163,0,0,0,0,0,0,0,0,0,0
1,1,122164,0,0,0,0,0,0,0,0,0,0
2,1,122164,0,0,0,0,0,0,0,0,0,0
0,1,122165,0,0,0,0,0,0,0,0,0,0
1,1,122165,24,0,17,0,0,0,0,0,0,0
0,1,122166,23,23,23,23,23,23,23,23,23,23
1,1,122166,7,0,0,0,0,3,0,0,0,0
1,1,122167,17,17,17,17,17,17,17,17,17,17
1,1,122168,0,0,0,0,0,0,0,0,0,0
2,1,122168,0,0,0,0,0,0,0,17,0,0
0,1,122169,0,0,0,0,0,0,0,0,0,0
1,1,122169,0,0,14,0,0,0,0,0,0,0
0,1,122170,0,0,0,0,0,0,0,0,0,0
0,2,122170,0,0,0,0,0,0,0,0,0,0
1,1,122170,0,0,0,0,0,0,0,0,0,0
1,1,122171,7,7,7,7,7,7,7,7,7,7
0,1,122172,0,0,0,0,0,0,0,0,0,0
1,1,122172,0,0,0,0,0,0,0,0,0,0
1,1,122173,0,0,0,0,0,0,0,0,0,0
2,1,122173,0,0,0,0,0,0,0,0,0,0
3,1,122173,0,0,0,0,0,0,0,0,0,0
1,1,122174,0,0,0,0,0,0,0,0,0,0
1,1,122175,16,16,16,16,16,16,16,16,16,16
0,1,122176,27,27,27,27,27,27,27,27,27,27
1,1,122176,0,0,0,0,0,0,0,0,0,0
0,1,122177,0,0,0,0,0,0,0,22,0,0
1,1,122177,0,0,9,0,0,2,0,0,17,0
1,1,122178,0,0,0,0,0,0,0,0,0,0
2,1,122178,0,0,0,0,0,0,0,0,0,0
0,1,122179,0,0,0,0,0,0,0,0,0,0
1,1,122179,0,0,0,0,0,0,0,0,0,0
1,1,122180,0,0,0,0,0,0,0,0,0,0
2,1,122180,0,0,0,5,10,0,16,0,0,0
1,1,122181,0,0,0,0,0,0,0,0,0,0
2,1,122181,0,0,0,0,0,0,0,0,0,0
1,1,122182,0,0,0,0,0,0,0,0,0,0
2,1,122182,0,0,0,0,0,0,0,0,0,0
1,1,122183,0,0,0,0,0,0,0,0,0,0
2,1,122183,0,0,0,0,0,0,0,0,0,0
1,1,122184,13,13,13,13,13,13,13,13,13,13
1,1,122185,0,0,0,0,0,0,0,0,0,0
1,1,122186,0,0,0,0,0,0,0,0,0,0
2,1,122186,0,0,0,0,0,0,0,0,0,0
1,1,122187,0,12,0,0,29,12,0,24,13,19
1,1,122188,27,0,4,0,4,14,19,12,11,8
0,1,122189,8,0,0,41,17,0,26,16,13,0
0,2,122189,0,0,0,17,0,0,0,0,0,0
1,1,122189,0,0,0,0,0,0,0,0,0,0
2,1,122189,0,0,0,0,0,0,0,0,0,0
1,1,122190,0,0,0,0,0,0,0,0,0,9
2,1,122190,0,0,0,0,0,0,0,0,0,11
1,1,122192,0,0,0,0,0,0,0,0,0,0
2,1,122192,5,5,5,5,5,5,5,5,5,5
1,1,122193,8,17,10,12,18,0,15,26,17,16
0,1,122194,0,0,0,0,10,15,0,0,25,0
1,1,122194,6,0,0,0,0,0,0,0,0,0
1,1,122195,0,0,0,0,3,0,2,0,0,0
2,1,122195,6,11,0,0,0,0,6,12,4,0
1,1,122196,0,0,0,7,11,0,0,10,17,0
2,1,122196,2,2,2,2,2,2,2,2,2,2
0,1,122197,0,0,0,0,0,0,0,0,0,0
1,1,122197,0,0,0,0,0,8,0,0,0,0
1,1,122198,0,0,0,0,0,0,0,0,0,0
2,1,122198,0,0,0,0,0,0,0,0,0,0
0,1,122199,0,0,15,17,19,0,39,0,0,0
1,1,122199,0,0,0,0,0,0,0,0,11,0
1,1,122200,3,3,3,3,3,3,3,3,3,3
2,1,122200,3,3,3,3,3,3,3,3,3,3
1,1,122201,17,24,0,0,0,8,0,14,25,0
0,1,122202,21,21,21,21,21,21,21,21,21,21
1,1,122202,0,0,0,0,0,0,0,13,0,18
1,1,122203,19,19,19,19,19,19,19,19,19,19
2,1,122203,0,0,0,0,0,0,0,0,0,0
1,1,122204,36,36,36,36,36,36,36,36,36,36
0,1,122206,0,0,0,0,0,0,0,0,0,0
1,1,122206,0,0,0,0,0,0,0,0,0,0
1,1,122207,25,25,25,25,25,25,25,25,25,25
2,1,122207,0,0,0,0,0,0,0,0,0,0
1,1,122208,0,0,0,0,0,0,0,0,0,0
1,1,122209,0,0,0,0,0,20,0,0,0,0
1,1,122210,0,0,0,0,0,0,0,0,0,0
0,1,122211,0,0,0,0,0,0,0,0,0,0
1,1,122211,0,0,0,0,0,0,0,0,0,0
0,1,122212,11,11,11,11,11,11,11,11,11,11
1,1,122212,0,0,0,0,0,0,0,0,0,0
1,1,122213,0,0,0,0,0,0,0,0,0,0
2,1,122213,13,13,13,13,13,13,13,13,13,13
1,1,122214,27,27,27,27,27,27,27,27,27,27
1,1,122216,0,0,0,0,0,0,0,0,0,0
2,1,122216,0,0,0,0,0,0,0,0,0,0
0,1,122217,0,0,10,0,0,0,19,24,0,15
1,1,122217,0,0,0,0,0,0,0,0,0,0
0,1,122218,23,23,23,23,23,23,23,23,23,23
1,1,122218,0,0,0,0,0,0,0,0,0,0
0,1,122219,18,0,0,0,0,0,28,17,0,0
1,1,122219,0,0,12,4,0,0,0,0,0,0
1,1,122220,0,0,0,0,0,0,0,0,0,0
1,1,122221,0,0,0,0,0,0,0,0,0,0
2,1,122221,0,0,0,0,0,0,0,0,0,0
0,1,122222,0,0,0,0,0,0,0,0,0,0
1,1,122222,0,0,0,0,0,0,0,0,0,0
1,1,122223,0,0,0,0,0,0,0,0,0,0
2,1,122223,0,0,0,0,0,0,0,0,0,0
1,1,122224,0,0,0,0,0,0,17,0,0,0
2,1,122224,15,0,0,0,0,0,0,0,0,0
0,1,122225,0,0,0,0,0,0,0,0,0,0
1,1,122225,0,0,0,0,0,0,0,0,0,0
0,1,122226,0,0,0,0,0,0,0,0,0,0
0,2,122226,0,0,0,0,0,0,0,0,0,0
1,1,122226,0,0,0,0,0,0,0,0,0,0
1,1,122227,15,0,0,32,0,16,10,0,0,9
1,1,122228,0,0,0,0,0,0,0,0,0,17
2,1,122228,0,0,16,0,0,0,0,0,0,0
0,1,122229,0,0,0,0,0,0,0,0,0,0
1,1,122229,0,0,0,9,0,0,0,0,0,0
0,1,122230,0,0,0,0,15,0,0,0,0,0
1,1,122230,3,0,0,0,0,0,0,0,0,0
1,1,122231,0,0,0,0,0,0,0,0,0,0
2,1,122231,0,0,0,0,0,0,0,0,0,0
1,1,122232,17,0,0,0,3,0,0,0,0,0
2,1,122232,0,0,0,0,0,0,0,0,0,0
1,1,122233,0,0,0,0,0,0,0,0,0,0
1,1,122234,0,0,0,0,0,0,0,0,0,0
2,1,122234,0,0,0,0,0,0,0,0,0,0
1,1,122235,0,0,0,0,0,0,0,0,0,0
2,1,122235,0,0,0,0,0,0,0,0,0,0
0,1,122236,0,0,0,0,0,0,0,0,0,0
1,1,122236,0,0,0,0,0,0,0,0,0,0
1,1,122237,14,14,14,14,14,14,14,14,14,14
0,1,122238,0,0,0,0,0,0,0,0,0,0
1,1,122238,0,0,0,0,0,0,0,0,0,0
1,1,122240,0,0,0,0,0,0,0,0,0,0
2,1,122240,0,0,0,0,0,0,0,0,0,0
1,1,122241,21,21,21,21,21,21,21,21,21,21
2,1,122241,21,21,21,21,21,21,21,21,21,21
3,1,122241,0,0,0,0,0,0,0,0,0,0
1,1,122242,0,0,0,0,0,0,0,0,0,0
0,1,122243,0,21,0,0,0,19,25,20,18,0
1,1,122243,0,0,0,0,0,0,0,0,0,0
1,1,122244,0,0,0,0,0,0,0,0,0,0
2,1,122244,0,0,0,0,0,0,0,0,0,0