VEH_NO,PER_NO,ST_CASE,P1,P2,P3,P4,P5,P6,P7,P8,P9,P10
1,1,122245,17,17,17,17,17,17,17,17,17,17
2,1,122245,0,0,0,0,0,0,0,0,0,0
3,1,122245,12,0,0,0,0,0,0,0,0,0
0,1,122246,0,0,0,0,0,0,0,0,0,0
1,1,122246,0,0,0,0,0,0,0,0,0,0
1,1,122248,0,0,0,0,0,0,0,0,0,0
2,1,122248,4,0,0,0,0,0,0,0,0,0
0,1,122249,0,0,0,0,26,0,0,0,0,0
1,1,122249,0,0,0,0,0,0,2,0,0,0
0,1,122250,0,0,0,0,0,0,0,0,0,0
1,1,122250,0,0,0,0,0,0,0,0,0,0
1,1,122251,0,37,0,0,14,0,0,0,0,0
1,1,122252,24,24,24,24,24,24,24,24,24,24
1,1,122253,9,0,12,19,4,16,0,0,3,0
1,1,122254,0,0,0,0,0,0,0,0,0,0
2,1,122254,0,0,0,0,0,0,0,0,0,0
1,1,122255,11,11,11,11,11,11,11,11,11,11
2,1,122255,0,0,0,0,0,0,0,0,0,0
1,1,122256,0,0,0,0,0,0,0,0,0,0
1,1,122257,18,18,18,18,18,18,18,18,18,18
0,1,122258,0,0,0,0,0,0,0,0,0,0
1,1,122258,0,0,0,0,0,0,0,0,0,0
0,1,122259,17,17,17,17,17,17,17,17,17,17
1,1,122259,0,0,0,0,0,0,0,0,0,0
1,1,122260,24,24,24,24,24,24,24,24,24,24
2,1,122260,0,0,0,0,0,0,0,0,0,0
3,1,122260,0,0,0,0,0,0,0,0,0,0
4,1,122260,0,0,0,0,0,0,0,0,0,0
1,1,122261,23,23,23,23,23,23,23,23,23,23
1,1,122262,9,9,9,9,9,9,9,9,9,9
2,1,122262,0,0,0,0,0,0,0,0,0,0
0,1,122263,0,0,0,0,0,0,0,0,0,0
1,1,122263,0,0,0,0,0,0,0,0,0,0
1,1,122264,0,0,0,0,0,0,0,0,0,0
2,1,122264,0,0,0,0,0,0,0,0,0,0
0,1,122265,28,28,28,28,28,28,28,28,28,28
1,1,122265,0,0,0,0,16,14,0,0,0,0
1,1,122266,0,0,0,0,0,0,0,0,0,0
1,1,122267,0,0,0,0,0,0,0,0,0,0
1,1,122268,24,24,24,24,24,24,24,24,24,24
1,1,122269,0,0,0,0,0,0,0,0,0,0
2,1,122269,0,0,0,0,0,0,0,0,0,0
3,1,122269,0,0,0,0,0,0,0,0,0,0
4,1,122269,0,0,0,0,0,0,0,0,0,0
5,1,122269,0,0,0,0,0,0,0,0,0,0
6,1,122269,0,0,0,0,0,0,0,0,0,0
1,1,122270,0,0,0,0,0,0,0,0,0,0
2,1,122270,0,0,0,0,0,0,0,0,0,0
0,1,122271,13,13,13,13,13,13,13,13,13,13
1,1,122271,0,0,0,0,0,0,0,0,0,0
1,1,122272,14,14,14,14,14,14,14,14,14,14
1,1,122273,21,21,21,21,21,21,21,21,21,21
0,1,122274,0,0,0,0,0,0,0,0,0,0
0,2,122274,0,0,0,0,0,0,0,0,0,0
1,1,122274,0,0,0,0,0,0,0,0,0,0
1,1,122275,0,0,0,0,0,0,0,0,0,0
1,1,122276,28,28,28,28,28,28,28,28,28,28
1,1,122277,10,23,0,16,22,0,16,35,6,0
2,1,122277,0,0,0,0,0,0,0,0,0,0
1,1,122278,0,0,0,0,0,0,0,0,0,0
2,1,122278,0,0,0,0,0,0,0,0,0,0
1,1,122279,28,28,28,28,28,28,28,28,28,28
1,1,122280,0,0,0,0,0,0,0,0,0,0
1,1,122281,0,0,0,0,0,0,0,0,0,5
2,1,122281,0,0,0,0,0,0,0,0,0,0
1,1,122282,0,0,0,0,0,0,0,0,0,0
2,1,122282,0,0,0,0,0,0,0,0,0,0
1,1,122283,0,0,0,0,0,0,0,0,0,0
2,1,122283,0,0,0,0,0,0,0,0,0,0
1,1,122284,17,17,17,17,17,17,17,17,17,17
0,1,122285,29,29,29,29,29,29,29,29,29,29
1,1,122285,0,0,9,0,0,0,0,0,0,0
1,1,122286,23,23,23,23,23,23,23,23,23,23
1,1,122287,0,0,0,0,0,0,0,0,0,0
2,1,122287,0,0,0,0,0,0,0,0,0,0
3,1,122287,0,0,0,0,0,0,0,0,0,0
4,1,122287,0,0,0,0,0,0,0,0,0,0
0,1,122288,0,0,0,0,0,0,0,0,0,0
1,1,122288,0,0,0,0,0,0,0,0,0,0
0,1,122289,4,4,4,4,4,4,4,4,4,4
1,1,122289,0,0,0,0,0,0,0,0,0,0
0,1,122291,19,19,19,19,19,19,19,19,19,19
1,1,122291,0,0,0,0,0,0,0,0,0,0
1,1,122292,20,20,20,20,20,20,20,20,20,20
1,1,122293,0,0,0,0,0,0,0,0,0,0
2,1,122293,0,0,0,0,0,0,0,0,0,0
1,1,122294,0,0,0,0,0,0,0,0,0,0
0,1,122295,11,19,0,14,0,25,0,0,0,2
1,1,122295,16,10,0,0,0,0,0,0,0,0
1,1,122296,0,0,0,0,0,0,0,0,0,0
2,1,122296,0,0,0,0,0,0,0,0,0,0
0,1,122297,0,0,0,0,0,0,0,0,0,0
1,1,122297,0,0,0,0,0,0,0,0,0,0
0,1,122298,0,0,0,0,0,0,15,17,3,0
1,1,122298,0,0,0,0,0,0,0,0,0,0
2,1,122298,12,0,0,0,0,0,0,0,0,0
0,1,122299,0,0,0,0,0,0,0,0,0,0
1,1,122299,0,0,0,0,0,0,0,0,0,0
1,3,122300,0,0,3,0,0,15,0,0,13,0
1,1,122301,13,13,13,13,13,13,13,13,13,13
1,1,122302,10,0,14,11,9,0,0,0,0,0
1,1,122303,0,0,0,0,0,0,0,0,0,0
2,1,122303,0,0,19,0,17,15,0,0,0,0
3,1,122303,7,0,0,0,0,0,0,0,0,0
1,1,122304,24,24,24,24,24,24,24,24,24,24
1,1,122305,0,0,0,0,0,0,0,0,0,0
2,1,122305,0,0,0,0,0,0,18,0,0,0
1,1,122306,0,0,0,0,0,0,0,0,0,0
2,1,122306,0,0,0,0,0,0,0,0,0,0
3,1,122306,0,0,0,0,0,0,0,0,0,0
1,1,122307,0,17,0,0,0,0,0,0,0,0
0,1,122308,62,62,62,62,62,62,62,62,62,62
1,1,122308,0,0,0,0,0,0,0,0,0,0
1,1,122309,0,0,0,0,0,0,0,0,0,0
2,1,122309,0,0,0,0,0,0,0,0,0,0
1,1,122310,0,0,0,0,0,0,0,0,0,0
2,1,122310,0,0,0,0,0,0,0,0,0,0
3,1,122310,0,0,0,0,0,0,0,0,0,0
1,1,122311,0,0,0,0,0,0,8,0,0,0
1,1,122312,26,9,10,9,23,0,22,11,0,12
1,1,122313,0,0,0,0,0,0,0,0,0,0
0,1,122314,0,0,0,0,0,0,0,0,0,0
1,1,122314,0,0,0,0,0,0,0,0,0,0
1,1,122315,0,0,0,0,0,0,0,0,0,0
2,1,122315,0,0,0,0,0,0,0,0,0,0
0,1,122316,0,0,0,0,0,0,0,0,0,0
1,1,122316,0,0,0,0,0,0,0,0,0,0
0,1,122317,0,0,0,0,0,0,0,0,0,0
1,1,122317,0,0,0,0,0,0,0,0,0,4
0,1,122318,0,0,0,0,0,0,12,0,0,0
1,1,122318,0,0,0,0,0,0,0,0,0,1
1,1,122319,8,0,0,0,0,0,0,0,0,0
0,1,122320,0,0,0,0,16,17,32,0,0,0
1,1,122320,0,0,0,0,0,0,0,0,0,0
0,1,122321,0,0,0,0,0,0,0,0,0,0
1,1,122321,0,0,0,0,0,0,0,0,0,0
1,1,122322,4,0,27,0,0,0,0,19,0,0
2,1,122322,0,0,0,0,0,0,0,0,0,0
0,1,122323,11,11,11,11,11,11,11,11,11,11
1,1,122323,0,0,0,0,0,0,0,0,0,0
1,1,122324,0,0,0,0,0,0,0,0,5,0
2,1,122324,13,0,0,0,0,0,0,12,0,0
1,1,122325,0,0,0,0,0,0,0,9,0,0
2,1,122325,0,0,0,0,0,0,0,0,0,6
1,1,122326,0,0,0,0,0,0,0,0,0,0
2,1,122326,0,0,0,4,0,0,0,0,0,0
0,1,122327,0,0,0,0,0,0,0,0,0,0
1,1,122327,0,0,0,0,0,0,0,0,0,0
0,1,122328,16,16,25,30,0,0,16,16,0,32
1,1,122328,0,0,0,0,0,0,0,0,0,0
0,1,122329,0,0,0,0,0,0,0,0,0,0
1,1,122329,0,0,0,0,0,0,0,0,0,0
1,1,122330,17,17,17,17,17,17,17,17,17,17
1,1,122331,0,0,0,0,0,0,7,0,0,9
2,1,122331,8,0,0,0,0,0,0,0,0,0
3,1,122331,0,0,0,0,0,0,0,0,0,0
4,1,122331,0,0,0,0,0,0,0,0,0,0
1,1,122332,42,42,42,42,42,42,42,42,42,42
1,1,122333,16,0,0,0,0,0,0,0,0,0
1,1,122334,0,0,0,6,0,0,0,0,0,0
0,1,122335,0,0,0,0,0,0,0,0,0,0
0,2,122335,0,0,0,0,0,0,0,0,0,14
2,1,122335,0,0,0,0,0,0,0,0,0,0
3,1,122335,0,0,0,0,0,0,0,0,0,0
1,1,122336,0,0,0,0,0,0,0,0,0,0
1,1,122337,0,0,7,0,0,0,0,0,0,0
0,1,122338,22,0,0,20,0,0,0,0,0,0
1,1,122338,0,0,0,0,0,0,0,0,0,0
0,1,122339,0,0,0,0,0,0,0,0,0,0
1,1,122339,0,0,0,0,0,0,0,0,0,0
0,1,122340,0,0,0,0,0,0,0,0,0,0
1,1,122340,0,0,0,19,0,15,0,27,0,0
0,1,122341,0,0,0,0,0,0,0,0,0,0
0,2,122341,0,0,0,0,0,0,9,0,0,0
0,3,122341,0,0,0,0,0,0,0,0,0,0
1,1,122341,0,0,0,0,0,0,0,0,0,0
0,1,122342,0,0,0,28,0,0,10,0,0,21
1,1,122342,26,0,0,0,0,0,0,0,7,0
1,1,122343,15,15,15,15,15,15,15,15,15,15
0,1,122344,0,0,0,0,0,0,0,0,0,0
1,1,122344,0,0,0,0,0,0,0,0,0,0
1,1,122345,24,24,24,24,24,24,24,24,24,24
2,1,122345,0,0,0,0,0,0,0,0,0,0
0,1,122346,24,6,0,0,0,0,0,0,0,0
1,1,122346,0,0,0,0,0,0,0,0,8,0
1,1,122347,17,17,17,17,17,17,17,17,17,17
1,1,122348,0,0,0,0,0,28,0,0,0,12
2,1,122348,6,0,0,0,0,0,0,0,0,0
1,1,122349,20,20,20,20,20,20,20,20,20,20
1,1,122350,16,16,16,16,16,16,16,16,16,16
1,1,122351,3,3,3,3,3,3,3,3,3,3
1,1,122352,0,0,0,0,0,0,0,0,0,0
0,1,122353,0,0,0,0,0,0,29,0,0,0
1,1,122353,0,0,0,0,0,0,0,0,0,0
1,1,122355,7,0,11,13,11,22,0,10,0,18
1,1,122356,19,19,19,19,19,19,19,19,19,19
1,1,122357,0,0,13,0,0,0,0,0,0,0
0,1,122358,0,0,0,0,0,0,0,0,0,0
1,1,122358,0,0,0,0,0,0,0,0,0,0
0,1,122359,0,0,0,0,0,0,0,0,0,0
1,1,122359,0,0,0,0,0,0,0,0,12,0
1,1,122360,0,0,0,0,0,0,0,0,0,0
2,1,122360,0,0,0,0,0,0,0,0,0,0
0,1,122361,0,0,0,0,0,0,0,0,0,0
0,2,122361,0,0,0,0,0,0,0,0,0,0
0,3,122361,0,0,0,0,0,0,0,0,0,0
1,1,122361,0,0,0,0,0,0,0,0,0,0
1,1,122362,20,5,12,0,0,10,12,23,0,0
0,1,122363,0,0,14,0,0,0,0,12,22,0
1,1,122363,0,0,0,0,0,0,0,9,0,0
0,1,122364,0,0,0,0,0,0,0,0,0,0
1,1,122364,0,0,0,0,0,0,0,0,0,0
0,1,122365,25,25,25,25,25,25,25,25,25,25
1,1,122365,0,0,0,0,4,0,0,0,0,10
0,1,122368,0,0,0,0,0,0,0,0,0,0
1,1,122368,0,0,0,0,0,0,0,0,0,0
1,1,122369,0,0,13,0,18,0,0,20,17,0
0,1,122370,0,0,0,0,0,0,0,0,0,0
1,1,122370,0,0,10,0,0,0,6,0,0,0
2,1,122370,0,11,0,0,0,0,0,0,0,0
1,1,122371,0,0,0,0,0,0,0,0,0,0
1,1,122372,9,9,9,9,9,9,9,9,9,9
0,1,122373,0,0,0,0,0,0,0,0,0,0
0,2,122373,0,0,0,0,0,0,0,0,0,0
1,1,122373,0,0,0,0,0,0,0,0,0,0
1,1,122374,0,0,0,0,0,0,31,0,19,0
2,1,122374,0,0,0,0,5,0,0,0,0,0
1,1,122376,23,23,23,23,23,23,23,23,23,23
1,1,122377,0,0,0,0,0,0,0,0,0,0
2,1,122377,0,0,0,0,0,0,0,0,0,0
1,1,122378,0,0,0,0,7,27,0,0,13,0
1,1,122379,0,0,0,0,0,0,0,0,0,0
2,1,122379,0,0,0,0,0,0,0,0,0,0
0,1,122380,0,0,0,12,0,0,10,0,0,0
1,1,122380,0,0,0,0,0,0,0,0,0,0
1,1,122381,17,0,0,6,0,0,7,6,0,13
0,1,122382,32,10,21,32,23,0,0,24,11,3
1,1,122382,0,0,0,0,0,0,0,0,0,0
1,1,122383,0,0,0,0,0,0,0,0,0,0
0,1,122384,0,0,28,0,7,20,0,7,0,0
1,1,122384,11,0,0,0,0,15,0,0,0,0
2,1,122384,0,0,0,6,0,0,0,0,0,0
1,1,122385,0,0,0,0,0,0,0,0,0,0
1,1,122386,24,9,15,28,0,9,0,0,21,25
0,1,122387,0,0,0,36,25,31,0,34,14,0
1,1,122387,0,0,0,0,0,0,0,0,0,0
0,1,122388,6,0,0,0,0,0,0,0,0,0
1,1,122388,0,0,0,0,0,0,0,0,0,0
1,1,122389,0,0,0,0,0,0,0,0,0,0
2,1,122389,0,0,0,0,0,0,0,0,0,0
1,1,122390,15,15,15,15,15,15,15,15,15,15
0,1,122391,0,0,0,0,0,0,0,0,0,0
1,1,122391,0,0,0,0,0,0,0,0,0,0
1,1,122392,23,23,23,23,23,23,23,23,23,23
1,1,122393,0,0,0,0,0,0,0,0,0,0
2,1,122393,0,0,0,0,0,0,0,0,0,0
1,1,122394,0,0,0,0,0,0,0,0,0,0
2,1,122394,18,0,0,16,13,0,9,0,0,9
1,1,122395,0,0,0,0,0,0,0,0,0,16
2,1,122395,0,0,0,0,0,0,0,0,0,0
0,1,122396,0,0,0,0,0,0,14,0,0,0
1,1,122396,0,0,0,0,0,0,0,0,0,0
1,1,122397,26,26,26,26,26,26,26,26,26,26
2,1,122397,0,0,0,0,3,0,13,0,0,0
1,1,122398,0,0,0,0,0,0,0,0,0,0
0,1,122399,0,0,0,0,0,0,0,0,0,0
1,1,122399,0,0,0,0,0,0,0,0,0,0
1,1,122400,29,29,29,29,29,29,29,29,29,29
1,1,122401,14,29,0,0,0,0,0,0,0,5
1,1,122402,0,0,0,0,0,0,0,0,0,0
0,1,122403,0,0,0,0,0,0,0,0,0,0
1,1,122403,0,0,0,0,0,0,0,0,0,0
0,1,122404,0,0,19,0,0,23,0,6,20,0
1,1,122404,0,0,0,0,0,0,0,14,0,0
0,1,122405,12,12,12,12,12,12,12,12,12,12
1,1,122405,11,11,11,11,11,11,11,11,11,11
1,1,122406,0,0,0,7,0,0,8,0,0,0
2,1,122406,0,0,0,0,0,0,0,0,0,0
1,1,122407,0,17,0,0,0,0,0,0,0,0
2,1,122407,3,0,0,0,0,0,0,0,0,13
1,1,122408,0,0,0,0,0,0,0,0,0,0
2,1,122408,0,0,0,0,0,0,0,0,0,0
1,1,122409,24,24,24,24,24,24,24,24,24,24
0,1,122410,0,0,0,0,0,0,0,0,0,0
1,1,122410,0,0,0,0,0,0,0,0,0,0
1,1,122411,0,0,0,0,0,0,0,0,0,0
1,1,122412,9,9,9,9,9,9,9,9,9,9
2,1,122412,0,0,0,0,0,0,0,0,0,0
3,1,122412,0,0,0,0,0,0,0,0,0,0
4,1,122412,0,0,0,0,0,0,0,0,0,0
1,1,122413,0,0,0,0,0,0,0,0,0,0
2,1,122413,0,0,0,0,0,0,0,0,0,0
1,1,122414,0,0,0,0,0,0,0,0,0,0
1,1,122415,0,0,0,0,0,0,0,0,0,0
2,1,122415,0,0,0,0,0,0,0,0,0,0
1,1,122416,0,0,0,0,0,0,0,0,0,0
2,1,122416,0,0,0,0,0,0,0,0,0,0
0,1,122417,0,0,0,0,0,0,0,0,0,0
1,1,122417,0,0,0,0,0,0,0,0,0,0
0,1,122418,0,0,0,0,0,0,0,0,0,0
1,1,122418,0,0,0,0,0,0,0,0,0,0
1,1,122419,0,0,29,0,0,0,0,0,11,16
2,1,122419,0,15,0,0,0,0,0,0,0,0
0,1,122420,0,0,0,0,0,0,0,0,0,0
1,1,122420,0,0,0,0,0,0,0,0,0,0
1,1,122421,12,12,12,12,12,12,12,12,12,12
2,1,122421,0,0,0,0,0,0,0,0,0,0
1,1,122422,0,0,0,0,0,0,0,0,0,0
1,1,122423,0,0,0,0,0,0,0,0,0,0
2,1,122423,0,0,0,0,0,0,47,0,0,0
1,1,122424,0,0,0,0,0,0,0,0,0,0
2,1,122424,0,0,0,0,0,0,0,0,0,0
3,1,122424,0,0,0,0,0,0,0,0,0,0
4,1,122424,0,0,0,0,0,0,0,0,0,0
0,1,122425,23,23,23,23,23,23,23,23,23,23
1,1,122425,0,0,0,0,0,0,0,0,0,0
0,1,122426,0,0,0,0,0,0,0,0,0,0
1,1,122426,0,0,0,0,0,0,0,0,0,0
1,1,122427,0,0,0,0,0,0,0,0,0,0
1,1,122428,20,0,0,0,15,13,12,9,12,11
1,1,122429,4,0,16,8,16,7,0,12,7,0
0,1,122430,18,18,18,18,18,18,18,18,18,18
1,1,122430,0,0,0,0,0,0,0,0,0,0
2,1,122430,0,0,0,0,0,0,0,0,0,0
1,1,122431,0,0,0,0,0,0,0,0,0,0
2,1,122431,0,0,0,16,0,0,0,16,0,0
0,1,122432,13,13,13,13,13,13,13,13,13,13
1,1,122432,24,24,24,24,24,24,24,24,24,24
0,1,122433,12,12,12,12,12,12,12,12,12,12
0,2,122433,18,18,18,18,18,18,18,18,18,18
1,1,122433,0,0,0,0,9,0,0,0,9,11
0,1,122434,26,26,26,26,26,26,26,26,26,26
1,1,122434,0,0,0,0,0,0,0,0,0,0
2,1,122434,0,27,0,0,0,0,0,0,0,0
1,1,122435,23,23,23,23,23,23,23,23,23,23
1,1,122436,0,0,12,8,0,0,0,0,0,0
1,1,122437,0,0,0,0,0,0,0,0,0,0
1,1,122438,0,0,0,0,0,0,0,0,0,0
2,1,122438,0,0,0,0,5,0,0,0,0,0
1,1,122439,0,0,0,0,0,0,0,0,0,0
0,1,122440,0,0,0,11,17,0,0,40,0,0
1,1,122440,0,0,0,0,0,0,0,0,0,0
0,1,122441,0,0,0,0,0,0,0,0,0,0
1,1,122441,0,0,0,0,0,0,0,0,0,0
0,1,122442,29,29,29,29,29,29,29,29,29,29
1,1,122442,0,0,0,0,0,0,0,0,7,0
0,1,122443,10,10,10,10,10,10,10,10,10,10
1,1,122443,0,0,0,0,0,0,0,0,9,0
1,1,122444,11,11,11,11,11,11,11,11,11,11
0,1,122445,0,0,0,0,0,0,0,0,0,0
1,1,122445,0,0,0,0,0,0,0,0,0,6
1,1,122446,0,0,0,0,0,0,0,0,0,0
2,1,122446,0,0,0,0,0,0,0,0,0,0
1,1,122448,0,0,0,0,0,0,0,0,0,0
2,1,122448,0,0,0,0,0,0,0,0,0,0
0,1,122449,0,0,0,0,0,0,0,0,0,0
1,1,122449,0,0,0,0,0,0,0,16,0,0
0,1,122450,18,0,19,20,13,21,13,0,19,0
1,1,122450,13,14,13,4,17,6,19,15,13,19
1,1,122451,9,9,9,9,9,9,9,9,9,9
1,1,122452,22,21,0,8,13,18,12,0,18,0
1,1,122453,0,0,0,0,0,0,0,0,0,0
2,1,122453,0,0,19,0,0,0,0,0,0,0
0,1,122454,0,0,0,0,0,0,0,0,0,0
1,1,122454,0,0,0,0,0,0,0,0,0,0
1,1,122455,0,0,0,0,0,0,0,0,0,0
2,1,122455,0,0,0,0,11,0,0,0,0,0
1,1,122456,18,8,0,0,0,0,8,0,0,0
1,1,122457,11,11,11,11,11,11,11,11,11,11
1,1,122458,0,0,0,15,0,0,0,0,0,0
0,1,122459,0,23,0,0,6,0,0,0,0,0
1,1,122459,0,0,0,0,0,0,0,0,0,0
2,1,122459,0,0,0,0,0,0,0,5,0,7
1,1,122460,0,0,17,0,0,0,0,0,0,0
2,1,122460,0,0,0,0,0,0,0,0,0,0
0,1,122461,16,0,39,19,10,12,0,0,0,0
1,1,122461,0,0,23,0,0,0,0,0,0,0
1,1,122462,24,21,19,0,54,20,19,29,0,10
1,1,130001,12,12,12,12,12,12,12,12,12,12
1,1,130002,12,12,12,12,12,12,12,12,12,12
2,1,130002,0,0,0,0,0,3,0,0,0,0
1,1,130003,24,24,24,24,24,24,24,24,24,24
1,1,130004,19,19,19,19,19,19,19,19,19,19
1,1,130005,22,13,6,16,12,17,18,23,21,12
1,1,130006,0,0,0,0,0,0,20,13,0,0
2,1,130006,0,0,0,0,0,0,0,0,0,0
3,1,130006,0,0,0,0,0,0,0,13,0,0
0,1,130007,12,48,21,14,24,35,28,17,48,53
1,1,130007,0,0,0,0,14,0,0,0,0,0
1,1,130008,0,0,0,0,0,0,0,0,0,0
1,1,130009,29,29,29,29,29,29,29,29,29,29
0,1,130010,19,0,21,18,0,25,22,0,22,5
1,1,130010,0,0,0,0,0,0,0,0,0,0
1,1,130011,0,27,43,33,3,18,13,17,0,11
1,1,130012,15,15,15,15,15,15,15,15,15,15
1,1,130013,0,0,0,0,0,0,0,0,0,0
2,1,130013,0,0,16,0,0,6,0,0,0,0
1,1,130014,0,0,0,0,0,0,0,0,0,0
2,1,130014,0,0,0,0,0,0,0,0,0,0
0,1,130015,0,0,0,0,0,10,0,0,0,0
1,1,130015,0,0,0,0,0,0,0,0,0,0
1,1,130016,0,0,0,0,0,0,0,0,0,0
2,1,130016,0,0,0,0,0,0,0,0,0,0
1,1,130017,0,0,0,0,0,0,0,0,0,0
2,1,130017,20,0,0,0,0,0,0,0,0,0
0,1,130018,16,0,25,28,39,15,0,0,6,25
1,1,130018,0,0,0,0,0,0,0,0,0,0
2,1,130018,0,0,0,0,0,0,0,0,0,0
1,1,130019,24,24,0,0,0,0,15,0,0,17
1,1,130020,0,0,0,0,0,0,0,0,0,0
2,1,130020,0,0,0,0,0,0,0,0,0,0
1,1,130021,0,0,0,0,0,0,0,0,0,0
2,1,130021,0,0,0,0,0,0,0,0,0,0
1,1,130022,0,0,0,0,0,0,0,0,0,0
2,1,130022,0,0,0,0,0,0,0,0,0,0
1,1,130023,0,0,0,0,0,0,0,0,0,0
2,1,130023,0,0,0,0,0,0,0,0,0,0
1,1,130024,17,17,17,17,17,17,17,17,17,17
0,1,130025,0,0,0,0,0,0,0,0,12,0
1,1,130025,0,0,0,0,0,0,0,0,0,0
0,1,130026,26,11,19,41,0,0,0,0,6,0
1,1,130026,0,0,9,0,13,0,0,0,0,0
1,1,130027,11,0,0,11,9,21,0,18,10,15
2,1,130027,0,0,0,7,0,0,0,0,0,0
3,1,130027,0,0,0,0,0,0,0,0,0,0
1,1,130028,0,0,0,0,0,0,0,0,0,0
2,1,130028,0,0,0,0,0,0,0,0,0,0
1,1,130029,0,0,0,0,0,0,0,0,0,0
2,1,130029,0,0,0,0,0,0,0,0,0,0
3,1,130029,0,0,0,0,0,0,0,0,0,0
1,1,130030,0,0,0,0,0,0,0,0,0,0
2,1,130030,0,0,0,0,0,0,0,0,0,0
1,1,130031,0,0,0,0,0,0,0,0,0,0
1,1,130032,0,5,0,0,0,0,0,0,0,0
1,1,130033,0,0,0,0,0,0,0,0,0,0
2,1,130033,0,0,0,0,0,0,0,0,0,0
1,1,130034,0,0,0,0,0,0,0,0,0,0
2,1,130034,0,0,0,0,0,0,0,0,0,0
1,1,130035,0,0,0,0,0,0,0,0,0,0
2,1,130035,0,0,0,0,0,0,0,0,0,0
1,1,130036,0,0,0,0,0,0,0,0,0,0
2,1,130036,0,0,0,0,0,0,0,0,0,0
1,1,130037,0,0,0,0,0,0,0,0,0,0
2,1,130037,0,0,0,0,0,0,0,0,0,0
0,1,130038,20,0,8,19,20,32,0,0,0,0
1,1,130038,8,8,8,8,8,8,8,8,8,8
0,1,130039,0,24,17,19,0,0,30,14,12,0
1,1,130039,0,0,0,0,0,0,0,0,0,0
2,1,130039,0,0,0,0,0,0,0,0,0,0
1,1,130040,18,18,18,18,18,18,18,18,18,18
1,1,130041,0,0,0,0,0,0,0,0,0,0
2,1,130041,0,0,0,0,0,0,0,0,0,0
0,1,130042,0,0,0,0,0,0,0,0,0,0
1,1,130042,0,0,0,0,0,0,0,0,0,0
1,1,130043,0,18,0,0,0,0,18,0,0,0
1,1,130044,21,17,0,0,0,0,0,0,0,0
2,1,130044,0,0,0,0,0,0,0,0,0,0
1,1,130045,0,0,0,0,0,0,0,0,0,0
2,1,130045,0,0,0,0,0,0,0,0,0,0
1,1,130046,18,18,18,18,18,18,18,18,18,18
1,1,130047,0,0,10,0,0,0,0,0,0,0
1,1,130048,0,0,0,0,0,0,0,0,0,0
2,1,130048,0,0,0,0,0,0,0,3,0,0
0,1,130049,0,0,0,0,0,0,0,0,0,0
1,1,130049,0,0,0,0,0,0,0,0,0,0
1,1,130050,18,18,18,18,18,18,18,18,18,18
1,1,130051,13,13,13,13,13,13,13,13,13,13
2,1,130051,0,0,0,0,0,0,0,0,0,0
1,1,130052,13,11,23,0,10,18,32,10,0,0
1,1,130053,16,0,19,15,0,0,22,0,5,0
1,1,130054,0,0,0,0,0,0,0,0,0,0
2,1,130054,0,0,0,0,0,0,0,0,0,0
1,1,130055,22,22,22,22,22,22,22,22,22,22
1,1,130056,25,31,24,17,26,27,13,19,18,0
1,1,130057,0,0,0,0,0,0,0,0,0,0
1,1,130058,0,0,0,0,0,0,0,0,0,0
1,1,130059,0,0,0,0,0,0,0,0,0,0
1,1,130060,10,12,0,3,4,4,0,6,0,24
2,1,130060,0,0,0,0,0,0,0,0,0,0
1,1,130061,0,0,0,0,0,0,0,0,0,0
2,1,130061,0,0,0,0,0,0,0,0,0,0
1,1,130062,28,23,0,0,6,21,21,0,0,30
1,1,130063,0,0,0,0,0,0,0,0,0,0
2,1,130063,0,0,0,0,0,0,23,0,0,0
0,1,130064,27,27,27,27,27,27,27,27,27,27
1,1,130064,0,0,0,0,0,0,0,0,0,0
1,1,130065,14,14,14,14,14,14,14,14,14,14
2,1,130065,0,0,0,0,0,0,0,0,0,0
1,1,130066,20,20,20,20,20,20,20,20,20,20
2,1,130066,0,10,0,0,0,0,0,0,0,0
1,1,130067,24,39,18,26,29,9,16,25,6,24
0,1,130068,14,0,25,14,19,0,12,18,25,16
1,1,130068,0,0,0,0,0,0,0,0,0,0
2,1,130068,6,16,3,0,0,7,0,12,18,0
1,1,130069,0,0,0,0,12,0,0,0,0,0
1,1,130070,0,0,0,0,0,0,0,0,0,0
1,1,130071,23,23,23,23,23,23,23,23,23,23
1,1,130072,36,36,36,36,36,36,36,36,36,36
1,1,130073,10,46,0,0,0,0,0,0,0,0
1,1,130074,0,18,0,5,12,0,20,22,23,30
2,1,130074,0,0,0,0,0,0,0,0,0,4
1,1,130075,17,17,17,17,17,17,17,17,17,17
1,1,130076,0,0,0,0,0,0,0,0,0,0
2,1,130076,0,0,0,0,0,0,0,0,0,0
1,1,130077,6,0,0,0,0,0,16,7,5,0
1,1,130078,16,16,16,16,16,16,16,16,16,16
2,1,130078,0,0,0,0,0,0,0,0,0,0
1,1,130079,0,0,0,0,0,0,0,0,0,0
2,1,130079,0,0,0,0,0,0,0,0,0,0
3,1,130079,0,0,0,0,0,0,0,0,0,0
0,1,130080,0,18,22,14,12,0,0,25,0,0
1,1,130080,14,0,0,0,0,0,0,0,0,0