VEH_NO,PER_NO,ST_CASE,P1,P2,P3,P4,P5,P6,P7,P8,P9,P10
1,1,130081,6,14,20,15,22,10,6,21,9,0
0,1,130082,15,15,15,15,15,15,15,15,15,15
1,1,130082,0,0,0,0,0,0,0,2,0,9
2,1,130082,0,0,0,0,0,0,0,0,0,0
1,1,130083,0,0,0,0,0,0,0,0,0,0
2,1,130083,0,0,0,0,0,0,0,0,0,0
3,1,130083,0,0,0,4,0,0,0,0,0,0
0,1,130084,0,0,0,0,0,0,0,0,0,0
1,1,130084,0,0,0,0,0,0,0,0,0,0
1,1,130085,10,10,10,10,10,10,10,10,10,10
2,1,130085,0,0,0,0,10,3,6,0,0,0
0,1,130086,0,0,27,0,0,0,0,13,0,0
1,1,130086,0,0,0,0,0,0,0,0,0,0
0,1,130087,0,0,0,0,0,0,0,0,12,0
1,1,130087,0,0,0,0,0,0,0,15,0,0
1,1,130088,19,0,0,0,18,0,21,0,11,0
1,1,130089,0,0,0,0,0,0,8,0,0,0
2,1,130089,0,0,0,0,13,0,0,0,0,0
1,1,130090,16,32,3,25,0,20,0,11,20,0
2,1,130090,16,0,10,0,0,11,0,0,0,13
1,1,130091,0,0,0,0,0,0,0,0,11,0
2,1,130091,0,0,0,0,0,0,0,0,0,0
3,1,130091,0,0,0,0,0,0,0,0,0,0
0,1,130092,0,0,0,0,0,0,0,0,0,0
1,1,130092,0,0,0,0,0,0,0,0,0,0
1,1,130093,18,22,29,27,18,13,7,29,24,12
1,1,130094,7,7,7,7,7,7,7,7,7,7
1,1,130095,11,11,11,11,11,11,11,11,11,11
1,1,130096,0,0,0,0,0,0,0,0,0,0
2,1,130096,0,0,0,0,0,0,0,0,0,0
1,1,130097,0,0,0,0,0,0,0,0,0,0
2,1,130097,0,0,0,0,0,0,0,0,0,0
1,1,130098,0,0,0,0,0,0,0,0,0,0
1,1,130099,6,6,6,6,6,6,6,6,6,6
1,1,130100,0,0,0,0,0,0,0,0,0,0
2,1,130100,0,0,0,0,0,0,9,0,0,0
1,1,130101,0,0,0,0,0,0,0,0,0,0
2,1,130101,0,0,0,0,0,0,0,0,0,0
1,1,130102,0,0,0,0,0,0,0,0,0,0
1,1,130103,12,12,12,12,12,12,12,12,12,12
2,1,130103,6,6,6,6,6,6,6,6,6,6
1,1,130104,0,0,0,0,0,0,0,0,0,0
1,1,130105,31,0,0,0,0,0,0,19,19,0
1,1,130106,24,24,24,24,24,24,24,24,24,24
2,1,130106,0,0,0,0,12,0,0,0,0,0
1,1,130107,21,21,21,21,21,21,21,21,21,21
1,1,130108,23,18,16,11,18,0,0,0,0,22
1,1,130109,0,0,0,0,0,0,0,0,0,0
2,1,130109,0,0,0,0,0,0,0,0,0,0
3,1,130109,0,0,0,0,0,0,0,0,0,0
1,1,130110,0,13,0,14,15,0,11,17,0,18
1,1,130111,0,0,0,0,0,0,0,0,0,0
2,1,130111,0,0,0,0,0,0,0,0,0,0
1,1,130112,17,17,17,17,17,17,17,17,17,17
1,1,130113,18,18,18,18,18,18,18,18,18,18
0,1,130114,9,9,9,9,9,9,9,9,9,9
1,1,130114,0,0,0,0,0,0,0,15,0,0
1,1,130115,7,7,7,7,7,7,7,7,7,7
1,1,130116,25,25,25,25,25,25,25,25,25,25
2,1,130116,0,0,0,0,0,0,0,0,0,0
1,1,130117,0,0,0,0,0,0,0,0,0,0
0,1,130118,0,0,0,0,0,0,0,0,0,0
1,1,130118,0,0,0,0,0,0,0,0,0,0
1,1,130119,0,20,0,19,24,0,0,0,0,24
0,1,130120,19,19,19,19,19,19,19,19,19,19
1,1,130120,0,0,0,18,0,0,0,0,0,0
1,1,130121,0,0,0,0,0,0,0,0,0,0
1,1,130122,0,28,15,0,17,13,0,8,17,21
1,1,130123,0,0,0,0,0,0,0,0,6,0
2,1,130123,0,0,0,0,0,0,0,0,0,0
1,1,130124,0,0,0,9,0,12,0,18,14,25
1,1,130125,0,0,0,0,0,0,0,0,0,0
1,1,130126,0,0,0,0,0,0,0,0,0,0
2,1,130126,0,0,0,0,0,0,0,0,0,0
1,1,130127,19,19,19,19,19,19,19,19,19,19
1,1,130128,0,0,0,0,0,0,0,0,0,0
2,1,130128,0,0,0,0,0,0,0,0,0,0
1,1,130129,2,2,2,2,2,2,2,2,2,2
1,1,130130,0,0,0,0,0,0,0,0,0,0
1,1,130131,0,0,0,0,0,0,0,0,0,0
1,1,130132,0,0,0,0,0,0,0,0,0,0
2,1,130132,0,0,0,0,0,0,10,0,0,0
1,1,130133,0,0,0,0,0,0,0,0,0,0
1,1,130134,11,11,11,11,11,11,11,11,11,11
2,1,130134,0,0,0,0,0,0,0,0,0,0
1,1,130135,22,22,22,22,22,22,22,22,22,22
1,1,130136,0,0,0,0,0,0,0,0,0,0
1,1,130137,22,22,22,22,22,22,22,22,22,22
1,1,130138,27,11,5,12,21,20,19,9,15,23
1,1,130139,19,19,19,19,19,19,19,19,19,19
1,1,130140,0,0,5,0,0,0,0,0,14,0
2,1,130140,0,0,0,0,0,0,0,0,0,17
1,1,130141,0,0,0,0,0,0,0,0,0,0
1,1,130142,0,0,0,0,0,0,0,0,0,0
1,1,130143,10,10,10,10,10,10,10,10,10,10
1,1,130144,0,0,0,0,0,0,0,0,0,0
1,1,130145,0,0,0,0,0,0,0,0,0,0
2,1,130145,0,0,0,0,0,0,0,0,0,0
1,1,130146,0,0,0,0,6,0,0,0,0,0
0,1,130147,0,32,0,33,16,0,15,0,0,0
1,1,130147,0,0,0,0,0,0,0,0,0,0
0,1,130148,0,0,0,0,16,0,0,0,0,0
1,1,130148,0,0,0,0,0,0,0,0,0,0
1,1,130149,0,0,0,0,0,26,0,6,7,0
1,1,130150,11,11,11,11,11,11,11,11,11,11
1,1,130151,0,0,0,0,0,0,0,0,0,0
2,1,130151,0,0,0,0,0,0,0,0,0,0
1,1,130152,23,23,23,23,23,23,23,23,23,23
1,1,130153,0,0,0,0,0,0,0,0,0,0
2,1,130153,0,0,0,0,0,0,0,0,0,0
1,1,130154,16,0,5,13,10,0,0,0,16,0
1,1,130155,0,0,0,0,0,0,0,0,0,0
2,1,130155,0,0,0,0,0,0,0,0,0,0
3,1,130155,0,0,0,0,0,0,0,0,0,0
1,1,130156,0,0,0,0,0,0,0,0,0,0
1,1,130157,0,0,0,0,0,0,0,0,0,0
2,1,130157,0,0,0,0,0,0,0,0,0,0
0,1,130158,13,15,0,0,15,22,0,13,0,23
1,1,130158,0,0,0,0,0,0,0,0,0,0
1,1,130159,25,9,0,13,4,28,17,17,0,0
2,1,130159,0,9,0,0,8,17,0,0,0,0
3,1,130159,0,0,0,0,0,0,0,0,0,0
0,1,130160,33,33,33,33,33,33,33,33,33,33
1,1,130160,0,0,0,0,0,0,0,0,0,0
1,1,130161,0,0,0,0,0,0,0,0,0,0
2,1,130161,0,0,0,0,0,0,0,0,0,0
1,1,130162,19,0,23,17,0,0,0,23,0,0
2,1,130162,0,0,0,0,0,0,0,0,0,0
1,1,130163,0,0,0,0,0,0,0,14,16,0
2,1,130163,4,0,0,0,0,0,0,0,0,0
1,1,130164,0,0,0,0,0,0,0,0,0,0
0,1,130165,0,0,0,0,0,0,0,0,0,0
1,1,130165,0,0,0,0,0,0,0,0,0,0
1,1,130166,0,0,0,0,0,0,0,0,0,0
0,1,130167,0,0,0,0,0,0,0,0,0,0
1,1,130167,7,7,7,7,7,7,7,7,7,7
1,1,130168,7,7,7,7,7,7,7,7,7,7
1,1,130169,0,0,0,0,0,0,0,0,0,0
2,1,130169,0,0,0,0,0,0,0,0,0,0
3,1,130169,0,0,0,0,0,0,0,0,0,0
1,1,130170,0,0,0,0,0,0,0,0,0,0
0,1,130171,0,0,0,0,0,0,0,0,0,0
1,1,130171,0,0,20,0,0,0,0,0,0,0
1,1,130172,0,0,0,0,0,0,0,0,0,0
2,1,130172,0,0,0,0,0,0,0,0,0,0
1,1,130173,13,0,0,0,7,17,0,0,0,0
2,1,130173,0,0,0,0,0,0,0,0,0,0
3,1,130173,0,0,0,0,0,0,0,0,0,0
1,1,130174,0,0,0,0,0,0,0,0,0,0
2,1,130174,0,0,0,0,0,0,0,0,0,0
3,1,130174,0,0,0,0,0,0,0,0,0,0
1,1,130175,0,0,0,0,0,0,0,0,15,0
0,1,130176,11,0,0,0,21,0,0,0,0,0
1,1,130176,0,0,0,0,0,0,0,0,0,0
2,1,130176,0,0,0,0,0,0,0,0,0,0
1,1,130177,19,19,19,19,19,19,19,19,19,19
1,1,130178,0,0,0,0,0,0,0,0,0,0
2,1,130178,0,0,0,0,0,0,0,0,0,0
1,1,130179,0,0,0,0,0,0,0,0,0,0
2,1,130179,0,0,0,0,0,0,0,0,0,0
1,1,130180,0,0,0,14,15,0,13,0,33,0
1,1,130181,15,15,15,15,15,15,15,15,15,15
2,1,130181,0,0,0,0,0,0,0,0,0,0
1,1,130182,0,0,0,0,0,0,0,0,0,0
2,1,130182,0,0,0,0,0,0,0,0,0,0
1,1,130183,0,0,0,0,0,0,0,0,0,0
2,1,130183,0,0,7,0,14,0,0,12,4,0
1,1,130184,16,16,16,16,16,16,16,16,16,16
1,1,130185,0,0,11,14,0,15,0,0,7,0
1,1,130186,16,16,16,16,16,16,16,16,16,16
2,1,130186,17,17,17,17,17,17,17,17,17,17
1,1,130187,0,0,0,0,0,0,0,0,0,0
2,1,130187,0,0,0,0,0,0,0,0,0,0
0,1,130188,0,0,0,0,0,0,0,0,0,0
1,1,130188,0,0,0,0,0,0,0,0,0,0
1,1,130189,0,10,0,17,0,0,0,0,0,0
0,1,130190,0,0,0,0,0,0,0,0,0,0
1,1,130190,0,0,0,0,0,0,0,0,0,0
1,1,130191,0,0,0,0,0,0,0,0,0,0
2,1,130191,0,0,0,0,0,0,0,0,0,0
1,1,130192,25,25,25,25,25,25,25,25,25,25
1,1,130193,19,19,19,19,19,19,19,19,19,19
1,1,130194,0,0,0,0,0,0,0,0,0,0
2,1,130194,0,0,0,0,0,0,0,0,0,0
3,1,130194,0,0,0,0,0,0,0,0,0,6
1,1,130195,0,0,0,0,0,0,0,0,0,0
1,1,130196,0,0,0,0,0,0,0,0,0,0
0,1,130197,19,19,19,19,19,19,19,19,19,19
1,1,130197,0,0,0,0,0,0,0,0,0,0
1,1,130198,0,0,0,0,0,0,0,0,0,0
1,1,130199,0,0,0,0,0,0,0,0,0,0
2,1,130199,5,5,5,5,5,5,5,5,5,5
0,1,130200,0,0,0,0,0,0,0,0,0,0
1,1,130200,0,0,0,0,0,0,0,0,0,0
1,1,130201,0,0,0,0,0,0,0,0,0,0
1,1,130202,0,0,35,0,58,0,0,15,0,0
1,1,130203,0,0,0,0,0,0,0,0,0,0
1,1,130204,0,0,11,0,0,0,0,0,0,0
2,1,130204,0,0,0,0,0,0,0,0,0,0
3,1,130204,0,0,0,0,0,0,0,0,0,0
1,1,130205,21,21,21,21,21,21,21,21,21,21
1,1,130206,0,0,0,0,0,0,0,0,0,0
1,1,130207,8,8,8,8,8,8,8,8,8,8
1,1,130208,0,19,0,0,0,0,0,0,0,0
1,1,130209,0,0,0,0,0,0,0,0,0,0
2,1,130209,0,0,0,0,0,0,0,0,0,0
1,1,130210,0,16,0,0,15,0,16,30,31,17
1,1,130211,7,7,7,7,7,7,7,7,7,7
1,1,130212,0,0,0,0,0,0,0,0,0,0
1,1,130213,0,0,0,0,0,0,0,0,0,0
1,1,130214,0,0,0,14,0,0,0,0,0,0
1,1,130215,0,0,0,0,0,0,0,0,0,0
0,1,130216,0,0,0,0,0,0,0,0,0,0
1,1,130216,0,0,0,0,0,0,0,0,0,0
1,1,130217,0,0,0,0,0,0,0,0,0,0
2,1,130217,0,0,0,0,0,0,0,0,0,0
1,1,130218,0,0,0,0,0,0,0,0,0,0
0,1,130219,0,23,24,13,16,23,23,28,27,36
1,1,130219,0,0,7,0,0,0,0,0,0,0
2,1,130219,0,0,0,0,0,0,0,0,0,0
1,1,130220,0,0,0,0,0,0,0,0,0,0
2,1,130220,0,0,0,0,0,0,0,0,0,0
1,1,130221,0,0,0,0,0,0,0,0,0,0
2,1,130221,0,0,0,0,0,0,0,0,0,0
3,1,130221,0,0,0,0,0,0,0,0,0,0
1,1,130222,21,21,21,21,21,21,21,21,21,21
1,1,130223,0,0,0,0,0,0,0,0,0,0
2,1,130223,0,0,0,0,0,0,0,0,0,0
1,1,130224,6,6,6,6,6,6,6,6,6,6
1,1,130225,0,0,0,0,0,0,0,0,0,0
2,1,130225,0,0,0,0,0,0,0,0,0,0
0,1,130226,0,0,0,0,0,0,0,0,0,0
1,1,130226,0,0,0,0,0,0,0,13,10,0
0,1,130227,0,0,0,0,0,0,0,0,0,0
1,1,130227,0,0,0,0,0,0,0,0,0,0
1,1,130228,18,18,18,18,18,18,18,18,18,18
0,1,130229,17,17,17,17,17,17,17,17,17,17
1,1,130229,0,0,0,0,0,25,0,0,0,0
1,1,130230,0,0,0,0,0,0,0,0,0,0
1,1,130231,0,0,0,0,0,0,0,0,0,0
1,1,130232,0,0,0,0,0,0,0,0,0,0
2,1,130232,0,0,0,0,0,0,0,0,0,0
3,1,130232,0,0,0,0,0,0,0,0,0,0
0,1,130233,0,0,0,0,0,0,0,0,0,0
1,1,130233,0,0,0,0,0,0,0,0,0,0
1,1,130234,0,0,0,0,0,0,0,0,0,0
2,1,130234,0,0,0,0,0,0,0,0,0,0
1,1,130235,0,0,0,0,0,0,0,0,0,0
1,1,130236,0,10,0,0,0,0,0,0,0,0
1,1,130237,0,0,0,0,0,0,0,0,0,0
1,1,130238,0,0,0,0,0,0,0,0,0,0
2,1,130238,0,0,0,0,0,0,0,0,0,0
0,1,130239,5,5,5,5,5,5,5,5,5,5
1,1,130239,18,5,9,8,6,2,8,0,0,6
0,1,130240,14,14,14,14,14,14,14,14,14,14
1,1,130240,0,0,0,0,0,0,0,0,0,0
1,1,130241,14,0,11,0,0,0,8,0,0,0
1,1,130242,11,11,11,11,11,11,11,11,11,11
1,1,130243,0,0,22,29,0,21,0,25,6,19
1,1,130244,14,21,14,23,8,36,5,12,22,21
2,1,130244,8,8,8,8,8,8,8,8,8,8
0,1,130245,0,0,0,0,0,0,0,0,0,0
1,1,130245,16,0,0,0,0,0,3,0,0,0
1,1,130246,5,0,13,25,26,28,0,34,0,0
1,1,130247,0,0,0,0,0,0,0,0,0,0
1,1,130248,7,20,8,0,0,0,24,0,22,14
1,1,130249,5,5,5,5,5,5,5,5,5,5
1,1,130250,0,0,0,0,0,0,0,0,0,0
2,1,130250,0,0,0,0,11,0,0,0,0,0
0,1,130251,14,14,14,14,14,14,14,14,14,14
1,1,130251,0,0,0,0,0,0,0,0,0,0
1,1,130252,15,15,15,15,15,15,15,15,15,15
1,1,130253,14,14,14,14,14,14,14,14,14,14
2,1,130253,0,0,0,0,0,0,0,0,19,0
0,1,130254,0,21,0,0,25,7,0,11,0,0
1,1,130254,0,0,0,0,0,0,0,0,0,0
1,1,130255,25,25,25,25,25,25,25,25,25,25
2,1,130255,0,0,0,0,0,0,0,0,0,0
1,1,130256,0,0,0,0,0,0,0,0,0,0
0,1,130257,0,0,0,0,0,0,0,0,0,0
1,1,130257,0,0,0,0,0,0,0,0,0,0
1,1,130258,18,18,18,18,18,18,18,18,18,18
1,1,130259,0,0,0,0,0,0,0,0,0,0
2,1,130259,0,0,0,0,0,0,0,0,0,0
1,1,130260,0,0,0,0,0,0,0,0,0,0
2,1,130260,4,0,0,6,0,0,4,0,2,0
1,1,130261,0,0,0,0,0,0,0,0,0,0
1,1,130262,0,0,0,0,0,0,0,0,0,0
1,1,130263,0,0,0,0,0,0,0,0,0,0
1,1,130264,0,0,0,0,0,0,0,0,0,0
2,1,130264,0,0,0,0,0,0,0,0,0,0
1,1,130265,2,2,2,2,2,2,2,2,2,2
2,1,130265,0,0,0,0,0,0,0,0,0,0
0,1,130266,0,0,0,0,0,0,0,0,0,0
1,1,130266,0,0,0,0,0,0,0,0,0,0
0,1,130267,13,0,26,4,22,12,13,21,14,0
2,1,130267,0,0,0,0,0,0,0,0,0,0
1,1,130268,0,0,0,0,0,0,0,0,0,0
2,1,130268,0,0,0,0,0,0,0,0,0,0
3,1,130268,0,0,0,0,0,0,0,0,0,0
1,1,130269,0,0,0,0,0,0,0,0,0,0
1,1,130270,0,0,0,0,0,0,0,0,0,0
1,1,130271,0,0,0,0,0,0,0,0,0,0
1,1,130272,13,13,13,13,13,13,13,13,13,13
1,1,130273,0,0,8,0,10,0,0,0,0,6
1,1,130274,0,0,0,0,0,0,0,0,0,0
2,1,130274,0,0,0,0,0,0,0,0,0,0
1,1,130275,0,0,0,0,0,0,0,0,0,0
0,1,130276,12,12,12,12,12,12,12,12,12,12
1,1,130276,0,0,0,0,0,0,0,0,0,0
1,1,130277,5,0,0,0,0,0,0,0,0,0
0,1,130278,27,27,27,27,27,27,27,27,27,27
1,1,130278,0,0,0,0,0,0,0,0,0,0
1,1,130279,15,15,15,15,15,15,15,15,15,15
1,1,130280,0,0,0,0,0,0,0,0,0,0
2,1,130280,0,0,0,0,0,0,0,0,0,0
3,1,130280,0,0,0,0,0,0,0,0,0,0
1,1,130281,0,0,0,0,0,0,0,0,0,0
2,1,130281,0,0,0,6,0,0,0,0,0,0
0,1,130282,0,0,0,0,0,0,0,0,0,0
1,1,130282,0,0,0,0,0,0,0,0,0,0
1,1,130283,26,26,26,26,26,26,26,26,26,26
1,1,130284,18,18,18,18,18,18,18,18,18,18
1,1,130285,4,4,4,4,4,4,4,4,4,4
0,1,130286,0,0,0,0,0,0,0,3,0,0
1,1,130286,0,0,0,0,7,0,0,0,0,0
1,1,130287,0,0,0,0,0,0,0,0,0,0
2,1,130287,0,0,0,0,0,0,0,0,0,0
0,1,130288,0,0,0,19,0,0,0,0,11,0
1,1,130288,0,0,0,0,0,0,0,0,0,0
1,1,130289,0,0,0,0,0,0,0,0,0,0
2,1,130289,0,0,0,0,0,0,0,0,0,0
1,1,130290,0,0,0,0,0,0,0,0,0,0
2,1,130290,0,0,0,0,0,0,0,0,0,0
1,1,130291,8,8,8,8,8,8,8,8,8,8
1,1,130292,0,0,0,0,0,0,0,0,0,0
0,1,130293,0,0,31,0,0,26,19,8,11,0
0,2,130293,8,0,25,0,0,18,13,0,0,13
1,1,130293,12,12,12,12,12,12,12,12,12,12
1,1,130294,19,19,19,19,19,19,19,19,19,19
1,1,130295,0,0,0,0,0,0,0,0,0,0
1,1,130296,0,0,13,0,0,0,8,0,0,0
2,1,130296,0,0,0,0,0,0,0,0,0,0
3,1,130296,0,0,0,0,11,0,0,0,0,0
1,1,130297,3,3,3,3,3,3,3,3,3,3
2,1,130297,0,0,0,0,0,0,0,0,0,0
1,1,130298,0,0,0,0,0,0,0,0,0,0
2,1,130298,0,0,0,0,0,0,0,0,0,0
1,1,130299,0,0,0,0,0,0,0,0,0,0
1,1,130300,23,23,23,23,23,23,23,23,23,23
1,1,130301,0,0,0,0,0,0,0,0,0,0
1,1,130302,0,0,0,0,0,0,0,0,0,0
2,1,130302,0,0,0,0,0,0,0,0,0,0
1,1,130303,0,0,0,0,0,0,0,0,0,0
1,1,130304,0,0,0,0,0,0,0,0,0,0
1,1,130305,0,0,0,0,0,0,0,0,0,0
1,1,130306,0,0,0,0,0,0,0,0,0,0
2,1,130306,0,0,0,0,0,0,0,0,0,0
3,1,130306,0,0,0,0,0,0,0,0,0,0
1,1,130307,0,0,0,0,0,0,0,0,0,0
2,1,130307,0,0,0,0,0,0,0,0,0,0
3,1,130307,0,0,0,0,0,0,0,0,0,0
4,1,130307,0,0,0,0,0,0,0,0,0,0
1,1,130308,0,0,0,0,0,0,0,0,0,0
2,1,130308,0,0,0,0,0,0,0,0,0,0
1,1,130309,2,2,2,2,2,2,2,2,2,2
2,1,130309,0,0,0,0,0,0,0,0,0,0
1,1,130310,0,0,0,0,0,0,0,0,0,0
2,1,130310,0,0,0,0,0,0,0,0,0,0
1,1,130311,0,0,0,0,0,0,0,0,0,0
2,1,130311,0,0,0,0,0,0,0,0,0,0
1,1,130312,0,0,0,0,0,0,0,0,0,0
2,1,130312,0,0,0,0,0,0,0,0,0,0
1,1,130313,0,0,0,0,0,10,0,0,26,24
0,1,130314,0,0,0,0,0,0,0,0,0,0
1,1,130314,0,0,0,0,0,0,0,0,0,0
1,1,130315,0,0,0,0,0,0,0,0,0,0
2,1,130315,0,0,0,0,0,0,0,0,0,0
3,1,130315,0,0,0,0,0,0,0,0,0,0
1,1,130316,0,0,0,0,0,0,0,0,0,0
1,1,130317,0,0,0,0,0,0,0,0,0,0
1,1,130318,18,18,18,18,18,18,18,18,18,18
0,1,130319,15,0,0,0,0,0,0,0,0,0
1,1,130319,0,0,0,0,0,0,0,0,0,0
1,1,130320,33,19,9,29,23,22,17,35,15,27
1,1,130321,0,5,0,0,13,0,0,0,0,0
1,1,130322,0,0,0,0,10,0,0,0,19,10
1,1,130323,0,0,0,0,0,0,0,0,0,0
2,1,130323,0,0,0,0,0,0,0,0,0,0
1,1,130324,0,0,0,0,0,0,0,0,0,0
2,1,130324,0,0,0,0,0,0,0,0,0,0
3,1,130324,0,0,0,0,0,0,0,0,0,0
4,1,130324,0,0,0,0,0,0,0,0,0,0
0,1,130325,29,29,29,29,29,29,29,29,29,29
1,1,130325,0,0,15,2,0,4,0,0,0,0
0,1,130326,9,9,9,9,9,9,9,9,9,9
1,1,130326,38,8,15,0,16,12,0,14,0,0
1,1,130327,0,0,0,0,0,0,0,0,0,7
2,1,130327,0,0,0,0,0,0,0,0,0,0
1,1,130328,0,0,1,0,0,0,0,0,0,0
1,1,130329,0,0,0,0,0,0,0,0,0,0
2,1,130329,0,0,0,0,0,0,0,0,0,0
1,1,130330,14,18,0,25,34,0,25,21,23,15
1,1,130331,0,0,0,0,0,0,0,0,0,0
2,1,130331,0,0,0,0,0,0,0,0,0,0
1,1,130332,33,33,33,33,33,33,33,33,33,33
1,1,130333,0,0,0,0,0,0,0,0,0,0
2,1,130333,0,0,0,0,0,0,0,0,0,0
3,1,130333,0,0,0,0,12,0,0,0,0,0
4,1,130333,0,0,0,0,0,0,0,0,0,0
1,1,130334,3,3,3,3,3,3,3,3,3,3
0,1,130335,21,21,21,21,21,21,21,21,21,21
1,1,130335,3,0,13,4,13,18,0,14,3,12
0,1,130336,0,0,0,0,0,0,0,0,0,0
1,1,130336,0,6,0,0,0,0,0,0,0,0
1,1,130337,8,26,20,3,14,14,2,28,11,17
1,1,130338,14,14,14,14,14,14,14,14,14,14
1,1,130339,0,0,0,0,0,0,0,0,0,0
2,1,130339,0,0,0,0,0,0,0,0,0,0
0,1,130340,0,0,0,4,0,12,20,27,0,0
1,1,130340,0,0,0,0,0,0,0,3,0,0
1,1,130341,0,0,0,0,0,0,0,0,0,0
2,1,130341,0,0,0,0,0,0,0,0,0,0
1,1,130342,0,0,20,0,40,0,23,0,26,0
1,1,130343,0,0,0,0,0,0,0,0,0,0
2,1,130343,0,0,0,0,0,0,0,0,0,0
0,1,130344,24,24,24,24,24,24,24,24,24,24
1,1,130344,14,14,14,14,14,14,14,14,14,14
1,1,130345,0,0,0,0,0,0,0,0,0,0
2,1,130345,0,0,0,0,0,0,0,23,0,0
1,1,130346,18,18,18,18,18,18,18,18,18,18
2,1,130346,0,0,0,0,0,0,0,0,0,0
1,1,130347,8,17,0,0,8,0,0,0,0,0
1,1,130348,0,0,0,0,0,0,0,0,0,0
1,1,130349,16,18,8,0,11,19,14,7,15,17
1,1,130350,19,19,19,19,19,19,19,19,19,19
1,1,130351,0,0,0,0,0,0,0,0,0,0
1,1,130352,0,0,0,0,0,0,0,0,0,0
1,1,130353,0,0,0,0,0,0,0,0,0,0
2,1,130353,0,0,0,0,0,0,0,0,0,0
1,1,130354,0,0,0,0,0,0,0,0,0,0
2,1,130354,0,0,0,0,0,0,0,0,0,0
1,1,130355,0,24,14,23,29,0,0,0,0,0
1,1,130356,0,0,0,0,0,0,0,0,0,0
2,1,130356,0,0,0,0,0,0,0,0,0,0
1,1,130357,0,0,0,0,0,0,0,0,0,0
1,1,130358,0,0,0,0,0,0,0,0,0,0
2,1,130358,0,0,0,0,0,0,0,0,0,0
1,1,130359,13,13,13,13,13,13,13,13,13,13
2,1,130359,0,0,0,0,0,0,0,0,0,0
0,1,130360,0,0,0,0,0,0,0,0,0,0
1,1,130360,10,10,10,10,10,10,10,10,10,10
1,1,130361,0,0,0,0,0,0,0,0,0,0
1,1,130362,0,0,0,0,0,0,0,0,0,0
2,1,130362,0,0,0,0,0,0,0,0,0,0
3,1,130362,0,0,0,0,0,0,0,0,0,0
1,1,130363,0,11,0,0,0,16,0,8,0,18
1,1,130364,14,14,14,14,14,14,14,14,14,14
1,1,130365,0,0,0,0,0,0,0,0,0,0
1,1,130366,0,0,0,0,0,0,0,0,0,0
1,1,130367,0,0,0,0,0,0,0,0,0,0
2,1,130367,0,0,0,0,0,0,0,0,0,0
3,1,130367,0,0,0,0,0,0,0,0,0,0
4,1,130367,0,0,0,0,0,0,0,0,0,0
5,1,130367,0,0,0,0,0,0,0,0,0,7
1,1,130368,0,0,0,0,0,0,0,0,0,0
2,1,130368,0,0,0,0,0,0,0,0,0,0
1,1,130369,0,0,0,0,0,0,0,0,0,0
2,1,130369,0,0,0,0,0,0,0,0,0,0
1,1,130370,0,0,0,0,0,0,0,0,0,0
2,1,130370,0,0,0,0,0,0,0,0,0,0
1,1,130371,0,0,0,0,0,0,0,0,0,0
2,1,130371,0,0,7,0,0,0,0,0,0,3
1,1,130372,0,0,0,0,0,0,0,0,0,0
2,1,130372,0,0,0,0,0,0,0,0,0,0
1,1,130373,0,0,0,0,0,0,0,0,0,0
2,1,130373,0,0,0,0,0,0,0,0,0,0
1,1,130374,0,0,0,0,0,0,0,0,0,0
1,1,130375,4,4,4,4,4,4,4,4,4,4
2,1,130375,0,0,0,0,0,0,0,19,0,0
1,1,130376,0,0,0,0,0,0,0,0,0,0
2,1,130376,0,0,0,0,0,0,0,0,0,0
1,1,130377,11,11,11,11,11,11,11,11,11,11
0,1,130378,27,27,27,27,27,27,27,27,27,27
1,1,130378,0,0,4,0,0,0,0,0,0,0
1,1,130379,0,0,0,0,0,0,0,0,0,0
2,1,130379,0,0,0,0,0,0,0,0,0,0
1,1,130380,0,0,0,0,0,0,0,0,0,0
1,1,130381,0,0,0,0,0,0,0,0,0,0
2,1,130381,0,0,0,0,0,0,0,0,0,0
1,1,130382,0,0,0,0,0,0,0,0,0,0
1,1,130383,24,24,24,24,24,24,24,24,24,24
1,1,130384,0,0,0,0,0,0,0,0,0,0
1,1,130385,14,14,14,14,14,14,14,14,14,14
2,1,130385,0,0,0,0,0,0,0,0,0,0
3,1,130385,12,0,0,0,0,0,0,0,0,4
1,1,130386,0,0,0,0,0,0,0,0,0,0
2,1,130386,0,0,0,0,0,0,0,0,0,0
0,1,130387,0,0,31,19,0,25,0,49,13,18
1,1,130387,12,25,0,0,0,5,0,3,6,0
1,1,130388,0,0,0,0,0,0,0,0,0,0
2,1,130388,0,0,0,0,0,0,0,0,0,0
1,1,130389,0,0,0,0,0,0,0,0,0,0
2,1,130389,0,0,0,0,0,0,0,0,0,0
0,1,130390,0,0,18,0,0,0,0,0,15,10
1,1,130390,0,0,0,11,0,0,0,29,0,0
1,1,130391,25,22,8,19,18,0,0,23,13,0
1,1,130392,0,0,0,0,0,0,0,0,0,0
1,1,130393,17,17,17,17,17,17,17,17,17,17
1,1,130394,0,0,0,0,0,0,0,0,0,0
1,1,130395,18,18,18,18,18,18,18,18,18,18
2,1,130395,0,0,14,0,0,0,0,0,0,0
3,1,130395,0,0,0,0,0,0,0,0,0,0
1,1,130396,0,0,0,0,0,0,0,0,0,0
2,1,130396,0,0,0,0,0,0,0,0,0,0
1,1,130397,0,0,0,0,0,0,0,0,0,0
1,1,130398,3,3,3,3,3,3,3,3,3,3