VEH_NO,PER_NO,ST_CASE,P1,P2,P3,P4,P5,P6,P7,P8,P9,P10
1,1,130399,0,0,0,0,0,0,0,0,0,0
2,1,130399,0,0,0,0,0,0,0,0,0,0
1,1,130400,0,0,0,0,0,0,0,0,0,0
2,1,130400,0,0,0,0,0,0,0,0,0,0
1,1,130401,47,47,47,47,47,47,47,47,47,47
1,1,130402,0,0,0,0,0,0,0,0,0,0
2,1,130402,0,0,0,0,0,0,0,0,0,0
1,1,130403,12,19,0,0,0,49,0,0,0,20
1,1,130404,0,0,0,0,0,0,0,0,0,0
2,1,130404,0,0,0,0,0,0,0,0,0,0
1,1,130405,0,0,0,0,0,0,0,0,0,0
2,1,130405,0,0,0,0,0,0,0,0,0,0
1,1,130406,0,0,0,0,0,0,0,0,0,0
2,1,130406,0,0,0,0,0,0,0,0,0,0
1,1,130407,11,11,11,11,11,11,11,11,11,11
1,1,130408,20,20,20,20,20,20,20,20,20,20
1,1,130409,0,0,0,0,0,0,0,0,0,0
0,1,130411,25,25,25,25,25,25,25,25,25,25
1,1,130411,13,0,10,15,15,10,13,8,0,3
0,1,130412,23,14,0,0,12,20,0,5,0,0
1,1,130412,0,0,0,0,0,0,0,0,0,0
2,1,130412,0,0,0,0,0,0,0,0,0,0
1,1,130413,0,0,0,0,0,0,0,0,0,0
2,1,130413,0,0,0,0,0,0,0,0,0,0
1,1,130414,0,0,0,0,15,0,0,0,0,0
2,1,130414,0,0,0,0,0,0,0,0,0,0
0,1,130415,0,0,0,0,11,0,0,0,0,0
1,1,130415,0,0,0,0,0,0,0,0,0,6
0,1,130416,0,0,0,0,0,0,0,0,23,0
1,1,130416,0,0,0,0,0,0,0,12,0,0
1,1,130417,28,28,28,28,28,28,28,28,28,28
1,1,130418,0,0,0,0,0,0,0,0,0,0
1,1,130419,9,13,18,19,0,0,0,39,36,10
1,1,130420,16,16,16,16,16,16,16,16,16,16
1,1,130421,0,0,0,0,0,0,13,0,0,0
0,1,130422,0,0,0,0,0,0,0,0,0,0
0,2,130422,0,0,25,11,0,0,0,0,0,12
1,1,130422,0,0,0,0,0,0,0,0,0,0
1,1,130423,0,0,0,0,0,0,0,0,0,0
2,1,130423,0,0,0,0,0,0,0,0,0,0
1,1,130424,0,0,0,0,0,0,0,0,0,0
2,1,130424,0,0,0,0,0,0,0,15,0,0
1,1,130425,0,0,0,0,0,0,0,0,0,0
1,1,130426,0,0,0,0,0,0,0,0,0,0
2,1,130426,0,0,0,0,0,0,0,0,0,0
3,1,130426,0,0,0,0,0,0,4,0,0,0
4,1,130426,0,0,0,0,0,0,0,0,0,0
1,1,130427,28,28,28,28,28,28,28,28,28,28
1,1,130428,0,0,0,0,0,0,0,0,0,0
1,1,130429,0,0,0,0,0,0,0,0,0,0
2,1,130429,0,0,0,0,0,0,0,0,0,0
1,1,130430,0,0,0,0,0,0,0,0,0,0
1,1,130431,35,35,35,35,35,35,35,35,35,35
1,1,130432,0,0,0,0,0,0,0,0,0,0
2,1,130432,0,0,0,0,0,0,0,0,0,0
1,1,130433,8,8,8,8,8,8,8,8,8,8
1,1,130434,0,0,0,0,0,0,0,0,0,0
1,1,130435,0,0,0,0,0,0,0,0,0,0
2,1,130435,0,0,0,0,0,0,0,0,0,0
1,1,130436,15,15,15,15,15,15,15,15,15,15
0,1,130437,0,0,0,0,0,0,0,0,0,0
1,1,130437,0,0,0,0,15,0,0,0,0,0
1,1,130438,0,0,0,0,0,0,0,0,0,0
0,1,130439,0,0,0,0,0,0,0,0,0,0
1,1,130439,0,0,0,0,12,0,16,19,0,0
2,1,130439,0,0,13,0,15,0,24,0,0,0
1,1,130440,17,17,17,17,17,17,17,17,17,17
1,1,130441,15,15,15,15,15,15,15,15,15,15
1,1,130442,15,15,15,15,15,15,15,15,15,15
1,1,130443,0,0,0,0,0,0,0,0,0,0
2,1,130443,0,0,0,0,0,0,0,0,0,0
1,1,130444,0,0,0,0,0,0,0,0,0,0
2,1,130444,0,0,0,0,0,0,0,0,0,0
3,1,130444,0,0,0,0,0,0,0,0,0,0
1,1,130445,17,17,17,17,17,17,17,17,17,17
2,1,130445,0,0,0,0,0,0,0,0,0,0
1,1,130446,0,0,0,0,0,0,0,0,0,0
2,1,130446,0,0,0,0,0,0,0,0,0,0
1,1,130447,0,0,0,0,0,0,0,0,0,0
2,1,130447,0,0,0,0,0,28,0,0,0,0
3,1,130447,0,0,0,0,0,0,0,0,0,0
0,1,130448,24,24,24,24,24,24,24,24,24,24
1,1,130448,0,0,0,0,0,0,0,0,0,0
1,1,130449,0,0,0,0,0,0,0,0,0,0
2,1,130449,0,0,0,0,0,0,0,0,0,0
1,1,130450,0,0,0,0,0,0,0,0,0,0
2,1,130450,0,0,0,0,0,0,0,0,0,0
1,1,130451,0,0,0,0,0,0,0,0,0,0
2,1,130451,0,0,0,0,0,0,0,0,0,0
1,1,130452,15,0,0,0,0,0,0,0,0,0
2,1,130452,0,0,0,0,0,0,0,0,0,0
1,1,130453,0,0,0,0,0,0,8,0,0,0
1,1,130454,0,0,0,0,0,0,0,0,0,0
2,1,130454,0,4,0,0,11,0,0,0,17,0
3,1,130454,0,0,0,2,0,0,0,0,0,0
4,1,130454,0,0,0,0,0,0,0,0,0,0
5,1,130454,5,0,0,2,0,0,0,0,0,3
0,1,130455,22,22,22,22,22,22,22,22,22,22
1,1,130455,20,10,6,0,0,0,0,0,0,0
1,1,130456,27,27,27,27,27,27,27,27,27,27
0,1,130457,0,0,0,0,0,0,0,0,0,0
1,1,130457,2,10,5,7,0,11,21,28,0,20
0,1,130458,4,34,0,0,0,27,19,9,23,10
1,1,130458,4,16,0,6,0,5,0,0,22,21
2,1,130458,0,0,0,0,0,0,0,31,0,0
1,1,130459,23,23,23,23,23,23,23,23,23,23
2,1,130459,7,0,0,0,0,0,11,0,0,0
1,1,130460,13,0,27,19,11,18,0,13,6,0
1,1,130461,0,0,0,0,0,0,0,0,0,0
2,1,130461,0,0,0,0,0,0,0,0,0,0
3,1,130461,0,0,0,0,0,0,0,0,0,0
1,1,130462,16,16,16,16,16,16,16,16,16,16
1,1,130463,0,0,0,0,0,0,0,0,0,0
1,1,130464,31,31,31,31,31,31,31,31,31,31
1,1,130465,0,0,0,0,0,0,0,0,0,0
2,1,130465,0,0,0,0,0,0,0,0,0,0
0,1,130466,0,0,0,0,0,0,0,0,0,0
1,1,130466,0,0,0,0,0,13,0,0,0,0
1,1,130467,0,0,0,0,0,0,0,0,0,0
1,1,130468,0,0,0,0,0,0,0,0,0,22
2,1,130468,0,0,0,0,0,0,0,0,0,0
1,1,130469,22,22,22,22,22,22,22,22,22,22
1,1,130470,0,0,0,0,0,0,0,0,0,0
2,1,130470,0,0,0,0,0,0,0,0,0,0
1,1,130471,0,0,0,0,0,0,0,0,0,0
2,1,130471,0,0,5,0,0,0,0,0,0,0
1,1,130472,21,0,0,0,0,0,20,0,0,0
1,1,130473,0,0,0,0,0,0,0,0,0,0
2,1,130473,0,0,0,0,0,0,0,0,0,0
1,1,130474,0,0,0,0,0,0,0,0,0,0
2,1,130474,0,0,0,0,0,0,0,0,0,0
1,1,130475,0,0,0,0,0,0,0,0,0,0
2,1,130475,0,0,0,0,0,0,0,0,0,0
1,1,130476,0,0,0,0,0,0,0,0,0,16
1,1,130477,0,0,8,0,0,0,0,0,13,19
2,1,130477,22,13,6,19,13,6,18,11,9,11
1,1,130478,0,0,0,0,0,0,0,0,0,0
1,1,130479,13,13,13,13,13,13,13,13,13,13
1,1,130480,0,0,0,0,0,0,0,0,0,0
1,1,130481,0,0,0,0,0,0,0,0,0,0
1,1,130482,0,0,0,0,0,0,0,0,0,0
2,1,130482,0,0,0,0,0,0,0,0,0,0
1,1,130483,14,14,14,14,14,14,14,14,14,14
1,1,130484,18,18,18,18,18,18,18,18,18,18
1,1,130485,0,0,0,0,0,0,0,0,0,0
1,1,130486,13,13,13,13,13,13,13,13,13,13
1,1,130487,18,25,17,17,12,12,11,28,21,12
1,1,130488,6,6,6,6,6,6,6,6,6,6
1,1,130489,0,0,0,0,0,0,0,0,0,0
1,1,130490,3,0,0,0,0,0,0,0,0,0
1,1,130491,0,0,0,0,0,0,0,0,0,0
1,1,130492,0,0,0,0,0,0,0,0,0,0
2,1,130492,0,0,0,0,0,0,0,0,0,0
1,1,130493,5,21,28,13,20,12,0,0,0,6
1,1,130494,13,13,13,13,13,13,13,13,13,13
2,1,130494,0,0,0,0,0,0,0,0,0,0
1,1,130495,0,0,0,0,0,0,0,0,0,0
1,1,130496,18,18,18,18,18,18,18,18,18,18
1,1,130497,0,0,0,0,0,0,0,0,0,0
0,1,130498,0,0,0,0,0,0,0,0,0,0
1,1,130498,0,0,0,0,0,0,0,0,0,0
2,1,130498,0,0,0,0,0,0,0,0,0,0
1,1,130499,0,0,0,0,0,0,0,0,0,0
0,1,130500,0,22,21,18,0,0,0,22,0,0
1,1,130500,9,9,9,9,9,9,9,9,9,9
1,1,130501,0,0,0,0,0,0,0,0,0,0
1,1,130502,0,0,0,0,0,0,0,0,0,0
1,1,130503,15,15,15,15,15,15,15,15,15,15
1,1,130504,0,0,0,21,0,0,0,0,0,0
2,1,130504,0,0,0,0,0,0,0,0,0,0
0,1,130505,0,0,0,11,0,0,0,0,0,0
1,1,130506,0,0,0,0,0,0,0,0,0,0
2,1,130506,0,0,0,0,0,0,0,0,0,0
1,1,130507,0,0,0,0,0,0,0,0,0,0
1,1,130508,26,0,9,18,14,40,0,28,36,0
1,1,130509,0,0,0,0,0,0,0,0,0,0
0,1,130510,0,0,0,0,0,0,0,0,0,0
1,1,130510,0,0,0,0,0,0,0,0,0,0
1,1,130511,27,27,27,27,27,27,27,27,27,27
1,1,130512,20,20,20,20,20,20,20,20,20,20
1,1,130513,0,0,0,0,0,0,0,0,0,0
1,1,130514,22,22,22,22,22,22,22,22,22,22
1,1,130515,10,10,10,10,10,10,10,10,10,10
1,1,130516,0,0,0,0,0,0,0,0,0,0
1,1,130517,0,0,0,0,0,0,0,0,0,0
2,1,130517,0,0,0,2,0,0,0,0,0,0
1,1,130518,0,0,0,0,0,0,0,0,0,0
1,1,130519,0,0,0,0,0,0,0,0,0,0
2,1,130519,0,0,0,0,0,0,0,0,0,0
0,1,130520,0,0,0,0,0,0,0,0,0,0
1,1,130520,0,0,0,0,0,0,0,0,0,0
1,1,130521,0,0,0,3,0,0,0,0,0,0
1,1,130522,13,13,13,13,13,13,13,13,13,13
1,1,130523,0,0,0,0,0,0,0,0,0,0
2,1,130523,0,0,0,0,0,0,0,0,0,0
1,1,130524,0,0,0,0,0,0,0,0,0,0
2,1,130524,0,0,0,0,0,10,0,0,0,0
1,1,130525,0,0,0,0,0,0,0,0,0,0
2,1,130525,0,0,0,0,0,0,0,0,0,0
3,1,130525,0,0,0,0,0,0,0,0,0,0
4,1,130525,0,0,0,0,0,0,0,0,0,0
1,1,130526,0,0,0,0,0,0,0,0,0,0
1,1,130527,0,0,0,0,0,0,0,0,0,0
1,1,130528,0,0,0,0,15,0,0,0,0,0
1,1,130529,0,0,0,0,0,0,0,0,0,0
1,1,130530,0,19,0,0,0,0,0,0,0,0
2,1,130530,0,0,0,0,0,0,0,0,0,0
1,1,130531,10,10,10,10,10,10,10,10,10,10
0,1,130532,9,0,0,15,0,0,8,14,16,8
1,1,130532,0,0,0,0,0,0,0,0,0,0
1,1,130533,0,15,0,0,0,0,0,2,0,0
1,1,130534,0,0,0,0,0,0,0,0,0,0
2,1,130534,0,0,0,0,0,0,0,0,0,0
1,1,130535,0,0,0,0,0,0,0,0,0,0
2,1,130535,0,0,0,0,0,0,0,0,0,0
1,1,130536,0,0,0,0,11,0,3,0,0,0
1,1,130537,0,0,0,0,0,0,0,7,0,0
1,1,130538,14,14,14,14,14,14,14,14,14,14
2,1,130538,2,2,2,2,2,2,2,2,2,2
1,1,130539,0,0,0,0,0,0,0,0,0,0
2,1,130539,0,0,0,0,0,0,0,0,0,0
1,1,130540,0,0,0,0,13,0,0,0,0,0
2,1,130540,0,0,0,0,0,0,9,0,0,0
1,1,130541,0,0,0,0,0,0,0,0,0,0
1,1,130542,0,0,0,0,0,0,0,0,0,0
1,1,130543,0,0,0,0,0,0,0,0,0,0
2,1,130543,0,0,0,0,0,0,0,0,0,0
1,1,130544,0,0,0,0,0,0,0,0,0,0
2,1,130544,0,0,0,0,0,0,0,0,0,0
0,1,130545,22,22,22,22,22,22,22,22,22,22
1,1,130545,0,0,0,0,0,0,0,0,0,0
1,1,130546,32,19,0,18,13,18,12,23,35,15
2,1,130546,0,0,0,0,0,0,0,0,0,0
1,1,130547,0,0,0,0,0,0,0,0,0,0
1,1,130548,0,0,0,0,0,0,0,0,0,0
1,1,130549,10,0,3,0,0,0,0,0,0,0
2,1,130549,0,0,0,0,0,0,0,0,0,0
0,1,130550,18,18,18,18,18,18,18,18,18,18
1,1,130550,21,0,6,0,0,0,0,0,0,3
1,1,130551,22,0,16,11,0,18,21,12,0,0
1,1,130552,0,0,0,0,0,0,0,0,0,0
2,1,130552,0,0,0,0,0,0,0,0,0,0
3,1,130552,0,0,0,0,0,0,0,0,0,0
1,1,130553,24,24,24,24,24,24,24,24,24,24
2,1,130553,0,0,0,0,0,0,0,0,0,0
3,1,130553,0,0,0,0,0,0,0,0,0,0
1,1,130554,11,0,14,10,0,29,11,0,0,0
1,1,130555,0,0,0,0,31,0,0,0,0,18
2,1,130555,0,11,0,0,0,0,0,0,0,0
1,1,130556,0,0,0,0,0,0,0,0,0,0
1,1,130557,0,0,21,16,0,0,22,0,15,0
1,1,130558,27,6,21,19,21,12,18,13,16,0
1,1,130559,0,0,0,0,0,0,0,0,0,0
2,1,130559,0,0,0,0,0,0,0,0,0,0
0,1,130560,26,26,26,26,26,26,26,26,26,26
1,1,130560,0,3,0,24,0,11,0,0,0,0
1,1,130561,0,0,0,0,0,0,0,0,0,0
1,1,130562,0,0,0,0,0,0,0,0,0,0
2,1,130562,0,0,0,0,13,0,0,0,0,0
1,1,130563,0,0,0,0,0,0,0,0,0,0
2,1,130563,0,0,0,0,0,0,0,0,0,0
0,1,130564,0,0,0,0,0,0,0,0,0,0
1,1,130564,8,8,8,8,8,8,8,8,8,8
1,1,130565,0,0,0,0,0,0,0,0,0,0
1,1,130566,0,0,0,0,0,0,0,13,12,13
2,1,130566,0,0,0,0,0,0,0,0,0,0
1,1,130567,0,0,0,0,0,0,0,0,0,0
2,1,130567,0,0,0,0,0,0,0,0,0,0
1,1,130568,0,0,0,0,0,0,0,0,0,0
2,1,130568,0,0,0,0,0,0,0,0,0,0
1,1,130569,0,0,0,0,0,0,0,0,0,0
2,1,130569,0,0,0,0,0,0,0,0,0,0
1,1,130570,6,6,6,6,6,6,6,6,6,6
1,1,130571,0,0,0,0,0,0,0,0,0,0
2,1,130571,0,0,0,0,0,0,0,0,0,0
1,1,130572,0,0,0,0,0,0,0,0,0,0
1,1,130573,0,0,0,0,0,0,0,0,0,0
2,1,130573,0,12,0,0,0,0,0,0,0,0
1,1,130574,12,27,0,17,21,12,28,13,0,0
1,1,130575,0,0,0,0,0,0,0,0,0,0
2,1,130575,0,0,0,0,0,0,0,0,0,0
1,1,130576,0,0,0,0,0,0,0,0,0,15
2,1,130576,0,0,0,0,0,0,0,0,0,0
1,1,130577,0,0,0,0,0,0,0,0,0,0
1,1,130578,14,14,14,14,14,14,14,14,14,14
1,1,130579,0,0,0,0,0,0,0,0,0,0
2,1,130579,0,0,0,0,15,0,0,0,0,0
3,1,130579,0,0,0,0,0,0,0,0,0,0
1,1,130580,17,17,17,17,17,17,17,17,17,17
1,1,130581,10,10,13,0,15,0,0,0,13,14
1,1,130582,21,21,21,21,21,21,21,21,21,21
1,1,130583,0,0,0,0,0,0,0,0,0,0
2,1,130583,0,0,0,0,0,0,0,0,0,0
1,1,130584,0,0,0,0,0,0,18,0,24,7
1,1,130585,12,0,0,0,0,0,0,0,0,0
2,1,130585,22,22,22,22,22,22,22,22,22,22
1,1,130586,0,14,19,14,25,2,11,19,6,7
1,1,130587,0,0,0,0,0,0,0,0,0,0
2,1,130587,0,0,0,0,0,0,0,0,0,0
3,1,130587,0,0,0,0,0,0,0,0,0,0
1,1,130588,0,0,0,0,0,0,0,0,0,0
2,1,130588,0,0,0,0,0,0,0,0,0,0
0,1,130589,0,0,0,0,0,0,21,0,0,0
1,1,130589,0,0,0,0,0,0,0,0,0,0
1,1,130590,9,9,9,9,9,9,9,9,9,9
1,1,130591,0,8,16,10,10,0,0,0,14,10
2,1,130591,0,0,0,0,0,0,0,0,0,0
1,1,130592,0,0,0,0,14,0,12,0,0,0
1,1,130593,0,0,0,0,0,0,0,0,0,0
2,1,130593,0,0,0,0,0,0,0,0,0,0
1,1,130594,0,0,8,0,0,13,0,0,0,0
1,1,130595,0,0,0,0,0,0,0,0,0,0
2,1,130595,0,0,0,0,0,0,0,0,0,0
1,3,130596,9,0,3,15,0,0,11,7,0,0
1,1,130597,0,0,0,0,0,0,0,0,0,0
2,1,130597,0,0,0,0,0,0,0,0,0,0
1,1,130598,0,0,23,15,39,0,0,0,0,15
2,1,130598,0,0,0,0,0,0,0,0,0,0
3,1,130598,0,0,0,0,0,0,0,0,0,0
4,1,130598,0,0,0,0,0,0,0,0,0,0
1,1,130599,31,7,22,23,10,29,28,28,21,37
1,1,130600,0,0,0,0,0,0,0,0,0,0
1,1,130601,19,19,19,19,19,19,19,19,19,19
2,1,130601,0,0,0,0,0,0,0,0,0,0
3,1,130601,0,0,0,0,0,7,0,0,0,0
1,1,130602,0,29,18,31,22,24,15,0,9,0
1,1,130603,0,0,0,24,0,25,0,21,0,0
1,1,130604,0,0,0,0,0,0,0,0,0,0
2,1,130604,0,0,0,0,0,0,0,0,0,0
1,1,130605,0,0,0,0,0,0,0,0,9,0
1,1,130606,8,8,8,8,8,8,8,8,8,8
2,1,130606,0,0,0,0,0,0,0,0,0,0
1,1,130607,0,0,0,0,0,0,0,0,0,0
1,1,130608,0,0,0,0,0,0,0,0,0,0
2,1,130608,0,0,0,0,0,0,0,0,0,0
1,1,130609,18,19,0,5,0,0,0,0,0,0
1,1,130610,0,0,0,0,0,0,0,9,0,0
1,1,130611,0,0,0,0,0,0,0,0,0,0
2,1,130611,0,0,0,0,0,0,0,0,0,0
1,1,130612,19,19,19,19,19,19,19,19,19,19
1,1,130613,0,0,0,0,0,0,0,0,0,0
1,1,130614,15,0,30,15,0,0,0,10,0,0
1,1,130615,0,0,0,0,0,0,0,0,0,0
1,1,130616,28,28,28,28,28,28,28,28,28,28
2,1,130616,0,0,0,0,17,4,9,0,0,0
1,1,130617,0,0,0,0,0,0,0,0,0,0
1,1,130618,0,22,24,14,11,35,17,0,6,15
1,1,130619,11,0,11,0,0,14,0,0,27,0
2,1,130619,13,13,13,13,13,13,13,13,13,13
1,1,130620,0,0,0,0,0,26,0,14,0,0
1,1,130621,0,0,0,0,0,0,9,0,0,0
1,1,130622,0,0,0,0,0,0,0,0,0,0
2,1,130622,0,0,0,0,0,0,0,0,0,0
1,1,130623,10,10,10,10,10,10,10,10,10,10
2,1,130623,20,20,20,20,20,20,20,20,20,20
1,1,130624,0,0,0,0,0,0,0,0,0,0
2,1,130624,0,0,0,0,0,0,0,0,0,0
0,1,130625,0,0,5,0,0,0,0,0,0,0
1,1,130625,0,0,0,0,0,0,0,0,0,0
1,1,130626,0,0,0,0,0,0,12,0,0,0
2,1,130626,0,0,0,0,0,0,0,0,0,0
1,1,130627,0,0,0,0,0,0,0,0,0,0
2,1,130627,0,0,0,0,0,0,0,0,0,0
1,1,130628,0,0,0,0,0,0,0,0,0,0
1,1,130629,0,0,0,0,0,0,0,0,0,0
2,1,130629,0,0,0,0,0,0,0,0,0,0
1,1,130630,29,29,29,29,29,29,29,29,29,29
1,1,130631,0,0,16,0,14,0,14,0,0,0
1,1,130632,0,0,0,0,0,0,0,0,0,0
2,1,130632,0,0,0,0,0,0,0,0,0,0
1,1,130633,10,0,24,0,0,0,0,0,0,0
1,1,130634,0,0,0,0,0,0,0,0,0,0
2,1,130634,0,0,0,0,0,0,0,0,0,0
1,1,130635,0,0,0,0,11,0,0,0,0,0
2,1,130635,0,9,20,0,0,17,0,0,11,0
0,1,130636,9,23,33,15,3,25,35,24,25,22
1,1,130636,0,0,0,0,0,0,0,0,0,0
2,1,130636,0,0,0,0,0,0,0,0,0,8
1,1,130637,0,0,0,0,0,0,0,0,0,0
2,1,130637,0,0,0,0,0,0,0,0,0,0
0,1,130638,0,0,0,0,0,0,0,0,0,0
1,1,130638,0,0,0,0,0,0,0,0,0,0
1,1,130639,0,0,0,0,0,0,24,0,0,18
1,1,130640,7,0,0,0,0,13,0,0,16,10
2,1,130640,0,0,0,0,0,0,0,0,0,0
1,1,130641,0,0,0,0,0,0,0,0,0,0
0,1,130642,0,6,13,19,0,33,0,19,24,22
1,1,130642,0,0,0,0,3,0,0,0,0,0
1,1,130643,8,8,8,8,8,8,8,8,8,8
1,1,130644,0,0,0,0,0,0,0,0,0,0
0,1,130645,0,0,0,0,0,0,0,0,0,0
0,2,130645,0,0,0,0,0,0,0,0,0,0
1,1,130645,0,0,0,0,0,0,0,0,0,0
1,1,130646,0,0,0,0,0,0,0,0,0,0
1,1,130647,0,0,0,0,0,0,0,0,0,0
1,1,130648,0,0,0,0,0,0,0,0,0,0
1,1,130649,0,0,0,0,0,0,0,0,0,0
2,1,130649,0,0,0,0,0,0,0,0,0,0
1,1,130650,22,22,22,22,22,22,22,22,22,22
1,1,130651,0,0,0,0,0,0,0,0,0,0
2,1,130651,0,0,0,0,0,0,0,0,0,0
0,1,130652,28,28,28,28,28,28,28,28,28,28
1,1,130652,0,0,0,0,0,0,0,0,0,0
1,1,130653,18,18,18,18,18,18,18,18,18,18
2,1,130653,0,0,0,0,0,0,0,0,0,0
1,1,130654,18,18,18,18,18,18,18,18,18,18
1,1,130655,15,15,15,15,15,15,15,15,15,15
1,1,130656,5,5,5,5,5,5,5,5,5,5
2,1,130656,0,0,0,0,0,0,0,0,0,7
1,1,130657,0,0,0,0,0,0,0,0,0,0
1,1,130658,0,0,0,0,0,0,0,0,0,0
1,1,130659,0,0,0,0,0,0,0,29,0,14
1,1,130660,0,0,0,0,0,0,0,0,0,0
1,1,130661,6,6,6,6,6,6,6,6,6,6
1,1,130662,0,0,0,0,0,0,0,0,0,0
2,1,130662,0,0,0,0,0,0,0,0,0,0
1,1,130663,0,0,0,0,0,0,0,0,0,0
2,1,130663,0,0,0,0,0,0,0,0,0,0
0,1,130664,0,0,0,0,0,0,0,0,0,0
0,2,130664,0,0,0,0,0,0,0,0,0,14
1,1,130664,11,25,17,10,5,0,0,0,17,22
1,1,130665,0,0,0,0,0,0,0,0,0,0
0,1,130666,0,22,0,0,0,20,0,19,8,15
1,1,130666,8,8,8,8,8,8,8,8,8,8
2,1,130666,0,0,0,0,0,0,0,0,0,0
3,1,130666,0,0,0,0,0,0,0,0,0,0
1,1,130667,0,0,0,0,0,0,0,0,11,0
2,1,130667,0,0,0,0,0,0,0,0,0,0
0,1,130668,0,0,0,0,0,0,0,0,0,0
1,1,130668,0,0,0,0,0,0,0,0,0,0
1,1,130669,9,9,9,9,9,9,9,9,9,9
2,1,130669,0,0,11,0,0,0,0,0,15,0
1,1,130670,0,0,0,0,0,0,0,0,0,0
2,1,130670,0,0,0,0,0,0,0,0,0,0
1,1,130671,0,0,0,0,0,0,0,0,0,0
1,1,130672,0,0,16,12,0,4,0,16,0,0
1,1,130673,0,0,0,0,0,0,0,0,0,0
2,1,130673,0,0,0,0,0,0,0,0,0,0
1,1,130674,0,0,0,0,0,0,0,0,0,0
1,1,130675,0,0,0,0,0,0,0,0,0,0
2,1,130675,0,0,0,0,0,0,0,0,0,0
1,1,130676,0,0,0,0,0,0,0,0,0,0
1,1,130677,0,0,0,0,0,0,0,8,0,0
2,1,130677,0,0,0,0,0,0,0,0,0,0
1,1,130678,0,0,0,0,0,0,0,0,0,0
2,1,130678,9,0,0,0,0,0,0,0,0,0
1,1,130679,0,0,0,0,0,0,0,0,0,0
1,1,130680,0,0,0,0,0,0,0,0,0,0
1,1,130681,14,14,14,14,14,14,14,14,14,14
1,1,130682,0,0,0,0,0,0,0,0,0,0
2,1,130682,0,0,0,0,0,0,0,0,0,0
0,1,130683,0,0,0,0,0,0,0,0,0,0
0,2,130683,0,0,0,0,0,0,0,0,0,15
0,3,130683,0,25,0,0,0,0,0,0,0,0
1,1,130683,0,0,0,0,0,0,0,0,0,0
0,1,130684,22,22,22,22,22,22,22,22,22,22
1,1,130684,0,12,15,0,0,0,0,7,0,10
1,1,130685,0,0,0,0,0,0,0,0,0,0
1,1,130686,0,0,0,0,0,0,0,0,0,0
2,1,130686,0,0,0,17,0,0,0,0,0,0
1,1,130687,0,0,0,0,0,0,0,0,0,0
2,1,130687,0,0,0,0,0,0,0,0,0,4
1,1,130688,2,2,2,2,2,2,2,2,2,2
1,1,130689,0,0,0,0,0,0,0,0,0,0
1,1,130690,0,0,0,0,0,0,0,0,0,0
0,1,130691,0,0,0,0,0,0,0,0,0,0
1,1,130691,0,0,0,0,0,0,0,0,0,0
1,1,130692,0,0,0,0,0,0,0,0,0,0
2,1,130692,0,0,0,0,0,0,0,0,0,21
1,1,130693,0,0,0,0,0,0,0,0,0,0
2,1,130693,0,0,0,0,0,0,0,0,0,0
1,1,130694,0,0,0,0,0,0,0,0,0,0
1,1,130695,0,0,23,15,0,0,0,17,0,0
2,1,130695,0,0,0,0,0,0,0,0,0,0
3,1,130695,0,0,0,0,0,0,0,0,0,0
1,1,130696,0,0,0,0,0,0,0,0,0,0
2,1,130696,0,0,0,0,0,0,0,12,0,0
1,1,130697,13,13,13,13,13,13,13,13,13,13
1,1,130698,34,34,21,22,5,19,22,18,5,11
1,1,130699,28,28,28,28,28,28,28,28,28,28
2,1,130699,15,15,15,15,15,15,15,15,15,15
1,1,130700,0,0,0,0,0,0,0,0,0,0
2,1,130700,0,0,0,0,0,0,0,0,0,0
3,1,130700,0,0,0,0,0,0,0,0,0,0
1,1,130701,0,0,0,0,0,0,0,0,0,0
1,1,130702,0,0,0,0,0,0,0,0,0,0
2,1,130702,0,0,0,0,0,0,0,0,0,0
3,1,130702,0,0,0,0,0,0,0,0,0,0
1,1,130703,0,0,0,0,0,0,0,0,0,0
2,1,130703,0,0,0,18,0,0,0,0,0,0
3,1,130703,0,0,0,0,0,0,0,0,0,0
4,1,130703,0,0,0,0,0,0,0,0,0,0
5,1,130703,0,0,0,0,0,0,0,0,0,0
6,1,130703,17,0,0,0,0,0,0,8,0,12
1,1,130704,0,0,11,13,0,0,0,0,0,0
2,1,130704,0,0,0,6,0,0,0,0,0,0
1,1,130705,0,0,0,0,0,0,0,0,0,0
2,1,130705,0,0,0,0,0,0,0,0,0,0
1,1,130706,0,0,0,0,0,0,0,0,0,0
2,1,130706,0,0,0,0,0,0,0,0,0,0
3,1,130706,0,0,0,0,0,0,0,0,0,0
1,1,130707,0,0,0,0,0,0,0,0,0,0
2,1,130707,0,0,0,0,0,0,0,0,0,0
1,1,130708,0,0,0,0,0,0,0,0,14,0
1,1,130709,0,0,0,0,0,0,0,0,0,6
2,1,130709,0,0,0,0,0,0,0,0,0,0
0,1,130710,17,17,17,17,17,17,17,17,17,17
1,1,130710,0,0,0,0,0,0,0,0,0,0
0,1,130711,0,0,0,0,0,0,0,0,0,0
1,1,130711,0,0,0,0,0,0,0,0,0,0
1,1,130712,0,0,0,0,3,0,0,7,12,0
1,1,130713,0,0,0,0,0,0,0,0,0,0
1,1,130714,0,0,0,0,0,0,0,0,0,0
1,1,130715,12,12,12,12,12,12,12,12,12,12
2,1,130715,0,0,0,2,0,0,10,11,0,0
1,1,130716,0,0,0,0,0,0,0,0,0,0
2,1,130716,7,7,7,7,7,7,7,7,7,7
1,1,130717,8,9,0,0,10,0,0,0,13,0