VEH_NO,PER_NO,ST_CASE,P1,P2,P3,P4,P5,P6,P7,P8,P9,P10
1,1,130718,12,11,0,0,0,0,0,0,0,0
2,1,130718,0,0,0,0,0,0,0,0,0,0
1,1,130719,0,0,0,18,0,0,0,0,0,0
1,1,130720,0,0,0,0,0,0,0,0,0,0
1,1,130721,0,0,0,0,0,0,0,0,0,0
2,1,130721,10,0,0,0,0,0,0,0,0,0
3,1,130721,0,0,0,0,0,0,0,0,0,0
1,1,130722,22,22,22,22,22,22,22,22,22,22
2,1,130722,0,0,0,0,0,0,0,0,0,0
1,1,130723,0,0,0,0,0,0,0,0,0,0
2,1,130723,0,0,0,0,0,19,0,0,7,0
1,1,130724,0,0,0,0,0,0,0,0,0,0
2,1,130724,0,0,0,4,0,0,0,0,0,0
1,1,130725,0,0,10,0,0,0,0,0,0,0
1,1,130726,24,0,0,24,22,26,0,12,18,23
1,1,130727,14,14,14,14,14,14,14,14,14,14
1,1,130728,0,0,0,0,0,0,0,0,0,0
1,1,130729,0,0,0,0,0,0,0,0,0,0
2,1,130729,0,0,0,0,0,0,0,0,0,0
3,1,130729,0,0,0,27,0,4,0,0,0,0
1,1,130730,0,0,0,0,0,0,0,0,0,0
2,1,130730,0,0,0,0,0,0,0,0,0,0
0,1,130731,0,0,0,0,0,0,0,0,0,0
1,1,130731,11,11,11,11,11,11,11,11,11,11
1,1,130732,28,17,29,9,10,4,22,4,32,14
0,1,130733,14,14,14,14,14,14,14,14,14,14
1,1,130733,0,0,0,0,0,0,0,0,0,0
0,1,130734,0,0,0,0,0,0,0,0,0,0
1,1,130734,0,0,0,0,0,0,0,0,0,0
1,1,130735,10,10,10,10,10,10,10,10,10,10
2,1,130735,0,13,0,14,16,0,0,0,8,14
1,1,130736,2,2,2,2,2,2,2,2,2,2
2,1,130736,0,0,0,0,0,0,0,0,0,0
1,1,130737,0,0,0,0,0,0,0,0,0,0
1,1,130738,0,0,0,0,0,0,0,0,0,0
0,1,130739,17,0,16,11,0,0,10,0,32,0
1,1,130739,0,0,0,0,0,0,0,0,0,0
1,1,130740,0,0,0,0,0,0,0,0,0,0
1,1,130741,0,0,0,0,20,0,0,4,0,0
1,1,130742,11,11,11,11,11,11,11,11,11,11
0,1,130743,0,0,0,0,0,0,0,0,0,0
1,1,130743,0,0,0,0,0,0,0,0,0,0
1,1,130744,20,22,21,21,37,33,13,14,15,5
0,1,130745,27,26,14,21,20,49,31,29,18,9
1,1,130745,19,18,4,15,14,15,14,13,10,16
1,1,130746,16,16,16,16,16,16,16,16,16,16
1,1,130747,0,0,0,11,6,0,0,15,0,0
2,1,130747,0,0,0,0,0,0,0,0,0,0
1,1,130748,4,4,4,4,4,4,4,4,4,4
2,1,130748,0,0,0,0,0,0,0,0,0,0
1,1,130749,23,23,23,23,23,23,23,23,23,23
2,1,130749,0,0,0,0,0,0,0,0,0,0
1,1,130750,0,0,0,0,0,0,0,0,0,0
1,1,130751,0,0,0,0,0,0,0,0,0,0
1,1,130752,0,0,0,0,0,0,0,0,0,0
1,1,130753,0,0,0,0,0,0,0,0,0,0
2,1,130753,0,0,0,0,0,0,0,0,0,0
0,1,130754,0,0,0,0,0,0,0,0,0,0
1,1,130754,17,17,17,17,17,17,17,17,17,17
1,1,130755,0,0,0,0,0,0,0,0,0,0
1,1,130756,0,0,0,0,0,0,0,0,0,0
2,1,130756,0,0,0,0,0,0,0,0,0,0
1,1,130757,23,21,17,7,25,16,22,18,18,8
0,1,130758,10,10,10,10,10,10,10,10,10,10
1,1,130758,0,0,0,0,0,0,0,0,0,0
1,1,130759,0,0,0,0,5,0,0,0,0,0
1,1,130760,0,0,0,0,0,0,0,0,0,0
2,1,130760,0,0,0,0,0,0,0,0,0,0
1,1,130761,23,0,30,21,18,7,7,15,0,13
0,1,130762,0,0,0,0,0,0,0,0,0,0
1,1,130762,0,0,0,0,0,0,0,0,0,0
1,1,130763,28,28,28,28,28,28,28,28,28,28
1,1,130764,0,0,0,0,0,0,0,0,0,0
1,1,130765,17,17,17,17,17,17,17,17,17,17
1,1,130766,0,0,0,0,0,0,0,0,0,0
1,1,130767,0,0,0,0,0,0,0,0,0,0
2,1,130767,0,0,0,0,0,0,0,0,0,0
3,1,130767,0,0,0,0,0,0,0,0,0,0
4,1,130767,0,0,0,0,0,0,0,0,0,0
1,1,130768,5,5,5,5,5,5,5,5,5,5
2,1,130768,0,0,0,0,0,0,0,0,0,0
1,1,130769,33,33,33,33,33,33,33,33,33,33
2,1,130769,0,0,0,0,0,0,0,0,0,0
0,1,130770,0,0,16,0,0,0,10,0,0,0
1,1,130770,0,0,0,0,0,0,0,0,0,0
1,1,130771,0,0,0,0,0,0,0,0,0,0
2,1,130771,0,0,0,0,0,0,0,0,0,0
1,1,130772,15,15,15,15,15,15,15,15,15,15
1,1,130773,0,0,0,0,0,0,0,0,0,0
1,1,130774,0,0,0,0,0,0,0,0,0,0
1,1,130775,0,0,0,0,0,0,0,0,0,0
1,1,130776,0,0,0,0,0,0,0,0,0,0
1,1,130777,0,0,0,0,0,0,0,0,0,0
2,1,130777,0,0,0,0,0,0,0,0,0,0
3,1,130777,0,0,0,0,0,0,0,0,0,0
1,1,130778,20,20,20,20,20,20,20,20,20,20
1,1,130779,0,26,0,26,0,0,0,7,0,0
1,1,130780,15,15,15,15,15,15,15,15,15,15
0,1,130781,29,20,15,0,9,0,0,19,0,0
1,1,130781,0,0,0,9,0,0,11,28,5,4
1,1,130782,40,40,40,40,40,40,40,40,40,40
1,1,130783,0,0,0,0,0,0,0,0,0,0
2,1,130783,0,0,0,0,0,0,0,0,0,0
1,1,130784,0,0,0,0,20,19,0,0,0,0
1,1,130785,0,0,0,0,0,0,0,0,0,0
2,1,130785,0,0,0,0,0,0,0,0,0,0
1,1,130786,0,0,0,0,0,0,0,0,30,0
2,1,130786,0,0,0,0,0,0,0,0,0,0
1,1,130787,0,0,15,0,0,0,0,5,15,0
2,1,130787,0,0,0,0,0,0,20,0,0,13
1,1,130788,0,0,0,0,4,0,0,0,0,10
1,1,130789,0,0,0,0,0,0,0,0,0,0
2,1,130789,0,0,0,0,0,0,7,0,0,0
0,1,130790,0,0,0,0,0,0,0,0,0,0
1,1,130790,10,0,0,0,0,0,0,0,0,0
1,1,130791,0,0,0,0,0,27,17,0,0,0
1,1,130792,0,0,0,0,0,9,0,0,0,0
1,1,130793,0,0,0,0,0,0,0,0,0,0
1,1,130794,22,22,22,22,22,22,22,22,22,22
0,1,130795,0,20,16,0,0,14,19,0,9,0
1,1,130795,0,0,3,0,0,0,0,0,0,0
1,1,130796,0,0,0,0,0,0,0,0,0,0
2,1,130796,0,0,0,0,0,0,0,0,0,0
1,1,130797,22,22,22,22,22,22,22,22,22,22
2,1,130797,0,0,0,18,0,0,0,0,0,0
3,1,130797,0,0,0,0,0,0,0,0,0,0
1,1,130798,21,21,21,21,21,21,21,21,21,21
0,1,130799,9,9,9,9,9,9,9,9,9,9
1,1,130799,3,0,0,10,0,15,0,7,7,0
1,1,130800,0,0,0,0,0,0,0,0,0,0
2,1,130800,12,0,0,0,0,14,0,0,0,13
1,1,130801,0,0,0,0,0,0,0,0,0,0
1,1,130802,0,0,0,0,0,0,0,0,0,0
2,1,130802,13,0,0,0,0,0,0,0,0,9
1,1,130803,24,0,0,4,0,12,8,19,0,0
1,1,130804,0,0,0,0,0,0,0,0,0,0
2,1,130804,0,0,0,0,0,0,0,0,0,0
1,1,130805,0,0,0,0,0,0,0,0,0,0
2,1,130805,0,0,11,0,0,0,0,0,0,0
1,1,130806,0,0,0,0,0,0,0,0,0,0
2,1,130806,0,0,0,0,0,0,0,0,0,0
1,1,130807,0,0,0,0,0,0,0,0,0,0
2,1,130807,0,10,0,0,0,15,0,0,0,0
1,1,130808,9,9,9,9,9,9,9,9,9,9
2,1,130808,8,8,8,8,8,8,8,8,8,8
0,1,130809,23,23,23,23,23,23,23,23,23,23
1,1,130809,0,0,0,0,0,0,0,0,0,0
1,1,130810,16,28,37,9,13,8,27,17,17,30
1,1,130811,18,18,18,18,18,18,18,18,18,18
1,1,130812,0,0,0,0,0,0,0,0,0,0
2,1,130812,0,0,0,0,0,0,0,0,0,0
1,1,130813,0,0,0,0,0,0,0,0,0,0
1,1,130815,9,9,9,9,9,9,9,9,9,9
2,1,130815,0,0,0,0,0,0,0,0,0,0
1,1,130817,25,25,25,25,25,25,25,25,25,25
2,1,130817,0,0,0,0,0,0,0,0,13,0
1,1,130818,8,17,5,15,41,12,21,19,23,13
1,1,130819,0,0,0,0,0,0,0,0,0,0
1,1,130820,0,6,23,16,20,8,24,0,0,18
1,1,130821,0,0,0,0,0,0,0,0,0,0
1,1,130822,0,0,0,0,0,0,0,0,0,0
1,1,130823,0,0,0,0,0,0,0,0,0,0
0,1,130824,0,0,0,0,0,0,0,0,0,0
1,1,130824,0,0,0,0,0,0,0,0,0,0
1,1,130825,0,0,0,0,0,0,0,0,0,0
2,1,130825,0,0,0,0,0,0,0,0,0,0
1,1,130826,0,0,0,0,0,0,0,0,0,0
2,1,130826,0,0,0,0,0,0,0,0,0,0
1,1,130827,0,0,0,0,0,0,0,0,0,0
2,1,130827,0,0,0,0,0,0,0,0,0,0
1,1,130828,31,31,31,31,31,31,31,31,31,31
1,1,130829,0,0,0,0,0,0,0,0,0,0
2,1,130829,0,0,0,0,0,0,0,3,0,0
1,1,130830,0,0,0,0,0,0,0,0,0,0
2,1,130830,0,0,0,0,0,0,0,0,0,0
0,1,130831,22,22,22,22,22,22,22,22,22,22
1,1,130831,0,0,0,0,0,4,0,0,0,0
1,1,130832,0,0,0,14,0,0,41,0,0,0
0,1,130833,0,11,17,25,29,0,0,43,0,36
1,1,130833,0,0,0,0,0,0,0,0,0,0
1,1,130834,0,0,0,0,0,0,0,0,0,0
1,1,130835,0,13,0,0,0,0,0,0,10,0
2,1,130835,2,2,2,2,2,2,2,2,2,2
1,1,130836,3,3,3,3,3,3,3,3,3,3
2,1,130836,0,0,0,0,0,0,0,0,0,0
1,1,130837,17,17,17,17,17,17,17,17,17,17
1,1,130838,0,0,0,0,0,0,0,0,0,0
0,1,130839,10,10,10,10,10,10,10,10,10,10
1,1,130839,0,0,0,0,0,0,0,0,0,0
1,1,130840,0,25,10,0,0,0,0,0,0,0
1,1,130841,0,0,0,0,0,0,0,0,0,0
2,1,130841,0,0,0,0,0,0,0,0,0,0
1,1,130842,0,0,0,0,0,0,0,0,7,0
2,1,130842,0,0,27,0,0,0,0,18,0,0
1,1,130843,6,6,6,6,6,6,6,6,6,6
1,1,130844,8,0,0,0,0,8,10,0,0,0
0,1,130845,0,0,0,0,0,0,0,0,0,0
1,1,130845,0,0,0,0,0,0,0,0,0,0
1,1,130846,0,0,0,0,9,0,0,0,0,0
1,1,130847,0,0,0,0,0,0,0,0,0,0
2,1,130847,0,0,0,0,0,0,0,0,0,0
0,1,130848,0,0,0,0,0,0,0,0,0,0
1,1,130848,0,0,0,0,0,0,0,0,0,0
0,1,130849,0,0,0,0,0,0,0,0,0,0
1,1,130849,0,0,0,0,0,0,0,0,0,0
2,1,130849,0,0,7,0,0,0,0,0,0,0
1,1,130850,0,0,0,0,0,0,0,0,0,0
2,1,130850,0,0,0,0,0,0,0,0,0,0
1,1,130851,16,16,16,16,16,16,16,16,16,16
1,1,130852,0,0,0,0,0,0,0,0,0,0
2,1,130852,5,0,0,0,0,0,0,0,0,0
3,1,130852,0,0,0,0,0,0,0,0,0,0
1,1,130853,0,0,0,0,0,0,0,0,0,0
2,1,130853,0,0,0,0,0,0,0,0,0,0
1,1,130854,0,0,0,0,0,0,0,0,0,0
1,1,130855,0,0,0,0,0,0,0,0,0,0
2,1,130855,0,0,0,0,0,0,0,0,0,0
1,1,130856,0,0,0,0,0,0,0,0,0,0
2,1,130856,0,0,0,0,0,0,0,0,0,0
0,1,130857,0,0,11,27,0,14,0,18,24,6
1,1,130857,0,9,0,0,0,0,0,18,23,0
0,1,130858,0,0,0,10,0,0,0,27,20,0
0,2,130858,0,0,0,0,0,0,0,0,0,0
1,1,130858,0,0,0,0,0,0,0,0,0,0
1,1,130859,8,8,8,8,8,8,8,8,8,8
2,1,130859,0,0,0,14,0,0,0,0,0,0
1,1,130860,20,0,0,15,0,0,0,0,0,0
0,1,130861,0,0,0,0,0,22,19,0,0,0
1,1,130861,0,0,34,0,0,0,0,6,0,0
2,1,130861,0,0,0,0,0,0,0,0,0,0
1,1,130862,0,0,0,0,0,0,0,0,0,0
2,1,130862,0,0,0,0,0,0,0,0,0,0
1,1,130863,21,0,34,14,11,16,12,0,22,13
2,1,130863,0,0,0,0,12,0,0,0,0,13
0,1,130864,0,0,0,0,0,0,0,0,0,0
1,1,130864,0,0,0,0,0,0,0,0,0,0
1,1,130865,0,0,0,0,0,0,0,0,0,0
2,1,130865,0,0,0,0,0,0,0,0,0,3
1,1,130866,8,8,8,8,8,8,8,8,8,8
0,1,130867,0,0,0,0,0,0,0,0,0,0
1,1,130867,0,0,0,0,0,0,0,0,0,0
1,1,130868,0,0,0,0,0,0,0,0,0,0
2,1,130868,0,0,0,0,0,0,0,0,0,0
1,1,130869,13,0,4,6,0,0,0,0,10,0
2,1,130869,0,0,0,0,0,0,0,0,0,0
3,1,130869,0,0,0,0,0,0,0,0,0,0
1,1,130870,0,0,0,0,0,0,0,0,0,0
1,1,130871,20,20,20,20,20,20,20,20,20,20
1,1,130872,11,11,11,11,11,11,11,11,11,11
1,1,130873,0,0,0,0,0,0,0,0,0,0
1,1,130874,0,0,0,0,0,0,0,0,0,0
1,1,130875,0,0,0,0,0,0,0,0,0,0
1,1,130876,0,0,0,0,0,0,0,0,0,0
1,1,130877,7,10,0,11,0,0,0,23,0,7
1,1,130878,23,23,23,23,23,23,23,23,23,23
1,1,130879,0,0,0,0,0,0,0,0,0,0
2,1,130879,0,0,0,0,0,0,0,0,0,0
1,1,130880,4,4,4,4,4,4,4,4,4,4
2,1,130880,0,0,0,0,0,0,0,0,0,0
1,1,130881,0,0,0,0,0,0,0,0,0,0
0,1,130882,30,9,0,0,20,0,32,19,0,21
1,1,130882,12,11,21,14,0,0,11,0,10,4
1,1,130883,8,4,11,5,20,12,21,0,11,0
0,1,130884,12,0,0,0,12,0,0,12,23,0
0,2,130884,0,0,11,24,0,28,0,18,22,0
1,1,130884,0,0,0,0,0,0,17,0,0,0
1,1,130885,20,20,20,20,20,20,20,20,20,20
2,1,130885,0,0,0,0,0,0,0,0,0,0
1,1,130886,16,0,0,0,0,15,0,0,0,3
1,1,130887,4,4,4,4,4,4,4,4,4,4
1,1,130888,2,2,2,2,2,2,2,2,2,2
2,1,130888,0,0,15,0,0,0,0,0,0,0
1,1,130889,6,6,6,6,6,6,6,6,6,6
1,1,130890,0,0,0,0,0,0,0,0,13,0
2,1,130890,0,0,0,0,0,0,0,0,0,0
1,1,130891,0,0,0,0,0,0,0,0,0,0
1,1,130892,20,20,20,20,20,20,20,20,20,20
0,1,130893,22,17,0,14,20,0,0,0,7,0
0,2,130893,0,0,0,0,0,0,0,0,0,0
1,1,130893,0,0,0,0,0,0,0,0,0,0
1,1,130894,0,0,0,0,0,0,0,0,0,0
2,1,130894,0,0,0,0,0,0,0,0,0,0
1,1,130895,0,0,0,0,0,0,0,0,0,0
2,1,130895,0,0,0,0,0,0,0,0,0,0
0,1,130896,0,0,0,0,0,0,0,0,0,0
1,1,130896,0,0,0,0,0,0,0,0,0,0
0,1,130897,0,0,0,0,0,0,0,0,0,0
1,1,130897,0,0,0,0,0,0,0,0,0,0
1,1,130898,0,0,0,10,30,22,0,0,18,0
2,1,130898,0,0,0,0,0,0,0,0,0,15
3,1,130898,0,0,0,0,0,0,0,0,0,0
1,1,130899,0,0,0,0,0,0,0,0,0,0
1,1,130900,0,0,0,0,0,0,0,0,0,0
2,1,130900,0,0,0,0,0,0,0,0,0,0
1,1,130901,0,0,0,18,0,0,0,0,0,0
2,1,130901,0,0,0,0,0,0,0,0,0,0
1,1,130902,0,0,0,0,0,0,0,0,0,0
1,1,130903,0,0,0,0,0,0,0,0,0,0
1,2,130904,0,20,38,0,0,21,0,13,31,28
1,1,130905,0,0,0,0,0,0,0,0,0,0
2,1,130905,6,6,6,6,6,6,6,6,6,6
1,1,130906,0,0,0,0,0,0,0,0,0,0
2,1,130906,0,0,0,0,0,0,0,0,0,0
1,1,130907,16,16,16,16,16,16,16,16,16,16
0,1,130908,0,0,0,0,0,0,0,0,0,0
1,1,130908,0,0,0,0,0,0,0,0,0,0
1,1,130909,0,0,0,0,0,0,0,0,0,0
2,1,130909,0,0,0,0,0,0,0,0,0,0
1,1,130910,13,0,0,18,0,0,0,0,21,0
1,1,130911,0,0,0,0,0,0,0,0,0,0
2,1,130911,0,0,0,0,0,0,0,0,0,0
3,1,130911,0,0,0,0,0,0,0,0,0,0
1,1,130912,0,0,0,0,0,0,0,0,0,0
2,1,130912,0,0,0,0,0,0,0,0,0,0
1,1,130913,0,0,0,0,0,0,0,0,0,0
1,1,130914,19,19,19,19,19,19,19,19,19,19
1,1,130915,0,0,0,0,0,0,0,0,0,0
2,1,130915,0,0,0,0,0,0,0,0,0,0
0,1,130916,33,33,33,33,33,33,33,33,33,33
1,1,130916,0,8,0,0,0,0,15,0,0,0
1,1,130917,14,14,14,14,14,14,14,14,14,14
1,1,130918,0,0,0,0,0,0,0,0,0,0
2,1,130918,0,0,0,0,15,0,0,0,0,0
1,1,130919,0,0,0,0,0,0,0,0,0,0
1,1,130920,15,15,15,15,15,15,15,15,15,15
1,1,130921,8,8,8,8,8,8,8,8,8,8
1,1,130922,28,28,28,28,28,28,28,28,28,28
2,1,130922,0,0,0,0,0,0,0,0,0,0
1,1,130923,0,0,0,0,0,0,0,0,0,0
2,1,130923,0,0,0,0,0,0,0,0,0,0
1,1,130924,24,24,24,24,24,24,24,24,24,24
1,1,130925,9,9,9,9,9,9,9,9,9,9
0,1,130926,0,0,0,0,0,0,0,0,0,0
1,1,130926,19,0,16,0,0,0,0,0,0,0
1,1,130927,9,0,0,0,8,6,0,0,0,0
2,1,130927,0,0,0,0,0,0,0,0,0,0
1,1,130928,18,18,18,18,18,18,18,18,18,18
1,1,130929,0,0,0,0,0,0,0,0,0,0
2,1,130929,0,0,0,0,0,0,0,0,0,0
1,1,130930,0,0,0,0,0,0,0,0,0,0
2,1,130930,0,0,0,0,0,0,0,0,0,0
0,1,130931,21,21,21,21,21,21,21,21,21,21
1,1,130931,0,0,0,0,0,0,0,0,19,0
1,1,130932,0,0,0,0,0,0,0,0,0,0
1,1,130933,0,0,0,0,0,0,0,0,0,0
2,1,130933,0,0,0,0,0,0,0,0,0,0
1,1,130934,18,18,18,18,18,18,18,18,18,18
2,1,130934,0,0,0,0,0,0,0,0,0,0
0,1,130935,0,0,0,0,0,0,0,0,0,0
1,1,130935,0,0,0,0,0,0,0,0,0,0
1,1,130936,25,25,25,25,25,25,25,25,25,25
0,1,130937,14,14,14,14,14,14,14,14,14,14
1,1,130937,3,0,0,0,0,0,0,0,0,0
1,1,130938,0,0,0,0,0,0,0,0,0,0
2,1,130938,0,0,0,0,0,0,0,0,0,0
1,1,130939,0,0,0,0,0,0,0,0,9,0
2,1,130939,0,0,0,0,0,0,0,0,0,0
1,1,130940,0,0,0,0,0,0,0,0,0,0
2,1,130940,0,10,0,11,0,0,16,0,0,0
1,1,130941,0,0,0,0,0,0,0,0,0,0
1,1,130942,14,14,14,14,14,14,14,14,14,14
1,1,130943,0,0,0,0,0,0,0,0,0,0
2,1,130943,0,0,0,0,0,0,0,0,0,0
1,1,130944,0,0,0,17,0,0,0,0,0,0
1,1,130945,0,0,0,0,0,0,0,0,0,0
2,1,130945,0,0,0,0,0,0,0,0,0,0
1,1,130946,0,0,0,0,0,0,0,0,0,0
1,1,130947,0,0,0,0,0,0,0,0,0,0
1,1,130948,0,0,5,0,0,10,0,0,0,6
1,1,130949,0,0,0,0,0,0,0,0,0,0
2,1,130949,0,0,0,0,0,0,0,0,0,0
1,1,130950,20,20,20,20,20,20,20,20,20,20
0,1,130951,0,0,0,0,0,0,0,0,0,0
1,1,130951,0,0,0,0,0,0,0,0,0,0
1,1,130952,0,0,0,0,0,0,0,0,0,0
2,1,130952,0,0,0,0,0,0,0,0,0,0
1,1,130953,0,0,0,0,0,0,0,0,0,0
1,1,130954,0,0,0,0,0,0,0,0,0,0
2,1,130954,0,0,0,0,0,0,0,0,0,0
1,1,130955,10,10,10,10,10,10,10,10,10,10
2,1,130955,0,0,0,0,0,0,0,0,0,0
0,1,130956,0,0,0,0,0,0,0,0,0,0
1,1,130956,0,0,0,5,0,0,0,0,0,0
1,1,130957,0,0,0,0,0,0,0,0,0,0
2,1,130957,0,0,0,0,0,0,0,0,0,0
1,1,130958,0,0,0,0,0,0,0,0,0,0
1,1,130959,14,14,14,14,14,14,14,14,14,14
2,1,130959,0,0,0,0,0,0,0,0,0,0
1,1,130960,0,0,0,0,0,0,0,0,0,0
2,1,130960,0,0,0,0,0,0,0,0,0,0
1,1,130961,0,0,0,0,0,0,0,0,0,0
1,1,130962,22,0,17,18,21,0,12,13,10,17
1,1,130963,17,17,17,17,17,17,17,17,17,17
1,1,130964,0,0,0,0,0,0,0,0,0,0
2,1,130964,0,0,0,0,0,0,0,0,0,0
3,1,130964,0,0,0,0,0,0,0,0,0,0
1,1,130965,15,15,15,15,15,15,15,15,15,15
2,1,130965,0,22,0,0,0,0,0,0,0,0
3,1,130965,0,0,0,0,0,0,0,0,0,0
1,1,130966,13,0,7,23,19,15,18,0,15,0
2,1,130966,3,0,0,14,0,0,0,0,0,0
1,1,130967,0,0,0,0,0,0,0,0,0,0
1,1,130968,0,0,15,0,0,0,0,0,0,0
1,1,130969,0,0,0,0,10,0,0,14,0,16
1,1,130970,18,0,0,0,24,0,7,0,9,0
1,1,130971,19,19,19,19,19,19,19,19,19,19
1,1,130972,0,0,0,0,0,0,0,0,0,0
2,1,130972,0,0,0,0,0,0,0,0,0,0
1,1,130973,0,0,0,0,0,0,0,0,0,0
2,1,130973,0,0,0,0,0,0,0,0,0,0
1,1,130974,0,0,4,0,0,0,0,0,0,9
2,1,130974,0,0,0,0,0,0,0,0,0,0
3,1,130974,0,0,0,0,0,0,0,0,0,0
1,1,130975,0,0,0,0,0,7,0,0,0,0
2,1,130975,0,0,0,0,0,0,0,0,0,0
1,1,130976,0,0,0,0,0,0,0,0,0,0
1,1,130977,9,9,9,9,9,9,9,9,9,9
1,1,130978,24,24,24,24,24,24,24,24,24,24
2,1,130978,0,0,0,0,0,0,0,0,0,0
3,1,130978,0,13,0,0,0,0,0,0,0,0
1,1,130979,0,9,15,0,0,8,0,13,0,0
2,1,130979,0,8,0,0,0,0,0,0,0,0
3,1,130979,0,0,0,0,0,10,0,0,0,0
1,1,130980,0,0,0,0,0,0,0,0,0,0
2,1,130980,0,0,0,0,0,0,0,0,0,0
1,1,130981,11,16,21,11,14,9,14,8,12,33
1,1,130982,0,0,0,0,0,0,0,0,0,0
1,1,130983,14,23,27,22,34,34,41,15,19,23
2,1,130983,0,0,0,0,0,0,0,0,0,0
1,1,130984,0,0,0,12,0,0,0,0,0,0
2,1,130984,0,0,0,0,0,0,0,0,0,0
3,1,130984,0,0,0,0,0,0,0,0,0,0
4,1,130984,0,0,0,0,0,0,0,0,0,8
1,1,130985,0,0,0,0,0,0,0,0,24,0
0,1,130986,0,17,17,14,18,10,30,31,34,16
1,1,130986,0,0,0,0,0,0,0,0,0,0
1,1,130987,0,0,0,0,0,0,0,0,0,13
2,1,130987,0,0,0,0,0,0,0,0,0,0
1,1,130988,0,0,0,0,0,0,10,0,8,0
2,1,130988,0,0,0,7,15,0,0,0,0,0
3,1,130988,0,0,0,0,0,0,0,0,0,0
0,1,130989,0,0,0,0,0,0,0,0,0,0
1,1,130989,0,0,0,0,0,0,0,0,0,0
1,1,130990,0,0,0,0,0,0,0,0,0,0
2,1,130990,0,0,0,0,0,0,0,0,0,0
1,1,130991,15,15,15,15,15,15,15,15,15,15
2,1,130991,0,6,0,0,0,0,4,0,0,0
1,1,130992,0,0,0,0,0,0,0,0,0,0
2,1,130992,0,0,0,0,0,0,0,0,0,0
0,1,130993,0,0,0,0,0,0,0,0,0,0
0,2,130993,0,0,0,0,0,0,0,0,0,0
1,1,130993,0,0,0,0,0,0,0,0,0,0
1,1,130994,0,0,0,0,0,18,0,0,0,6
1,1,130995,0,0,0,0,0,0,0,0,0,0
2,1,130995,0,0,0,0,0,0,0,0,0,0
0,1,130996,0,0,0,0,0,22,0,0,0,0
1,1,130996,0,0,0,0,0,0,0,0,0,0
1,1,130997,0,0,0,0,0,0,0,0,0,0
2,1,130997,0,0,0,0,0,0,0,0,0,0
1,1,130998,0,0,0,0,0,0,0,0,0,0
2,1,130998,0,0,0,0,0,0,0,0,0,0
1,1,130999,0,0,0,0,0,0,0,0,0,0
1,1,131000,24,24,24,24,24,24,24,24,24,24
1,1,131001,0,0,0,0,0,0,0,0,0,0
0,1,131002,0,0,0,0,0,0,0,0,0,19
1,1,131002,3,0,0,0,0,0,0,0,0,0
1,1,131003,0,0,16,0,0,0,0,0,0,15
1,1,131004,0,0,0,0,0,0,0,0,0,0
2,1,131004,0,0,0,0,0,0,24,0,0,0
1,1,131005,0,0,0,0,8,0,0,0,0,0
2,1,131005,13,0,0,0,0,0,0,0,0,0
1,1,131006,0,0,0,0,0,0,0,0,0,0
1,1,131007,0,0,0,0,0,0,0,0,0,0
2,1,131007,0,0,0,0,0,0,0,0,0,0
1,1,131008,0,0,0,0,0,0,0,0,0,0
2,1,131008,0,0,0,0,0,0,0,0,0,0
1,1,131009,0,0,0,0,18,0,0,0,0,0
1,1,131010,26,16,0,0,0,0,0,0,27,0
2,1,131010,0,0,0,0,0,0,0,0,0,0
3,1,131010,0,0,0,0,0,0,0,17,0,0
4,1,131010,0,0,20,0,0,0,0,9,0,6
5,1,131010,0,0,9,0,0,0,0,0,0,15
6,1,131010,0,25,0,17,0,0,0,0,25,0
1,1,131011,0,0,0,0,0,0,0,0,0,0
2,1,131011,0,0,0,0,0,0,0,0,0,14
1,1,131012,12,33,23,23,19,13,35,17,21,19
1,1,131013,0,0,0,0,0,0,0,0,0,0
2,1,131013,0,0,0,16,0,0,0,0,0,0
1,1,131014,10,10,10,10,10,10,10,10,10,10
0,1,131015,0,0,0,0,0,0,0,0,0,0
1,1,131015,0,0,0,0,0,0,0,0,0,0
1,1,131016,0,0,0,0,0,0,0,0,0,0
0,1,131017,40,40,40,40,40,40,40,40,40,40
1,1,131017,0,0,0,0,0,0,0,0,0,0
1,1,131018,0,0,0,0,0,0,0,0,0,0
1,1,131019,0,0,0,0,0,0,0,0,0,0
1,1,131020,17,17,17,17,17,17,17,17,17,17
0,1,131021,0,0,0,0,0,0,0,11,0,0
1,1,131021,0,0,0,0,0,0,0,0,0,0
1,1,131022,0,0,0,0,0,0,0,0,0,0
2,1,131022,0,0,0,0,0,0,0,0,0,0
1,1,131023,0,0,0,0,0,0,0,0,0,0
0,1,131024,0,0,0,0,0,0,0,0,0,0
1,1,131024,18,0,3,4,9,0,0,13,0,0
1,1,131025,0,0,0,0,0,0,0,0,0,0
2,1,131025,0,0,0,0,0,0,0,0,0,0
1,1,131026,0,0,0,0,0,0,0,0,0,0
0,1,131027,23,23,23,23,23,23,23,23,23,23
1,1,131027,0,0,0,0,16,0,0,0,0,0
1,1,131028,0,0,0,0,0,0,0,0,0,0
2,1,131028,0,0,0,0,0,0,0,0,0,0
0,1,131029,20,0,10,0,0,14,16,27,0,29
1,1,131029,0,0,0,0,0,15,0,0,0,0
2,1,131029,0,11,0,0,0,0,0,0,0,15
1,1,131030,15,0,0,0,0,0,9,11,0,26
1,1,131031,0,0,0,0,0,0,0,0,0,0
0,1,131032,28,28,28,28,28,28,28,28,28,28