VEH_NO,PER_NO,ST_CASE,P1,P2,P3,P4,P5,P6,P7,P8,P9,P10
1,1,131032,0,0,0,0,0,0,0,0,0,0
1,1,131033,0,0,0,0,0,0,0,0,0,0
1,1,131034,10,0,0,7,0,8,0,0,3,0
2,1,131034,0,0,0,0,0,0,0,0,0,0
3,1,131034,0,0,0,0,0,0,0,0,0,0
4,1,131034,0,0,0,0,0,0,0,0,0,0
1,1,131035,0,0,0,0,0,0,0,0,0,0
2,1,131035,0,0,0,0,0,0,0,0,0,0
1,1,131036,13,13,13,13,13,13,13,13,13,13
0,1,131037,0,0,0,0,0,0,0,0,0,0
1,1,131037,0,0,0,0,0,0,0,0,0,0
0,1,131038,0,0,0,0,0,0,0,0,0,0
1,1,131038,0,0,0,0,0,0,0,0,0,0
0,1,131039,6,0,0,0,32,0,0,12,0,0
1,1,131039,0,7,3,0,0,0,0,0,0,0
2,1,131039,0,0,0,0,0,0,0,0,0,0
1,1,131040,0,0,0,0,0,0,0,0,0,0
2,1,131040,0,0,0,0,0,0,0,0,0,0
1,1,131041,0,0,0,0,0,0,0,0,0,0
1,1,131042,0,0,0,0,0,0,0,0,0,0
0,1,131043,30,30,30,30,30,30,30,30,30,30
1,1,131043,0,0,0,0,0,0,0,0,0,0
1,1,131044,0,0,23,0,0,0,0,0,0,21
1,1,131045,0,0,0,0,0,0,0,0,0,0
1,1,131046,0,0,0,0,21,0,0,0,0,0
2,1,131046,0,0,0,0,0,0,0,0,0,0
1,1,131047,15,15,15,15,15,15,15,15,15,15
2,1,131047,0,0,0,0,0,0,0,0,0,0
3,1,131047,0,0,0,0,0,0,0,0,0,0
1,1,131048,0,0,0,0,0,0,0,0,0,0
2,1,131048,0,0,0,0,0,0,0,0,0,0
3,1,131048,0,0,0,0,0,0,0,0,0,0
4,1,131048,0,0,0,0,0,0,0,0,0,0
1,1,131049,0,0,0,0,0,0,0,0,0,0
2,1,131049,0,0,0,12,0,0,0,0,0,17
1,1,131050,13,11,20,9,18,13,12,8,0,20
2,1,131050,0,0,0,0,0,0,0,0,0,0
0,1,131051,22,22,22,22,22,22,22,22,22,22
1,1,131051,0,0,0,0,0,13,0,0,0,0
1,1,131052,0,0,0,0,0,0,0,0,0,0
2,1,131052,0,0,0,0,0,0,0,0,0,0
3,1,131052,0,0,0,0,0,0,0,0,0,0
1,1,131053,0,0,0,0,0,0,0,0,0,0
1,1,131054,19,19,19,19,19,19,19,19,19,19
1,1,131055,24,28,0,41,9,23,9,0,18,15
1,1,131056,0,0,0,0,0,0,0,0,0,0
1,1,131057,0,0,0,0,0,0,0,0,0,0
1,1,131058,0,0,0,0,0,0,0,7,0,0
1,1,131059,0,0,0,0,0,11,0,0,0,8
1,1,131060,0,0,0,0,0,0,0,0,0,0
1,1,131061,0,0,0,0,0,0,0,0,0,0
1,1,131062,0,0,0,0,0,0,0,0,0,0
2,1,131062,0,0,0,0,0,0,0,0,0,0
1,1,131063,0,0,0,0,0,0,0,0,0,0
1,1,131064,0,0,0,0,0,0,0,0,0,0
1,1,131065,0,24,11,0,20,0,21,0,11,32
1,1,131066,0,0,0,0,0,0,0,0,0,0
1,1,131067,25,25,25,25,25,25,25,25,25,25
2,1,131067,0,0,0,0,0,0,0,0,0,0
0,1,131068,9,0,10,0,0,0,0,12,0,0
1,1,131068,0,0,0,0,0,0,0,11,10,0
0,1,131069,13,7,5,0,19,0,0,0,10,8
1,1,131069,0,0,0,0,0,0,0,0,0,0
2,1,131069,0,0,0,11,0,0,0,0,0,4
3,1,131069,0,0,0,0,0,0,0,19,0,0
1,1,131070,0,0,0,17,10,17,11,0,22,0
0,1,131071,0,0,0,0,0,0,0,0,0,0
1,1,131071,0,0,0,0,0,0,0,0,0,0
1,1,131072,0,0,0,0,0,0,0,0,0,0
1,1,131073,21,21,21,21,21,21,21,21,21,21
2,1,131073,0,0,0,0,0,0,0,0,0,0
0,1,131074,0,0,0,0,0,0,0,0,0,0
1,1,131074,0,0,0,0,0,0,0,0,0,0
2,1,131074,0,0,0,0,0,0,0,0,0,0
1,1,131075,0,0,0,0,0,0,0,0,0,0
1,1,131076,0,0,0,0,0,0,0,0,0,0
1,1,131077,0,0,0,0,0,0,0,0,0,0
2,1,131077,0,0,0,0,0,0,0,0,0,0
1,1,131078,0,0,0,0,0,0,0,0,0,0
1,1,131079,19,21,26,24,21,17,11,22,17,26
1,1,131080,0,0,0,0,0,0,0,0,0,0
2,1,131080,0,0,0,0,0,0,0,0,0,0
1,1,131081,0,0,0,0,0,0,0,0,0,0
2,1,131081,0,0,0,0,0,0,0,0,0,0
1,1,131082,0,0,0,0,0,0,0,0,0,0
1,1,131083,0,0,0,0,0,0,0,0,0,0
2,1,131083,0,0,0,0,0,0,0,0,0,0
0,1,131084,0,0,0,0,0,0,0,0,0,0
1,1,131084,0,0,0,0,0,8,0,0,0,0
1,1,131085,14,34,0,11,17,16,0,22,15,0
0,1,131086,0,0,15,9,0,5,4,15,12,0
1,1,131086,0,0,0,0,0,0,11,0,0,0
1,1,131087,0,11,0,0,0,0,0,0,0,16
2,1,131087,0,0,0,0,0,0,0,0,0,0
0,1,131088,26,26,26,26,26,26,26,26,26,26
1,1,131088,0,0,0,0,0,0,0,0,0,0
0,1,131089,0,0,0,0,8,0,0,0,20,8
1,1,131089,0,0,0,0,0,0,0,0,0,0
1,1,131090,0,0,0,0,0,0,22,0,0,0
2,1,131090,0,0,0,0,0,0,0,0,0,0
0,1,131091,20,0,0,0,0,0,0,0,0,0
1,1,131091,0,0,0,0,0,0,0,0,0,0
1,1,131092,0,0,0,0,0,0,0,0,0,0
2,1,131092,0,0,0,0,0,8,0,0,12,19
1,1,131093,0,0,0,0,0,0,0,15,0,0
2,1,131093,0,0,14,0,2,0,0,0,19,0
1,1,131094,0,0,0,0,0,0,0,0,0,15
1,1,131095,0,0,0,0,0,0,11,0,0,0
1,1,131096,8,0,0,0,0,0,0,0,0,0
1,1,131097,0,0,0,0,0,0,0,0,0,0
2,1,131097,0,0,0,0,0,16,0,0,0,0
1,1,131098,0,0,0,0,12,0,2,0,0,0
2,1,131098,0,0,0,0,0,0,0,0,0,0
1,1,131099,26,18,16,18,0,19,7,20,15,21
0,1,131100,0,0,0,0,0,0,0,0,0,0
1,1,131100,0,0,0,0,0,0,0,0,0,0
2,1,131100,0,0,0,0,0,0,15,0,0,0
1,1,131101,12,14,0,25,0,0,11,22,0,19
1,1,131102,0,0,0,0,0,0,0,0,0,0
2,1,131102,0,5,0,0,0,0,0,0,0,0
0,1,131103,31,31,31,31,31,31,31,31,31,31
1,1,131103,0,0,0,0,0,0,0,0,0,0
1,1,131104,21,21,21,21,21,21,21,21,21,21
2,1,131104,0,0,0,0,0,0,0,0,0,14
3,1,131104,0,0,0,0,0,0,0,3,0,0
1,1,131105,0,0,0,0,0,0,0,0,0,0
2,1,131105,0,0,0,0,0,0,0,0,0,0
1,1,131106,13,0,0,0,0,0,0,0,0,0
2,1,131106,0,0,0,0,0,0,0,0,0,0
0,1,131107,15,21,24,17,9,29,9,21,17,10
1,1,131107,11,13,0,0,0,11,0,0,0,3
2,1,131107,2,0,0,0,0,2,0,0,2,8
1,1,131108,0,0,0,0,0,0,0,0,0,0
1,1,131109,0,0,0,20,0,7,0,0,0,14
1,1,131110,0,0,14,0,23,0,0,0,0,26
1,1,131111,25,25,25,25,25,25,25,25,25,25
1,1,131112,0,0,9,0,0,0,0,0,0,0
2,1,131112,0,0,0,0,0,0,0,0,0,0
1,1,131113,25,0,18,0,0,0,0,0,0,0
0,1,131114,0,0,0,0,0,0,0,0,0,0
1,1,131114,2,2,2,2,2,2,2,2,2,2
2,1,131114,0,0,0,0,0,0,0,0,0,0
1,1,131115,19,19,19,19,19,19,19,19,19,19
2,1,131115,0,0,0,0,0,0,0,0,0,0
1,1,131116,11,11,11,11,11,11,11,11,11,11
2,1,131116,0,0,0,0,0,0,0,0,0,0
1,1,131117,5,5,5,5,5,5,5,5,5,5
2,1,131117,11,0,4,0,8,0,0,0,0,0
1,1,131118,0,0,0,0,0,0,0,0,0,0
2,1,131118,0,0,0,0,0,0,0,0,0,0
1,1,131119,0,0,0,0,0,0,0,0,0,0
2,1,131119,0,0,0,0,0,0,0,0,0,0
1,1,131120,0,11,0,0,0,0,0,0,0,0
2,1,131120,0,0,0,0,0,0,0,0,0,0
1,1,131121,0,0,0,0,0,0,0,0,0,0
2,1,131121,0,0,0,0,0,0,0,0,0,0
1,1,131122,0,0,0,0,0,0,0,0,0,0
2,1,131122,0,0,0,0,0,0,0,0,0,0
1,1,131123,0,0,0,0,0,0,0,0,0,0
1,1,131124,0,0,0,0,0,0,0,0,0,0
1,1,131125,18,18,18,18,18,18,18,18,18,18
1,1,131126,0,0,0,0,0,0,0,0,0,0
2,1,131126,0,0,0,24,0,0,0,0,0,0
1,1,131127,0,0,0,0,0,0,0,0,0,0
1,1,131128,0,0,0,0,0,0,0,0,0,0
2,1,131128,20,20,20,20,20,20,20,20,20,20
1,1,131129,0,0,0,0,0,0,0,0,0,0
1,1,131130,0,0,0,0,0,0,0,0,0,0
2,1,131130,0,0,0,0,0,0,0,0,0,0
1,1,131131,0,0,0,0,0,0,0,0,0,0
2,1,131131,0,0,0,0,0,0,0,0,0,0
1,1,131132,0,0,0,0,0,0,0,0,0,0
2,1,131132,0,0,0,0,0,0,0,0,0,0
1,1,131133,0,0,0,0,0,0,0,0,0,0
2,1,131133,0,0,0,0,0,0,0,0,0,0
1,1,131134,0,0,0,15,0,0,0,0,0,0
1,1,131135,14,14,14,14,14,14,14,14,14,14
1,1,131136,21,21,21,21,21,21,21,21,21,21
1,1,131137,0,0,0,0,0,0,0,0,0,0
2,1,131137,0,8,0,0,0,0,0,0,0,0
1,1,131138,0,0,0,0,0,0,0,0,0,0
2,1,131138,28,28,28,28,28,28,28,28,28,28
1,1,131139,11,0,0,0,6,0,0,0,0,0
1,1,131140,0,0,0,0,0,0,0,0,0,0
0,1,131141,0,0,0,0,0,0,0,0,0,0
1,1,131141,0,0,0,0,0,0,0,0,0,0
1,1,131142,10,0,22,9,15,22,15,0,0,0
2,1,131142,0,0,0,0,0,0,0,0,0,0
1,1,131143,0,0,0,0,0,0,0,0,0,0
2,1,131143,0,0,0,0,0,0,0,0,0,0
3,1,131143,0,0,0,0,0,0,0,0,0,0
4,1,131143,0,0,0,0,0,0,0,0,0,0
1,1,131144,18,18,18,18,18,18,18,18,18,18
1,1,131145,0,0,0,0,0,0,0,0,0,0
1,1,131146,0,0,0,0,0,0,0,0,0,0
2,1,131146,0,0,0,0,0,0,0,0,0,0
1,1,131147,12,0,0,0,0,13,0,0,0,15
1,1,131148,0,0,0,0,0,0,0,0,0,0
0,1,131149,0,10,0,0,0,0,0,0,0,0
1,1,131149,0,0,0,0,0,0,0,0,0,0
1,1,131150,23,23,23,23,23,23,23,23,23,23
1,1,131151,20,20,20,20,20,20,20,20,20,20
2,1,131151,0,0,0,0,0,0,0,0,0,0
1,1,131152,0,0,0,0,0,0,0,0,0,0
2,1,131152,0,0,0,0,0,0,0,0,0,0
1,1,131153,0,0,0,0,0,0,0,4,0,0
2,1,131153,0,0,0,0,0,0,0,0,0,5
1,1,131154,0,0,0,0,0,0,0,0,0,0
2,1,131154,0,0,0,0,0,0,8,0,0,0
1,1,131155,17,13,24,10,0,15,21,0,11,18
1,1,131156,33,0,0,0,0,0,0,0,30,0
1,1,131157,0,12,0,0,13,0,0,0,0,0
2,1,131157,0,0,0,0,22,0,0,0,10,0
1,1,131158,0,19,0,7,0,10,0,0,0,3
1,1,131159,0,0,0,0,0,0,0,0,0,0
1,1,131160,5,15,32,10,26,25,35,29,18,9
2,1,131160,6,0,0,0,17,0,17,0,0,13
1,1,131161,17,17,17,17,17,17,17,17,17,17
1,1,131162,0,0,0,0,0,0,0,0,0,0
2,1,131162,6,6,6,6,6,6,6,6,6,6
1,1,131163,7,7,7,7,7,7,7,7,7,7
1,1,131164,0,0,0,0,0,0,0,0,0,0
0,1,131165,0,0,18,0,0,0,16,0,13,0
1,1,131165,0,0,0,0,0,0,0,0,0,0
1,1,131166,20,0,0,0,0,0,0,0,0,0
2,1,131166,0,0,0,0,0,0,0,0,0,0
0,1,131167,17,17,17,17,17,17,17,17,17,17
1,1,131167,0,0,0,0,0,0,6,0,0,0
1,1,131168,0,0,0,7,0,0,0,0,0,0
2,1,131168,0,0,0,0,0,0,0,0,0,0
1,1,131169,0,0,0,0,0,0,0,0,0,0
2,1,131169,0,0,0,0,0,0,0,0,0,0
1,1,131170,26,26,26,26,26,26,26,26,26,26
1,1,131171,0,0,0,0,0,25,0,0,0,0
2,1,131171,0,0,0,0,0,0,0,0,0,0
1,1,131172,0,0,0,0,0,0,0,0,0,0
2,1,131172,0,0,0,0,0,0,0,0,0,0
3,1,131172,0,0,0,0,0,0,0,0,0,0
4,1,131172,0,0,0,0,0,0,0,0,0,0
1,1,131173,0,0,0,0,11,0,0,8,0,0
1,1,131174,0,0,0,0,0,0,0,0,0,0
2,1,131174,0,11,0,0,0,0,0,0,0,0
1,1,131175,0,0,0,0,0,0,0,0,0,0
0,1,131176,19,0,0,0,10,7,3,10,0,27
1,1,131176,0,0,0,0,0,0,0,0,0,0
0,1,131177,0,0,0,0,21,0,0,0,0,0
1,1,131177,0,0,0,0,0,0,0,0,0,0
1,1,131178,0,0,0,0,0,0,0,0,0,0
2,1,131178,0,0,0,0,0,0,0,0,0,0
1,1,131179,0,0,0,0,0,0,0,0,0,0
2,1,131179,0,0,0,0,0,0,0,0,0,0
3,1,131179,0,0,0,0,0,0,0,0,0,0
1,1,131180,0,0,0,0,0,0,0,0,0,0
2,1,131180,0,0,0,0,0,0,0,0,14,0
1,1,131181,0,0,0,0,0,0,0,0,0,0
1,1,131182,16,16,16,16,16,16,16,16,16,16
2,1,131182,0,0,0,0,0,0,0,0,0,0
1,1,131183,0,0,0,0,0,0,0,0,0,0
2,1,131183,0,0,0,0,0,0,0,0,0,0
1,1,150001,13,13,13,13,13,13,13,13,13,13
1,1,150002,19,19,19,19,19,19,19,19,19,19
1,1,150003,0,0,0,0,0,0,0,0,0,0
0,1,150004,33,33,33,33,33,33,33,33,33,33
1,1,150004,0,0,0,0,0,0,0,0,0,0
1,1,150005,15,15,15,15,15,15,15,15,15,15
2,1,150005,0,0,0,0,0,0,0,0,0,0
3,1,150005,0,0,0,0,0,0,0,0,0,0
1,1,150006,0,0,0,0,0,0,0,0,0,0
1,1,150007,10,10,10,10,10,10,10,10,10,10
2,1,150007,0,0,0,0,0,0,0,0,0,0
1,1,150008,0,0,0,0,0,0,0,0,0,0
2,1,150008,0,0,0,0,0,0,0,0,0,0
0,1,150009,8,8,8,8,8,8,8,8,8,8
1,1,150009,0,0,0,0,0,0,0,0,0,0
2,1,150009,0,0,0,0,0,0,0,0,0,0
1,1,150010,0,0,0,0,0,0,0,0,0,0
1,1,150011,0,0,0,0,0,0,0,0,0,0
1,1,150012,3,3,3,3,3,3,3,3,3,3
2,1,150012,0,0,0,0,0,0,0,0,0,0
3,1,150012,0,0,0,0,0,0,0,0,0,0
1,1,150013,0,0,0,0,0,0,0,0,0,0
1,1,150015,0,0,0,0,0,0,0,0,0,0
2,1,150015,0,0,0,0,0,0,0,0,0,0
0,1,150016,0,0,0,0,0,0,0,0,0,0
1,1,150016,0,0,0,0,0,0,0,0,0,0
0,1,150017,0,0,0,0,0,0,0,0,0,0
1,1,150017,0,0,0,0,0,10,8,0,0,5
1,1,150018,16,16,16,16,16,16,16,16,16,16
0,1,150019,0,0,0,0,0,0,0,0,0,0
1,1,150019,9,0,0,0,9,0,6,6,20,11
1,1,150020,0,0,0,0,0,0,0,0,0,0
2,1,150020,0,0,14,0,0,0,0,6,0,0
3,1,150020,16,5,0,0,0,6,0,20,0,0
1,1,150021,22,22,22,22,22,22,22,22,22,22
1,1,150022,0,0,0,0,0,0,0,0,0,0
2,1,150022,0,0,0,0,0,0,0,0,0,0
1,1,150023,22,22,22,22,22,22,22,22,22,22
1,1,150024,19,19,19,19,19,19,19,19,19,19
0,1,150025,0,0,0,0,0,0,0,0,0,0
0,2,150025,0,0,0,0,0,0,0,0,0,0
1,1,150025,0,0,0,0,0,0,0,0,0,0
1,1,150026,0,0,0,0,0,0,0,0,0,0
2,1,150026,0,0,0,0,0,0,0,0,0,0
1,1,150028,0,0,0,0,0,0,0,0,0,0
1,1,150029,15,15,15,15,15,15,15,15,15,15
0,1,150030,0,0,0,0,0,0,0,0,0,0
1,1,150030,0,0,0,0,0,0,0,0,0,0
1,1,150031,0,0,0,0,0,0,0,0,0,0
1,1,150032,0,0,0,0,0,0,0,0,0,0
1,1,150033,0,0,0,0,0,0,0,0,0,0
1,1,150034,30,30,30,30,30,30,30,30,30,30
1,1,150035,0,0,0,0,0,0,0,0,0,0
0,1,150036,0,0,0,0,0,0,0,0,0,0
1,1,150036,0,0,0,0,0,0,0,0,0,0
1,1,150037,0,0,0,0,0,0,0,0,0,0
2,1,150037,0,0,0,0,0,0,0,0,0,0
1,1,150038,12,12,12,12,12,12,12,12,12,12
1,1,150039,0,0,0,0,0,0,0,0,0,0
1,1,150040,0,0,0,0,0,0,0,0,0,0
2,1,150040,0,0,0,0,0,0,0,0,0,0
3,1,150040,0,13,0,0,0,0,0,6,0,18
0,1,150041,0,0,0,0,0,0,0,0,0,0
1,1,150041,0,0,0,0,0,0,0,0,0,0
1,1,150042,16,16,16,16,16,16,16,16,16,16
1,1,150044,0,0,0,0,0,0,0,0,0,0
2,1,150044,0,0,0,0,0,0,0,0,0,0
3,1,150044,0,0,0,0,0,0,0,0,0,0
0,1,150045,0,0,0,0,0,0,0,0,0,0
1,1,150045,0,0,0,0,0,0,0,0,0,0
1,1,150046,31,31,31,31,31,31,31,31,31,31
1,1,150047,0,0,0,0,0,0,0,12,5,12
2,1,150047,0,0,0,0,0,0,0,0,0,0
1,1,150048,24,24,24,24,24,24,24,24,24,24
2,1,150048,0,0,7,0,0,9,0,0,0,0
1,1,150049,22,22,22,22,22,22,22,22,22,22
1,1,150050,0,0,0,0,0,0,0,0,0,0
2,1,150050,0,0,0,0,0,0,0,0,0,0
1,1,150051,29,29,29,29,29,29,29,29,29,29
1,1,150052,27,27,27,27,27,27,27,27,27,27
1,1,150053,6,6,6,6,6,6,6,6,6,6
0,1,150054,0,0,0,0,0,0,0,0,0,0
1,1,150054,0,0,0,19,0,0,0,0,0,0
1,1,150055,11,11,11,11,11,11,11,11,11,11
1,1,150056,17,17,17,17,17,17,17,17,17,17
1,1,150057,0,0,0,0,0,0,0,0,0,0
2,1,150057,0,0,0,0,0,0,0,0,0,0
3,1,150057,0,0,0,0,0,0,0,0,0,0
1,1,150058,0,10,0,0,0,0,16,0,0,5
1,1,150059,0,0,0,0,0,0,0,0,0,0
2,1,150059,0,0,0,0,0,0,0,0,0,0
1,1,150060,23,23,23,23,23,23,23,23,23,23
2,1,150060,0,0,0,0,0,0,0,0,0,0
1,1,150061,23,23,23,23,23,23,23,23,23,23
1,1,150062,16,16,16,16,16,16,16,16,16,16
1,1,150063,0,0,0,0,0,0,0,0,0,0
2,1,150063,0,0,0,0,0,0,0,0,0,0
0,1,150064,0,0,0,0,0,0,0,0,0,0
1,1,150064,0,0,0,0,0,0,0,0,0,0
1,1,150065,4,4,4,4,4,4,4,4,4,4
2,1,150065,17,17,17,17,17,17,17,17,17,17
1,1,150066,22,22,22,22,22,22,22,22,22,22
1,1,150067,17,17,17,17,17,17,17,17,17,17
2,1,150067,27,27,27,27,27,27,27,27,27,27
1,1,150068,16,16,16,16,16,16,16,16,16,16
0,1,150069,0,0,0,0,0,0,0,0,0,0
1,1,150069,10,0,10,0,0,0,8,0,12,0
0,1,150070,0,0,0,0,0,0,0,0,0,0
1,1,150070,0,0,0,0,0,0,0,0,0,0
1,1,150071,0,0,0,0,0,0,0,0,0,0
0,1,150072,0,0,0,0,0,0,0,0,0,0
1,1,150072,0,0,0,0,0,0,0,0,0,0
1,1,150073,0,0,0,0,0,0,0,0,0,0
2,1,150073,0,0,0,0,0,0,0,0,0,0
1,1,150074,25,25,25,25,25,25,25,25,25,25
1,1,150075,27,27,27,27,27,27,27,27,27,27
2,1,150075,0,13,0,5,0,0,0,10,0,8
1,1,150076,0,0,0,0,0,0,0,0,0,0
2,1,150076,0,0,0,0,0,0,0,0,0,0
1,1,150077,27,27,27,27,27,27,27,27,27,27
2,1,150077,0,0,0,0,0,0,0,0,0,0
0,1,150078,10,10,10,10,10,10,10,10,10,10
1,1,150078,8,8,8,8,8,8,8,8,8,8
1,1,150079,31,31,31,31,31,31,31,31,31,31
1,1,150080,19,19,19,19,19,19,19,19,19,19
1,1,150081,18,18,18,18,18,18,18,18,18,18
1,1,150082,0,0,0,0,0,0,0,0,0,0
2,1,150082,0,0,0,0,0,0,0,0,0,0
1,1,150083,17,17,17,17,17,17,17,17,17,17
2,1,150083,0,0,0,0,0,0,0,0,0,4
1,1,150084,10,10,10,10,10,10,10,10,10,10
1,1,150085,9,9,9,9,9,9,9,9,9,9
1,1,150086,14,14,14,14,14,14,14,14,14,14
2,1,150086,0,0,0,0,0,0,0,0,0,0
1,1,150087,10,10,10,10,10,10,10,10,10,10
1,1,150088,17,17,17,17,17,17,17,17,17,17
1,1,150089,20,20,20,20,20,20,20,20,20,20
2,1,150089,18,0,13,0,17,0,12,0,19,0
3,1,150089,22,22,22,22,22,22,22,22,22,22
4,1,150089,19,19,19,19,19,19,19,19,19,19
0,1,150090,0,0,0,0,0,0,0,0,0,0
1,1,150090,0,0,0,0,0,0,0,0,0,0
1,1,150091,26,26,26,26,26,26,26,26,26,26
1,1,150092,1,1,1,1,1,1,1,1,1,1
1,1,150093,0,0,0,0,0,0,0,0,0,0
2,1,150093,0,0,0,0,0,0,0,0,0,0
1,1,150094,0,0,0,0,0,0,0,0,0,0
1,1,150095,15,15,15,15,15,15,15,15,15,15
0,1,150096,26,26,26,26,26,26,26,26,26,26
1,1,150096,0,0,0,0,0,0,0,0,0,0
0,1,150097,0,0,0,0,0,0,0,0,0,0
1,1,150097,0,0,0,0,13,0,0,0,26,0
1,1,150098,0,0,0,0,0,0,0,0,0,0
1,1,150099,6,6,6,6,6,6,6,6,6,6
1,1,150100,9,9,9,9,9,9,9,9,9,9
2,1,150100,0,0,0,0,0,0,0,0,0,0
1,1,150101,0,0,0,0,0,0,0,0,0,0
2,1,150101,0,0,0,0,0,0,0,0,0,0
1,1,150102,5,5,5,5,5,5,5,5,5,5
1,1,160001,0,0,0,0,0,0,0,0,0,0
1,1,160002,0,0,0,0,0,0,0,0,0,0
2,1,160002,0,0,0,0,0,0,0,0,0,0
1,1,160003,0,0,0,0,0,0,0,0,0,0
2,1,160003,0,0,0,0,0,0,0,0,0,0
1,1,160004,0,0,0,0,0,0,0,0,0,0
2,1,160004,0,0,0,0,0,0,0,0,0,0
1,1,160005,0,0,0,0,0,0,0,0,0,0
2,1,160005,0,0,0,0,0,0,0,0,0,0
3,1,160005,0,0,0,0,0,0,0,0,0,0
0,1,160006,0,0,0,0,0,0,0,0,0,0
1,1,160006,0,0,0,0,0,0,0,0,0,0
1,1,160007,0,0,0,0,0,0,0,0,0,0
1,1,160008,4,4,4,4,4,4,4,4,4,4
2,1,160008,0,0,0,0,0,0,0,0,0,0
1,1,160009,18,18,18,18,18,18,18,18,18,18
2,1,160009,0,0,0,0,0,0,0,0,0,0
1,1,160010,0,0,0,0,0,0,0,0,0,0
2,1,160010,0,0,0,0,0,0,0,0,0,0
1,1,160011,0,0,0,0,0,0,0,0,0,0
2,1,160011,0,0,0,0,0,0,0,0,0,0
1,1,160012,0,0,0,0,0,0,0,0,0,0
2,1,160012,0,0,0,0,0,0,0,0,0,0
1,1,160013,18,18,18,18,18,18,18,18,18,18
1,1,160014,0,0,0,0,0,0,0,0,0,0
1,1,160015,0,0,0,0,0,0,0,0,0,0
1,1,160016,0,0,0,0,0,0,0,0,0,0
2,1,160016,0,0,0,0,0,0,0,0,0,0
3,1,160016,0,0,0,0,0,0,0,0,0,0
1,1,160017,28,28,28,28,28,28,28,28,28,28
2,1,160017,0,0,0,0,0,0,0,0,0,0
1,1,160018,0,0,0,0,0,0,0,0,0,0
2,1,160018,0,0,0,0,0,0,0,0,0,0
1,1,160019,26,25,13,29,28,16,39,24,7,7
1,1,160020,0,0,0,0,0,0,0,0,0,0
1,1,160021,0,0,0,0,0,0,0,0,0,0
1,1,160022,0,0,0,0,0,0,0,0,0,0
1,1,160023,0,0,0,0,0,0,0,0,0,0
2,1,160023,0,0,0,0,0,0,0,0,0,0
1,1,160024,0,0,0,0,0,0,0,15,0,0
2,1,160024,0,0,0,0,0,0,0,0,0,0
1,1,160025,0,0,0,0,0,0,0,0,0,0
2,1,160025,23,23,23,23,23,23,23,23,23,23
1,1,160026,0,0,0,0,0,0,0,0,0,0
2,1,160026,10,10,10,10,10,10,10,10,10,10
1,1,160027,0,0,0,0,0,0,0,0,0,0
2,1,160027,0,0,0,0,0,0,0,0,0,0
3,1,160027,0,0,0,0,0,0,0,0,0,0
1,1,160028,0,0,25,0,0,0,0,0,0,0
2,1,160028,0,0,15,0,0,0,0,0,0,0
1,1,160029,32,32,32,32,32,32,32,32,32,32
1,1,160030,21,21,21,21,21,21,21,21,21,21
1,1,160031,0,0,0,0,0,0,0,0,0,0
2,1,160031,0,0,0,0,0,0,0,0,0,4
1,1,160032,0,0,0,0,0,0,0,0,0,0
1,1,160033,0,0,0,0,0,0,0,0,0,0
2,1,160033,0,0,0,0,0,0,0,0,0,0
1,1,160034,11,11,11,11,11,11,11,11,11,11
1,1,160035,0,0,0,17,0,0,0,0,0,0
2,1,160035,0,0,0,0,0,0,0,0,0,0
1,1,160036,21,21,21,21,21,21,21,21,21,21
2,1,160036,0,0,0,0,0,0,0,0,0,0
1,1,160037,17,17,17,17,17,17,17,17,17,17
1,1,160038,0,0,0,0,0,0,0,0,0,0
2,1,160038,0,0,0,0,0,0,0,0,0,0
1,1,160039,0,0,0,0,0,0,0,0,0,0
2,1,160039,0,0,0,0,0,0,0,0,0,0
3,1,160039,0,0,0,0,0,0,0,0,0,0
1,1,160040,0,0,0,0,0,0,0,0,0,0
1,1,160041,24,24,24,24,24,24,24,24,24,24
1,1,160042,0,0,4,0,0,0,0,0,0,0
1,1,160043,11,11,11,11,11,11,11,11,11,11
1,1,160044,0,0,0,0,0,0,0,0,0,0
2,1,160044,0,0,0,0,0,0,0,0,0,0
1,1,160045,20,20,20,20,20,20,20,20,20,20
1,1,160046,0,0,0,0,0,0,0,0,0,0
1,1,160047,0,0,0,0,0,0,0,0,0,0
1,1,160048,0,0,0,0,0,0,0,0,0,0
1,1,160049,0,0,0,0,0,0,0,0,0,0
1,1,160050,0,0,0,0,0,0,0,0,0,0
1,1,160051,29,29,29,29,29,29,29,29,29,29
1,1,160052,11,11,11,11,11,11,11,11,11,11
0,1,160053,31,31,31,31,31,31,31,31,31,31
1,1,160053,0,0,4,0,0,16,0,0,0,0
1,1,160054,16,16,16,16,16,16,16,16,16,16
1,1,160055,0,0,0,0,0,0,0,0,0,0
2,1,160055,0,0,0,0,0,0,0,0,0,0
1,1,160056,13,13,13,13,13,13,13,13,13,13
0,1,160057,0,0,0,0,0,0,0,0,0,0
1,1,160057,0,0,0,0,0,0,0,0,0,0
0,1,160058,0,0,0,0,0,0,0,0,0,0
1,1,160058,0,0,0,0,0,0,0,0,0,0
1,1,160059,0,0,0,0,0,0,0,0,0,0