VEH_NO,PER_NO,ST_CASE,P1,P2,P3,P4,P5,P6,P7,P8,P9,P10
2,1,170482,0,0,0,0,0,0,0,0,0,0
0,1,170483,0,0,0,0,0,0,0,0,0,0
1,1,170483,0,0,0,0,0,0,0,0,0,0
1,1,170484,8,8,8,8,8,8,8,8,8,8
2,1,170484,0,0,0,0,0,0,0,0,0,0
1,1,170485,23,23,23,23,23,23,23,23,23,23
1,1,170486,0,0,0,0,0,0,0,0,0,0
2,1,170486,0,0,0,0,0,0,0,0,0,0
3,1,170486,0,0,0,0,0,0,0,0,0,0
1,1,170487,7,7,7,7,7,7,7,7,7,7
0,1,170488,21,21,21,21,21,21,21,21,21,21
1,1,170488,0,0,0,0,0,0,0,10,0,0
2,1,170488,0,0,0,0,0,14,11,19,0,0
1,1,170489,0,0,0,0,0,0,0,0,0,0
1,1,170490,12,12,12,12,12,12,12,12,12,12
1,1,170491,0,0,0,0,0,0,0,0,0,0
1,1,170492,16,16,16,16,16,16,16,16,16,16
0,1,170493,0,0,0,0,0,0,0,0,0,0
1,1,170493,0,0,0,0,0,0,0,0,0,0
2,1,170493,0,0,0,0,0,0,0,0,0,0
0,1,170494,0,0,0,0,0,0,0,0,0,0
1,1,170494,0,0,7,10,0,0,7,0,0,10
0,1,170495,0,0,0,0,0,0,0,0,0,0
0,2,170495,0,21,10,26,0,28,27,22,0,0
1,1,170495,20,20,20,20,20,20,20,20,20,20
2,1,170495,0,0,0,0,0,0,0,0,0,0
0,1,170496,12,12,12,12,12,12,12,12,12,12
1,1,170496,0,0,0,0,0,0,0,0,0,0
1,1,170497,13,21,12,13,19,14,4,8,23,26
2,1,170497,0,0,0,0,0,0,0,0,0,0
1,1,170498,0,0,0,0,0,0,0,0,0,0
1,1,170499,0,0,0,0,0,0,0,0,0,0
2,1,170499,14,14,14,14,14,14,14,14,14,14
1,1,170501,14,14,14,14,14,14,14,14,14,14
0,1,170502,0,0,0,0,0,0,0,0,0,0
1,1,170502,17,0,0,0,0,12,0,0,0,0
1,1,170503,17,17,17,17,17,17,17,17,17,17
2,1,170503,16,6,12,15,9,9,17,15,10,11
0,1,170504,16,16,16,16,16,16,16,16,16,16
1,1,170504,0,0,0,0,0,0,0,0,0,0
1,1,170505,0,0,0,0,0,0,0,0,0,0
2,1,170505,0,0,0,0,0,0,0,0,0,0
0,1,170506,14,17,0,18,0,0,0,0,0,16
1,1,170506,0,0,0,0,0,0,0,0,0,0
2,1,170506,0,0,0,0,0,0,0,0,0,0
1,1,170507,6,0,0,0,0,0,0,0,0,0
0,1,170509,21,21,21,21,21,21,21,21,21,21
1,1,170509,21,21,21,21,21,21,21,21,21,21
1,1,170510,20,20,20,20,20,20,20,20,20,20
1,1,170511,0,0,0,0,0,0,0,0,0,0
1,1,170512,0,0,0,0,0,0,0,0,0,0
2,1,170512,0,0,0,0,0,0,0,0,0,0
3,1,170512,4,13,20,0,0,0,0,0,15,3
4,1,170512,0,0,0,0,0,0,0,0,0,0
5,1,170512,0,0,0,0,0,0,0,0,0,0
1,1,170513,14,14,14,14,14,14,14,14,14,14
0,1,170514,3,3,3,3,3,3,3,3,3,3
1,1,170514,0,0,0,0,0,0,0,0,0,0
0,1,170515,0,0,0,0,0,0,0,0,0,0
1,1,170516,7,7,7,7,7,7,7,7,7,7
0,1,170517,0,0,0,0,0,0,0,0,0,0
1,1,170517,0,0,0,0,0,0,0,0,0,0
1,1,170518,0,0,0,0,0,0,0,0,0,0
0,1,170519,0,0,0,0,0,0,0,0,0,0
1,1,170519,0,0,0,0,0,0,0,16,0,0
1,1,170520,0,0,0,0,0,0,0,0,0,0
2,1,170520,0,0,0,0,9,0,0,0,0,0
1,1,170521,0,0,0,0,0,0,0,0,0,0
2,1,170521,0,0,0,0,0,0,0,0,0,0
1,1,170522,0,0,0,0,0,0,0,0,0,0
2,1,170522,0,0,0,0,0,0,0,0,0,0
1,1,170523,0,0,0,0,0,0,0,0,0,0
2,1,170523,0,0,0,0,0,0,0,0,0,0
1,1,170524,0,0,0,0,0,0,0,0,0,0
1,1,170525,0,0,0,0,0,0,0,0,0,0
1,1,170526,0,0,0,0,0,0,0,0,0,8
2,1,170526,0,0,0,0,0,0,0,0,0,0
1,1,170527,0,0,0,0,18,0,8,0,0,13
2,1,170527,0,0,0,0,0,0,0,0,0,0
1,1,170528,20,20,20,20,20,20,20,20,20,20
2,1,170528,10,0,13,0,0,0,0,0,0,0
0,1,170529,34,34,34,34,34,34,34,34,34,34
1,1,170529,0,0,0,0,0,0,0,0,0,0
1,1,170531,0,0,0,0,0,0,0,0,0,0
1,1,170532,5,5,5,5,5,5,5,5,5,5
2,1,170532,0,0,0,0,0,0,0,0,0,0
1,1,170533,0,0,0,0,0,0,0,0,0,0
1,1,170534,0,0,0,0,0,0,0,0,0,0
2,1,170534,0,0,0,0,0,0,0,0,0,0
1,1,170535,7,7,7,7,7,7,7,7,7,7
1,1,170536,0,0,0,0,0,0,0,9,0,0
1,1,170537,0,0,0,0,0,0,15,0,0,0
2,1,170537,0,0,0,0,0,0,0,0,0,0
0,1,170538,0,0,0,0,0,0,0,0,0,0
1,1,170538,0,0,0,16,0,19,4,11,0,0
1,1,170539,0,8,0,0,0,0,0,0,0,16
1,1,170540,0,7,0,0,3,19,21,0,5,0
1,1,170541,14,14,14,14,14,14,14,14,14,14
1,1,170542,18,18,18,18,18,18,18,18,18,18
1,1,170543,20,20,20,20,20,20,20,20,20,20
1,1,170544,0,0,0,0,0,0,0,0,0,0
2,1,170544,0,0,12,0,0,0,0,0,0,0
1,1,170545,20,20,20,20,20,20,20,20,20,20
2,1,170545,0,0,0,0,0,0,0,0,0,0
1,1,170546,0,0,0,0,0,0,0,0,0,0
2,1,170546,0,0,0,0,0,0,0,0,0,0
3,1,170546,0,0,0,0,0,0,0,0,0,0
0,1,170547,17,17,17,17,17,17,17,17,17,17
1,1,170547,0,0,0,0,8,0,0,0,0,0
0,1,170548,24,0,0,4,5,0,0,0,0,28
1,1,170548,0,0,0,0,0,0,0,0,0,0
1,1,170549,27,0,0,0,5,0,9,0,0,3
2,1,170549,0,0,0,0,0,0,0,0,0,0
1,1,170550,0,0,0,0,0,0,0,0,0,0
2,1,170550,2,2,2,2,2,2,2,2,2,2
1,1,170551,19,19,19,19,19,19,19,19,19,19
1,1,170552,0,0,0,0,0,0,0,0,0,0
2,1,170552,0,0,0,0,0,0,0,0,0,0
1,1,170553,0,0,0,0,0,0,0,0,0,0
2,1,170553,0,0,0,0,0,0,0,0,0,0
1,1,170554,0,0,0,0,12,9,17,25,0,9
2,1,170554,0,0,0,0,0,0,0,0,0,0
1,1,170555,0,0,0,0,0,0,0,0,0,0
2,1,170555,10,0,0,0,0,0,0,0,0,0
1,1,170556,20,20,20,20,20,20,20,20,20,20
1,1,170557,0,0,0,0,0,0,0,0,0,0
2,1,170557,0,0,0,0,0,0,0,0,0,0
1,1,170558,0,0,0,0,0,0,0,0,0,0
2,1,170558,0,0,0,0,0,0,0,0,0,0
0,1,170559,0,0,0,0,0,0,0,0,0,0
1,1,170559,0,0,0,0,0,0,0,0,0,0
1,1,170560,17,17,17,17,17,17,17,17,17,17
1,1,170561,0,0,0,0,0,0,0,0,0,0
2,1,170561,0,0,0,0,0,0,0,0,0,0
1,1,170562,4,4,4,4,4,4,4,4,4,4
2,1,170562,0,0,0,0,0,0,0,0,0,0
1,1,170563,20,20,20,20,20,20,20,20,20,20
2,1,170563,0,0,0,0,0,0,0,0,0,0
0,1,170564,0,0,0,0,0,0,0,0,0,0
1,1,170564,0,0,0,0,0,0,0,0,0,0
1,1,170565,0,0,0,0,0,0,0,0,0,0
2,1,170565,0,0,0,0,0,0,0,0,0,0
1,1,170566,9,9,9,9,9,9,9,9,9,9
1,1,170567,0,0,0,0,0,0,0,0,0,0
2,1,170567,0,0,0,0,0,0,0,0,0,0
1,1,170568,0,0,0,0,0,0,0,0,0,0
2,1,170568,0,0,0,0,0,0,0,0,0,0
1,1,170569,0,0,0,0,0,0,0,0,0,0
1,1,170570,20,20,20,20,20,20,20,20,20,20
1,1,170571,0,0,0,0,0,0,0,0,0,0
2,1,170571,0,0,0,0,0,0,9,0,0,0
1,1,170572,0,0,0,0,0,0,0,0,0,0
2,1,170572,0,0,0,0,0,0,0,0,0,0
1,1,170573,0,0,0,0,0,0,0,0,0,0
2,1,170573,0,0,0,0,0,0,0,0,0,0
0,1,170574,24,8,0,10,23,0,0,0,0,17
0,2,170574,0,0,0,0,0,0,5,0,0,0
0,3,170574,13,13,13,13,13,13,13,13,13,13
1,1,170574,0,0,0,0,0,0,0,0,0,0
1,1,170575,23,17,22,16,25,14,13,14,17,12
2,1,170575,0,0,0,0,0,0,0,0,0,0
3,1,170575,0,0,0,0,0,0,0,0,0,18
4,1,170575,0,0,0,0,0,14,0,0,2,0
5,1,170575,0,0,0,17,0,0,6,0,0,0
6,1,170575,16,0,4,0,0,0,0,0,0,7
7,1,170575,0,0,0,0,0,0,0,0,0,10
8,1,170575,3,0,0,0,12,12,0,0,0,0
1,1,170576,13,13,13,13,13,13,13,13,13,13
2,1,170576,0,0,0,2,0,0,0,0,0,0
1,1,170577,0,0,0,0,0,0,0,0,0,0
2,1,170577,0,0,0,0,0,0,0,0,0,0
1,1,170578,0,0,0,0,0,0,0,0,0,0
2,1,170578,0,0,0,15,0,0,0,0,0,0
1,1,170579,9,9,9,9,9,9,9,9,9,9
0,1,170580,0,0,0,0,0,0,0,0,0,0
1,1,170580,0,0,0,0,0,7,0,0,0,0
1,1,170581,0,0,0,0,0,0,0,0,0,0
2,1,170581,0,0,0,0,0,0,0,0,0,0
1,1,170582,3,21,8,6,0,0,6,0,9,0
2,1,170582,0,0,0,11,0,0,0,0,0,0
1,1,170583,0,0,0,0,0,0,0,0,0,0
1,1,170584,0,0,0,0,0,0,0,0,0,0
2,1,170584,0,0,0,0,0,0,0,0,0,0
1,1,170585,18,18,18,18,18,18,18,18,18,18
1,1,170586,0,11,0,0,0,0,0,0,0,0
0,1,170588,19,19,19,19,19,19,19,19,19,19
1,1,170588,5,5,12,12,31,13,9,17,4,6
1,1,170590,16,16,16,16,16,16,16,16,16,16
2,1,170590,0,15,28,0,0,0,0,0,0,3
1,1,170591,7,7,7,7,7,7,7,7,7,7
1,1,170592,0,0,0,0,10,0,26,0,0,0
2,1,170592,0,0,0,0,0,0,0,0,0,0
1,1,170593,1,1,1,1,1,1,1,1,1,1
2,1,170593,5,5,5,5,5,5,5,5,5,5
3,1,170593,0,8,11,0,0,0,0,0,0,0
1,1,170594,0,0,0,0,0,0,0,0,0,0
2,1,170594,0,0,0,0,0,0,0,0,0,0
1,1,170595,25,25,25,25,25,25,25,25,25,25
1,1,170596,0,0,0,0,0,0,0,0,0,0
2,1,170596,0,0,0,0,0,0,0,0,0,0
1,1,170597,0,0,0,0,0,0,0,0,0,0
2,1,170597,0,0,0,0,0,0,0,0,0,0
0,1,170598,0,0,0,0,0,0,0,0,0,0
1,1,170598,0,0,0,0,0,0,0,0,0,0
0,1,170599,22,22,22,22,22,22,22,22,22,22
1,1,170599,0,0,0,0,0,0,0,0,0,0
1,1,170600,0,0,0,0,0,0,0,0,0,0
2,1,170600,0,0,0,0,0,0,0,0,0,0
1,1,170601,0,0,25,0,16,0,0,11,0,0
1,1,170602,0,0,0,0,0,0,0,0,0,0
1,1,170603,13,10,32,22,0,0,0,0,0,0
2,1,170603,12,12,12,12,12,12,12,12,12,12
1,1,170604,26,26,26,26,26,26,26,26,26,26
2,1,170604,0,0,0,0,0,0,0,0,0,7
1,1,170605,0,0,0,0,0,0,0,0,0,0
1,1,170606,0,0,0,0,0,0,15,0,0,0
2,1,170606,0,0,0,0,0,0,0,0,0,0
1,1,170607,0,0,0,0,0,0,0,0,0,0
0,1,170608,34,34,34,34,34,34,34,34,34,34
1,1,170608,0,0,0,0,0,7,0,0,0,0
1,1,170609,22,22,22,22,22,22,22,22,22,22
1,1,170611,14,14,14,14,14,14,14,14,14,14
1,1,170612,23,23,23,23,23,23,23,23,23,23
1,1,170613,0,0,0,0,0,0,0,0,0,0
1,1,170614,8,8,8,8,8,8,8,8,8,8
2,1,170614,16,10,0,8,16,1,4,6,0,27
1,1,170615,0,0,0,0,0,0,0,0,0,0
2,1,170615,0,0,0,0,0,0,0,0,0,0
1,1,170616,0,0,0,0,0,0,0,0,0,0
2,1,170616,0,0,0,0,0,0,0,0,0,0
3,1,170616,0,0,0,0,0,0,0,0,0,0
4,1,170616,0,0,0,0,0,0,0,0,0,0
0,1,170617,23,23,23,23,23,23,23,23,23,23
1,1,170617,0,24,30,0,4,0,0,0,0,21
2,1,170617,5,0,4,0,0,0,0,12,7,0
1,1,170619,0,0,0,0,0,0,0,9,0,0
2,1,170619,0,0,0,0,0,0,0,0,0,0
0,1,170620,16,16,16,16,16,16,16,16,16,16
1,1,170620,16,11,17,7,0,0,0,2,0,0
1,1,170621,0,0,0,0,0,0,0,0,0,0
1,1,170622,16,16,16,16,16,16,16,16,16,16
1,1,170623,0,0,0,0,0,0,0,0,0,0
2,1,170623,0,0,0,0,0,0,0,0,0,0
1,1,170624,23,23,23,23,23,23,23,23,23,23
1,1,170625,0,0,0,0,0,0,0,0,0,0
1,1,170626,0,0,0,0,0,0,0,0,0,0
2,1,170626,0,0,0,0,0,0,0,0,0,0
0,1,170627,0,0,0,0,0,0,0,0,0,0
1,1,170627,0,0,0,0,0,0,0,0,0,0
1,1,170628,2,2,2,2,2,2,2,2,2,2
1,1,170629,0,0,0,0,0,0,0,0,0,0
0,1,170630,0,0,0,0,0,0,0,0,0,0
1,1,170630,0,0,0,0,0,0,0,0,0,0
1,1,170632,15,20,21,18,13,16,10,11,23,5
2,1,170632,0,0,0,0,0,0,0,0,0,0
1,1,170633,0,0,0,0,0,0,0,0,0,0
2,1,170633,0,0,0,0,0,0,0,0,0,0
3,1,170633,0,0,0,0,0,11,0,0,0,0
1,1,170634,14,14,14,14,14,14,14,14,14,14
2,1,170634,5,5,5,5,5,5,5,5,5,5
1,1,170635,0,0,0,0,0,0,0,0,0,0
2,1,170635,0,0,0,0,0,0,0,0,0,0
1,1,170636,33,33,33,33,33,33,33,33,33,33
1,1,170637,0,0,0,0,0,0,0,0,0,0
2,1,170637,0,0,0,0,0,0,0,0,0,0
0,1,170638,1,1,1,1,1,1,1,1,1,1
1,1,170638,0,15,0,0,3,0,0,0,24,0
2,1,170638,0,0,0,0,0,0,0,0,0,0
1,1,170640,23,23,23,23,23,23,23,23,23,23
2,1,170640,0,0,0,0,0,0,0,0,0,0
1,1,170641,23,23,23,23,23,23,23,23,23,23
1,1,170642,0,0,0,0,0,0,0,0,0,0
1,1,170644,0,24,0,0,16,0,13,0,0,13
0,1,170645,0,0,0,0,0,0,0,0,0,0
1,1,170645,0,0,0,0,0,0,0,0,0,0
2,1,170645,0,0,0,0,0,0,0,0,0,0
1,1,170646,0,0,0,0,0,0,0,0,0,0
1,1,170647,0,0,0,9,0,0,0,0,0,0
2,1,170647,0,0,0,0,0,0,0,0,0,0
1,1,170648,0,0,0,0,0,0,0,0,0,0
2,1,170648,0,0,0,0,0,0,0,0,0,0
1,1,170649,19,19,19,19,19,19,19,19,19,19
0,1,170650,0,0,0,0,0,0,0,0,0,0
1,1,170650,0,0,0,0,0,0,0,0,0,0
1,1,170651,0,0,0,0,0,0,0,0,0,0
1,1,170652,0,0,0,0,0,0,0,0,0,0
2,1,170652,0,0,0,0,0,0,0,0,0,0
1,1,170653,0,0,0,0,0,0,0,0,0,0
0,1,170654,0,0,0,0,0,0,0,0,0,0
1,1,170654,0,0,5,0,0,8,0,11,0,17
0,1,170655,0,0,0,0,0,0,0,0,0,0
1,1,170655,0,0,0,0,0,0,0,0,0,0
1,1,170656,19,19,19,19,19,19,19,19,19,19
1,1,170657,0,0,0,0,0,0,0,0,0,0
1,1,170658,15,15,15,15,15,15,15,15,15,15
2,1,170658,0,0,0,0,0,0,0,0,0,0
1,1,170659,0,0,0,0,0,11,0,0,0,0
0,1,170660,0,0,0,0,0,0,0,0,0,0
1,1,170660,0,0,0,0,0,0,0,0,0,0
1,1,170662,21,21,21,21,21,21,21,21,21,21
1,1,170663,18,18,18,18,18,18,18,18,18,18
1,1,170664,0,0,0,0,0,0,0,0,0,0
0,1,170665,15,15,15,15,15,15,15,15,15,15
1,1,170665,0,0,6,0,0,7,0,5,0,0
1,1,170666,7,0,12,11,0,11,0,0,0,0
1,1,170667,0,0,0,0,0,0,0,0,0,0
2,1,170667,9,0,0,0,0,0,0,0,0,0
3,1,170667,0,0,0,0,0,0,0,0,0,0
1,1,170668,0,0,0,0,0,0,0,0,0,0
2,1,170668,0,0,0,0,0,0,0,0,0,0
1,1,170669,0,0,0,0,0,0,0,0,0,0
2,1,170669,0,0,0,0,0,0,0,12,0,0
3,1,170669,0,0,0,0,0,0,0,0,0,0
1,1,170670,10,10,10,10,10,10,10,10,10,10
1,1,170671,0,0,0,0,0,0,0,0,0,0
1,1,170672,28,28,28,28,28,28,28,28,28,28
1,1,170673,4,4,4,4,4,4,4,4,4,4
1,1,170674,0,0,0,0,0,0,0,0,0,0
2,1,170674,0,0,0,0,0,0,0,0,0,0
0,1,170675,0,0,0,0,0,0,0,0,0,0
1,1,170675,2,0,0,0,6,0,15,23,0,0
1,1,170676,0,0,0,0,0,0,0,0,0,0
2,1,170676,0,0,0,0,0,0,0,0,0,0
0,1,170677,0,0,0,0,0,0,0,0,0,0
1,1,170677,0,0,0,0,0,0,0,0,0,0
2,1,170677,0,0,0,0,0,0,0,0,0,0
0,1,170678,0,0,0,0,0,0,0,0,0,0
1,1,170678,0,0,0,0,0,0,0,0,0,0
1,1,170679,0,0,0,0,0,0,0,0,0,7
1,1,170680,0,0,0,0,0,0,0,0,0,0
2,1,170680,11,9,6,0,8,3,5,0,0,0
1,1,170681,0,0,0,0,0,0,0,0,0,0
2,1,170681,0,0,0,0,0,0,0,0,0,0
1,1,170682,2,2,2,2,2,2,2,2,2,2
0,1,170683,0,0,0,0,0,0,0,0,0,0
0,2,170683,0,0,0,0,0,0,0,0,0,0
0,3,170683,0,0,0,0,0,0,0,0,0,0
0,4,170683,0,0,0,0,0,0,0,0,0,0
1,1,170683,0,0,0,0,0,0,0,0,0,0
2,1,170683,0,0,0,0,0,0,0,0,0,0
1,1,170684,17,17,17,17,17,17,17,17,17,17
0,1,170685,0,0,0,0,0,0,0,0,0,0
1,1,170685,0,0,0,0,0,0,0,0,0,0
2,1,170685,0,0,0,0,0,0,0,0,0,0
1,1,170686,27,27,27,27,27,27,27,27,27,27
2,1,170686,0,0,0,0,0,0,0,0,0,0
1,1,170687,0,0,0,0,0,0,0,0,0,0
1,1,170688,0,0,0,0,0,0,0,0,0,0
2,1,170688,2,2,2,2,2,2,2,2,2,2
0,1,170689,5,5,5,5,5,5,5,5,5,5
1,1,170689,0,0,0,0,0,0,0,0,0,0
1,1,170690,0,0,0,0,0,0,0,0,0,0
2,1,170690,0,0,0,0,0,0,0,0,0,0
1,1,170691,0,0,0,0,0,0,12,0,6,0
1,1,170692,4,4,4,4,4,4,4,4,4,4
1,1,170693,0,0,0,0,0,0,0,0,0,0
1,1,170694,0,0,0,0,0,0,0,0,0,0
1,1,170695,0,17,0,12,0,0,17,2,0,0
1,1,170696,23,23,23,23,23,23,23,23,23,23
1,1,170697,0,0,0,0,0,0,0,0,0,0
2,1,170697,0,0,0,0,0,0,0,0,0,0
1,1,170698,10,10,10,10,10,10,10,10,10,10
0,1,170699,22,22,22,22,22,22,22,22,22,22
1,1,170699,5,5,5,5,5,5,5,5,5,5
1,1,170700,0,0,11,0,0,0,0,0,0,0
2,1,170700,0,0,0,0,0,0,0,0,0,0
1,1,170701,0,0,0,0,0,0,0,0,0,0
2,1,170701,0,0,0,0,0,0,0,0,0,0
3,1,170701,0,0,0,0,0,0,0,0,0,0
4,1,170701,0,8,0,0,0,0,0,0,0,0
5,1,170701,0,0,0,0,0,0,0,0,0,0
6,1,170701,8,0,0,0,0,0,0,0,0,0
7,1,170701,0,0,0,0,0,0,0,0,0,7
8,1,170701,0,0,0,0,0,0,0,0,0,0
1,1,170702,0,0,0,16,0,0,0,0,7,9
2,1,170702,0,0,0,0,0,28,0,0,11,0
1,1,170703,0,0,0,0,0,0,0,0,0,0
1,1,170704,0,0,0,0,0,0,0,0,0,0
1,1,170705,0,0,0,0,0,0,0,0,0,0
1,1,170706,14,14,14,14,14,14,14,14,14,14
1,1,170707,0,0,0,0,0,0,0,0,0,0
2,1,170707,0,0,0,0,0,0,0,0,0,0
1,1,170708,0,0,0,0,0,0,0,0,0,0
2,1,170708,0,0,0,0,0,0,0,0,0,0
1,1,170709,17,17,17,17,17,17,17,17,17,17
2,1,170709,0,0,0,0,0,0,0,0,0,0
1,1,170710,17,21,0,32,10,0,6,13,0,21
1,1,170711,0,0,0,0,0,0,0,0,0,0
2,1,170711,0,0,0,0,0,0,0,0,0,0
1,1,170712,13,21,0,0,0,0,0,0,0,0
1,1,170713,0,0,0,0,0,0,0,0,0,0
1,1,170714,9,9,9,9,9,9,9,9,9,9
2,1,170714,0,0,0,0,0,0,0,0,0,0
1,1,170715,0,0,0,0,0,0,0,0,0,0
2,1,170715,0,0,0,0,0,0,0,0,0,0
3,1,170715,0,0,0,7,0,0,0,0,0,0
1,1,170716,0,0,0,0,0,0,0,0,0,0
2,1,170716,5,5,5,5,5,5,5,5,5,5
3,1,170716,0,0,0,0,0,0,0,0,0,0
4,1,170716,0,0,0,0,0,0,7,0,0,0
1,1,170717,20,20,20,20,20,20,20,20,20,20
1,1,170718,16,16,16,16,16,16,16,16,16,16
1,1,170719,7,7,7,7,7,7,7,7,7,7
2,1,170719,8,0,0,0,26,10,0,9,0,0
1,1,170720,9,0,0,9,0,0,0,0,0,0
1,1,170722,14,14,14,14,14,14,14,14,14,14
1,1,170723,15,15,15,15,15,15,15,15,15,15
1,1,170725,0,0,0,0,0,0,0,0,0,0
1,1,170726,24,24,24,24,24,24,24,24,24,24
1,1,170727,0,0,0,0,0,0,0,0,0,0
1,1,170728,32,32,32,32,32,32,32,32,32,32
1,1,170729,0,0,0,0,0,0,0,0,0,0
1,1,170730,0,0,0,0,0,0,0,0,0,0
2,1,170730,0,0,0,0,0,0,0,0,0,0
3,1,170730,13,0,0,0,0,0,0,0,0,0
4,1,170730,0,0,0,0,0,0,0,0,0,0
1,1,170731,18,18,18,18,18,18,18,18,18,18
1,1,170732,0,0,0,0,0,0,0,0,0,0
2,1,170732,0,0,0,0,0,0,0,0,0,0
1,1,170733,15,15,15,15,15,15,15,15,15,15
1,1,170734,0,0,0,0,0,0,0,0,0,0
2,1,170734,0,0,0,0,0,0,0,0,0,0
1,1,170735,0,0,0,0,0,0,0,0,0,0
2,1,170735,0,0,0,0,0,0,0,0,0,0
1,1,170736,0,0,0,0,0,0,0,0,0,0
1,1,170737,0,0,0,0,0,0,0,0,0,0
1,1,170738,0,0,0,0,0,0,0,0,0,0
1,1,170739,0,0,0,0,0,0,0,0,0,0
2,1,170739,0,0,0,0,0,0,0,0,0,0
1,1,170741,16,16,16,16,16,16,16,16,16,16
2,1,170741,0,0,0,0,0,0,0,0,0,0
1,1,170742,0,0,0,0,0,0,0,0,0,0
2,1,170742,0,0,0,0,0,0,0,0,0,0
3,1,170742,0,0,0,0,0,0,0,0,0,0
1,1,170743,0,0,0,0,0,0,0,0,0,0
2,1,170743,0,0,0,0,0,0,0,0,0,0
1,1,170744,17,17,17,17,17,17,17,17,17,17
0,1,170745,0,0,0,0,0,0,0,0,0,0
1,1,170745,0,0,0,0,0,0,0,0,0,0
0,1,170746,0,0,0,0,0,0,0,0,0,0
1,1,170746,0,0,15,0,0,0,0,0,0,0
1,1,170747,0,0,0,0,0,0,0,0,0,0
1,1,170748,0,0,0,22,0,0,0,11,0,0
2,1,170748,0,0,0,0,0,0,0,0,0,0
1,1,170749,0,0,0,3,0,0,0,0,0,0
2,1,170749,0,0,0,0,0,0,0,0,0,0
1,1,170751,0,0,0,0,0,0,0,0,0,0
2,1,170751,0,0,0,0,0,0,0,0,0,0
1,1,170752,0,0,0,0,0,0,0,0,0,0
2,1,170752,0,0,0,0,0,0,0,0,0,0
1,1,170753,0,0,0,0,0,0,0,0,0,0
2,1,170753,0,0,0,0,0,0,0,0,0,0
1,1,170754,21,21,21,21,21,21,21,21,21,21
1,1,170755,0,0,0,0,0,0,0,0,0,0
1,1,170756,0,0,0,0,0,0,0,0,0,0
2,1,170756,0,0,0,0,0,0,0,0,0,0
1,1,170757,5,5,5,5,5,5,5,5,5,5
2,1,170757,0,0,0,0,0,0,0,0,0,0
1,1,170758,11,11,11,11,11,11,11,11,11,11
2,1,170758,19,19,19,19,19,19,19,19,19,19
1,1,170759,29,29,29,29,29,29,29,29,29,29
2,1,170759,0,0,0,0,0,0,0,0,0,0
1,1,170760,0,0,0,0,0,0,0,0,0,0
2,1,170760,0,0,0,0,0,0,0,0,0,0
1,1,170761,0,0,0,0,0,0,0,0,0,0
0,1,170762,0,0,0,0,0,0,0,0,0,0
0,2,170762,0,0,0,0,0,0,0,0,0,0
1,1,170762,0,0,0,12,0,0,0,5,0,0
1,1,170763,0,0,0,0,0,0,0,0,0,0
1,1,170764,21,21,21,21,21,21,21,21,21,21
1,1,170765,2,2,2,2,2,2,2,2,2,2
2,1,170765,0,0,0,0,0,0,0,0,0,0
1,1,170766,0,0,0,0,0,0,0,0,19,0
2,1,170766,0,0,0,0,0,0,0,0,0,0
1,1,170767,13,0,0,0,0,0,10,0,11,0
1,1,170768,11,11,11,11,11,11,11,11,11,11
1,1,170769,0,0,0,0,0,0,0,0,0,0
2,1,170769,23,23,23,23,23,23,23,23,23,23
1,1,170770,0,0,0,0,0,0,0,0,0,0
2,1,170770,0,0,0,0,0,0,0,0,0,0
1,1,170771,0,0,0,0,0,0,0,0,0,0
1,1,170772,0,0,0,0,0,0,0,0,0,0
2,1,170772,0,0,0,0,0,0,0,0,0,0
0,1,170773,0,0,24,0,0,0,0,0,0,0
1,1,170773,0,0,0,0,0,0,0,0,0,11
0,1,170774,16,16,16,16,16,16,16,16,16,16
1,1,170774,0,0,0,0,0,0,0,0,0,0
1,1,170775,0,0,0,0,0,0,0,0,0,0
0,1,170776,0,0,0,0,0,0,0,0,0,0
1,1,170776,0,0,0,0,0,0,0,0,0,0
1,1,170777,24,24,24,24,24,24,24,24,24,24
1,1,170778,0,0,0,0,0,0,0,0,0,0
1,1,170779,0,0,0,0,0,0,0,0,0,7
1,1,170780,0,0,0,0,0,0,0,0,0,0
1,1,170781,22,22,22,22,22,22,22,22,22,22
2,1,170781,0,0,0,0,0,0,0,0,0,0
3,1,170781,0,0,0,0,0,0,0,0,0,0
4,1,170781,0,0,0,0,0,0,0,0,0,0
1,1,170782,0,0,0,0,0,0,0,0,0,0
1,1,170783,7,7,7,7,7,7,7,7,7,7
1,1,170784,22,22,22,22,22,22,22,22,22,22
1,1,170785,0,0,0,0,0,0,0,0,0,0
2,1,170785,0,0,0,0,0,0,0,0,0,0
0,1,170786,5,5,5,5,5,5,5,5,5,5
1,1,170786,30,30,30,30,30,30,30,30,30,30
1,1,170787,28,28,28,28,28,28,28,28,28,28
1,1,170788,12,12,12,12,12,12,12,12,12,12
1,1,170789,0,0,0,0,0,0,0,0,0,0
2,1,170789,0,0,0,0,0,0,0,0,7,0
1,1,170790,0,0,0,0,0,0,0,0,0,0
1,1,170791,0,0,0,0,0,0,0,0,0,0
2,1,170791,0,0,0,0,0,0,0,0,0,0
1,1,170792,0,0,0,0,0,0,0,0,0,0
2,1,170792,0,0,0,0,0,0,0,0,0,0