VEH_NO,PER_NO,ST_CASE,P1,P2,P3,P4,P5,P6,P7,P8,P9,P10
0,1,170793,0,0,0,0,0,0,0,0,0,0
1,1,170793,0,0,0,0,0,0,0,0,0,0
0,1,170794,22,22,22,22,22,22,22,22,22,22
1,1,170794,0,0,6,0,0,0,2,0,0,22
1,1,170795,18,18,18,18,18,18,18,18,18,18
2,1,170795,0,0,0,0,0,0,0,0,0,0
1,1,170796,0,0,0,0,0,0,0,0,0,0
2,1,170796,0,0,0,0,0,0,0,0,0,0
0,1,170797,14,14,14,14,14,14,14,14,14,14
1,1,170797,0,0,0,0,19,0,0,0,18,7
2,1,170797,0,0,0,0,0,0,0,0,0,0
0,1,170798,0,0,0,0,0,0,0,0,0,0
0,2,170798,0,0,0,0,0,0,0,0,0,0
1,1,170798,0,0,0,0,0,0,0,0,0,0
1,1,170799,18,18,18,18,18,18,18,18,18,18
1,1,170800,17,17,17,17,17,17,17,17,17,17
2,1,170800,0,0,0,0,0,0,0,0,0,0
1,1,170802,0,0,0,0,0,0,0,0,21,0
2,1,170802,0,0,0,0,0,0,0,0,0,0
1,1,170803,11,11,11,11,11,11,11,11,11,11
1,1,170804,0,0,0,0,0,0,0,0,0,0
2,1,170804,0,0,0,0,0,0,0,0,0,0
0,1,170805,0,0,0,0,0,0,0,0,0,0
1,1,170805,0,0,0,0,0,0,0,0,0,0
0,1,170806,23,12,0,25,0,29,27,19,21,23
1,1,170806,21,5,14,0,0,2,5,0,0,14
0,1,170807,0,14,0,6,14,0,11,36,0,0
1,1,170807,0,4,0,9,26,25,0,0,0,0
1,1,170808,0,0,0,3,0,0,0,0,0,0
2,1,170808,0,0,0,0,0,0,0,0,0,0
0,1,170809,0,0,0,0,0,0,0,0,0,0
1,1,170809,0,0,4,0,0,0,0,0,0,0
1,1,170810,21,21,21,21,21,21,21,21,21,21
2,1,170810,0,0,0,0,0,0,0,0,0,0
3,1,170810,8,22,11,34,10,26,15,0,20,5
1,1,170811,0,0,0,0,0,0,0,0,0,0
2,1,170811,0,0,0,0,0,0,0,0,0,0
1,1,170812,21,21,21,21,21,21,21,21,21,21
0,1,170813,23,0,16,34,19,10,46,21,35,0
1,1,170813,0,0,11,0,0,0,16,0,16,0
1,1,170814,0,0,0,0,0,0,0,0,0,0
2,1,170814,0,0,0,0,0,0,0,0,0,0
1,1,170815,7,7,7,7,7,7,7,7,7,7
2,1,170815,0,0,0,0,0,0,0,0,0,0
1,1,170816,0,0,0,0,0,0,0,0,0,0
2,1,170816,0,6,0,0,0,0,0,0,0,0
1,1,170817,10,0,0,0,0,0,0,0,0,0
2,1,170817,0,0,0,0,0,0,0,0,0,0
1,1,170818,17,17,17,17,17,17,17,17,17,17
0,1,170819,0,0,0,0,0,0,0,0,0,0
1,1,170819,0,0,0,0,13,0,0,0,0,0
0,1,170820,12,12,12,12,12,12,12,12,12,12
1,1,170820,0,0,0,0,0,0,0,0,0,0
1,1,170821,14,14,14,14,14,14,14,14,14,14
0,1,170822,0,0,0,0,0,0,0,0,0,0
1,1,170822,0,0,0,0,0,0,0,0,0,0
1,1,170823,11,11,11,11,11,11,11,11,11,11
1,1,170824,0,15,27,0,0,0,0,0,0,0
1,1,170825,0,0,0,0,0,0,0,0,0,0
0,1,170826,0,0,0,0,0,0,0,0,0,0
1,1,170826,0,0,0,0,0,0,0,0,0,0
1,1,170827,21,11,0,14,0,0,0,0,9,10
0,1,170828,6,6,6,6,6,6,6,6,6,6
1,1,170828,0,0,0,0,0,0,0,0,0,0
1,1,170829,0,0,0,0,0,0,0,0,0,0
1,1,170830,0,0,0,0,0,0,0,0,0,0
1,1,170831,22,0,0,0,0,0,0,0,0,0
1,1,170832,13,13,13,13,13,13,13,13,13,13
0,1,170833,0,0,0,0,0,0,0,0,0,0
1,1,170833,0,0,0,0,0,0,0,0,0,0
1,1,170834,0,0,0,0,0,0,0,0,0,0
2,1,170834,0,0,0,0,0,5,0,0,0,0
3,1,170834,0,0,0,0,0,0,0,0,0,0
4,1,170834,0,0,0,0,0,0,0,0,0,0
1,1,170835,0,0,0,0,0,0,0,0,0,0
2,1,170835,0,0,0,13,0,0,0,0,8,0
3,1,170835,0,0,0,0,0,0,0,0,0,0
4,1,170835,9,10,0,0,0,0,0,0,0,0
1,1,170836,0,0,0,0,0,0,0,0,0,0
2,1,170836,0,0,0,0,0,0,0,0,0,0
0,1,170837,0,14,0,0,13,0,16,0,15,0
1,1,170837,0,0,0,0,0,0,0,0,0,0
1,1,170838,0,0,0,0,0,0,0,0,0,0
2,1,170838,0,0,0,0,0,0,0,0,0,0
1,1,170839,0,0,0,0,0,0,0,0,0,0
2,1,170839,0,0,0,0,0,0,0,0,0,0
1,1,170840,13,13,13,13,13,13,13,13,13,13
2,1,170840,5,5,5,5,5,5,5,5,5,5
1,1,170842,0,0,0,0,0,0,0,0,0,0
1,1,170843,3,0,0,0,0,31,9,0,0,0
1,1,170844,0,0,0,0,0,0,0,0,0,0
2,1,170844,0,0,0,0,0,0,0,0,0,0
1,1,170845,20,20,20,20,20,20,20,20,20,20
1,1,170846,0,0,0,0,0,0,0,0,0,0
1,1,170847,0,0,10,0,0,0,0,0,0,0
2,1,170847,0,0,0,5,12,0,0,0,0,0
1,1,170848,20,20,20,20,20,20,20,20,20,20
1,1,170849,15,0,0,0,0,4,0,0,0,0
2,1,170849,0,0,0,0,0,0,6,0,16,0
1,1,170850,23,23,23,23,23,23,23,23,23,23
1,1,170851,8,8,8,8,8,8,8,8,8,8
2,1,170851,0,0,0,0,0,0,0,0,0,0
1,1,170852,0,0,0,0,0,0,0,0,0,0
2,1,170852,0,0,0,0,0,0,0,0,0,0
1,1,170853,0,6,0,0,0,0,0,13,9,0
2,1,170853,0,0,0,0,0,0,0,0,0,0
0,1,170854,0,0,0,0,0,0,0,0,0,0
1,1,170854,0,0,0,0,0,0,3,0,9,16
1,1,170856,5,0,13,0,9,10,3,0,4,8
1,1,170857,13,13,13,13,13,13,13,13,13,13
1,1,170858,0,0,0,0,0,0,0,0,0,0
2,1,170858,0,0,0,0,0,0,0,0,12,0
1,1,170859,0,0,0,0,0,0,0,0,0,0
1,1,170860,11,11,11,11,11,11,11,11,11,11
1,1,170861,0,0,0,0,0,0,0,0,0,0
1,1,170862,0,0,0,0,0,0,0,0,0,0
0,1,170863,27,27,27,27,27,27,27,27,27,27
1,1,170863,0,0,0,6,13,0,0,17,0,0
1,1,180001,18,18,18,18,18,18,18,18,18,18
2,1,180001,0,0,0,0,0,0,0,0,0,0
1,1,180002,0,0,0,0,0,0,0,0,0,0
1,1,180003,16,16,16,16,16,16,16,16,16,16
1,1,180004,0,0,0,0,0,0,0,0,0,0
1,1,180005,0,0,0,0,0,0,0,0,0,0
1,1,180006,0,0,0,0,0,0,0,0,0,0
2,1,180006,0,0,0,0,0,0,0,0,0,0
1,1,180007,0,0,0,0,0,0,0,0,0,0
1,1,180008,0,0,0,0,0,0,0,0,0,0
1,1,180009,0,0,0,0,0,0,0,0,0,0
2,1,180009,0,0,0,0,0,0,0,0,0,0
1,1,180010,15,15,15,15,15,15,15,15,15,15
1,1,180011,0,0,0,0,0,0,0,0,0,0
2,1,180011,0,0,0,0,0,0,0,0,0,0
1,1,180012,21,21,21,21,21,21,21,21,21,21
1,1,180013,13,13,13,13,13,13,13,13,13,13
1,1,180014,0,0,0,0,0,0,0,0,0,0
1,1,180015,6,6,6,6,6,6,6,6,6,6
2,1,180015,0,0,0,0,0,0,0,0,0,0
1,1,180016,0,0,0,23,0,18,19,17,21,0
1,1,180017,13,13,13,13,13,13,13,13,13,13
1,1,180018,0,0,0,0,0,0,0,0,0,0
1,1,180019,7,0,0,0,0,6,0,0,0,0
1,1,180020,0,0,0,0,0,0,0,0,0,0
2,1,180020,0,0,0,0,0,0,0,0,0,0
1,1,180021,16,0,18,0,0,0,0,15,21,0
2,1,180021,0,0,0,0,0,0,0,0,0,0
1,1,180022,30,30,30,30,30,30,30,30,30,30
2,1,180022,0,0,0,0,0,0,0,0,0,0
1,1,180023,0,0,0,0,0,0,0,0,0,0
2,1,180023,0,0,0,0,0,0,0,0,0,0
3,1,180023,0,0,0,0,0,0,0,0,0,0
4,1,180023,0,0,0,0,0,0,0,0,0,0
1,1,180024,0,0,0,0,0,0,0,0,0,0
2,1,180024,0,0,0,0,0,0,0,0,0,0
3,1,180024,0,0,0,0,0,0,0,0,0,0
4,1,180024,0,0,0,0,0,0,0,0,0,0
1,1,180025,0,0,0,0,0,0,0,0,0,0
2,1,180025,0,0,0,0,0,0,0,0,0,0
3,1,180025,0,0,0,0,0,0,0,0,0,0
1,1,180026,17,17,17,17,17,17,17,17,17,17
1,1,180027,20,20,20,20,20,20,20,20,20,20
1,1,180028,0,0,0,0,0,0,0,0,0,0
2,1,180028,0,0,0,0,0,0,11,0,0,0
0,1,180029,0,0,0,0,0,0,0,0,0,0
1,1,180029,0,0,0,0,0,0,0,0,0,0
1,1,180030,0,0,0,3,20,0,0,0,0,0
1,1,180031,0,0,0,0,0,0,0,0,0,0
1,1,180032,0,0,0,0,0,0,0,0,0,0
1,1,180033,6,6,6,6,6,6,6,6,6,6
1,1,180034,0,0,0,0,0,0,0,0,0,0
1,1,180035,12,0,9,19,13,10,0,12,0,10
2,1,180036,0,0,0,0,0,0,0,0,0,0
1,1,180037,0,0,0,0,0,0,0,0,0,0
1,1,180038,23,29,0,0,6,7,0,0,21,19
1,1,180039,22,22,22,22,22,22,22,22,22,22
1,1,180040,0,0,0,0,0,0,0,0,0,0
2,1,180040,0,0,0,0,0,0,0,0,0,0
1,1,180041,0,0,0,0,0,0,0,0,0,0
2,1,180041,0,0,0,0,0,0,0,0,0,0
1,1,180042,0,0,0,0,0,0,0,0,0,0
2,1,180042,0,0,0,0,0,0,0,0,0,0
1,1,180043,18,18,18,18,18,18,18,18,18,18
1,1,180044,0,0,0,0,0,0,0,0,0,0
2,1,180044,11,10,10,0,0,0,0,7,0,0
1,1,180045,0,0,0,0,0,0,0,0,0,0
2,1,180045,0,0,0,0,0,0,0,0,0,0
1,1,180046,0,0,0,0,0,0,0,0,0,0
2,1,180046,0,0,0,0,0,0,0,0,0,0
1,1,180047,19,19,19,19,19,19,19,19,19,19
2,1,180047,0,0,0,0,0,0,0,0,0,0
1,1,180048,0,0,0,0,0,0,0,0,0,0
2,1,180048,0,0,0,0,11,0,0,0,0,0
1,1,180049,30,2,0,0,17,8,6,0,23,40
1,1,180050,0,0,0,0,0,0,0,0,0,0
2,1,180050,0,0,0,0,0,0,0,0,0,0
1,1,180051,6,6,6,6,6,6,6,6,6,6
1,1,180052,0,0,0,0,0,0,0,0,0,0
2,1,180052,19,19,19,19,19,19,19,19,19,19
1,1,180053,0,0,0,0,0,0,0,0,0,0
2,1,180053,0,0,0,0,0,0,0,0,0,0
1,1,180054,0,0,0,18,7,0,0,0,0,0
2,1,180054,16,16,16,16,16,16,16,16,16,16
1,1,180055,7,7,7,7,7,7,7,7,7,7
1,1,180056,0,15,16,0,22,6,15,16,23,11
1,1,180057,0,0,0,0,0,0,0,0,0,0
1,1,180058,0,0,0,0,0,0,0,0,0,0
2,1,180058,0,0,0,0,0,0,0,0,0,0
0,1,180059,0,0,0,0,0,0,0,0,0,0
1,1,180059,3,3,3,3,3,3,3,3,3,3
1,1,180060,0,0,0,0,0,0,0,0,0,0
2,1,180060,0,9,10,0,0,0,0,9,17,0
1,1,180061,0,0,0,0,0,0,0,0,0,0
1,1,180062,17,17,17,17,17,17,17,17,17,17
1,1,180063,24,34,30,0,0,0,24,0,13,7
1,1,180064,0,0,0,0,0,0,0,0,0,0
1,1,180065,0,0,0,0,0,0,0,0,0,0
2,1,180065,0,0,0,0,0,0,0,0,0,0
1,1,180066,0,0,0,0,0,0,0,0,0,0
1,1,180067,16,16,16,16,16,16,16,16,16,16
1,1,180068,0,0,0,0,4,0,0,0,0,0
1,1,180069,0,0,0,0,0,0,0,0,0,0
2,1,180069,0,0,0,0,0,0,0,0,0,0
1,1,180070,0,0,25,14,33,16,9,0,7,4
1,1,180071,0,0,0,0,0,0,0,0,0,0
1,1,180072,0,0,0,21,0,0,0,0,0,0
1,1,180073,0,0,0,0,0,0,0,0,0,0
2,1,180073,0,0,0,0,0,0,0,0,0,0
1,1,180074,25,25,25,25,25,25,25,25,25,25
2,1,180074,0,0,0,0,0,0,0,0,0,0
3,1,180074,0,0,0,0,0,0,0,0,0,0
1,1,180075,0,0,0,0,0,0,0,0,0,0
2,1,180075,0,0,0,0,0,0,0,0,0,0
1,1,180076,0,0,0,0,0,0,0,0,0,0
2,1,180076,0,0,0,0,0,0,0,0,0,0
3,1,180076,0,0,0,0,0,0,0,0,0,0
1,1,180077,0,0,0,0,0,0,0,0,0,0
2,1,180077,0,0,0,0,0,0,0,0,0,0
3,1,180077,0,0,0,0,0,0,0,0,0,0
4,1,180077,0,0,0,0,0,0,0,0,0,0
1,1,180078,21,21,21,21,21,21,21,21,21,21
2,1,180078,0,0,0,0,0,0,0,0,0,0
1,1,180079,21,21,21,21,21,21,21,21,21,21
1,1,180080,17,17,17,17,17,17,17,17,17,17
1,1,180082,15,15,15,15,15,15,15,15,15,15
2,1,180082,0,0,0,0,0,0,0,0,0,0
1,1,180083,6,6,6,6,6,6,6,6,6,6
0,1,180084,0,0,0,0,0,0,0,0,0,0
1,1,180085,0,0,0,0,0,0,0,0,0,0
1,1,180086,0,0,0,0,0,0,0,0,0,0
2,1,180086,0,0,0,0,0,0,0,0,0,0
1,1,180088,0,0,0,0,0,0,0,0,0,0
1,1,180089,24,24,24,24,24,24,24,24,24,24
1,1,180090,0,0,0,0,0,0,0,0,0,0
1,1,180091,12,12,12,12,12,12,12,12,12,12
1,1,180092,0,0,0,0,0,0,0,0,0,0
1,1,180093,23,23,23,23,23,23,23,23,23,23
1,1,180094,0,13,25,11,25,0,11,26,0,13
1,1,180095,0,0,0,0,0,0,0,0,0,0
1,1,180096,0,0,0,6,0,8,20,0,0,0
2,1,180096,0,0,0,0,0,0,0,0,0,0
1,1,180097,17,0,0,0,14,26,21,18,17,0
1,1,180098,0,0,0,7,0,0,0,0,0,0
2,1,180098,0,0,0,0,0,0,0,0,0,0
1,1,180099,18,0,0,0,0,0,10,22,0,0
2,1,180099,0,0,0,0,0,0,0,0,0,0
3,1,180099,0,0,0,0,0,9,0,0,10,0
1,1,180100,20,20,20,20,20,20,20,20,20,20
0,1,180101,0,0,0,0,0,0,0,0,0,0
1,1,180101,0,0,0,0,0,0,0,0,0,0
1,1,180102,0,0,0,0,0,0,0,0,0,0
2,1,180102,0,0,0,0,0,0,0,0,0,0
1,1,180103,0,16,0,19,34,26,23,0,11,7
1,1,180104,2,2,2,2,2,2,2,2,2,2
2,1,180104,0,0,0,0,0,0,0,0,0,0
1,1,180105,0,0,0,0,0,0,4,0,0,0
2,1,180105,3,0,0,31,34,0,0,8,0,8
1,1,180106,0,0,0,0,0,0,0,0,0,0
1,1,180107,0,0,0,0,0,0,0,0,0,0
2,1,180107,0,0,0,0,0,0,0,0,0,0
3,1,180107,0,0,0,0,0,0,0,0,0,0
1,1,180108,0,0,0,0,0,0,0,0,0,0
2,1,180108,0,0,0,0,0,0,0,0,0,0
1,1,180109,13,13,13,13,13,13,13,13,13,13
1,1,180110,4,4,4,4,4,4,4,4,4,4
1,1,180111,0,0,0,0,0,0,0,0,0,0
2,1,180111,0,0,0,0,0,0,0,0,0,8
1,1,180112,3,0,0,0,0,13,0,0,0,0
2,1,180112,16,0,0,0,0,0,0,0,0,0
3,1,180112,0,0,0,0,0,0,0,0,0,0
1,1,180113,0,0,0,28,0,0,0,0,0,13
2,1,180113,0,0,0,0,0,0,0,0,0,0
4,1,180113,0,0,0,0,0,0,0,0,0,0
5,1,180113,0,0,0,14,0,0,0,0,0,0
6,1,180113,0,0,0,0,0,0,0,0,0,0
7,1,180113,0,0,0,0,0,0,0,0,0,0
8,1,180113,0,0,0,0,0,0,0,0,0,0
9,1,180113,0,0,0,0,0,0,0,0,0,0
10,1,180113,0,0,0,0,0,0,0,0,0,0
11,1,180113,0,9,0,0,0,0,0,0,0,0
12,1,180113,0,0,0,0,0,0,0,0,0,0
13,1,180113,0,0,0,0,0,0,0,0,0,0
14,1,180113,0,0,0,0,0,0,0,0,0,0
15,1,180113,3,0,0,0,0,0,0,0,0,0
16,1,180113,0,0,0,0,0,0,0,0,0,0
17,1,180113,0,6,0,0,0,0,0,0,0,0
18,1,180113,0,0,0,0,0,0,0,0,0,0
19,1,180113,0,0,0,0,0,0,0,0,0,0
20,1,180113,0,0,0,0,0,0,0,0,0,0
21,1,180113,0,0,0,0,0,0,0,0,0,0
22,1,180113,0,0,0,0,0,0,0,0,0,0
23,1,180113,0,0,0,0,0,0,0,0,0,0
24,1,180113,0,0,0,0,0,0,15,0,0,0
25,1,180113,0,0,0,0,0,0,0,0,0,0
26,1,180113,0,0,0,0,0,0,0,0,0,0
27,1,180113,0,0,0,0,0,0,0,0,0,0
28,1,180113,0,0,0,0,0,0,0,0,0,0
29,1,180113,0,0,0,0,0,0,0,0,0,0
30,1,180113,0,0,0,0,0,0,13,0,0,17
0,1,180114,0,14,0,0,0,0,0,0,0,0
1,1,180114,0,0,14,0,0,0,0,0,0,9
2,1,180114,0,0,0,0,0,16,0,0,0,0
3,1,180114,0,0,0,0,0,0,0,0,0,0
1,1,180115,0,0,0,0,0,0,0,0,0,0
1,1,180116,0,0,0,0,0,0,0,0,0,0
2,1,180116,0,0,0,0,0,0,0,0,0,0
1,1,180117,24,24,24,24,24,24,24,24,24,24
1,1,180118,0,0,0,0,0,0,0,0,0,0
2,1,180118,0,0,14,0,0,0,0,14,0,0
1,1,180119,0,0,0,0,0,0,0,0,0,0
2,1,180119,0,0,0,0,0,0,0,0,0,0
1,1,180120,14,14,14,14,14,14,14,14,14,14
2,1,180120,14,14,14,14,14,14,14,14,14,14
1,1,180121,21,21,21,21,21,21,21,21,21,21
1,1,180122,21,21,21,21,21,21,21,21,21,21
1,1,180123,17,0,0,0,0,15,0,0,0,23
1,1,180124,0,0,0,0,0,0,0,0,0,0
2,1,180124,0,0,0,0,0,0,0,0,0,0
3,1,180124,0,0,0,0,0,0,0,0,0,0
1,1,180125,12,12,12,12,12,12,12,12,12,12
1,1,180126,0,0,0,0,0,0,0,0,0,0
2,1,180126,0,0,0,0,0,0,0,0,0,0
1,1,180127,22,22,22,22,22,22,22,22,22,22
1,1,180128,0,0,0,0,0,0,0,0,0,0
2,1,180128,0,0,0,0,0,0,0,0,0,0
1,1,180129,0,0,0,0,0,0,0,0,0,0
2,1,180129,0,0,0,0,0,0,0,0,0,0
1,1,180130,0,0,0,0,0,0,0,0,0,0
1,1,180131,18,18,18,18,18,18,18,18,18,18
1,1,180132,0,0,0,0,0,0,0,0,0,0
2,1,180132,0,0,0,0,0,0,0,0,0,0
1,1,180133,0,0,0,0,0,0,0,0,0,0
1,1,180134,4,4,4,4,4,4,4,4,4,4
1,1,180135,0,0,0,0,0,0,0,0,0,0
2,1,180135,0,0,0,0,0,0,0,0,0,0
1,1,180136,0,0,0,0,0,0,0,0,0,0
1,1,180137,0,0,0,0,0,0,0,0,0,0
2,1,180137,0,20,0,0,0,0,0,0,0,0
1,1,180138,0,0,26,0,30,0,14,0,0,22
1,1,180139,0,0,18,0,0,0,0,0,0,0
1,1,180140,17,18,19,8,7,20,0,20,16,0
1,1,180141,0,0,0,0,0,0,0,0,0,0
2,1,180141,10,0,0,0,0,0,0,0,20,0
3,1,180141,0,0,0,0,0,0,0,2,0,0
1,1,180143,7,2,0,0,0,12,0,0,14,0
2,1,180143,0,0,0,0,0,0,0,0,0,0
1,1,180144,24,24,24,24,24,24,24,24,24,24
1,1,180145,13,13,13,13,13,13,13,13,13,13
1,1,180146,20,20,20,20,20,20,20,20,20,20
1,1,180147,0,0,0,0,0,0,0,0,0,0
2,1,180147,0,38,9,16,13,13,8,0,0,16
1,1,180148,0,0,0,0,0,0,0,0,0,0
2,1,180148,0,0,0,0,0,0,0,0,0,0
1,1,180149,0,0,0,0,0,0,0,0,0,0
2,1,180149,0,16,0,0,0,0,0,0,0,0
3,1,180149,0,0,0,0,0,0,0,0,0,0
1,1,180150,20,20,20,20,20,20,20,20,20,20
0,1,180151,15,15,15,15,15,15,15,15,15,15
1,1,180151,18,18,18,18,18,18,18,18,18,18
1,1,180153,0,0,0,0,0,0,0,0,0,0
2,1,180153,0,0,0,0,0,0,0,0,0,0
1,1,180154,0,0,0,0,0,0,0,0,0,0
2,1,180154,0,0,0,0,0,0,0,10,0,0
1,1,180155,22,22,22,22,22,22,22,22,22,22
2,1,180155,0,0,0,0,0,0,0,0,0,0
1,1,180156,23,23,23,23,23,23,23,23,23,23
2,1,180156,0,0,0,0,0,0,0,0,0,0
1,1,180157,0,12,0,0,0,0,18,0,0,0
2,1,180157,0,0,0,0,0,0,0,0,0,0
1,1,180158,0,0,0,0,0,0,0,14,0,0
1,1,180159,0,0,0,0,0,0,0,0,0,0
2,1,180159,0,0,0,0,8,0,0,0,0,0
1,1,180160,25,25,25,25,25,25,25,25,25,25
1,1,180161,21,21,21,21,21,21,21,21,21,21
0,1,180162,0,0,15,0,0,23,0,21,0,0
1,1,180162,13,0,0,0,0,0,0,0,0,0
1,1,180163,0,0,0,0,0,0,0,0,0,0
2,1,180163,0,0,0,0,0,0,0,0,0,0
1,1,180164,0,0,0,0,0,0,0,0,0,0
2,1,180164,0,0,0,0,0,0,0,0,0,0
1,1,180165,0,0,0,0,0,0,0,6,15,16
1,1,180166,0,0,0,0,0,0,0,0,0,0
2,1,180166,0,0,0,0,0,0,0,0,0,0
3,1,180166,0,0,0,0,0,0,0,0,0,0
4,1,180166,0,0,0,0,0,0,0,0,0,0
1,1,180167,23,23,23,23,23,23,23,23,23,23
1,1,180168,14,14,14,14,14,14,14,14,14,14
1,1,180169,0,0,0,0,0,0,0,0,0,0
1,1,180170,0,0,0,0,0,0,0,0,0,0
1,1,180171,0,0,0,0,0,0,0,0,0,0
2,1,180171,0,0,0,0,0,0,0,0,0,0
3,1,180171,0,0,0,0,5,9,12,0,0,0
1,1,180172,0,0,0,0,0,0,0,0,0,5
0,1,180173,0,0,0,0,0,0,0,0,0,0
1,1,180173,0,0,0,0,0,0,0,0,0,0
1,1,180174,6,6,6,6,6,6,6,6,6,6
2,1,180174,0,0,0,0,0,0,0,0,0,0
3,1,180174,0,0,0,0,0,0,0,0,0,0
1,1,180175,0,0,0,0,0,0,0,0,0,0
1,1,180176,0,0,0,0,0,0,0,0,0,0
2,1,180176,0,0,0,0,0,0,0,0,0,0
1,1,180177,0,0,0,0,0,0,0,0,0,0
2,1,180177,0,0,0,0,0,0,0,0,0,0
0,1,180178,0,0,0,0,0,0,0,0,0,0
1,1,180178,0,0,0,0,0,0,0,0,0,0
1,1,180179,0,0,0,0,0,0,0,0,0,0
2,1,180179,1,1,1,1,1,1,1,1,1,1
1,1,180180,0,0,0,0,0,0,0,0,0,0
2,1,180180,0,0,0,0,0,0,5,0,0,0
3,1,180180,0,0,0,0,0,0,0,0,0,0
1,1,180181,0,0,0,0,0,0,0,0,0,0
2,1,180181,0,0,0,0,0,0,0,0,0,0
3,1,180181,0,0,0,0,0,0,0,0,0,0
4,1,180181,0,0,0,0,0,0,0,0,0,0
1,1,180182,0,0,0,0,0,0,0,0,0,0
1,1,180183,0,0,0,0,0,0,0,0,0,0
2,1,180183,0,0,0,0,0,0,0,0,0,0
1,1,180184,19,19,19,19,19,19,19,19,19,19
0,1,180185,6,6,6,6,6,6,6,6,6,6
1,1,180185,0,0,0,0,0,0,0,7,0,0
1,1,180186,0,0,0,0,0,0,0,0,0,0
1,1,180187,0,0,0,0,0,0,0,0,0,0
2,1,180187,0,0,0,0,0,0,0,0,0,0
1,1,180188,0,0,0,0,0,0,0,0,0,14
2,1,180188,0,0,0,0,0,0,0,0,0,0
1,1,180189,2,2,2,2,2,2,2,2,2,2
2,1,180189,0,0,0,0,0,0,0,0,0,0
1,1,180190,22,22,22,22,22,22,22,22,22,22
1,1,180191,16,16,16,16,16,16,16,16,16,16
1,1,180192,0,0,0,0,0,0,0,0,0,0
1,1,180193,33,33,33,33,33,33,33,33,33,33
0,1,180194,22,0,0,0,0,0,0,0,0,25
1,1,180194,0,0,0,0,0,0,0,0,0,0
1,1,180195,0,0,0,0,0,0,0,0,0,0
1,1,180196,22,22,22,22,22,22,22,22,22,22
0,1,180197,0,0,0,0,0,0,0,0,0,0
1,1,180197,0,0,0,0,0,0,0,0,0,0
1,1,180198,13,17,16,0,0,3,0,0,0,15
1,1,180199,0,0,0,0,0,0,0,0,0,0
2,1,180199,0,0,0,0,0,0,0,0,0,0
1,1,180200,0,0,0,0,0,0,29,0,0,0
1,1,180201,0,0,0,0,0,0,0,0,0,0
1,1,180202,0,0,0,0,0,0,0,0,0,0
2,1,180202,0,9,0,8,4,8,17,2,10,8
1,1,180203,0,0,0,0,0,0,0,0,0,0
2,1,180203,0,0,0,0,0,0,0,0,0,0
1,1,180204,0,0,0,0,0,0,0,0,0,0
2,1,180204,0,0,0,0,0,0,0,0,0,0
1,1,180205,0,0,0,0,0,0,0,0,0,0
0,1,180206,0,0,0,0,0,0,0,0,0,0
0,2,180206,0,0,0,0,0,0,0,0,0,0
1,1,180206,0,0,0,0,0,0,0,0,0,0
0,1,180207,24,24,24,24,24,24,24,24,24,24
1,1,180207,0,0,0,0,0,0,0,0,0,0
1,1,180208,0,0,0,0,0,0,0,0,0,0
2,1,180208,0,0,0,0,0,0,0,0,0,0
1,1,180209,0,0,0,0,13,0,0,0,0,24
2,1,180209,0,0,0,0,0,0,0,0,0,0
1,1,180210,14,14,14,14,14,14,14,14,14,14
1,1,180211,0,0,0,0,0,0,0,0,0,0
2,1,180211,0,0,0,0,0,0,0,0,0,0
1,1,180212,29,29,29,29,29,29,29,29,29,29
1,1,180213,0,0,0,0,0,0,0,0,0,0
1,1,180214,0,0,0,0,0,0,0,0,0,0
2,1,180214,0,0,0,0,0,0,0,0,0,0
1,1,180215,13,13,13,13,13,13,13,13,13,13
1,1,180216,0,2,0,17,0,13,0,0,0,0
2,1,180216,0,0,0,0,0,0,0,0,0,0
1,1,180217,18,18,18,18,18,18,18,18,18,18
1,1,180218,0,0,0,0,0,0,0,0,0,0
2,1,180218,0,0,0,0,0,0,0,0,0,0
1,1,180219,0,0,0,0,0,0,0,0,8,0
2,1,180219,16,16,16,16,16,16,16,16,16,16
1,1,180220,0,0,0,0,0,0,0,0,0,0
2,1,180220,0,0,0,0,0,0,0,0,0,0
1,1,180221,0,0,0,0,0,0,0,0,0,0
2,1,180221,0,0,0,0,0,0,0,0,0,0
1,1,180223,0,0,0,0,0,0,0,0,0,0
2,1,180223,0,0,0,0,0,0,0,0,0,0
1,1,180224,0,0,0,0,0,0,0,0,0,0
2,1,180224,2,2,2,2,2,2,2,2,2,2
1,1,180225,0,0,0,0,0,0,0,0,0,0
1,1,180226,0,0,0,0,0,0,0,0,0,0
2,1,180226,0,0,20,0,0,0,0,0,0,0
1,1,180227,0,0,0,0,0,0,0,0,0,0
2,1,180227,0,0,0,0,0,0,0,0,0,0
1,1,180228,0,0,0,0,0,0,0,0,0,0
1,1,180229,0,36,0,0,22,0,0,5,17,0
1,1,180230,0,0,0,0,0,0,0,0,0,0
2,1,180230,0,0,0,0,0,0,0,0,0,0
1,1,180231,20,20,20,20,20,20,20,20,20,20
2,1,180231,0,0,0,0,0,0,0,0,0,0
3,1,180231,0,0,0,0,0,0,0,0,0,0
1,1,180232,10,10,10,10,10,10,10,10,10,10
1,1,180233,10,0,17,0,0,0,0,10,8,24