VEH_NO,PER_NO,ST_CASE,P1,P2,P3,P4,P5,P6,P7,P8,P9,P10
1,1,180234,0,0,0,0,0,0,0,0,0,0
2,1,180234,2,2,2,2,2,2,2,2,2,2
1,1,180235,19,19,19,19,19,19,19,19,19,19
1,1,180236,0,0,0,0,0,0,0,0,0,0
2,1,180236,0,0,0,0,0,28,0,0,0,0
1,1,180237,0,0,0,0,0,0,0,0,0,0
1,1,180238,7,0,28,12,0,13,29,9,8,7
1,1,180239,0,0,0,0,0,0,0,0,0,0
2,1,180239,0,0,0,0,0,0,0,0,0,0
0,1,180240,0,0,0,0,0,0,0,0,0,0
1,1,180240,0,0,0,0,0,0,0,0,0,0
3,1,180240,0,0,0,0,0,0,0,0,0,0
4,1,180240,0,0,0,0,0,0,0,0,0,0
1,1,180241,4,4,4,4,4,4,4,4,4,4
1,1,180242,0,8,0,0,0,0,0,0,0,0
2,1,180242,18,0,0,0,0,0,0,0,0,0
0,1,180243,0,0,0,0,0,0,0,0,0,0
1,1,180243,0,0,0,0,0,0,0,0,0,0
1,1,180244,0,0,0,0,0,0,0,8,0,0
1,1,180245,0,0,0,0,0,0,0,0,0,0
1,1,180246,21,21,21,21,21,21,21,21,21,21
1,1,180247,21,21,21,21,21,21,21,21,21,21
0,1,180248,0,0,0,0,0,0,0,0,0,0
1,1,180248,0,0,0,0,0,0,0,0,0,0
1,1,180249,16,15,11,14,12,17,21,21,0,17
2,1,180249,0,8,0,0,0,0,0,0,0,0
1,1,180250,0,0,0,0,0,0,0,0,0,0
2,1,180250,0,0,0,0,0,0,0,0,0,0
1,1,180251,7,0,0,0,0,0,0,0,16,0
2,1,180251,0,0,0,0,0,0,0,0,0,0
3,1,180251,0,0,0,0,0,0,0,0,0,0
1,1,180252,0,13,0,0,0,0,0,0,0,0
2,1,180252,0,0,0,0,0,0,0,0,0,0
1,1,180253,16,16,16,16,16,16,16,16,16,16
2,1,180253,5,5,5,5,5,5,5,5,5,5
0,1,180254,12,12,12,12,12,12,12,12,12,12
1,1,180254,0,0,0,0,0,0,0,0,0,0
1,1,180255,25,25,25,25,25,25,25,25,25,25
2,1,180255,0,0,0,0,0,0,0,0,0,0
1,1,180256,17,17,17,17,17,17,17,17,17,17
0,1,180257,0,0,0,0,0,0,0,0,0,0
1,1,180257,0,0,0,0,0,0,0,0,0,0
1,1,180258,9,9,9,9,9,9,9,9,9,9
1,1,180259,0,0,0,0,0,0,0,0,0,0
1,1,180260,12,12,12,12,12,12,12,12,12,12
1,1,180261,0,0,0,0,0,0,9,0,0,0
2,1,180261,9,9,9,9,9,9,9,9,9,9
3,1,180261,0,0,0,0,0,0,0,0,0,0
4,1,180261,0,0,0,0,0,0,0,0,0,0
1,1,180262,0,0,0,0,0,0,0,0,0,0
1,1,180263,0,0,0,0,0,0,0,0,0,0
2,1,180263,0,0,0,0,0,0,0,0,0,0
1,1,180264,23,23,23,23,23,23,23,23,23,23
0,1,180265,1,1,1,1,1,1,1,1,1,1
1,1,180265,0,7,0,0,0,19,0,22,0,22
1,1,180266,0,0,0,0,0,0,0,0,0,0
2,1,180266,0,0,0,0,0,0,0,0,0,0
1,1,180267,8,8,8,8,8,8,8,8,8,8
2,1,180267,0,0,0,0,0,0,0,0,0,0
1,1,180268,0,0,0,0,0,0,0,0,0,0
2,1,180268,0,0,0,0,0,0,0,0,0,0
1,1,180269,0,0,0,0,0,0,0,0,0,0
2,1,180269,0,0,0,0,0,0,0,0,0,0
1,1,180270,0,0,0,0,0,0,0,0,0,0
2,1,180270,0,0,0,0,0,0,0,0,0,0
1,1,180272,0,0,0,0,0,0,0,0,0,0
2,1,180272,0,0,0,0,0,0,0,0,0,0
1,1,180273,0,0,0,0,0,0,0,0,0,0
2,1,180273,0,0,0,0,0,0,0,0,0,0
3,1,180273,0,0,0,0,0,0,0,0,0,0
1,1,180274,0,0,0,0,0,0,0,0,0,0
1,1,180275,0,0,0,0,0,0,0,0,0,0
2,1,180275,0,0,0,0,0,0,0,0,0,0
1,1,180276,0,0,0,0,0,0,0,0,0,0
2,1,180276,7,7,7,7,7,7,7,7,7,7
1,1,180277,12,12,12,12,12,12,12,12,12,12
1,1,180278,31,31,31,31,31,31,31,31,31,31
1,1,180279,0,0,0,0,0,0,0,0,0,0
2,1,180279,0,0,0,0,0,0,0,0,0,0
1,1,180280,0,0,0,0,0,0,0,0,0,0
2,1,180280,0,0,0,0,0,0,0,0,0,0
1,1,180281,0,0,0,0,0,0,0,0,0,0
2,1,180281,0,0,0,0,0,0,0,0,0,0
1,1,180282,13,13,13,13,13,13,13,13,13,13
1,1,180283,17,17,17,17,17,17,17,17,17,17
2,1,180283,0,0,0,0,0,0,0,0,0,0
1,1,180284,12,12,12,12,12,12,12,12,12,12
1,1,180285,10,9,14,5,0,0,35,20,21,14
1,1,180286,0,0,0,0,0,0,0,0,0,0
2,1,180286,0,0,0,0,0,0,0,0,0,0
1,1,180287,0,0,0,0,10,0,0,0,0,0
2,1,180287,0,0,0,0,0,0,0,0,0,6
1,1,180288,0,0,0,0,0,0,0,0,0,0
2,1,180288,0,15,11,13,0,0,0,14,17,15
3,1,180288,0,0,0,3,0,0,0,0,0,0
1,1,180289,0,0,0,0,0,0,0,0,0,0
2,1,180289,0,0,0,0,0,0,0,0,0,0
1,1,180290,23,23,23,23,23,23,23,23,23,23
2,1,180290,0,0,0,0,0,0,0,0,0,0
0,1,180291,0,0,0,0,0,0,0,0,0,3
1,1,180291,0,0,0,0,0,0,0,0,0,0
1,1,180292,7,0,0,0,0,8,0,0,0,0
0,1,180293,0,0,0,0,0,0,0,0,0,0
1,1,180293,14,0,0,0,0,0,32,0,22,0
1,1,180294,25,7,15,13,8,28,14,0,25,9
1,1,180295,0,0,0,0,0,0,0,0,0,0
1,1,180296,13,13,13,13,13,13,13,13,13,13
1,1,180297,0,0,0,0,0,14,0,5,0,0
2,1,180297,0,0,0,0,0,0,0,0,0,0
1,1,180298,0,0,0,0,0,0,0,0,0,0
2,1,180298,0,11,0,0,0,0,0,0,0,0
1,1,180299,16,16,16,16,16,16,16,16,16,16
1,1,180300,0,0,0,0,0,0,0,0,9,18
1,1,180301,0,0,0,0,0,0,0,0,0,0
1,1,180302,10,10,10,10,10,10,10,10,10,10
1,1,180303,16,0,0,0,13,21,10,0,0,0
2,1,180303,0,0,0,0,3,0,0,0,0,0
1,1,180304,0,0,0,0,0,0,0,0,0,0
2,1,180304,0,0,0,0,0,0,0,0,0,0
1,1,180305,0,0,0,0,0,0,0,0,0,0
2,1,180305,0,0,0,0,0,0,0,0,0,0
1,1,180306,0,0,0,0,0,0,0,0,0,0
1,1,180307,6,6,6,6,6,6,6,6,6,6
1,1,180308,11,11,11,11,11,11,11,11,11,11
1,1,180309,0,0,0,0,17,0,0,0,0,0
1,1,180310,21,21,21,21,21,21,21,21,21,21
1,1,180311,0,0,0,0,0,0,0,0,0,0
2,1,180311,0,0,0,0,0,0,0,0,0,0
0,1,180312,22,22,22,22,22,22,22,22,22,22
1,1,180312,0,0,0,0,0,0,0,0,0,0
1,1,180313,50,50,50,50,50,50,50,50,50,50
1,1,180314,0,0,0,0,11,0,0,0,0,0
2,1,180314,4,2,10,5,0,18,0,16,0,0
1,1,180315,0,0,0,0,0,0,0,0,0,0
2,1,180315,0,0,0,0,0,0,0,0,0,0
1,1,180316,0,0,0,0,0,0,0,0,0,0
2,1,180316,0,0,0,0,0,0,0,0,0,0
1,1,180317,0,0,0,0,0,0,0,0,0,0
2,1,180317,0,0,0,0,0,0,0,0,0,0
1,1,180318,71,71,71,71,71,71,71,71,71,71
2,1,180318,0,0,0,0,0,0,0,0,0,0
1,1,180319,0,0,0,0,0,0,0,0,0,0
2,1,180319,0,0,0,0,0,0,0,0,0,0
1,1,180320,18,17,0,19,0,7,0,11,18,0
1,1,180321,0,0,0,0,0,0,0,0,0,0
2,1,180321,0,0,0,0,0,0,0,0,0,0
1,1,180322,0,0,0,0,0,0,0,0,0,0
2,1,180322,0,0,0,0,0,0,0,0,0,0
1,1,180323,0,0,0,0,0,0,0,5,0,0
2,1,180323,0,0,0,0,0,0,0,0,0,0
1,1,180324,11,11,11,11,11,11,11,11,11,11
1,1,180325,5,5,5,5,5,5,5,5,5,5
1,1,180326,0,0,27,0,0,0,2,0,0,0
1,1,180327,0,0,0,0,0,0,0,0,0,0
2,1,180327,0,0,0,0,0,0,0,4,0,0
1,1,180328,0,0,0,0,0,0,0,0,0,0
0,1,180329,0,20,0,0,15,0,16,26,0,26
1,1,180329,0,0,0,0,7,5,7,0,0,3
1,1,180330,7,7,7,7,7,7,7,7,7,7
1,1,180331,0,0,0,0,0,0,0,0,0,0
2,1,180331,0,0,0,0,0,0,0,0,0,0
3,1,180331,0,0,0,0,0,0,0,0,0,0
1,1,180332,17,7,22,0,17,0,22,8,20,11
0,1,180333,0,0,0,0,0,0,0,0,0,0
1,1,180333,0,0,0,0,0,0,0,0,0,0
1,1,180334,0,0,0,0,0,0,0,0,0,0
1,1,180335,17,17,17,17,17,17,17,17,17,17
1,1,180336,13,13,13,13,13,13,13,13,13,13
1,1,180337,0,0,0,0,0,0,0,0,0,0
2,1,180337,0,0,0,0,0,0,0,0,0,0
1,1,180338,0,0,0,0,0,0,0,0,0,0
2,1,180338,0,0,0,0,0,0,0,0,0,0
1,1,180339,15,15,15,15,15,15,15,15,15,15
1,1,180340,0,0,0,0,0,0,0,0,0,0
2,1,180340,0,0,0,0,0,0,0,0,0,0
1,1,180341,0,0,0,0,0,0,0,0,0,0
2,1,180341,4,4,4,4,4,4,4,4,4,4
1,1,180342,7,7,7,7,7,7,7,7,7,7
1,1,180343,0,0,0,0,0,0,0,0,0,0
1,1,180344,0,0,0,0,0,0,0,0,0,0
0,1,180345,36,36,36,36,36,36,36,36,36,36
1,1,180345,0,0,0,0,0,0,0,0,0,0
1,1,180346,0,0,0,0,0,0,0,0,0,0
2,1,180346,0,0,0,0,0,0,0,0,0,0
3,1,180346,0,0,0,0,0,0,0,0,0,0
1,1,180347,25,12,0,25,0,10,0,0,13,0
2,1,180347,0,0,0,0,0,0,0,0,0,0
1,1,180348,0,0,0,0,0,0,0,0,0,0
2,1,180348,0,0,0,0,0,0,0,0,0,0
1,1,180349,36,15,35,29,16,16,26,34,33,36
1,1,180350,0,0,0,0,0,0,0,0,0,0
1,1,180351,27,27,27,27,27,27,27,27,27,27
1,1,180352,0,0,0,0,0,0,0,0,0,0
0,1,180353,0,0,0,0,0,0,0,0,0,0
1,1,180353,0,0,0,0,0,0,0,0,0,0
1,1,180354,0,0,0,0,0,0,0,0,0,0
1,1,180355,31,31,31,31,31,31,31,31,31,31
1,1,180356,13,0,0,0,0,0,0,0,0,0
1,1,180357,0,0,0,0,0,0,0,0,0,0
2,1,180357,0,0,0,0,0,0,0,0,0,0
1,1,180358,18,18,18,18,18,18,18,18,18,18
1,1,180359,0,0,0,0,0,0,0,0,0,0
2,1,180359,0,0,0,0,0,0,0,0,0,0
1,1,180360,0,0,0,0,0,0,0,0,0,0
2,1,180360,0,0,0,0,0,0,0,0,0,0
0,1,180361,0,0,0,0,0,0,0,0,0,0
0,2,180361,0,0,0,0,0,0,0,0,0,0
1,1,180361,29,6,15,0,0,9,0,0,0,0
1,1,180362,0,0,0,0,0,0,0,0,0,0
2,1,180362,0,0,0,0,0,0,0,0,0,0
1,1,180363,26,26,26,26,26,26,26,26,26,26
1,1,180364,0,0,0,0,0,0,0,0,0,0
2,1,180364,0,0,0,0,0,0,0,0,0,0
1,1,180366,0,0,0,0,0,0,0,0,0,0
2,1,180366,0,0,0,0,0,0,0,0,0,0
1,1,180367,0,0,0,0,0,0,0,0,0,0
1,1,180368,0,5,0,16,0,17,0,3,0,9
2,1,180368,14,14,14,14,14,14,14,14,14,14
1,1,180369,17,17,17,17,17,17,17,17,17,17
2,1,180369,0,0,0,0,0,0,0,0,0,0
1,1,180370,0,11,0,0,0,0,0,0,0,7
1,1,180371,0,0,0,0,0,0,0,0,0,0
2,1,180371,0,0,0,0,0,0,0,0,0,0
1,1,180372,33,33,33,33,33,33,33,33,33,33
1,1,180373,0,0,0,0,0,0,9,0,0,0
2,1,180373,0,0,0,0,0,0,0,0,0,0
1,1,180374,38,38,38,38,38,38,38,38,38,38
1,1,180375,0,0,0,0,0,0,0,0,0,0
2,1,180375,0,0,0,0,0,0,0,0,0,0
1,1,180376,0,0,0,0,0,0,0,0,0,0
2,1,180376,0,0,0,0,0,0,0,0,0,0
1,1,180377,1,1,1,1,1,1,1,1,1,1
2,1,180377,18,18,18,18,18,18,18,18,18,18
1,1,180378,9,9,9,9,9,9,9,9,9,9
1,1,180379,22,22,22,22,22,22,22,22,22,22
1,1,180380,0,0,0,0,0,0,0,0,0,0
1,1,180381,0,0,0,0,0,0,0,0,0,0
1,1,180382,12,9,13,29,7,23,11,17,13,6
1,1,180383,0,0,0,0,0,0,0,0,0,0
1,1,180384,19,19,19,19,19,19,19,19,19,19
1,1,180385,14,0,0,0,0,0,0,0,0,0
2,1,180385,0,0,0,0,0,0,0,0,0,0
0,1,180386,0,0,0,0,0,0,0,0,0,0
1,1,180386,0,0,0,0,0,0,0,0,0,0
0,1,180387,0,0,0,0,0,0,11,0,0,0
1,1,180387,0,0,0,0,0,0,0,0,0,0
1,1,180388,0,0,0,0,0,0,0,0,0,0
2,1,180388,0,0,0,0,0,0,0,0,0,0
1,1,180389,8,0,16,16,0,12,0,5,17,0
1,1,180390,0,0,0,0,0,0,0,0,0,0
2,1,180390,0,0,0,0,0,0,0,0,0,0
1,1,180391,0,0,0,0,0,0,0,0,0,0
1,1,180392,20,20,20,20,20,20,20,20,20,20
1,1,180393,0,0,0,0,0,0,0,0,0,0
1,1,180394,0,0,0,0,0,0,0,0,0,0
2,1,180394,0,0,0,0,0,0,0,0,0,0
1,1,180395,42,13,15,13,28,24,17,8,24,0
1,1,180396,0,0,7,0,0,0,0,0,0,0
1,1,180397,7,7,7,7,7,7,7,7,7,7
0,1,180398,20,0,13,20,18,8,0,19,12,26
1,1,180398,0,0,13,0,0,0,17,0,0,0
1,1,180399,19,19,19,19,19,19,19,19,19,19
2,1,180399,0,0,0,0,0,0,0,0,0,0
1,1,180400,0,11,0,12,30,20,0,0,0,0
1,1,180401,21,21,21,21,21,21,21,21,21,21
1,1,180402,0,0,0,0,0,0,0,0,0,0
2,1,180402,0,0,0,0,0,0,0,0,0,0
1,1,180403,0,0,0,0,0,7,0,0,0,31
1,1,180404,5,5,5,5,5,5,5,5,5,5
2,1,180404,0,0,0,0,0,0,0,0,0,0
1,1,180405,18,18,18,18,18,18,18,18,18,18
1,1,180406,0,0,0,0,0,0,0,0,0,0
0,1,180407,0,0,0,0,0,0,0,4,0,0
1,1,180407,0,0,0,0,0,0,0,0,0,0
1,1,180409,0,0,0,0,0,0,0,0,0,0
1,1,180410,0,0,0,0,0,0,0,0,0,0
2,1,180410,0,0,0,0,0,0,0,0,0,0
3,1,180410,0,0,0,12,0,0,0,0,0,0
1,1,180411,14,14,14,14,14,14,14,14,14,14
1,1,180412,22,22,22,22,22,22,22,22,22,22
1,1,180413,0,0,0,0,0,0,0,0,0,0
1,1,180414,0,0,0,0,0,0,0,0,0,0
1,1,180415,0,0,0,0,0,0,0,0,0,0
2,1,180415,0,0,0,0,0,0,0,0,0,0
1,1,180416,0,0,0,0,0,0,0,0,0,0
1,1,180417,0,0,0,0,0,0,0,0,0,0
2,1,180417,0,0,0,0,0,0,0,0,0,0
1,1,180418,0,0,0,0,0,0,0,0,0,0
2,1,180418,0,0,0,0,0,0,0,0,0,0
1,1,180419,0,0,0,0,0,0,0,0,0,0
2,1,180419,0,0,0,0,0,0,0,0,0,0
1,1,180420,22,22,22,22,22,22,22,22,22,22
1,1,180421,0,0,0,0,0,0,0,0,0,0
1,1,180422,21,13,13,17,0,25,0,0,25,0
1,1,180423,2,2,2,2,2,2,2,2,2,2
2,1,180423,0,0,0,0,0,0,0,0,0,0
1,1,180424,9,9,9,9,9,9,9,9,9,9
1,1,180425,0,0,0,0,0,0,0,0,0,0
2,1,180425,0,0,0,0,0,0,0,0,0,0
1,1,180426,17,17,17,17,17,17,17,17,17,17
2,1,180426,0,0,0,0,0,0,0,0,0,0
1,1,180427,0,0,0,0,0,0,0,0,0,0
1,1,180428,0,0,0,0,0,0,0,0,0,0
2,1,180428,0,0,0,0,0,0,0,0,0,0
1,1,180429,0,0,0,0,0,0,0,0,0,0
2,1,180429,0,0,0,0,0,0,0,0,0,0
3,1,180429,0,0,0,0,0,0,0,0,0,0
1,1,180430,0,4,0,0,0,0,0,13,0,0
2,1,180430,12,12,12,12,12,12,12,12,12,12
1,1,180431,0,0,0,0,0,0,0,0,0,0
2,1,180431,0,0,0,0,0,0,0,0,0,0
1,1,180432,0,0,0,0,0,0,0,0,0,0
2,1,180432,0,0,0,0,0,0,0,0,0,0
1,1,180433,0,0,0,0,0,0,0,0,0,0
2,1,180433,0,0,0,0,0,0,0,0,0,0
1,1,180434,0,0,0,0,0,0,0,0,0,0
2,1,180434,0,0,0,0,0,0,0,0,0,0
0,1,180435,0,0,0,0,0,0,0,0,0,0
1,1,180435,0,0,3,0,0,0,0,0,0,0
1,1,180436,20,0,0,0,10,0,0,10,0,0
1,1,180437,0,0,0,0,0,0,0,0,0,0
2,1,180437,0,0,0,0,0,0,0,0,0,0
0,1,180438,0,0,0,0,0,0,0,0,0,0
1,1,180438,0,0,0,0,0,0,0,0,0,0
1,1,180439,16,12,2,11,12,0,13,3,12,10
2,1,180439,0,0,0,0,0,0,0,21,0,0
1,1,180440,0,0,0,16,6,0,0,0,0,0
2,1,180440,0,0,0,0,0,0,0,0,0,0
1,1,180441,0,0,0,0,0,0,0,0,0,0
2,1,180441,0,0,14,0,0,0,0,0,0,0
1,1,180442,0,0,0,0,0,0,0,0,0,0
2,1,180442,0,0,0,0,0,15,0,11,0,0
1,1,180443,0,0,0,0,0,0,0,0,0,0
2,1,180443,0,0,0,0,0,0,0,0,0,0
1,1,180444,0,0,0,0,0,0,0,0,0,0
2,1,180444,0,0,0,0,0,0,0,0,0,0
1,1,180445,0,0,0,0,0,0,0,0,0,0
2,1,180445,0,0,0,0,0,0,0,0,0,0
1,1,180446,22,30,0,18,26,0,35,0,19,5
1,1,180447,0,0,0,0,0,0,0,0,0,0
2,1,180447,0,0,0,0,0,0,0,0,0,0
0,1,180448,27,27,27,27,27,27,27,27,27,27
1,1,180448,0,12,5,0,0,10,3,5,0,0
1,1,180449,0,0,0,0,0,0,0,0,0,0
1,1,180450,0,0,0,7,7,0,18,28,21,0
1,1,180451,0,0,0,0,0,0,0,0,0,0
2,1,180451,0,0,0,20,0,0,0,0,0,0
1,1,180452,13,13,13,13,13,13,13,13,13,13
2,1,180452,0,0,0,0,0,0,0,0,0,0
1,1,180453,0,0,0,0,0,0,0,0,0,0
2,1,180453,0,0,0,0,0,0,0,0,0,0
3,1,180453,0,0,0,0,0,0,0,0,0,0
0,1,180454,0,0,0,0,0,0,0,0,0,0
1,1,180454,0,0,0,0,0,0,0,0,0,0
0,1,180455,0,0,0,0,0,0,0,0,0,0
1,1,180455,0,0,0,0,0,0,0,0,0,0
1,1,180456,0,0,0,0,0,0,0,0,0,0
1,1,180457,0,31,7,0,35,12,0,0,0,0
2,1,180457,0,0,0,0,0,0,0,0,0,0
1,1,180458,27,27,27,27,27,27,27,27,27,27
1,1,180459,0,0,0,11,0,3,0,0,0,0
1,1,180460,0,0,0,0,0,0,0,0,0,0
1,1,180461,0,0,0,0,0,0,0,0,0,0
2,1,180461,0,0,0,0,0,0,0,0,0,0
1,1,180462,0,0,0,0,0,0,0,0,0,0
2,1,180462,0,0,0,0,0,0,0,0,0,0
0,1,180463,12,10,0,30,15,0,23,0,56,39
1,1,180463,0,0,0,0,0,0,0,0,0,0
1,1,180464,0,0,0,0,0,0,0,0,0,0
1,1,180465,0,0,15,0,27,12,0,0,22,22
2,1,180465,7,7,7,7,7,7,7,7,7,7
1,1,180466,0,13,0,0,0,0,0,9,0,0
2,1,180466,0,0,0,0,0,0,0,0,0,0
1,1,180468,13,13,13,13,13,13,13,13,13,13
1,1,180469,0,0,0,0,0,0,0,0,0,0
2,1,180469,0,0,0,0,0,0,0,0,0,0
0,1,180470,0,0,15,13,0,0,0,0,59,0
1,1,180470,0,0,0,0,0,0,0,0,0,0
1,1,180471,16,16,16,16,16,16,16,16,16,16
1,1,180472,0,0,0,0,0,0,0,0,0,0
2,1,180472,0,0,0,0,0,0,0,0,0,0
3,1,180472,0,4,0,0,0,0,0,0,0,0
4,1,180472,0,0,0,0,0,0,0,0,0,0
5,1,180472,0,0,0,0,0,0,0,0,0,0
6,1,180472,0,0,0,0,0,0,0,0,0,0
1,1,180473,0,0,0,0,0,0,0,0,0,0
2,1,180473,0,0,0,0,0,0,0,0,0,0
0,1,180474,13,0,0,5,46,16,0,18,0,0
1,1,180474,0,0,0,0,0,0,0,0,0,0
1,1,180475,13,13,20,11,16,15,7,21,6,11
1,1,180476,0,0,0,0,0,0,0,0,0,0
2,1,180476,0,0,0,0,0,0,0,0,0,0
1,1,180477,0,0,0,5,0,0,0,36,0,0
1,1,180479,0,0,0,0,0,0,0,0,0,0
1,1,180480,0,0,0,0,0,0,0,0,0,0
1,1,180481,16,16,16,16,16,16,16,16,16,16
1,1,180482,0,0,0,0,0,0,0,0,0,0
2,1,180482,5,4,12,2,0,0,5,0,13,0
1,1,180483,0,0,0,0,0,0,0,0,0,0
1,1,180484,9,13,0,15,0,31,17,32,15,0
0,1,180485,18,18,18,18,18,18,18,18,18,18
1,1,180485,0,0,0,0,0,0,0,0,0,0
1,1,180486,18,18,18,18,18,18,18,18,18,18
1,1,180487,0,0,0,0,0,0,0,0,0,0
2,1,180487,0,0,0,0,0,0,0,0,0,0
1,1,180488,27,27,27,27,27,27,27,27,27,27
1,1,180489,20,20,20,20,20,20,20,20,20,20
2,1,180489,0,0,0,0,0,0,0,0,0,0
1,1,180491,13,13,13,13,13,13,13,13,13,13
0,1,180492,0,0,0,0,0,0,0,0,0,0
1,1,180492,0,0,0,0,0,0,0,0,0,0
0,1,180493,21,21,21,21,21,21,21,21,21,21
1,1,180493,0,0,0,0,0,0,0,0,0,23
1,1,180494,0,0,0,0,0,0,0,0,0,0
2,1,180494,0,16,0,0,0,0,0,0,0,0
1,1,180495,0,0,0,8,16,0,0,0,16,24
1,1,180496,0,0,0,0,0,0,0,0,0,0
1,1,180497,6,6,6,6,6,6,6,6,6,6
1,1,180498,0,0,0,0,0,0,0,0,22,0
2,1,180498,0,0,0,0,0,0,0,0,0,0
3,1,180498,0,0,0,0,0,0,0,0,0,0
4,1,180498,0,0,0,0,0,0,0,0,0,0
1,1,180499,11,11,11,11,11,11,11,11,11,11
1,1,180500,0,0,0,0,0,0,0,0,0,0
1,1,180501,0,0,0,0,0,0,0,0,0,0
2,1,180501,0,0,0,0,0,0,0,0,0,0
1,1,180502,0,0,0,10,0,0,0,0,0,0
1,1,180503,0,0,0,0,0,0,0,0,0,0
0,1,180504,0,8,0,0,4,0,0,0,0,0
1,1,180504,0,0,0,0,0,0,0,0,0,0
1,1,180505,11,10,0,12,11,0,0,0,27,0
1,1,180506,13,13,13,13,13,13,13,13,13,13
1,1,180507,15,15,15,15,15,15,15,15,15,15
1,1,180508,0,0,0,0,0,0,0,0,0,0
2,1,180508,0,0,0,0,0,0,0,0,0,0
1,1,180509,0,0,0,0,0,0,0,0,0,0
2,1,180509,0,0,0,0,0,0,0,0,0,0
1,1,180510,11,11,11,11,11,11,11,11,11,11
0,1,180511,0,0,0,0,0,0,0,0,0,0
1,1,180511,0,0,0,0,4,6,0,0,0,0
1,1,180512,0,0,0,0,0,0,0,0,0,0
1,1,180513,15,0,0,17,18,9,0,22,17,0
2,1,180513,0,0,0,0,0,0,0,0,0,0
1,1,180514,13,17,18,20,18,11,27,14,22,27
1,1,180515,0,0,0,0,0,0,0,0,0,0
1,1,180516,0,0,0,0,0,0,0,0,0,0
1,1,180517,0,0,0,0,9,0,0,0,0,0
2,1,180517,0,0,0,0,0,0,0,0,0,5
1,1,180518,0,0,0,0,0,0,0,0,0,0
1,1,180519,0,0,0,0,0,0,0,0,0,0
1,1,180520,0,0,0,0,0,0,0,0,0,0
2,1,180520,0,0,0,0,0,0,0,0,0,0
1,1,180521,0,0,0,0,0,0,0,0,0,0
2,1,180521,0,0,0,0,0,0,0,0,0,0
3,1,180521,0,0,0,0,0,0,0,0,0,0
1,1,180522,2,2,2,2,2,2,2,2,2,2
1,1,180523,11,11,11,11,11,11,11,11,11,11
2,1,180523,0,0,0,0,0,0,0,0,0,0
1,1,180524,19,19,19,19,19,19,19,19,19,19
2,1,180524,15,15,15,15,15,15,15,15,15,15
1,1,180525,0,0,0,0,0,0,0,0,0,0
1,1,180526,0,0,0,0,0,0,0,0,0,0
2,1,180526,0,0,0,0,15,7,0,14,0,0
1,1,180527,0,0,0,0,0,0,0,0,0,0
2,1,180527,0,0,9,0,0,0,0,17,0,0
3,1,180527,0,5,0,0,0,0,0,0,0,0
4,1,180527,24,0,0,0,0,0,0,0,0,0
5,1,180527,0,9,0,0,0,0,0,0,0,0
1,1,180528,0,0,0,0,0,0,0,0,0,0
2,1,180528,0,0,0,0,0,0,0,0,0,0
1,1,180529,0,0,0,0,0,0,0,0,0,0
2,1,180529,0,0,0,0,0,0,0,0,0,0
1,1,180530,0,0,0,0,0,0,0,0,0,0
2,1,180530,0,0,0,0,0,0,0,0,0,0
1,1,180531,2,2,2,2,2,2,2,2,2,2
1,1,180532,48,48,48,48,48,48,48,48,48,48
1,1,180533,0,0,0,0,16,0,10,0,0,17
1,1,180534,0,0,0,0,0,0,0,0,0,0
2,1,180534,0,0,0,0,0,0,0,0,0,0
3,1,180534,0,0,0,0,0,0,0,0,0,0
0,1,180535,0,0,0,0,0,0,0,0,0,0
1,1,180535,0,0,0,0,0,0,0,0,0,0
1,1,180536,26,26,26,26,26,26,26,26,26,26
1,1,180537,0,0,0,0,0,0,0,0,0,0
1,1,180538,0,0,0,13,0,0,0,0,0,0
1,1,180539,21,21,21,21,21,21,21,21,21,21
2,1,180539,0,0,0,0,0,0,0,0,0,0
1,1,180540,19,19,19,19,19,19,19,19,19,19
1,1,180541,35,0,0,0,0,0,0,0,0,0
1,1,180542,0,26,0,0,0,20,0,0,0,0
1,1,180543,0,0,0,0,0,23,0,0,0,0
1,1,180544,0,12,21,0,0,0,20,0,0,0
2,1,180544,0,0,0,0,0,3,0,0,0,2
1,1,180545,0,0,0,0,0,0,0,0,0,0
1,1,180546,0,0,0,0,0,0,0,0,0,0
2,1,180546,0,0,0,0,0,0,0,0,0,0
1,1,180547,25,25,25,25,25,25,25,25,25,25
0,1,180548,0,0,0,0,0,0,0,0,0,0
1,1,180548,0,0,0,0,0,0,0,0,0,0
1,1,180549,5,0,12,14,0,16,18,6,20,0
1,1,180550,0,0,0,0,0,0,0,0,0,0
2,1,180550,10,10,10,10,10,10,10,10,10,10
3,1,180550,0,0,0,0,0,0,0,0,7,0
1,1,180551,0,0,0,0,0,0,0,0,0,0
2,1,180551,0,0,0,0,0,0,0,0,0,0
3,1,180551,0,0,0,0,0,0,0,0,0,0
1,1,180552,0,0,0,0,0,0,0,0,0,0
1,1,180553,0,0,0,5,0,0,0,0,0,0
1,1,180554,0,0,0,0,0,0,0,0,0,0
1,1,180555,0,0,0,0,0,0,0,0,0,0
1,1,180556,0,0,0,0,0,0,0,0,0,0
2,1,180556,0,0,0,0,0,0,0,0,0,0
1,1,180557,0,0,0,0,0,0,0,0,0,0
1,1,180558,0,0,0,0,0,0,0,0,0,0
1,1,180559,0,0,0,0,0,0,0,0,0,0