VEH_NO,PER_NO,ST_CASE,P1,P2,P3,P4,P5,P6,P7,P8,P9,P10
2,1,180559,0,0,0,0,0,0,0,0,0,0
1,1,180560,13,13,13,13,13,13,13,13,13,13
0,1,180561,0,0,0,0,0,0,0,0,0,0
1,1,180561,0,0,0,0,0,0,0,0,0,0
1,1,180562,0,0,0,0,0,0,0,0,0,0
2,1,180562,0,0,0,0,0,0,0,0,0,0
1,1,180564,0,0,0,0,0,0,0,0,0,0
2,1,180564,0,0,0,0,0,0,0,0,0,0
0,1,180565,0,0,0,0,0,0,0,0,0,0
1,1,180565,0,0,0,0,0,0,0,0,0,0
0,1,180566,15,31,0,0,0,0,0,0,0,0
1,1,180566,20,24,0,5,0,6,0,6,0,6
1,1,180567,0,0,0,0,0,0,0,0,0,0
2,1,180567,0,0,0,0,0,0,0,0,0,0
1,1,180568,0,0,0,0,0,0,0,0,0,0
2,1,180568,0,0,0,0,0,0,0,0,0,0
1,1,180569,0,0,0,0,0,0,0,0,0,0
1,1,180570,12,9,24,0,20,26,25,17,21,11
1,1,180571,0,0,0,0,0,0,0,0,0,0
2,1,180571,0,0,0,0,0,0,0,0,0,0
1,1,180572,0,0,0,0,0,0,0,0,0,0
2,1,180572,0,0,0,0,0,0,0,0,0,0
1,1,180573,0,0,0,0,0,0,0,0,0,0
2,1,180573,0,0,0,0,0,0,0,0,0,0
1,1,180574,0,0,0,0,0,0,0,0,0,0
2,1,180574,0,0,0,0,0,20,0,0,0,0
1,1,180575,0,0,0,0,0,0,0,0,0,0
1,1,180576,0,0,0,0,0,0,0,0,0,0
2,1,180576,0,0,0,0,0,0,0,0,0,0
1,1,180577,0,0,0,0,0,0,0,0,0,0
1,1,180578,0,0,0,0,0,0,0,0,0,0
2,1,180578,0,0,0,9,0,17,0,0,0,0
1,1,180579,37,37,37,37,37,37,37,37,37,37
2,1,180579,0,0,0,0,0,0,0,0,0,0
1,1,180580,0,0,0,0,0,0,0,0,0,0
2,1,180580,0,0,0,0,0,0,0,0,0,0
3,1,180580,0,0,0,0,0,0,0,0,0,0
1,1,180581,27,27,27,27,27,27,27,27,27,27
1,1,180582,11,11,11,11,11,11,11,11,11,11
1,1,180583,15,15,15,15,15,15,15,15,15,15
2,1,180583,8,8,8,8,8,8,8,8,8,8
1,1,180584,0,0,0,0,0,0,0,0,0,0
2,1,180584,0,0,0,0,0,0,0,0,0,0
0,1,180585,13,0,0,0,0,0,0,0,0,0
1,1,180585,0,0,0,0,0,0,0,22,0,0
1,1,180586,19,19,19,19,19,19,19,19,19,19
1,1,180587,0,0,0,0,0,0,0,0,0,0
2,1,180587,10,12,0,0,0,0,0,0,0,0
3,1,180587,0,0,0,0,24,0,0,0,0,11
4,1,180587,0,0,0,0,0,0,0,0,0,0
5,1,180587,0,0,0,0,0,0,0,0,0,0
6,1,180587,0,0,0,0,6,0,0,0,0,0
0,1,180588,0,0,0,0,0,0,0,0,0,0
1,1,180588,0,0,0,0,0,0,0,0,0,0
1,1,180589,14,14,14,14,14,14,14,14,14,14
0,1,180590,0,0,0,0,0,0,0,0,0,0
1,1,180590,0,0,0,0,0,0,0,0,0,0
1,1,180591,0,0,14,0,0,22,0,14,0,10
1,1,180592,0,18,12,24,13,31,0,0,0,32
0,1,180593,0,30,19,9,17,0,0,22,0,0
1,1,180593,0,0,0,0,0,0,0,0,0,0
1,1,180594,0,0,0,0,0,0,0,0,0,8
2,1,180594,0,0,0,0,0,0,0,0,0,0
3,1,180594,0,0,0,0,0,0,0,0,0,0
4,1,180594,0,0,0,0,0,0,0,0,0,0
1,1,180595,0,0,0,0,0,0,0,0,0,0
2,1,180595,0,0,0,0,0,0,0,0,0,0
1,1,180596,0,10,0,0,0,0,0,0,0,0
1,1,180597,0,0,0,0,0,0,0,0,0,0
2,1,180597,0,0,0,0,0,0,0,0,0,0
1,1,180598,0,0,0,0,0,0,0,0,0,0
2,1,180598,0,0,0,0,0,0,0,0,0,0
3,1,180598,0,0,0,0,0,0,0,0,0,0
1,1,180599,21,21,21,21,21,21,21,21,21,21
1,1,180600,10,10,10,10,10,10,10,10,10,10
1,1,180601,13,13,13,13,13,13,13,13,13,13
2,1,180601,0,0,14,0,0,0,0,0,0,0
0,1,180602,0,0,0,0,0,0,0,0,0,0
1,1,180602,0,0,0,0,0,0,0,0,0,0
1,1,180603,0,0,0,25,22,17,3,0,0,21
1,1,180604,0,0,0,0,0,0,0,0,0,0
1,1,180605,20,20,20,20,20,20,20,20,20,20
1,1,180606,0,0,0,0,0,0,0,0,0,0
2,1,180606,0,0,0,0,0,0,0,0,0,0
1,1,180607,0,0,0,0,0,0,0,0,0,0
2,1,180607,0,0,0,0,0,0,0,0,0,0
0,1,180608,0,0,0,0,0,0,0,0,15,0
1,1,180608,0,0,0,0,0,0,0,0,0,0
1,1,180609,0,0,0,0,0,0,0,0,0,0
2,1,180609,0,0,0,0,0,0,0,0,0,0
1,1,180610,0,0,18,22,0,0,16,0,0,0
1,1,180611,0,0,0,0,11,0,0,0,0,8
1,1,180612,18,15,0,21,0,32,0,18,0,0
1,1,180613,0,0,0,0,0,0,0,0,0,0
2,1,180613,0,0,0,0,0,0,0,0,0,0
0,1,180614,0,0,27,49,29,16,13,24,27,15
1,1,180614,0,0,5,0,0,0,0,0,0,0
1,1,180615,11,0,16,21,0,0,15,0,25,21
0,1,180616,0,0,0,0,0,0,0,0,0,0
1,1,180616,0,0,0,0,0,0,0,0,0,0
0,1,180617,9,9,9,9,9,9,9,9,9,9
1,1,180617,0,0,0,0,0,0,0,0,0,0
0,1,180618,0,0,0,20,0,0,0,0,9,0
1,1,180618,0,0,0,0,0,0,0,0,0,0
0,1,180619,22,11,0,0,0,0,33,19,32,13
1,1,180619,0,0,0,0,0,0,0,0,0,0
1,1,180620,0,0,16,14,0,0,0,0,37,19
1,1,180621,0,31,0,0,17,0,0,14,0,15
1,1,180622,25,25,25,25,25,25,25,25,25,25
1,1,180623,0,0,0,0,0,0,0,0,0,0
2,1,180623,0,0,0,0,0,0,0,0,0,0
1,1,180624,0,0,0,0,0,0,0,0,0,0
2,1,180624,0,0,0,0,0,0,0,0,0,0
3,1,180624,0,0,0,0,0,0,0,0,0,0
1,1,180625,12,12,12,12,12,12,12,12,12,12
2,1,180625,0,0,0,0,0,0,0,0,0,0
1,1,180626,0,0,18,13,0,0,0,0,0,7
1,1,180627,13,18,35,0,0,27,14,24,0,0
1,1,180628,0,0,0,0,0,0,0,0,0,0
1,1,180629,0,0,0,0,27,0,0,0,0,0
2,1,180629,0,0,0,0,0,0,0,0,0,0
1,1,180630,13,16,0,15,0,0,28,13,10,13
1,1,180631,0,0,0,0,0,0,0,0,0,0
1,1,180632,0,0,0,0,0,0,0,0,0,0
1,1,180633,0,0,0,0,0,0,0,0,0,0
2,1,180633,0,0,0,0,0,0,0,0,0,0
1,1,180634,10,0,22,0,0,11,0,19,0,7
1,1,180635,37,37,37,37,37,37,37,37,37,37
2,1,180635,0,0,0,0,0,0,0,0,0,0
1,1,180636,17,0,26,0,0,0,0,0,0,0
1,1,180637,0,0,0,0,0,0,0,17,0,0
2,1,180637,11,18,0,0,0,0,0,0,0,0
1,1,180638,0,0,0,0,0,0,0,0,0,0
2,1,180638,0,0,0,0,0,0,0,0,0,0
1,1,180639,12,13,25,0,5,9,0,25,20,0
1,1,180640,0,0,0,0,0,0,0,0,0,0
1,1,180641,20,20,20,20,20,20,20,20,20,20
1,1,180642,0,0,0,0,0,0,0,0,0,0
2,1,180642,0,0,0,0,0,0,0,0,0,0
3,1,180642,0,0,0,0,0,0,0,0,0,0
1,1,180643,16,16,16,16,16,16,16,16,16,16
1,1,180644,0,0,0,0,0,0,0,0,0,0
2,1,180644,0,0,20,0,0,0,0,0,0,0
1,1,190001,8,0,0,13,0,0,0,0,0,0
1,1,190002,0,0,0,0,0,0,0,0,0,0
1,1,190003,15,15,15,15,15,15,15,15,15,15
1,1,190004,0,0,0,0,0,0,0,0,0,0
2,1,190004,0,0,0,0,0,0,0,0,0,0
3,1,190004,0,0,0,0,0,0,0,0,0,0
1,1,190005,19,14,13,10,5,32,22,4,21,0
1,1,190006,0,0,0,0,0,0,0,0,14,0
2,1,190006,0,0,0,0,0,0,0,0,0,0
1,1,190007,22,22,22,22,22,22,22,22,22,22
1,1,190008,0,0,0,0,0,0,0,0,0,0
2,1,190008,0,0,0,0,0,11,0,0,0,0
1,1,190009,17,17,17,17,17,17,17,17,17,17
1,1,190010,0,0,0,0,0,0,0,0,0,0
2,1,190010,0,0,0,0,0,0,0,0,0,0
1,1,190011,0,0,0,0,0,0,0,0,0,0
2,1,190011,0,0,0,0,0,0,0,0,0,0
1,1,190012,0,0,0,0,0,0,0,0,0,0
0,1,190013,0,0,0,0,0,0,0,0,0,0
1,1,190013,0,0,0,0,0,0,0,0,0,0
1,1,190014,0,0,0,0,0,0,0,0,0,0
2,1,190014,0,0,0,0,0,0,0,0,0,0
1,1,190015,8,8,8,8,8,8,8,8,8,8
2,1,190015,0,0,0,0,0,0,0,0,0,0
1,1,190016,0,0,0,0,0,7,0,0,0,0
2,1,190016,0,0,0,0,0,0,0,0,0,0
1,1,190017,0,0,0,0,0,0,0,0,0,0
2,1,190017,0,0,0,4,0,0,0,0,0,0
1,1,190018,0,0,0,0,0,0,0,0,0,0
2,1,190018,6,6,6,6,6,6,6,6,6,6
1,1,190019,30,30,30,30,30,30,30,30,30,30
2,1,190019,0,0,0,0,0,0,0,0,0,0
1,1,190020,10,10,10,10,10,10,10,10,10,10
1,1,190021,0,0,0,0,0,0,0,0,0,0
1,1,190022,0,0,0,0,0,0,0,0,0,0
1,1,190023,0,0,0,0,0,0,0,0,0,0
2,1,190023,0,0,0,0,0,0,0,0,0,0
1,1,190024,0,0,0,0,0,0,0,0,0,0
2,1,190024,0,0,0,0,0,0,0,0,0,0
1,1,190025,20,20,20,20,20,20,20,20,20,20
1,1,190026,0,0,0,0,0,0,0,0,0,0
2,1,190026,0,0,0,0,0,0,0,0,0,0
1,1,190027,6,0,0,0,0,0,0,0,0,6
2,1,190027,0,0,0,0,0,0,0,0,0,0
1,1,190028,0,0,0,0,0,0,0,0,0,0
2,1,190028,0,0,0,0,0,0,0,4,0,0
0,1,190029,0,9,0,0,0,11,0,0,0,0
1,1,190029,0,16,0,0,0,0,0,0,0,0
1,1,190030,0,0,0,0,0,0,0,0,0,0
1,1,190031,0,0,0,0,0,0,0,0,0,0
1,1,190032,0,0,0,0,0,0,0,0,0,0
2,1,190032,0,0,0,0,0,0,0,0,0,0
1,1,190033,0,0,0,0,0,0,0,0,0,0
2,1,190033,0,0,0,0,0,0,0,0,0,0
1,1,190034,0,0,0,0,0,0,0,0,0,0
1,1,190036,0,0,0,0,9,0,19,10,0,0
1,1,190037,23,23,23,23,23,23,23,23,23,23
1,1,190038,0,0,0,0,0,0,0,0,0,0
1,1,190039,0,0,0,0,0,0,0,0,0,0
2,1,190039,0,0,0,0,0,0,0,0,0,0
1,1,190040,0,0,0,0,0,0,0,0,0,0
1,1,190041,0,0,0,0,0,0,0,0,0,0
2,1,190041,0,0,0,0,0,0,0,0,0,0
1,1,190042,0,17,0,0,0,0,0,0,0,0
1,1,190043,10,10,10,10,10,10,10,10,10,10
2,1,190043,0,0,0,0,0,0,0,0,0,0
1,1,190044,11,14,0,0,0,0,0,0,23,0
1,1,190045,4,0,0,0,0,0,0,0,0,0
2,1,190045,0,0,0,13,0,0,0,0,0,0
1,1,190046,0,0,0,0,14,12,18,18,6,4
1,1,190047,0,0,0,0,0,0,0,0,0,0
1,1,190048,9,9,9,9,9,9,9,9,9,9
1,1,190049,0,0,0,0,0,0,0,0,0,0
1,1,190050,36,36,36,36,36,36,36,36,36,36
1,1,190051,0,0,0,0,0,0,0,0,0,0
1,1,190052,0,0,0,0,0,0,0,0,0,0
2,1,190052,0,0,0,0,0,0,0,0,0,0
3,1,190052,0,0,0,0,0,0,0,0,0,0
1,1,190053,0,0,0,0,0,0,0,0,0,0
2,1,190053,0,0,0,0,0,0,0,0,0,0
1,1,190054,0,0,0,23,0,0,0,0,0,0
2,1,190054,0,0,0,0,0,0,0,0,0,0
1,1,190055,0,0,0,0,0,6,0,0,0,30
1,1,190056,17,17,17,17,17,17,17,17,17,17
1,1,190057,0,0,0,0,0,0,0,0,0,0
2,1,190057,0,0,0,0,0,0,0,0,0,0
1,1,190058,10,10,10,10,10,10,10,10,10,10
1,1,190059,0,0,0,0,0,0,0,0,0,0
2,1,190059,0,0,0,0,0,0,0,0,0,11
0,1,190060,0,0,0,0,0,0,0,0,0,0
1,1,190060,0,0,0,0,0,0,0,0,0,0
1,1,190061,0,0,0,0,0,0,0,0,0,0
2,1,190061,0,0,0,23,0,0,0,0,0,0
1,1,190062,0,0,0,0,0,0,13,0,0,0
2,1,190062,0,0,0,0,0,0,0,0,0,0
1,1,190063,19,19,19,19,19,19,19,19,19,19
1,1,190064,26,26,26,26,26,26,26,26,26,26
1,1,190065,0,0,0,0,0,0,0,0,0,0
2,1,190065,0,0,0,0,0,0,0,0,0,0
1,1,190066,0,0,0,0,0,0,0,0,0,0
2,1,190066,0,0,0,0,0,0,0,0,0,0
1,1,190067,20,20,20,20,20,20,20,20,20,20
0,1,190068,0,0,0,0,0,0,0,0,0,0
1,1,190068,0,0,0,0,0,0,0,0,0,0
1,1,190069,16,0,10,0,0,11,14,10,14,11
1,1,190070,0,0,0,0,0,0,0,0,0,0
2,1,190070,0,0,0,0,0,0,0,0,0,0
1,1,190071,21,21,21,21,21,21,21,21,21,21
1,1,190072,0,0,0,0,0,0,0,0,0,0
2,1,190072,0,0,0,0,0,0,0,0,0,0
1,1,190073,12,0,12,15,0,0,21,0,25,10
1,1,190074,0,0,0,0,0,0,0,0,0,0
1,1,190075,0,0,0,0,0,0,0,0,0,0
2,1,190075,0,0,0,0,0,0,0,0,0,0
3,1,190075,0,0,0,0,0,0,0,0,0,0
1,1,190076,0,0,0,0,0,0,0,0,0,0
2,1,190076,0,0,0,0,0,0,0,0,0,0
1,1,190077,0,0,0,0,0,0,0,0,0,0
1,1,190078,0,0,0,0,0,0,0,0,0,0
2,1,190078,0,0,0,0,0,0,0,0,0,0
1,1,190079,8,8,8,8,8,8,8,8,8,8
2,1,190079,0,0,0,0,0,0,0,5,0,0
1,1,190080,0,0,9,0,0,0,0,0,0,0
1,1,190081,0,6,0,0,0,0,0,0,0,0
1,1,190082,0,0,0,0,0,0,0,0,0,0
1,1,190083,0,0,0,0,0,0,0,0,0,0
2,1,190083,0,0,0,0,0,0,0,0,0,0
3,1,190083,0,0,0,0,0,0,0,0,0,0
1,1,190084,10,10,10,10,10,10,10,10,10,10
1,1,190085,0,0,0,0,0,10,0,0,0,0
1,1,190086,0,0,0,0,0,0,0,0,0,0
2,1,190086,0,0,0,0,0,0,0,0,0,0
1,1,190087,0,0,9,0,0,0,0,0,0,0
2,1,190087,0,0,0,4,34,0,0,0,0,0
1,1,190088,0,0,0,0,0,0,0,0,0,0
2,1,190088,0,0,0,0,0,0,0,0,0,0
1,1,190089,0,31,0,0,0,0,0,0,0,0
1,1,190090,18,18,18,18,18,18,18,18,18,18
1,1,190091,12,0,0,0,0,0,0,0,22,0
1,1,190092,0,23,0,0,0,0,0,0,0,0
2,1,190092,0,0,0,0,0,0,0,0,0,0
1,1,190093,0,0,0,0,0,0,0,0,0,0
1,1,190094,1,1,1,1,1,1,1,1,1,1
1,1,190095,2,2,2,2,2,2,2,2,2,2
2,1,190095,0,0,0,0,0,0,0,0,0,0
0,1,190096,16,16,16,16,16,16,16,16,16,16
1,1,190096,16,12,2,13,25,5,13,17,0,11
1,1,190097,0,0,0,0,0,0,0,0,0,0
2,1,190097,0,0,0,0,0,0,0,0,0,0
1,1,190098,0,0,0,0,0,0,0,0,0,0
2,1,190098,0,0,0,0,0,0,0,0,0,0
1,1,190099,0,0,0,0,0,0,0,0,0,0
2,1,190099,0,0,0,0,0,0,0,0,0,0
1,1,190100,21,21,21,21,21,21,21,21,21,21
1,1,190101,1,1,1,1,1,1,1,1,1,1
2,1,190101,0,21,0,0,0,2,0,0,0,0
0,1,190102,0,0,0,0,0,0,0,0,0,0
1,1,190102,0,0,0,0,0,0,0,0,0,0
1,1,190103,0,15,12,17,0,0,15,0,0,0
1,1,190104,0,16,0,0,0,0,0,0,0,0
2,1,190104,0,0,0,0,0,0,0,0,0,0
1,1,190105,0,0,0,0,0,0,0,0,0,0
2,1,190105,0,0,0,0,0,0,0,0,0,0
3,1,190105,0,0,0,0,0,0,0,0,0,0
4,1,190105,0,0,0,0,0,0,0,0,0,0
1,1,190106,0,0,0,0,0,0,0,0,0,0
2,1,190106,0,0,0,0,0,0,0,0,0,0
1,1,190107,0,0,0,0,0,0,0,0,0,0
2,1,190107,0,0,0,0,0,0,0,0,0,0
1,1,190108,0,0,0,0,10,0,19,0,0,33
1,1,190109,0,23,0,0,0,3,15,13,0,0
1,1,190110,0,0,0,0,0,0,0,0,0,0
1,1,190111,0,0,0,0,0,0,0,0,0,0
2,1,190111,0,0,0,0,0,0,0,0,0,0
1,1,190112,30,30,30,30,30,30,30,30,30,30
1,1,190113,22,22,22,22,22,22,22,22,22,22
1,1,190114,14,14,14,14,14,14,14,14,14,14
1,1,190115,0,0,0,0,0,0,0,0,0,0
2,1,190115,0,0,0,0,0,0,0,0,0,0
3,1,190115,0,0,0,0,0,0,0,0,0,0
4,1,190115,0,0,0,0,0,0,0,0,0,0
1,1,190116,28,28,28,28,28,28,28,28,28,28
2,1,190116,0,0,0,0,0,0,0,2,0,0
3,1,190116,0,0,0,0,0,0,0,0,0,0
1,1,190117,0,0,0,0,0,0,0,0,0,0
1,1,190118,0,0,0,0,0,9,0,0,0,0
1,1,190119,11,19,17,10,0,12,11,15,0,25
1,1,190120,0,0,0,0,0,0,0,0,0,0
2,1,190120,0,0,0,0,0,0,0,0,0,0
3,1,190120,0,0,0,0,0,0,0,0,0,0
1,1,190122,0,0,0,0,0,0,23,0,0,15
0,1,190123,0,0,0,0,0,0,0,0,0,0
1,1,190123,0,0,0,0,0,0,0,0,0,0
1,1,190124,0,0,0,0,0,0,0,12,7,0
1,1,190125,0,0,0,0,0,0,0,0,0,0
2,1,190125,0,8,0,0,0,0,0,0,0,0
1,1,190126,0,0,0,0,0,0,0,0,0,0
2,1,190126,0,0,0,0,0,0,0,0,0,0
1,1,190127,0,0,0,0,0,0,0,0,0,0
2,1,190127,0,0,0,0,0,0,24,0,0,3
1,1,190128,24,11,10,18,21,0,31,0,24,12
1,1,190129,0,0,0,0,0,0,0,0,0,0
2,1,190129,0,0,0,0,0,0,0,0,0,0
1,1,190130,0,0,0,0,0,0,0,0,0,0
2,1,190130,0,0,0,0,0,0,0,0,0,0
3,1,190130,0,0,0,0,0,0,0,0,0,0
1,1,190131,0,0,0,0,15,0,0,0,0,15
1,1,190132,15,0,0,0,0,13,0,0,0,7
1,1,190133,0,0,0,0,0,0,0,0,0,0
1,1,190134,0,0,0,0,0,0,0,0,0,0
1,1,190135,0,0,0,12,0,0,0,17,11,0
1,1,190136,0,0,0,0,0,0,0,0,0,10
2,1,190136,9,9,9,9,9,9,9,9,9,9
1,1,190137,0,0,0,0,0,0,0,0,0,0
2,1,190137,0,0,4,0,0,0,0,0,0,0
1,1,190138,0,0,0,0,0,0,9,0,0,0
1,1,190139,0,0,0,0,0,0,0,0,0,0
2,1,190139,0,0,0,0,0,0,0,0,0,0
1,1,190140,0,0,0,15,0,0,0,0,0,0
1,1,190141,17,0,2,0,5,0,0,22,0,0
2,1,190141,0,0,0,0,0,0,0,0,0,0
1,1,190142,12,0,16,0,0,0,0,0,0,16
2,1,190142,0,0,0,0,0,0,0,0,0,0
1,1,190143,0,0,0,0,0,0,0,0,0,0
2,1,190143,0,0,0,0,0,0,0,0,0,0
0,1,190144,0,0,0,0,0,0,0,0,0,0
1,1,190144,0,0,0,0,0,0,0,0,0,0
1,1,190145,0,0,0,0,0,0,0,0,0,0
2,1,190145,0,0,0,0,0,0,0,0,0,0
1,1,190146,0,0,0,0,0,0,0,0,0,0
1,1,190147,10,10,10,10,10,10,10,10,10,10
1,1,190148,0,0,0,0,0,0,0,0,0,0
1,1,190149,23,23,23,23,23,23,23,23,23,23
1,1,190150,0,0,0,0,18,5,11,0,12,0
1,1,190151,0,0,0,0,0,0,0,0,0,0
2,1,190151,0,0,0,0,0,0,0,0,0,0
1,1,190152,27,27,27,27,27,27,27,27,27,27
2,1,190152,0,0,0,0,0,0,0,0,0,0
1,1,190155,7,7,7,7,7,7,7,7,7,7
2,1,190155,0,0,0,0,0,0,0,0,13,0
1,1,190156,0,13,0,0,0,0,0,29,0,0
1,1,190157,0,0,0,0,0,0,0,0,0,0
1,1,190158,0,0,0,0,0,0,0,0,0,0
2,1,190158,0,0,16,0,0,0,0,0,15,0
1,1,190159,0,0,0,0,0,0,0,0,0,0
2,1,190159,0,0,0,0,0,0,0,0,0,0
1,1,190160,0,0,0,0,0,0,0,0,0,0
1,1,190161,0,0,0,0,0,0,0,0,0,0
2,1,190161,0,0,0,0,0,0,0,0,0,0
1,1,190162,0,0,0,0,0,0,0,0,0,0
2,1,190162,0,0,0,0,0,0,0,0,0,0
1,1,190163,0,0,0,0,0,0,6,0,0,0
2,1,190163,0,0,2,0,0,0,0,0,0,0
1,1,190165,0,0,0,0,0,0,0,0,0,0
1,1,190167,0,0,0,0,0,0,0,0,0,0
1,1,190168,22,22,22,22,22,22,22,22,22,22
1,1,190169,0,0,25,0,0,12,0,0,0,0
1,1,190170,0,0,0,0,0,0,0,0,0,0
2,1,190170,0,0,0,0,0,0,0,0,0,0
1,1,190171,0,0,0,0,7,13,9,0,0,0
1,1,190172,0,0,0,0,0,0,0,0,0,0
1,1,190173,0,0,0,0,0,0,0,0,0,0
2,1,190173,0,0,0,0,0,0,0,0,0,0
1,1,190174,0,0,0,0,0,0,0,0,0,0
1,1,190175,0,0,0,0,0,0,0,0,0,0
1,1,190176,0,0,0,0,0,0,0,0,0,0
1,1,190177,0,0,0,0,0,0,0,0,0,0
2,1,190177,0,0,0,0,0,0,0,0,0,0
1,1,190178,0,0,0,0,0,0,0,0,0,0
2,1,190178,0,0,0,2,0,0,0,0,0,0
1,1,190179,0,0,0,0,11,0,0,0,0,11
0,1,190180,17,32,26,0,0,0,22,22,0,20
1,1,190180,0,0,0,0,0,0,0,0,0,0
1,1,190181,0,0,0,10,0,20,0,0,13,0
2,1,190181,11,11,11,11,11,11,11,11,11,11
1,1,190182,0,11,0,0,0,0,0,13,0,0
2,1,190182,0,0,0,0,0,0,0,0,0,0
1,1,190183,28,28,28,28,28,28,28,28,28,28
0,1,190184,22,0,11,22,33,4,0,0,6,0
1,1,190184,0,0,0,0,0,0,0,0,7,0
1,1,190185,18,18,18,18,18,18,18,18,18,18
2,1,190185,0,0,0,0,0,0,0,0,0,0
1,1,190187,15,15,15,15,15,15,15,15,15,15
0,1,190188,0,0,0,6,16,0,7,0,0,0
1,1,190188,0,0,0,0,0,0,0,0,0,0
2,1,190188,0,0,0,0,0,0,0,0,0,0
1,1,190189,0,0,9,0,0,0,0,0,10,0
1,1,190190,0,0,0,0,0,0,14,0,0,0
1,1,190191,20,20,20,20,20,20,20,20,20,20
2,1,190191,0,0,0,0,0,0,0,0,0,0
1,1,190192,0,0,0,0,0,0,0,0,0,0
2,1,190192,0,0,0,0,0,0,0,0,0,0
0,1,190193,0,23,0,22,16,0,0,16,0,0
1,1,190193,0,0,0,0,0,0,0,0,0,0
1,1,190194,12,12,12,12,12,12,12,12,12,12
1,1,190195,19,19,19,19,19,19,19,19,19,19
2,1,190195,0,0,0,0,0,0,0,0,0,0
1,1,190196,0,0,0,0,0,0,0,0,0,0
1,1,190197,0,0,18,0,0,7,15,16,0,0
1,1,190198,13,0,0,14,0,10,34,0,0,0
1,1,190199,0,0,0,0,0,0,0,0,0,0
2,1,190199,1,1,1,1,1,1,1,1,1,1
1,1,190200,0,0,0,0,0,0,0,0,0,0
1,1,190202,0,0,0,0,0,0,0,0,19,9
1,1,190203,12,12,12,12,12,12,12,12,12,12
1,1,190204,0,0,0,0,0,0,0,0,0,0
1,1,190205,0,0,0,0,0,0,0,0,0,0
2,1,190205,0,0,0,0,0,0,0,0,0,0
0,1,190206,18,31,5,13,9,14,32,25,8,22
1,1,190206,20,20,20,20,20,20,20,20,20,20
1,1,190207,0,0,0,0,0,0,0,0,0,0
2,1,190207,0,0,0,0,0,0,0,0,0,0
1,1,190208,0,0,0,0,0,0,0,0,0,0
2,1,190208,0,0,0,0,0,0,0,0,0,0
1,1,190209,0,26,0,0,0,0,0,0,0,0
1,1,190210,0,0,0,0,0,0,3,0,0,0
1,1,190211,0,0,0,0,0,0,0,0,0,0
2,1,190211,0,0,9,0,0,0,0,0,0,0
3,1,190211,0,0,0,0,0,0,0,0,0,0
1,1,190212,0,0,0,0,0,0,0,0,0,0
2,1,190212,0,0,0,0,0,0,0,0,0,0
1,1,190213,40,40,40,40,40,40,40,40,40,40
2,1,190213,0,0,0,0,0,0,0,0,0,0
1,1,190214,0,13,0,0,0,0,0,0,0,0
0,1,190215,35,13,15,26,27,10,0,0,22,37
1,1,190215,9,9,9,9,9,9,9,9,9,9
1,1,190216,11,11,11,11,11,11,11,11,11,11
1,1,190217,0,0,0,27,14,0,0,0,0,0
0,1,190219,0,0,0,0,5,0,0,0,0,0
1,1,190219,0,0,0,0,0,0,0,0,0,0
1,1,190220,11,15,0,0,0,0,0,0,0,0
1,1,190221,10,0,0,0,24,60,25,33,20,0
1,1,190222,31,31,31,31,31,31,31,31,31,31
1,1,190223,15,15,15,15,15,15,15,15,15,15
2,1,190223,0,0,0,0,5,0,0,0,0,0
1,1,190224,8,8,8,8,8,8,8,8,8,8
1,1,190225,0,0,0,0,0,0,0,0,0,0
2,1,190225,0,0,0,0,0,0,0,0,0,0
3,1,190225,0,0,0,0,0,0,0,0,0,0
1,1,190226,0,0,0,0,0,0,0,0,0,0
2,1,190226,21,21,21,21,21,21,21,21,21,21
1,1,190227,0,0,0,0,0,0,0,0,0,0
2,1,190227,0,0,0,0,0,0,0,0,0,0
1,1,190228,0,0,0,0,0,0,0,0,0,0
1,1,190229,0,0,0,0,0,0,0,0,1,0
1,1,190230,0,0,0,0,0,0,0,0,0,0
2,1,190230,5,0,0,0,0,0,9,0,0,0
3,1,190230,0,0,0,0,0,0,0,0,0,0
1,1,190231,0,0,0,0,0,0,0,0,0,0
2,1,190231,0,0,0,0,0,0,0,0,0,0
1,1,190232,0,13,0,0,0,0,12,0,0,19
1,1,190233,0,0,0,0,0,0,0,0,0,0
0,1,190234,0,0,0,0,0,0,10,0,0,0
1,1,190234,0,0,0,0,0,0,0,0,0,0
1,1,190235,16,16,16,16,16,16,16,16,16,16
0,1,190236,0,0,0,0,0,0,0,0,0,0
1,1,190236,0,0,0,0,0,0,0,0,0,0
1,1,190237,0,0,0,0,0,0,0,0,0,0
1,1,190238,0,0,0,0,0,0,0,0,0,0
2,1,190238,0,0,0,0,0,0,0,0,0,0
1,1,190239,0,0,0,0,3,0,0,0,0,0
1,1,190240,0,0,0,0,0,0,0,0,0,0
2,1,190240,0,0,0,0,0,0,0,0,0,0
1,1,190241,0,12,0,0,0,0,0,0,0,0
2,1,190241,0,0,0,0,0,0,0,0,25,0
1,1,190242,0,0,0,0,0,0,0,0,0,0
1,1,190243,0,0,0,0,0,0,0,0,0,0
0,1,190244,0,0,0,0,0,0,0,0,0,0
1,1,190244,0,0,0,0,0,0,0,0,0,0
1,1,190245,2,2,2,2,2,2,2,2,2,2
2,1,190245,0,0,0,0,0,0,0,0,0,0
1,1,190246,0,0,10,16,0,9,0,0,12,0
1,1,190247,0,0,0,0,0,0,0,0,0,0
1,1,190248,0,0,0,0,0,5,8,0,4,0
1,1,190249,0,0,0,12,0,0,0,0,0,0
1,1,190250,14,14,14,14,14,14,14,14,14,14