VEH_NO,PER_NO,ST_CASE,P1,P2,P3,P4,P5,P6,P7,P8,P9,P10
1,1,190251,0,0,0,0,0,0,0,0,0,0
2,1,190251,0,0,0,0,0,0,5,0,0,3
1,1,190252,7,7,7,7,7,7,7,7,7,7
1,1,190253,11,6,5,19,5,16,12,20,14,8
1,1,190254,31,22,21,13,12,15,22,0,10,0
2,1,190254,0,0,0,0,22,0,0,0,0,0
1,1,190255,0,0,0,18,0,0,0,0,0,0
0,1,190257,0,0,0,0,0,0,30,16,0,0
1,1,190257,20,20,17,22,24,8,9,14,14,10
1,1,190258,10,10,10,10,10,10,10,10,10,10
1,1,190259,0,0,0,0,0,0,0,0,0,0
2,1,190259,0,0,0,0,0,0,0,0,0,0
1,1,190260,14,14,14,14,14,14,14,14,14,14
1,1,190261,0,0,0,0,0,0,0,0,0,0
2,1,190261,0,0,0,0,0,0,0,0,0,0
1,1,190262,0,0,0,0,0,0,0,0,0,0
2,1,190262,0,0,0,0,0,0,0,0,0,0
1,1,190263,0,0,0,0,0,0,0,0,0,0
2,1,190263,0,0,0,0,0,0,0,0,0,0
1,1,190264,25,25,25,25,25,25,25,25,25,25
1,1,190265,0,0,0,0,8,0,0,6,0,0
1,1,190267,0,0,0,0,0,0,0,0,0,0
1,1,190268,17,17,17,17,17,17,17,17,17,17
2,1,190268,0,0,0,0,0,0,0,0,0,0
1,1,190269,0,0,0,0,0,0,0,0,0,0
2,1,190269,0,0,0,0,0,0,0,0,0,0
1,1,190270,25,25,25,25,25,25,25,25,25,25
1,1,190271,24,24,24,24,24,24,24,24,24,24
1,1,190272,30,30,30,30,30,30,30,30,30,30
2,1,190272,0,0,0,0,0,0,0,0,0,0
1,1,190273,0,0,0,0,0,0,0,0,0,0
2,1,190273,0,0,0,0,0,0,0,0,0,0
1,1,190274,11,11,11,11,11,11,11,11,11,11
1,1,190275,31,31,31,31,31,31,31,31,31,31
1,1,190276,22,22,22,22,22,22,22,22,22,22
1,1,190277,31,31,31,31,31,31,31,31,31,31
1,1,190278,0,0,0,4,0,0,0,0,0,0
2,1,190278,0,0,0,0,0,0,0,0,0,0
1,1,190279,13,13,13,13,13,13,13,13,13,13
2,1,190279,0,0,0,0,0,0,4,0,0,0
1,1,190280,0,0,0,0,0,0,0,0,0,0
2,1,190280,0,0,0,0,0,0,0,0,0,0
1,1,190281,21,21,21,21,21,21,21,21,21,21
1,1,190282,0,0,3,0,0,0,0,0,0,0
2,1,190282,0,0,0,0,0,0,0,0,0,0
1,1,190283,0,0,0,0,0,0,0,0,0,0
1,1,190284,20,0,0,0,0,17,0,0,0,0
1,1,190285,0,0,0,0,0,0,0,0,0,0
2,1,190285,0,0,0,0,0,10,0,0,0,0
1,1,190286,0,0,0,0,0,0,0,0,0,0
1,1,190287,0,3,0,8,0,0,11,11,0,0
1,1,190288,0,0,0,0,0,0,0,0,0,0
2,1,190288,0,0,0,0,0,0,0,0,0,0
1,1,190289,0,0,0,0,0,0,0,0,0,0
2,1,190289,0,0,0,0,0,0,0,0,0,0
1,1,190290,22,22,22,22,22,22,22,22,22,22
1,1,190291,0,0,0,0,0,0,0,0,0,0
1,1,190292,0,0,0,14,0,30,12,0,17,0
1,1,190293,2,2,2,2,2,2,2,2,2,2
2,1,190293,0,0,0,0,0,0,0,0,0,0
1,1,190294,0,0,0,0,0,0,0,0,0,0
1,1,190295,15,0,0,0,0,0,0,0,0,0
1,1,190296,0,0,0,0,0,11,0,0,0,0
2,1,190296,0,0,0,0,0,0,0,0,0,0
1,1,190297,0,0,0,0,0,0,0,0,0,0
1,1,190298,0,0,0,0,0,0,0,0,0,0
2,1,190298,0,0,0,0,0,0,0,0,29,0
1,1,190299,0,0,0,0,0,0,0,0,0,0
1,1,190300,0,0,11,0,0,0,0,0,0,0
2,1,190300,0,0,0,0,0,0,0,0,0,0
1,1,190301,28,28,28,28,28,28,28,28,28,28
0,1,190302,10,0,0,0,25,0,0,0,0,0
1,1,190302,0,0,0,0,0,0,0,0,0,0
1,1,190303,2,2,2,2,2,2,2,2,2,2
1,1,190304,0,0,0,0,0,0,0,0,0,0
1,1,190305,0,0,0,0,0,7,0,0,19,0
2,1,190305,0,0,0,0,0,0,0,0,0,0
1,1,190306,0,0,0,0,0,0,9,0,18,0
2,1,190306,0,0,0,3,0,0,0,0,0,0
3,1,190306,0,0,0,0,0,0,0,0,0,0
1,1,190307,7,7,7,7,7,7,7,7,7,7
2,1,190307,0,0,0,10,0,4,0,0,0,0
1,1,190308,0,0,0,0,0,0,0,0,0,0
2,1,190308,0,0,0,0,0,0,0,0,0,0
1,1,190309,13,0,0,0,0,0,0,0,25,0
1,1,190310,85,0,0,0,0,0,0,0,0,0
2,1,190310,0,0,0,0,0,0,0,0,0,0
1,1,190311,12,12,12,12,12,12,12,12,12,12
1,1,190312,14,0,0,0,0,0,0,17,0,0
2,1,190312,0,0,0,0,0,0,0,0,0,0
1,1,190313,0,0,0,0,0,0,0,0,0,0
2,1,190313,0,0,0,0,0,0,0,0,0,0
1,1,190314,6,6,6,6,6,6,6,6,6,6
1,1,190315,0,5,0,14,0,0,0,0,0,0
1,1,190316,0,0,0,0,0,0,0,0,0,0
2,1,190316,0,0,0,0,0,0,0,0,0,0
1,1,190318,25,25,25,25,25,25,25,25,25,25
1,1,190319,6,6,6,6,6,6,6,6,6,6
1,1,190320,32,0,0,0,0,0,0,0,0,0
2,1,190320,21,21,21,21,21,21,21,21,21,21
1,1,190321,0,0,0,0,0,0,0,0,0,0
2,1,190321,0,0,0,0,0,0,0,0,0,0
1,1,190322,0,0,0,0,0,0,0,0,0,0
1,1,190323,0,0,0,0,0,0,0,0,0,7
0,1,190324,0,0,0,0,0,0,0,7,0,0
1,1,190324,0,0,0,0,0,0,3,0,0,0
1,1,190325,0,0,0,0,0,0,0,0,0,0
2,1,190325,0,14,0,0,0,0,0,0,0,0
1,1,190326,0,0,0,0,0,0,0,0,0,0
2,1,190326,0,0,0,0,6,5,0,7,0,0
1,1,190327,17,17,17,17,17,17,17,17,17,17
1,1,190328,0,0,0,0,0,0,0,0,0,0
2,1,190328,0,0,0,0,0,0,0,0,0,0
1,1,190329,0,0,0,0,0,0,0,0,0,0
2,1,190329,0,0,0,0,0,0,0,0,0,0
1,1,190330,0,0,0,0,0,0,0,0,0,0
1,1,190331,0,0,9,0,0,16,3,0,0,5
2,1,190331,0,0,0,0,0,0,0,0,0,0
1,1,190332,0,0,0,0,0,0,0,0,0,0
2,1,190332,0,0,0,0,0,0,0,0,0,0
1,1,190333,0,0,0,0,0,0,0,0,0,0
2,1,190333,0,0,0,0,0,0,0,0,0,0
1,1,190334,21,21,21,21,21,21,21,21,21,21
1,1,190335,5,0,0,0,0,0,0,0,0,0
2,1,190335,11,0,0,0,0,19,0,0,0,0
1,1,190336,0,0,0,0,0,0,0,0,0,0
2,1,190336,0,0,0,0,0,0,0,0,0,0
1,1,190337,0,0,0,0,0,0,0,0,0,0
2,1,190337,0,0,0,0,0,0,0,0,0,0
1,1,190338,0,0,0,0,0,0,0,0,0,0
2,1,190338,0,0,0,0,0,0,0,0,0,0
1,1,190340,0,0,0,0,0,0,0,0,0,0
0,1,190341,0,0,21,0,0,0,0,0,0,0
1,1,190341,20,20,20,20,20,20,20,20,20,20
1,1,190342,0,10,0,20,0,0,0,0,0,0
2,1,190342,0,0,0,0,0,0,0,0,0,0
1,1,190343,0,0,0,0,0,0,0,0,0,0
2,1,190343,0,0,0,0,0,0,0,0,0,0
1,1,190344,9,13,38,20,14,14,16,7,10,12
1,1,190345,0,0,0,0,0,0,0,0,0,0
2,1,190345,0,0,0,0,0,0,0,0,0,0
1,1,190346,20,20,20,20,20,20,20,20,20,20
1,1,190347,15,15,15,15,15,15,15,15,15,15
0,1,190348,0,0,0,0,0,0,0,0,0,0
1,1,190348,0,0,0,0,0,0,0,0,0,0
1,1,190349,0,0,0,0,0,0,0,0,0,0
1,1,190350,7,0,0,17,4,20,0,0,0,0
1,1,190351,16,0,0,0,0,0,0,0,0,0
1,1,200001,12,12,12,12,12,12,12,12,12,12
0,1,200002,13,0,0,0,0,28,0,0,23,9
1,1,200002,0,0,0,0,0,0,0,0,0,0
1,1,200003,0,0,0,0,0,0,0,0,0,0
2,1,200003,0,0,0,0,0,0,0,0,0,0
1,1,200004,0,0,0,0,0,0,0,0,30,0
2,1,200004,0,0,0,0,0,0,0,0,0,0
1,1,200005,0,0,0,0,0,0,0,0,0,0
2,1,200005,0,0,0,0,0,0,0,0,0,0
1,1,200006,6,6,6,6,6,6,6,6,6,6
1,1,200007,14,14,14,14,14,14,14,14,14,14
1,1,200008,0,0,0,0,0,0,0,0,0,0
1,1,200009,0,0,0,0,0,0,0,0,0,0
2,1,200009,0,0,0,0,0,0,0,0,0,0
1,1,200010,0,0,0,0,0,0,0,0,0,0
1,1,200011,18,18,18,18,18,18,18,18,18,18
0,1,200012,0,0,0,0,0,0,0,0,0,0
1,1,200012,0,0,0,0,0,0,0,0,0,0
1,1,200013,0,0,0,0,0,0,0,0,0,0
2,1,200013,0,0,0,0,0,0,0,0,0,0
1,1,200014,0,0,0,0,0,0,0,0,0,0
2,1,200014,0,0,0,0,0,0,0,0,0,0
1,1,200015,10,10,10,10,10,10,10,10,10,10
1,1,200016,0,0,0,0,0,0,0,0,0,0
1,1,200017,16,16,16,16,16,16,16,16,16,16
1,1,200018,4,4,4,4,4,4,4,4,4,4
1,1,200019,10,10,10,10,10,10,10,10,10,10
2,1,200019,0,0,0,0,0,0,0,0,0,0
1,1,200020,21,0,0,12,0,0,0,24,0,0
1,1,200021,34,34,34,34,34,34,34,34,34,34
1,1,200022,14,14,14,14,14,14,14,14,14,14
1,1,200023,0,0,0,0,0,0,0,0,0,0
1,1,200024,0,0,0,0,0,0,0,0,0,0
1,1,200025,23,23,23,23,23,23,23,23,23,23
1,1,200026,0,0,0,0,0,0,0,0,0,0
2,1,200026,0,0,0,0,0,0,0,0,0,0
1,1,200027,12,12,12,12,12,12,12,12,12,12
2,1,200027,0,0,0,0,0,0,0,0,0,0
1,1,200028,25,25,25,25,25,25,25,25,25,25
1,1,200029,0,0,0,0,0,0,0,0,0,0
1,1,200030,0,0,0,0,0,0,0,0,0,0
1,1,200032,8,8,8,8,8,8,8,8,8,8
1,1,200034,0,0,0,0,0,0,0,0,0,0
1,1,200035,0,0,0,0,0,0,0,0,0,0
1,1,200036,0,0,0,0,0,0,0,0,0,0
2,1,200036,0,0,0,0,0,0,0,0,0,0
1,1,200037,0,0,0,0,0,0,0,0,0,0
2,1,200037,0,0,0,0,0,0,0,0,0,0
1,1,200038,0,0,0,0,0,0,0,0,0,0
2,1,200038,0,0,0,0,0,0,0,0,0,0
1,1,200039,0,0,0,0,0,0,0,0,0,0
1,1,200040,0,0,0,0,0,0,0,0,0,0
2,1,200040,8,8,8,8,8,8,8,8,8,8
1,1,200041,0,0,0,0,0,0,0,0,0,0
2,1,200041,0,0,0,0,0,0,0,0,0,0
1,1,200042,0,0,0,0,0,0,0,0,0,0
1,1,200043,23,0,13,0,0,26,17,10,18,15
1,1,200044,25,25,25,25,25,25,25,25,25,25
1,1,200045,14,0,0,0,0,19,0,15,33,0
1,1,200046,19,19,19,19,19,19,19,19,19,19
1,1,200047,0,0,0,0,0,0,0,0,0,0
2,1,200047,0,0,0,0,0,0,0,0,0,0
1,1,200048,0,0,0,0,0,0,0,0,0,0
2,1,200048,0,0,0,0,0,0,0,0,0,0
1,1,200049,13,15,19,0,0,0,0,22,0,0
2,1,200049,0,0,0,9,0,18,0,0,0,0
1,1,200050,19,19,19,19,19,19,19,19,19,19
1,1,200051,0,0,0,0,0,0,0,0,0,0
1,1,200052,11,0,11,8,0,0,6,0,34,0
1,1,200053,0,0,0,0,0,0,0,0,0,0
1,1,200054,0,0,0,0,0,0,0,0,0,0
1,1,200055,12,12,12,12,12,12,12,12,12,12
2,1,200055,0,0,0,0,0,4,15,7,0,0
1,1,200056,12,12,12,12,12,12,12,12,12,12
2,1,200056,0,0,0,0,0,0,0,0,0,0
1,1,200057,25,25,25,25,25,25,25,25,25,25
1,1,200058,10,10,10,10,10,10,10,10,10,10
1,1,200059,9,9,9,9,9,9,9,9,9,9
2,1,200059,0,8,0,0,0,7,0,12,0,0
3,1,200059,0,0,0,0,9,0,0,5,0,5
1,1,200060,0,0,0,0,0,0,0,0,0,0
1,1,200061,0,0,0,0,0,0,0,0,0,0
1,1,200062,6,6,6,6,6,6,6,6,6,6
1,1,200063,23,23,23,23,23,23,23,23,23,23
2,1,200063,0,0,0,0,0,0,0,0,0,0
0,1,200064,34,34,34,34,34,34,34,34,34,34
1,1,200064,0,0,0,0,0,0,0,0,0,0
1,1,200065,0,0,0,0,0,0,0,0,0,0
2,1,200065,0,0,0,0,0,0,0,0,0,0
1,1,200066,24,24,24,24,24,24,24,24,24,24
2,1,200066,0,0,0,0,0,0,0,0,0,0
1,1,200067,0,0,0,0,0,0,0,0,0,0
2,1,200067,0,0,0,0,0,0,0,0,0,0
0,1,200068,0,0,0,0,0,0,0,0,0,0
1,1,200068,0,0,0,0,0,0,0,0,0,0
1,1,200069,0,0,11,0,0,0,0,0,0,0
2,1,200069,0,0,0,0,0,0,0,0,0,8
1,1,200070,10,10,10,10,10,10,10,10,10,10
0,1,200072,0,0,0,0,0,0,0,0,0,0
1,1,200072,0,0,0,0,0,0,0,0,0,0
1,1,200073,18,18,18,18,18,18,18,18,18,18
0,1,200074,0,0,19,0,0,0,0,0,0,0
1,1,200074,0,0,0,9,0,0,4,0,0,0
1,1,200075,17,0,18,0,0,0,5,12,28,0
1,1,200076,0,0,0,0,0,0,0,0,0,0
1,1,200077,22,22,22,22,22,22,22,22,22,22
1,1,200078,0,0,0,0,0,0,0,0,0,0
2,1,200078,0,0,0,0,0,0,0,0,0,0
1,1,200079,0,0,0,0,0,0,0,0,0,0
2,1,200079,0,0,0,0,0,0,0,0,0,0
1,1,200080,0,0,0,0,0,0,0,0,0,0
2,1,200080,0,0,0,0,0,0,0,0,0,0
1,1,200081,0,0,0,0,0,19,0,0,9,0
1,1,200082,0,0,0,0,0,0,0,0,0,0
2,1,200082,0,0,0,0,0,0,0,0,0,0
1,1,200083,7,7,7,7,7,7,7,7,7,7
1,1,200084,0,21,18,0,0,0,0,0,20,0
1,1,200085,0,0,0,0,0,0,0,0,0,0
2,1,200085,0,0,0,0,0,0,0,0,0,0
3,1,200085,0,0,2,0,0,0,0,0,0,0
1,1,200086,17,17,17,17,17,17,17,17,17,17
1,1,200087,0,0,0,0,0,0,14,0,0,0
2,1,200087,0,0,0,0,0,0,0,0,0,0
1,1,200088,0,0,0,0,0,0,0,31,0,0
1,1,200089,0,0,0,0,0,0,0,0,0,0
1,1,200090,0,0,0,0,0,0,0,0,0,0
1,1,200091,0,0,0,23,17,0,0,0,0,0
1,1,200092,0,0,0,0,9,0,0,0,0,0
2,1,200092,0,0,0,0,0,0,0,0,0,0
1,1,200093,0,0,0,0,0,0,0,0,0,0
2,1,200093,0,0,0,0,0,0,0,0,0,0
3,1,200093,0,0,0,0,0,0,0,0,0,0
1,1,200094,0,0,0,0,0,0,0,0,0,0
2,1,200094,0,0,0,0,0,0,0,0,0,0
1,1,200095,26,26,26,26,26,26,26,26,26,26
1,1,200096,0,0,0,0,0,0,0,0,0,0
1,1,200098,0,0,0,0,0,0,0,0,0,0
2,1,200098,0,0,0,0,0,0,0,0,0,0
3,1,200098,0,0,0,0,0,0,0,0,0,0
1,1,200099,0,0,0,0,0,0,0,0,0,0
2,1,200099,0,0,0,0,0,0,0,0,0,0
0,1,200100,0,0,0,0,0,0,0,0,0,0
1,1,200100,0,0,0,0,0,0,0,0,0,0
1,1,200101,0,0,0,0,0,0,0,0,0,0
1,1,200102,0,0,0,0,0,0,0,7,25,0
1,1,200103,25,25,25,25,25,25,25,25,25,25
2,1,200103,7,7,7,7,7,7,7,7,7,7
1,1,200104,0,0,0,0,0,0,0,0,0,0
2,1,200104,0,0,0,0,0,0,0,0,0,0
1,1,200105,0,0,0,0,0,0,0,0,0,0
1,1,200106,0,21,22,0,0,0,0,0,0,0
1,1,200107,0,0,0,0,0,0,0,0,0,0
1,1,200108,6,6,6,6,6,6,6,6,6,6
1,1,200109,0,0,0,5,0,0,0,0,0,0
2,1,200109,0,0,0,0,0,0,0,0,0,0
1,1,200110,19,19,19,19,19,19,19,19,19,19
1,1,200111,0,0,0,0,0,0,0,0,0,0
1,1,200112,22,22,22,22,22,22,22,22,22,22
1,1,200114,0,0,0,0,0,0,0,0,0,0
2,1,200114,0,0,0,0,0,0,0,0,0,0
1,1,200115,13,13,13,13,13,13,13,13,13,13
1,1,200116,0,0,0,0,0,0,0,0,0,0
2,1,200116,0,0,0,0,0,0,0,0,0,0
1,1,200117,17,17,17,17,17,17,17,17,17,17
1,1,200118,0,0,0,0,0,0,0,0,0,0
2,1,200118,4,4,4,4,4,4,4,4,4,4
0,1,200119,0,0,0,0,0,0,0,0,0,0
1,1,200119,0,0,0,0,0,0,9,0,0,0
1,1,200120,8,8,8,8,8,8,8,8,8,8
1,1,200121,8,8,8,8,8,8,8,8,8,8
1,1,200122,16,16,16,16,16,16,16,16,16,16
1,1,200123,0,0,0,0,0,0,0,0,0,0
2,1,200123,18,0,0,0,0,0,0,0,0,0
1,1,200124,0,0,9,17,0,0,25,12,0,0
1,1,200125,0,0,24,0,0,0,0,0,0,0
2,1,200125,4,4,4,4,4,4,4,4,4,4
0,1,200126,0,0,0,0,0,0,0,9,0,0
1,1,200126,0,0,0,0,0,0,0,0,0,0
1,1,200127,0,0,0,0,0,0,0,0,0,0
1,1,200128,0,0,0,0,0,0,0,0,0,0
1,1,200129,0,0,0,0,0,0,0,0,0,0
2,1,200129,0,0,0,0,0,0,0,0,0,0
1,1,200130,0,0,0,0,0,0,7,0,0,0
2,1,200130,3,0,0,0,0,0,0,0,0,0
1,1,200131,0,0,0,0,0,0,0,0,0,0
1,1,200132,0,0,0,0,0,0,0,0,0,0
2,1,200132,0,0,0,0,0,0,0,0,0,0
1,1,200133,0,0,0,0,0,0,0,0,0,0
2,1,200133,0,0,0,0,0,0,0,0,0,0
3,1,200133,0,0,0,0,0,0,0,0,0,0
1,1,200134,0,0,0,0,0,0,0,0,0,0
2,1,200134,0,0,0,0,0,0,0,0,0,0
1,1,200135,0,0,0,0,0,0,0,0,0,0
2,1,200135,0,0,0,0,0,0,0,0,0,0
3,1,200135,0,0,0,0,0,0,0,0,0,0
1,1,200137,0,0,0,0,0,0,0,25,0,0
1,1,200138,0,0,0,0,0,0,0,0,0,0
1,1,200139,0,0,0,0,0,0,0,0,0,0
2,1,200139,0,0,0,0,0,0,0,0,0,0
1,1,200140,19,19,19,19,19,19,19,19,19,19
1,1,200141,0,0,0,0,0,0,0,0,0,0
1,1,200142,20,20,20,20,20,20,20,20,20,20
1,1,200143,0,0,0,0,0,0,0,0,0,0
1,1,200144,23,23,23,23,23,23,23,23,23,23
2,1,200144,0,0,0,0,0,0,0,0,0,0
3,1,200144,66,0,0,34,0,10,0,0,19,16
0,1,200145,33,33,33,33,33,33,33,33,33,33
1,1,200145,12,12,12,12,12,12,12,12,12,12
1,1,200146,0,0,0,0,0,0,0,0,0,0
1,1,200147,0,0,0,0,0,0,0,0,0,0
1,1,200148,0,0,0,0,0,0,0,0,0,0
2,1,200148,0,0,0,0,0,0,0,0,0,0
1,1,200149,24,24,24,24,24,24,24,24,24,24
1,1,200150,24,24,24,24,24,24,24,24,24,24
2,1,200150,0,0,0,0,0,0,0,0,0,0
1,1,200151,0,0,0,0,0,0,0,0,0,0
0,1,200152,25,25,25,25,25,25,25,25,25,25
1,1,200152,0,0,0,0,0,0,0,0,0,0
1,1,200153,0,0,0,0,0,0,0,0,0,0
1,1,200154,0,0,0,0,0,0,0,0,0,0
1,1,200155,0,0,0,0,0,0,0,0,0,0
1,1,200156,0,0,10,0,0,0,0,0,0,2
2,1,200156,0,0,0,0,0,0,0,0,0,0
1,1,200157,0,0,8,0,0,0,0,21,10,22
1,1,200158,0,0,0,0,0,0,0,0,0,0
2,1,200158,0,0,0,0,0,0,0,0,0,0
1,1,200159,5,14,10,7,12,9,10,20,18,10
1,1,200160,0,0,0,0,0,0,11,0,0,0
1,1,200161,0,0,0,0,0,0,0,0,0,0
1,1,200162,0,0,0,0,0,0,0,0,0,0
2,1,200162,0,0,0,0,0,0,0,0,0,0
1,1,200163,0,0,0,0,0,0,0,0,0,0
0,1,200164,0,0,0,0,0,0,0,39,0,0
1,1,200164,0,0,0,0,0,0,0,0,0,0
1,1,200165,11,11,11,11,11,11,11,11,11,11
2,1,200165,0,0,0,0,0,0,0,0,0,0
1,1,200166,0,0,0,0,0,0,0,0,0,0
1,1,200167,0,0,0,0,0,0,0,0,0,0
2,1,200167,0,0,0,0,0,0,0,0,0,0
1,1,200168,0,0,0,0,0,0,0,0,0,0
1,1,200169,0,0,0,0,0,0,0,0,0,0
2,1,200169,0,0,0,0,0,0,0,0,0,0
1,1,200170,0,0,0,0,0,0,0,0,0,0
2,1,200170,0,0,0,0,0,0,0,0,0,0
1,1,200171,27,27,27,27,27,27,27,27,27,27
1,1,200172,28,28,28,28,28,28,28,28,28,28
2,1,200172,16,16,16,16,16,16,16,16,16,16
1,1,200173,0,0,17,0,0,0,11,0,0,26
1,1,200174,0,0,0,0,0,0,0,0,0,0
1,1,200175,13,5,15,0,12,0,0,0,12,0
0,1,200176,0,0,0,15,0,0,0,13,0,0
1,1,200176,0,0,0,14,0,0,0,0,0,0
0,1,200177,18,18,18,18,18,18,18,18,18,18
1,1,200177,23,0,0,0,6,5,0,8,0,5
1,1,200178,0,0,0,0,0,0,0,0,0,0
1,1,200179,0,0,0,0,0,0,0,0,0,0
2,1,200179,0,0,0,0,0,0,0,0,0,0
3,1,200179,0,0,0,0,0,0,0,0,0,0
1,1,200180,0,0,0,0,0,0,0,0,0,0
2,1,200180,0,0,0,0,0,0,4,0,0,0
1,1,200181,0,0,0,0,0,0,0,0,0,0
2,1,200181,0,0,0,0,0,0,0,0,0,0
1,1,200182,0,0,0,0,0,0,0,0,0,0
2,1,200182,0,0,0,0,0,0,0,0,0,0
1,1,200183,0,0,0,0,0,0,0,0,0,0
2,1,200183,0,0,0,0,0,0,0,0,17,0
1,1,200184,15,13,0,0,0,0,0,0,14,0
2,1,200184,0,0,0,0,0,0,0,0,0,0
1,1,200185,0,0,0,0,0,0,0,0,0,0
1,1,200186,0,0,0,0,0,0,0,0,0,0
2,1,200186,0,0,0,0,0,0,0,0,0,0
1,1,200187,0,0,0,0,0,0,0,0,0,0
2,1,200187,0,0,0,0,0,0,0,0,0,0
1,1,200188,17,17,17,17,17,17,17,17,17,17
0,1,200189,0,0,0,0,0,0,0,0,0,0
1,1,200189,0,0,0,0,0,0,0,0,0,0
1,1,200190,28,28,28,28,28,28,28,28,28,28
1,1,200191,19,19,19,19,19,19,19,19,19,19
1,1,200192,0,0,0,0,0,0,0,0,0,0
2,1,200192,0,0,0,0,0,0,0,0,0,0
1,1,200193,19,19,19,19,19,19,19,19,19,19
1,1,200194,0,0,0,0,0,0,0,0,0,0
2,1,200194,0,0,0,0,0,0,0,0,0,0
1,1,200195,0,0,0,15,0,0,0,0,0,14
2,1,200195,0,15,0,0,0,0,18,0,0,5
1,1,200196,0,0,0,0,0,0,0,0,0,0
1,1,200197,0,0,0,0,19,0,0,0,0,0
0,1,200198,0,0,19,0,0,0,0,0,0,0
1,1,200198,0,0,0,0,0,0,0,0,0,0
1,1,200199,0,0,0,0,0,0,0,0,0,0
1,1,200200,28,28,28,28,28,28,28,28,28,28
1,1,200201,11,11,11,11,11,11,11,11,11,11
1,1,200202,0,0,0,0,0,0,0,0,0,0
2,1,200202,0,0,0,0,0,0,0,0,0,0
1,1,200203,0,0,0,0,0,0,0,0,0,0
2,1,200203,0,0,0,0,0,0,0,0,0,0
1,1,200204,0,0,0,0,0,0,0,0,0,0
2,1,200204,0,0,16,0,0,0,0,0,0,0
1,1,200205,0,0,0,0,0,0,13,0,24,13
1,1,200206,0,0,0,0,0,0,0,0,0,0
2,1,200206,0,0,0,0,0,0,0,0,0,0
1,1,200207,0,0,0,0,0,0,0,0,0,0
2,1,200207,4,4,4,4,4,4,4,4,4,4
1,1,200208,0,0,0,0,0,0,0,0,0,0
2,1,200208,0,0,0,0,0,0,0,0,0,0
1,1,200209,0,0,0,0,0,0,0,14,16,0
1,1,200210,25,25,25,25,25,25,25,25,25,25
1,1,200211,0,0,0,0,0,0,0,0,0,0
1,1,200212,17,17,17,17,17,17,17,17,17,17
1,1,200213,0,0,0,0,0,0,0,0,0,0
1,1,200214,0,0,0,0,0,0,0,0,0,0
1,1,200215,22,22,22,22,22,22,22,22,22,22
1,1,200216,0,0,0,0,0,0,0,0,0,0
2,1,200216,0,0,0,0,0,0,0,0,0,0
1,1,200217,0,0,0,0,0,0,0,0,0,0
1,1,200218,0,0,0,0,0,0,0,0,0,0
2,1,200218,0,0,0,0,0,0,0,0,0,0
1,1,200219,1,1,1,1,1,1,1,1,1,1
1,1,200220,17,17,17,17,17,17,17,17,17,17
1,1,200222,0,0,0,0,10,0,0,0,0,0
2,1,200222,0,0,0,0,0,0,0,0,0,0
1,1,200223,23,23,23,23,23,23,23,23,23,23
1,1,200224,0,0,0,0,0,0,0,0,0,0
2,1,200224,0,0,0,0,0,0,0,0,0,0
1,1,200225,0,0,0,0,0,0,0,0,0,0
2,1,200225,0,0,0,0,0,0,0,0,0,0
1,1,200226,0,0,0,0,0,0,0,0,0,0
1,1,200227,2,2,2,2,2,2,2,2,2,2
1,1,200228,13,13,13,13,13,13,13,13,13,13
1,1,200229,1,1,1,1,1,1,1,1,1,1
2,1,200229,0,0,0,0,0,0,0,0,0,0
1,1,200231,22,17,26,14,0,0,0,3,25,12
1,1,200232,0,0,0,0,0,17,0,0,20,0
1,1,200233,0,0,0,0,0,0,0,0,0,0
1,1,200234,0,0,0,0,0,0,0,13,0,0
2,1,200234,0,0,0,0,0,0,0,0,0,0
1,1,200235,0,0,0,0,0,0,0,0,0,0
2,1,200235,0,0,0,0,0,0,0,0,0,0
3,1,200235,0,0,0,0,0,0,0,0,0,0
1,1,200236,0,15,0,0,0,27,0,0,0,0
1,1,200237,0,0,0,0,0,0,0,0,0,0
1,1,200238,18,18,18,18,18,18,18,18,18,18
1,1,200239,0,0,0,0,0,0,0,0,0,0
2,1,200239,0,0,0,0,15,12,0,23,0,0
1,1,200240,0,0,0,0,0,0,0,0,0,0
2,1,200240,0,0,0,0,0,0,0,0,0,0
1,1,200242,20,20,20,20,20,20,20,20,20,20
1,1,200243,12,12,12,12,12,12,12,12,12,12
1,1,200244,0,0,0,0,0,0,14,0,17,0
0,1,200245,0,0,0,0,0,0,14,0,0,0
1,1,200245,0,0,0,0,0,0,0,0,0,0
1,1,200246,10,10,10,10,10,10,10,10,10,10
1,1,200247,0,15,7,9,16,0,10,20,10,0
1,1,200248,4,0,39,11,24,0,0,0,0,0
1,1,200250,0,0,0,0,0,16,0,0,0,0
2,1,200250,17,17,17,17,17,17,17,17,17,17
0,1,200251,0,0,0,0,0,0,0,0,0,0
1,1,200251,34,34,34,34,34,34,34,34,34,34
1,1,200252,22,22,22,22,22,22,22,22,22,22
1,1,200253,0,0,0,0,0,0,0,0,0,0
2,1,200253,0,0,0,0,0,0,0,0,0,0
0,1,200254,22,22,22,22,22,22,22,22,22,22
1,1,200254,1,1,1,1,1,1,1,1,1,1
0,1,200255,0,0,0,0,0,0,0,8,0,47