VEH_NO,PER_NO,ST_CASE,P1,P2,P3,P4,P5,P6,P7,P8,P9,P10
1,1,210548,0,0,0,0,0,0,0,0,0,0
2,1,210548,0,0,0,0,0,0,0,0,0,0
1,1,210549,0,0,0,0,0,0,0,0,0,0
2,1,210549,0,0,0,0,0,0,0,0,0,0
1,1,210550,29,34,12,26,24,16,23,23,14,27
1,1,210551,0,0,0,0,0,0,0,0,0,0
2,1,210551,0,0,0,0,0,0,0,0,0,0
1,1,210552,0,0,0,0,0,0,0,0,0,0
2,1,210552,0,0,0,0,0,0,0,0,0,0
1,1,210553,9,9,9,9,9,9,9,9,9,9
1,1,210554,0,0,0,0,0,0,0,0,0,0
2,1,210554,6,6,6,6,6,6,6,6,6,6
0,1,210555,23,23,23,23,23,23,23,23,23,23
1,1,210555,0,0,0,0,0,0,0,0,0,0
1,1,210556,0,0,0,0,0,0,0,0,0,0
1,1,210557,0,0,0,0,0,0,0,0,0,0
2,1,210557,0,0,0,0,0,0,0,0,0,0
1,1,210558,0,0,0,0,0,0,0,0,0,0
1,1,210559,0,0,0,0,0,0,0,0,0,0
1,1,210560,13,13,13,13,13,13,13,13,13,13
2,1,210560,0,0,0,0,0,0,0,0,0,0
1,1,210561,0,0,0,0,0,0,0,0,0,0
1,1,210562,16,0,0,0,0,0,0,0,0,0
2,1,210562,0,0,0,0,0,0,0,0,0,0
1,1,210563,0,0,0,0,0,0,0,0,0,0
1,1,210564,0,0,0,0,0,0,0,0,0,0
2,1,210564,0,0,0,0,0,0,0,0,0,0
1,1,210565,0,0,0,0,0,0,0,0,0,0
1,1,210566,0,0,0,0,2,0,0,0,0,0
1,1,210567,0,0,0,0,0,0,0,0,0,0
1,1,210568,0,0,0,0,0,0,0,0,0,0
1,1,210569,0,19,5,16,5,12,5,5,18,15
2,1,210569,19,0,3,0,0,0,0,0,0,0
3,1,210569,5,5,5,5,5,5,5,5,5,5
4,1,210569,8,0,0,0,12,0,15,0,0,0
1,1,210570,0,0,0,0,0,0,0,0,0,0
1,1,210571,23,23,23,23,23,23,23,23,23,23
2,1,210571,0,0,12,15,0,10,0,0,0,0
1,1,210572,0,0,0,0,0,0,0,0,0,0
1,1,210573,17,0,0,0,0,0,0,0,0,0
1,1,210574,0,0,0,0,0,0,0,0,0,0
2,1,210574,0,0,0,0,0,0,0,0,0,0
1,1,210575,0,0,0,0,0,0,0,0,0,0
2,1,210575,0,0,0,0,0,0,0,0,0,0
0,1,210576,0,0,0,0,0,0,0,0,0,0
1,1,210576,0,0,0,7,0,0,0,0,0,0
1,1,210577,0,0,0,0,0,0,0,0,0,0
1,1,210578,4,4,4,4,4,4,4,4,4,4
2,1,210578,0,0,0,0,0,0,0,0,0,0
1,1,210579,0,0,0,0,0,0,0,0,0,0
2,1,210579,0,0,0,0,0,0,0,0,0,0
1,1,210580,0,0,0,0,0,0,0,0,0,0
1,1,210581,0,0,0,0,0,0,0,0,0,0
2,1,210581,0,0,0,0,0,0,0,0,12,0
0,1,210582,0,0,0,0,0,0,0,0,0,0
1,1,210582,0,0,0,0,0,0,0,0,0,0
1,1,210583,0,0,0,0,0,0,0,0,0,0
2,1,210583,0,0,0,0,0,0,0,0,0,0
1,1,210584,7,7,7,7,7,7,7,7,7,7
2,1,210584,0,0,0,0,0,0,10,0,0,0
1,1,210585,28,28,28,28,28,28,28,28,28,28
1,1,210586,0,0,0,0,0,0,0,0,0,0
2,1,210586,0,0,0,0,0,0,0,0,0,0
1,1,210587,11,11,11,11,11,11,11,11,11,11
0,1,210588,0,0,0,0,0,0,0,0,0,0
1,1,210588,0,0,0,0,0,0,0,0,0,0
1,1,210589,0,0,0,0,0,0,0,0,0,0
2,1,210589,0,8,0,15,0,0,0,0,0,0
3,1,210589,0,0,0,0,0,0,0,0,0,0
4,1,210589,0,0,0,0,0,0,0,0,0,0
1,1,210590,0,0,0,0,0,0,0,0,0,0
1,1,210591,0,4,0,0,0,0,0,0,0,0
1,1,210592,0,0,0,0,0,0,0,0,0,0
2,1,210592,0,0,0,0,16,0,0,0,0,0
1,1,210593,0,0,0,0,0,0,0,0,0,0
1,1,210594,27,27,27,27,27,27,27,27,27,27
1,1,210595,0,0,0,0,0,0,0,0,0,0
2,1,210595,0,0,0,0,0,0,0,0,0,0
3,1,210595,0,0,0,0,0,0,0,0,0,0
1,1,210596,21,21,21,21,21,21,21,21,21,21
1,1,210597,0,0,0,0,0,0,0,0,0,0
1,1,210598,0,0,0,0,0,0,0,0,0,0
2,1,210598,0,0,0,0,0,0,0,0,0,0
1,1,210599,0,0,0,0,0,0,0,0,0,0
2,1,210599,0,0,0,0,0,0,0,0,0,0
1,1,210601,0,0,0,0,0,0,0,0,0,0
2,1,210601,0,0,0,0,0,0,0,0,0,0
1,1,210602,0,0,0,0,0,0,0,0,0,0
1,1,210603,0,0,0,0,4,9,0,0,13,29
0,1,210604,0,0,6,0,17,0,0,0,0,0
1,1,210604,0,0,0,0,0,0,0,0,0,0
1,1,210605,0,0,0,0,0,0,0,0,0,0
1,1,210606,0,0,0,0,0,0,0,0,0,0
2,1,210606,0,0,0,0,0,0,0,0,0,0
1,1,210607,0,0,0,0,0,0,0,0,0,0
2,1,210607,0,0,0,0,0,0,0,0,0,0
1,1,210608,0,0,0,0,12,0,0,9,0,0
2,1,210608,0,0,0,0,0,0,0,0,0,0
1,1,210609,0,0,0,0,0,0,0,0,0,0
1,1,210610,0,0,0,0,0,0,0,0,0,0
1,1,210611,7,7,7,7,7,7,7,7,7,7
1,1,210612,10,10,10,10,10,10,10,10,10,10
2,1,210612,0,0,0,0,0,0,0,0,0,0
1,1,210613,17,17,17,17,17,17,17,17,17,17
1,1,210614,0,0,0,0,0,0,0,0,0,0
2,1,210614,0,0,0,0,0,0,0,0,0,0
1,1,210615,0,0,0,0,0,0,0,0,0,0
2,1,210615,0,0,0,0,0,0,0,0,0,0
1,1,210616,0,0,15,0,0,0,0,0,0,0
2,1,210616,26,26,26,26,26,26,26,26,26,26
1,1,210617,23,23,23,23,23,23,23,23,23,23
1,1,210618,0,0,0,0,0,0,0,0,0,0
2,1,210618,0,0,0,0,0,0,0,0,0,0
3,1,210618,0,0,0,0,0,0,0,0,0,0
1,1,210619,0,0,0,0,0,0,0,0,0,0
2,1,210619,0,0,0,0,0,0,0,0,0,0
1,1,210620,0,0,0,0,0,0,0,0,0,0
1,1,210621,18,18,18,18,18,18,18,18,18,18
1,1,210622,13,13,13,13,13,13,13,13,13,13
1,1,210623,0,0,0,0,0,0,0,0,0,0
1,1,210624,0,0,0,0,0,0,0,0,0,0
2,1,210624,0,0,0,0,0,0,0,0,0,0
0,1,210625,0,0,0,0,0,0,0,0,0,0
1,1,210625,0,0,0,0,0,0,0,0,0,0
1,1,210626,0,0,0,0,0,0,0,0,0,0
2,1,210626,0,0,0,0,0,0,0,0,0,0
0,1,210627,21,21,21,21,21,21,21,21,21,21
1,1,210627,0,14,0,0,0,0,0,0,0,0
0,1,210628,0,0,0,0,0,0,0,0,0,0
1,1,210628,34,9,0,3,4,0,0,0,0,5
1,1,210629,0,0,0,0,0,0,0,0,0,0
2,1,210629,0,0,0,0,0,0,0,0,0,0
1,1,210630,15,15,15,15,15,15,15,15,15,15
2,1,210630,0,0,0,0,0,0,0,0,0,0
1,1,210631,0,0,0,0,0,0,0,0,0,0
2,1,210631,0,0,0,0,0,0,0,0,0,0
1,1,210632,0,0,0,0,0,0,0,0,0,0
2,1,210632,0,0,0,0,0,0,8,0,0,0
1,1,210633,0,0,0,0,0,0,0,0,0,0
2,1,210633,0,0,0,0,0,0,0,0,0,0
1,1,210634,0,0,0,0,0,0,0,0,0,0
2,1,210634,0,0,0,0,0,0,0,0,0,0
1,1,210635,0,0,0,0,0,0,0,0,0,0
2,1,210635,0,0,0,0,0,0,0,0,0,0
1,1,210636,9,24,10,29,22,27,25,25,17,14
1,1,210637,0,0,0,0,0,0,0,0,0,0
2,1,210637,0,0,0,0,0,0,0,0,0,0
1,1,210638,0,0,0,0,0,0,0,0,0,0
1,1,210639,27,27,27,27,27,27,27,27,27,27
1,1,210640,0,0,0,0,0,0,0,0,0,0
1,1,210641,0,0,0,0,0,0,0,0,0,0
1,1,210642,17,17,17,17,17,17,17,17,17,17
1,1,210643,5,5,5,5,5,5,5,5,5,5
2,1,210643,0,0,0,0,0,0,0,0,0,0
1,1,210644,0,0,0,0,0,0,0,0,0,0
1,1,210645,0,0,0,7,0,0,0,0,0,0
1,1,210646,0,0,0,0,0,0,0,0,0,0
1,1,210647,0,0,0,0,0,0,0,0,0,0
1,1,210648,0,0,0,0,0,0,0,0,0,0
2,1,210648,0,0,0,0,0,0,0,0,22,0
1,1,210649,9,9,9,9,9,9,9,9,9,9
2,1,210649,0,0,0,0,0,0,0,0,0,0
1,1,210650,0,0,0,0,0,0,0,0,0,0
2,1,210650,0,0,18,0,0,0,0,0,0,0
1,1,210651,0,0,0,0,0,0,0,0,0,0
1,1,210652,0,0,11,0,0,0,0,0,0,0
1,1,210653,0,0,0,0,0,0,3,0,0,0
1,1,210654,0,0,0,0,0,0,0,0,0,0
2,1,210654,0,0,0,0,0,0,0,0,0,0
3,1,210654,0,0,0,0,0,0,0,0,0,0
1,1,210655,0,0,0,0,0,0,0,0,0,0
1,1,210656,0,0,0,0,0,0,0,0,0,0
1,1,210657,8,8,8,8,8,8,8,8,8,8
1,1,210658,0,0,0,0,0,0,0,0,0,0
1,1,210659,26,26,26,26,26,26,26,26,26,26
2,1,210659,0,0,0,0,0,0,0,0,0,0
1,1,210660,17,17,17,17,17,17,17,17,17,17
0,1,210661,26,26,26,26,26,26,26,26,26,26
1,1,210661,0,0,0,0,0,0,0,0,0,0
1,1,210662,0,0,0,0,0,0,0,0,0,0
2,1,210662,0,0,0,0,0,0,0,0,0,0
1,1,210663,0,0,0,0,0,0,0,0,0,0
2,1,210663,0,0,0,0,0,0,0,0,0,0
1,1,210664,0,0,7,0,0,0,0,0,19,0
1,1,210665,0,0,0,0,0,0,0,0,0,0
1,1,210666,0,0,0,0,0,0,0,0,0,0
1,1,210667,0,0,0,0,0,0,0,0,0,0
2,1,210667,0,0,0,0,0,0,0,0,0,0
1,1,210668,0,0,0,0,0,0,0,0,0,0
2,1,210668,0,0,0,0,0,0,0,0,0,0
1,1,210669,0,0,0,0,0,0,0,0,0,0
2,1,210669,0,0,0,0,0,0,0,0,0,0
1,1,210670,4,4,4,4,4,4,4,4,4,4
1,1,210671,0,0,0,0,0,0,0,0,0,0
2,1,210671,5,5,5,5,5,5,5,5,5,5
0,1,210672,29,29,29,29,29,29,29,29,29,29
1,1,210672,0,0,0,0,0,0,0,0,0,0
1,1,210673,0,0,0,0,0,0,0,0,0,0
2,1,210673,0,0,0,0,0,0,0,0,0,0
1,1,210674,13,13,13,13,13,13,13,13,13,13
1,1,210675,0,0,0,0,0,0,0,0,0,0
2,1,210675,0,0,0,0,0,0,0,0,0,0
1,1,210676,0,0,0,0,0,0,0,0,0,20
2,1,210676,0,0,0,0,0,0,0,0,0,0
1,1,210677,0,0,0,0,0,0,0,0,0,0
2,1,210677,0,0,0,0,0,0,0,0,0,0
1,1,210678,34,34,34,34,34,34,34,34,34,34
2,1,210678,0,0,0,0,0,0,0,0,0,0
1,1,210679,12,12,12,12,12,12,12,12,12,12
1,1,210680,0,0,0,0,0,0,0,0,0,0
1,1,210681,0,0,0,0,0,0,0,0,0,0
1,1,210682,0,0,0,0,0,0,0,0,0,0
1,1,210683,0,0,0,0,0,0,0,0,0,0
2,1,210683,0,0,0,0,0,0,0,0,0,0
3,1,210683,0,0,0,0,0,0,0,0,0,0
1,1,210684,21,21,21,21,21,21,21,21,21,21
1,1,210685,0,0,0,0,0,0,0,0,0,0
2,1,210685,7,0,0,0,0,0,0,0,0,0
1,1,210686,0,0,0,0,0,0,0,0,0,0
1,1,210687,0,0,0,0,0,0,0,0,0,0
2,1,210687,0,0,0,27,0,0,0,0,0,0
3,1,210687,0,0,0,0,0,0,0,0,0,0
1,1,210688,0,0,0,0,0,0,0,0,0,0
1,1,210689,0,0,0,0,0,0,0,0,0,0
1,1,210690,0,0,0,0,0,0,0,0,0,0
2,1,210690,0,0,0,0,0,0,0,0,0,0
1,1,210691,0,0,0,0,0,0,0,0,0,0
1,1,210692,0,0,0,0,0,0,0,0,0,0
0,1,210693,0,0,0,0,0,0,0,0,0,0
1,1,210693,0,0,0,0,0,0,0,0,0,0
1,1,210694,0,0,0,0,0,0,0,0,0,0
1,1,210695,0,0,0,0,0,0,0,0,0,0
1,1,210696,0,0,0,0,0,0,0,0,0,0
2,1,210696,0,0,0,0,0,0,0,0,0,0
1,1,210697,0,0,0,0,0,0,0,0,0,0
1,1,210698,10,10,10,10,10,10,10,10,10,10
1,1,210699,0,0,0,0,0,0,0,0,0,0
2,1,210699,0,0,0,0,0,0,0,0,0,0
1,1,210700,0,0,0,0,0,0,0,0,0,0
1,1,210701,0,0,0,0,0,0,0,0,0,0
2,1,210701,0,0,0,0,0,0,0,0,0,0
1,1,210702,6,6,6,6,6,6,6,6,6,6
2,1,210702,0,0,0,0,0,0,0,0,0,0
1,1,210703,17,17,17,17,17,17,17,17,17,17
1,1,210704,0,0,0,0,0,0,0,0,0,0
1,1,210705,14,14,14,14,14,14,14,14,14,14
1,1,210706,18,18,18,18,18,18,18,18,18,18
1,1,210707,0,0,0,0,0,0,0,0,0,0
1,1,210708,0,0,0,0,0,0,0,0,0,0
2,1,210708,0,0,0,0,0,0,0,0,0,0
1,1,210709,0,0,0,0,0,0,0,0,0,0
2,1,210709,0,0,0,0,0,0,0,0,0,0
1,1,210710,5,5,5,5,5,5,5,5,5,5
1,1,210711,0,0,0,0,0,0,0,0,0,0
1,1,210712,0,0,0,16,0,0,0,0,0,0
1,1,210713,0,0,0,0,0,0,0,0,0,0
1,1,210714,0,0,0,0,0,0,0,0,0,0
1,1,210715,0,0,0,0,0,0,0,0,0,0
0,1,210716,0,0,0,0,0,0,0,0,0,0
1,1,210716,0,0,0,0,0,0,0,0,0,0
1,1,210717,21,16,0,24,12,26,10,14,8,9
0,1,210718,0,0,8,14,0,31,13,0,16,19
1,1,210718,0,0,0,0,0,0,0,0,0,0
1,1,210719,0,0,0,0,0,0,0,0,0,0
1,1,210720,0,0,0,0,0,0,0,0,0,0
2,1,210720,0,0,0,0,0,0,0,0,0,0
1,1,210721,0,0,0,0,0,0,0,0,0,0
2,1,210721,0,0,0,0,0,0,0,0,0,0
1,1,210722,0,0,0,0,0,0,0,0,0,0
2,1,210722,0,19,0,23,0,0,0,0,0,0
1,1,210723,0,0,0,0,0,0,0,0,0,0
2,1,210723,0,0,0,0,0,0,0,0,0,0
3,1,210723,0,0,0,0,0,0,0,0,0,0
1,1,210724,0,0,0,7,0,9,13,0,0,0
1,1,210725,0,0,0,0,0,0,0,0,0,0
2,1,210725,0,0,0,0,0,0,0,0,0,0
1,1,210726,0,0,0,0,0,0,0,15,0,0
1,1,210727,0,0,0,0,0,0,0,0,0,0
2,1,210727,0,0,0,0,0,0,0,0,0,0
1,1,210728,0,0,0,0,0,0,0,0,0,0
1,1,210729,15,15,15,15,15,15,15,15,15,15
1,1,210730,0,0,0,0,0,0,0,0,0,0
1,1,210731,0,0,0,0,0,0,0,0,0,0
1,1,210732,0,0,0,0,0,0,0,0,0,0
2,1,210732,1,1,1,1,1,1,1,1,1,1
1,1,210733,0,0,0,0,0,0,0,0,0,0
2,1,210733,0,0,0,0,0,0,0,0,0,0
0,1,220001,0,0,0,4,0,0,0,18,0,19
1,1,220001,0,0,0,0,0,0,0,0,0,0
1,1,220002,11,11,11,11,11,11,11,11,11,11
1,1,220003,0,0,0,0,0,0,0,0,0,0
1,1,220004,0,0,0,0,0,0,0,0,0,0
1,1,220005,0,0,0,0,0,0,0,0,0,0
2,1,220005,0,0,0,0,0,0,0,0,0,0
1,1,220006,0,0,0,0,0,0,0,0,0,0
1,1,220007,3,3,3,3,3,3,3,3,3,3
1,1,220008,9,17,13,0,0,0,11,6,0,0
1,1,220009,0,0,0,0,0,0,0,0,0,0
2,1,220009,0,0,0,0,0,0,0,0,0,0
3,1,220009,0,0,0,0,0,0,0,0,0,0
1,1,220010,9,7,11,10,11,12,0,15,4,14
1,1,220011,15,15,15,15,15,15,15,15,15,15
1,1,220012,32,32,32,32,32,32,32,32,32,32
1,1,220013,14,14,14,14,14,14,14,14,14,14
1,1,220014,0,0,0,0,0,0,0,0,0,0
2,1,220014,0,0,0,0,0,0,0,0,0,0
3,1,220014,0,0,0,0,0,0,0,0,0,0
4,1,220014,0,0,0,0,0,0,0,0,0,0
5,1,220014,0,0,0,0,0,0,0,0,0,0
6,1,220014,0,0,0,0,0,0,0,0,0,0
1,1,220015,0,0,0,0,0,0,0,0,0,0
2,1,220015,0,0,0,0,0,0,15,0,0,0
1,1,220016,23,23,23,23,23,23,23,23,23,23
1,1,220017,0,0,0,0,0,0,0,0,0,0
2,1,220017,0,0,0,0,0,0,0,0,0,0
1,1,220018,0,0,0,0,0,0,0,0,0,0
2,1,220018,0,0,0,0,0,0,0,0,0,0
1,1,220019,0,0,0,0,0,0,0,0,0,0
2,1,220019,0,0,0,0,0,0,0,0,0,0
1,1,220020,0,0,0,0,0,0,0,0,0,0
2,1,220020,0,0,0,0,0,0,0,0,0,0
1,1,220021,0,0,0,0,0,0,0,0,0,0
1,1,220022,3,3,3,3,3,3,3,3,3,3
2,1,220022,0,0,0,0,0,0,0,0,0,0
1,1,220023,0,0,0,0,0,0,0,0,0,0
2,1,220023,0,0,0,0,0,0,0,0,0,0
1,1,220024,15,15,15,15,15,15,15,15,15,15
1,1,220025,0,0,0,0,0,0,0,0,0,0
2,1,220025,0,0,0,0,0,0,0,0,0,0
0,1,220026,0,0,0,0,0,0,0,0,0,0
1,1,220026,6,6,6,6,6,6,6,6,6,6
1,1,220027,13,13,13,13,13,13,13,13,13,13
1,1,220028,0,0,0,0,0,0,0,0,0,0
2,1,220028,0,0,0,0,0,0,0,17,0,0
3,1,220028,0,0,0,0,0,0,0,0,0,0
1,1,220029,0,0,0,0,0,0,0,0,0,0
2,1,220029,0,0,0,0,0,0,0,0,0,0
1,1,220030,26,26,26,26,26,26,26,26,26,26
1,1,220031,27,27,27,27,27,27,27,27,27,27
1,1,220032,0,0,0,0,0,0,0,0,0,0
1,1,220033,0,0,0,0,0,0,0,0,0,0
2,1,220033,0,0,0,0,0,0,0,0,0,0
1,1,220034,29,29,29,29,29,29,29,29,29,29
1,1,220035,0,0,0,0,13,33,0,0,14,0
1,1,220036,10,10,10,10,10,10,10,10,10,10
1,1,220037,22,22,22,22,22,22,22,22,22,22
1,1,220038,0,0,0,0,0,0,0,0,0,0
2,1,220038,0,0,0,0,0,0,0,0,0,0
3,1,220038,0,0,0,0,0,0,0,0,0,0
1,1,220039,6,6,6,6,6,6,6,6,6,6
1,1,220040,0,0,0,0,0,0,0,0,0,0
1,1,220041,0,0,0,0,0,0,0,0,0,0
1,1,220042,0,0,0,0,0,0,0,0,0,0
2,1,220042,0,0,0,0,0,0,0,0,0,0
1,1,220043,10,10,10,10,10,10,10,10,10,10
0,1,220044,0,15,0,0,16,0,15,0,0,0
1,1,220044,0,0,0,0,0,0,0,0,0,0
1,1,220045,28,28,28,28,28,28,28,28,28,28
1,1,220046,0,0,0,0,0,0,0,0,0,0
2,1,220046,0,0,0,0,0,0,0,0,0,0
1,1,220047,0,22,0,0,0,0,0,27,0,21
2,1,220047,0,0,0,0,0,0,0,0,0,0
1,1,220048,23,23,23,23,23,23,23,23,23,23
2,1,220048,0,0,0,0,0,0,0,0,0,0
1,1,220049,0,0,0,0,0,0,0,0,0,0
1,1,220050,17,26,30,15,11,17,18,10,26,27
2,1,220050,0,0,0,0,0,0,0,0,0,0
1,1,220051,0,0,0,0,0,0,0,0,0,0
2,1,220051,0,0,0,0,0,0,0,0,0,0
3,1,220051,0,0,0,0,0,0,0,0,0,0
4,1,220051,0,0,0,0,0,0,0,0,0,0
1,1,220052,0,0,0,14,0,0,0,0,0,3
1,1,220053,13,13,13,13,13,13,13,13,13,13
2,1,220053,0,0,0,0,0,0,0,0,0,0
1,1,220054,35,35,35,35,35,35,35,35,35,35
1,1,220055,25,25,25,25,25,25,25,25,25,25
2,1,220055,0,0,0,0,0,0,0,0,0,0
1,1,220056,0,0,0,0,0,0,0,0,0,0
1,1,220057,22,22,22,22,22,22,22,22,22,22
1,1,220058,21,21,21,21,21,21,21,21,21,21
0,1,220059,0,0,0,0,0,0,0,0,0,0
1,1,220059,24,4,20,22,17,6,24,21,2,18
1,1,220060,0,0,0,0,0,0,0,0,0,0
2,1,220060,0,0,0,0,0,0,0,0,0,0
1,1,220061,0,0,0,0,0,0,0,0,0,0
2,1,220061,0,0,0,0,0,0,0,0,0,0
1,1,220062,21,21,21,21,21,21,21,21,21,21
1,1,220063,0,0,0,0,0,0,0,0,0,0
2,1,220063,0,0,0,0,0,0,0,0,0,0
1,1,220064,29,29,29,29,29,29,29,29,29,29
1,1,220065,11,11,11,11,11,11,11,11,11,11
1,1,220066,6,6,6,6,6,6,6,6,6,6
0,1,220067,32,32,32,32,32,32,32,32,32,32
1,1,220067,0,0,0,0,0,0,0,0,0,0
1,1,220068,11,11,11,11,11,11,11,11,11,11
1,1,220069,28,28,28,28,28,28,28,28,28,28
1,1,220070,21,21,21,21,21,21,21,21,21,21
1,1,220071,3,3,3,3,3,3,3,3,3,3
1,1,220072,24,24,24,24,24,24,24,24,24,24
1,1,220073,2,2,2,2,2,2,2,2,2,2
1,1,220074,21,21,21,21,21,21,21,21,21,21
1,1,220075,0,0,0,0,0,0,0,0,0,0
2,1,220075,0,0,0,0,0,0,0,0,0,0
1,1,220076,0,0,0,0,0,0,0,0,0,0
2,1,220076,0,0,0,0,0,0,0,0,0,0
0,1,220077,0,0,0,0,0,0,0,0,0,0
0,2,220077,0,0,0,0,5,0,26,7,0,0
1,1,220077,24,24,24,24,24,24,24,24,24,24
0,1,220078,0,0,0,17,0,32,0,0,25,28
1,1,220078,12,12,12,12,12,12,12,12,12,12
1,1,220079,1,1,1,1,1,1,1,1,1,1
1,1,220080,0,0,8,0,0,0,0,0,0,0
1,1,220081,25,26,9,20,29,15,21,29,22,23
1,1,220082,0,0,0,0,0,0,0,0,0,0
1,1,220083,0,0,0,0,0,0,6,0,0,0
0,1,220084,18,18,18,18,18,18,18,18,18,18
1,1,220084,8,0,0,0,0,0,7,0,0,0
0,1,220085,2,2,2,2,2,2,2,2,2,2
1,1,220085,3,3,3,3,3,3,3,3,3,3
1,1,220086,24,24,24,24,24,24,24,24,24,24
1,1,220087,0,0,0,0,0,0,0,0,0,0
2,1,220087,0,0,0,0,0,0,0,0,0,0
1,1,220088,0,0,0,0,0,0,0,0,0,0
1,1,220089,1,1,1,1,1,1,1,1,1,1
1,1,220090,0,0,0,0,0,0,0,0,0,0
2,1,220090,0,0,0,0,0,0,0,0,0,0
1,1,220091,0,0,0,0,0,9,0,23,0,13
1,1,220092,0,0,0,0,5,0,0,0,0,0
1,1,220093,0,0,0,0,0,0,0,0,0,0
2,1,220093,0,0,0,0,0,0,0,0,0,0
1,1,220094,0,0,0,0,0,0,0,0,0,0
2,1,220094,0,0,0,0,0,0,0,0,0,0
1,1,220095,0,0,16,6,0,0,0,27,0,0
1,1,220096,18,18,18,18,18,18,18,18,18,18
0,1,220097,20,20,20,20,20,20,20,20,20,20
1,1,220097,17,17,17,17,17,17,17,17,17,17
1,1,220098,0,0,0,0,0,0,0,0,0,0
2,1,220098,0,0,0,0,0,0,0,0,0,0
1,1,220099,21,15,23,16,16,21,14,29,16,5
1,1,220100,1,1,1,1,1,1,1,1,1,1
2,1,220100,0,0,0,0,0,0,10,0,0,0
1,1,220101,17,17,17,17,17,17,17,17,17,17
1,1,220102,0,0,20,0,16,0,0,0,0,0
1,1,220103,19,24,21,0,20,28,7,11,0,26
1,1,220104,16,16,16,16,16,16,16,16,16,16
2,1,220104,0,0,0,0,0,0,0,0,0,0
0,1,220105,13,13,13,13,13,13,13,13,13,13
1,1,220105,4,0,0,0,6,0,0,0,0,0
1,1,220106,0,0,0,0,0,0,0,0,0,0
2,1,220106,11,11,11,11,11,11,11,11,11,11
1,1,220107,0,0,0,0,0,0,0,0,0,0
1,1,220108,0,0,0,0,0,0,0,0,0,0
0,1,220109,21,21,21,21,21,21,21,21,21,21
1,1,220109,7,7,7,7,7,7,7,7,7,7
1,1,220110,0,0,0,0,0,0,0,0,0,0
2,1,220110,0,0,0,0,0,0,0,0,0,0
1,1,220111,11,11,11,11,11,11,11,11,11,11
1,1,220112,13,13,13,13,13,13,13,13,13,13
1,1,220113,22,22,22,22,22,22,22,22,22,22
0,1,220114,21,21,21,21,21,21,21,21,21,21
1,1,220114,11,11,11,11,11,11,11,11,11,11
2,1,220114,16,16,16,16,16,16,16,16,16,16
1,1,220115,0,0,0,0,18,0,0,0,0,0
2,1,220115,0,15,0,0,0,0,0,0,0,0
1,1,220116,12,12,12,12,12,12,12,12,12,12
1,1,220117,0,0,0,0,0,0,0,0,0,0
2,1,220117,0,0,0,0,0,0,0,0,0,0
1,1,220118,0,0,0,0,0,0,0,0,0,0
0,1,220119,30,30,30,30,30,30,30,30,30,30
1,1,220119,0,0,0,0,0,0,0,0,0,0
1,1,220120,0,0,0,0,0,0,0,0,0,0
2,1,220120,12,12,12,12,12,12,12,12,12,12
0,1,220121,9,9,9,9,9,9,9,9,9,9
0,2,220121,16,16,16,16,16,16,16,16,16,16
0,3,220121,11,11,11,11,11,11,11,11,11,11
0,4,220121,0,0,0,12,0,0,14,0,0,0
0,5,220121,0,0,0,0,0,0,0,0,0,0
1,1,220121,15,15,15,15,15,15,15,15,15,15
1,1,220122,0,0,0,0,0,0,0,0,0,0
2,1,220122,0,0,0,0,0,0,0,0,0,0
1,1,220123,19,19,19,19,19,19,19,19,19,19
1,1,220124,0,0,0,0,0,0,0,0,0,0
2,1,220124,0,0,0,0,0,0,0,0,0,0
1,1,220125,0,0,0,0,0,0,0,0,0,0
2,1,220125,0,0,0,0,0,0,0,0,14,0
1,1,220126,0,0,0,0,0,0,0,0,0,0
2,1,220126,0,0,0,0,0,0,0,0,0,0
0,1,220127,6,0,0,0,0,0,0,0,0,0
1,1,220127,0,0,0,0,0,0,0,0,0,0
1,1,220128,0,0,0,0,0,0,0,0,0,0
2,1,220128,0,0,0,0,0,0,0,0,0,0
3,1,220128,0,0,0,0,0,0,0,0,0,0
1,1,220129,0,0,0,0,0,0,0,0,0,0
1,1,220130,0,0,0,0,0,0,0,0,0,0
2,1,220130,0,0,0,0,0,0,0,0,0,0
3,1,220130,0,0,0,0,0,0,0,0,0,0
1,1,220131,0,9,0,0,0,0,0,0,0,0
0,1,220132,0,0,0,0,0,0,0,0,0,0
1,1,220132,0,0,0,0,0,0,0,0,0,0
0,1,220133,0,0,0,0,0,0,0,0,0,0
1,1,220133,0,0,0,0,0,0,0,0,0,0
1,1,220134,5,5,5,5,5,5,5,5,5,5
2,1,220134,2,2,2,2,2,2,2,2,2,2
1,1,220135,19,12,13,19,28,23,8,42,0,0
1,1,220136,2,2,2,2,2,2,2,2,2,2
2,1,220136,0,0,0,0,0,0,0,0,0,0
3,1,220136,0,0,0,0,0,0,0,0,0,0
0,1,220137,0,0,0,0,0,0,0,0,0,0
1,1,220137,0,0,0,0,0,0,0,0,0,0
1,1,220138,0,0,0,0,0,0,0,0,0,0
0,1,220139,3,3,3,3,3,3,3,3,3,3
1,1,220139,0,0,16,3,0,4,0,0,13,15
0,1,220140,32,32,32,32,32,32,32,32,32,32
1,1,220140,10,10,10,10,10,10,10,10,10,10