VEH_NO,PER_NO,ST_CASE,P1,P2,P3,P4,P5,P6,P7,P8,P9,P10
1,1,220141,0,15,0,0,0,0,0,11,0,8
2,1,220141,4,4,4,4,4,4,4,4,4,4
3,1,220141,0,0,0,0,0,0,0,0,0,19
0,1,220142,28,28,28,28,28,28,28,28,28,28
1,1,220142,0,0,0,0,0,0,0,0,0,0
1,1,220143,0,0,0,0,0,0,0,0,0,0
2,1,220143,0,0,0,0,0,0,0,0,0,0
1,1,220144,0,0,0,0,0,0,0,0,0,0
1,1,220145,0,0,15,21,0,10,6,11,9,22
0,1,220146,25,25,25,25,25,25,25,25,25,25
1,1,220146,0,0,0,0,0,0,0,0,0,0
1,1,220147,0,0,0,0,0,0,0,0,0,0
0,1,220148,0,0,0,0,0,0,0,14,0,0
1,1,220148,0,0,0,0,0,0,0,0,0,0
1,1,220149,0,0,0,0,0,0,0,0,0,0
2,1,220149,0,0,0,0,0,0,0,0,0,0
1,1,220150,0,0,0,0,0,0,0,0,0,0
2,1,220150,0,0,0,0,0,0,0,0,0,0
1,1,220151,0,0,0,0,0,0,0,73,0,0
1,1,220152,23,23,23,23,23,23,23,23,23,23
1,1,220153,0,0,0,0,0,0,0,0,0,0
2,1,220153,0,0,0,0,0,0,0,0,0,0
1,1,220154,0,0,0,0,17,0,0,0,24,16
0,1,220155,12,0,0,20,0,0,0,0,0,0
1,1,220155,0,0,0,0,0,0,0,0,0,0
1,1,220156,0,0,0,0,0,0,0,0,0,0
0,1,220157,0,0,0,0,0,0,0,0,0,0
1,1,220157,0,0,0,0,0,0,0,0,0,0
0,1,220158,0,0,0,0,0,0,0,0,0,0
1,1,220158,29,0,0,0,0,0,0,0,0,0
1,1,220159,0,0,0,0,0,0,0,0,0,7
2,1,220159,0,0,0,0,0,0,0,0,0,0
1,1,220160,32,32,32,32,32,32,32,32,32,32
1,1,220161,0,0,0,0,0,0,0,0,0,0
2,1,220161,0,0,0,0,0,0,0,0,0,0
3,1,220161,0,0,0,0,0,0,0,0,0,3
1,1,220162,20,20,20,20,20,20,20,20,20,20
1,1,220163,26,26,26,26,26,26,26,26,26,26
1,1,220164,9,9,9,9,9,9,9,9,9,9
2,1,220164,0,0,0,0,0,0,9,0,8,0
1,1,220165,0,0,0,0,0,0,0,0,0,0
1,1,220166,15,15,15,15,15,15,15,15,15,15
2,1,220166,0,0,0,0,0,0,0,0,0,0
0,1,220167,0,26,0,0,0,15,0,20,0,0
1,1,220167,0,0,0,0,0,0,0,0,0,0
1,1,220168,3,3,3,3,3,3,3,3,3,3
1,1,220169,0,0,0,0,0,0,11,0,0,0
1,1,220170,0,0,0,0,0,0,0,9,0,0
2,1,220170,0,0,0,0,0,0,0,0,0,0
1,1,220171,30,30,30,30,30,30,30,30,30,30
0,1,220172,0,0,0,0,0,0,0,0,0,0
1,1,220172,0,0,0,0,0,0,0,0,0,0
2,1,220172,0,0,0,0,0,0,0,0,0,0
1,1,220173,9,12,0,0,0,0,0,0,0,0
2,1,220173,19,19,19,19,19,19,19,19,19,19
1,1,220174,0,0,0,0,0,0,0,0,0,0
2,1,220174,0,0,0,0,0,0,0,0,0,0
1,1,220175,27,27,27,27,27,27,27,27,27,27
2,1,220175,0,0,0,0,0,0,0,0,0,0
1,1,220176,0,0,0,0,7,0,0,17,0,0
1,1,220177,0,0,0,0,0,0,0,0,0,0
2,1,220177,0,0,0,0,0,0,0,0,0,0
1,1,220178,0,0,0,0,0,0,0,0,0,0
1,1,220179,18,18,18,18,18,18,18,18,18,18
2,1,220179,0,0,0,0,0,0,0,0,0,0
1,1,220180,0,0,0,0,0,0,0,0,0,0
0,1,220181,17,0,0,0,34,3,0,4,0,10
1,1,220181,8,0,4,0,3,8,0,0,6,0
1,1,220182,0,0,0,0,0,0,0,0,0,0
2,1,220182,0,0,0,0,0,0,0,0,0,0
0,1,220183,20,21,24,24,0,33,14,0,0,0
1,1,220183,12,12,12,12,12,12,12,12,12,12
1,1,220184,2,2,2,2,2,2,2,2,2,2
0,1,220185,24,24,24,24,24,24,24,24,24,24
1,1,220185,0,0,0,0,0,0,0,0,0,0
1,1,220186,15,15,15,15,15,15,15,15,15,15
2,1,220186,0,0,0,0,0,0,0,0,0,0
0,1,220187,2,2,2,2,2,2,2,2,2,2
1,1,220187,16,16,16,16,16,16,16,16,16,16
0,1,220188,9,9,9,9,9,9,9,9,9,9
1,1,220188,0,0,0,0,0,0,0,0,0,0
1,1,220189,11,9,0,0,0,15,17,5,18,0
1,1,220190,0,0,0,0,0,0,0,0,0,23
1,1,220191,23,23,23,23,23,23,23,23,23,23
1,1,220192,0,0,0,0,0,0,0,0,0,0
2,1,220192,0,0,0,0,0,0,0,0,0,0
1,1,220193,0,0,0,0,0,0,0,0,0,0
2,1,220193,0,0,0,0,0,0,0,0,0,0
1,1,220194,0,0,0,0,0,0,0,0,0,0
1,1,220195,0,0,0,0,0,0,0,0,0,0
2,1,220195,0,0,0,0,0,0,0,0,0,0
1,1,220196,0,0,0,0,0,0,0,0,0,0
1,1,220197,13,13,13,13,13,13,13,13,13,13
2,1,220197,0,0,0,0,0,0,0,0,0,0
1,1,220198,0,0,0,0,0,0,0,0,0,0
1,1,220199,0,0,0,0,0,0,0,0,0,0
2,1,220199,0,0,0,0,0,0,0,0,0,0
1,1,220200,0,0,0,0,0,0,0,0,0,0
2,1,220200,0,0,0,0,0,0,0,0,0,0
1,1,220201,0,0,0,0,0,0,0,0,0,0
1,1,220202,14,14,14,14,14,14,14,14,14,14
2,1,220202,20,20,20,20,20,20,20,20,20,20
1,1,220203,0,0,0,0,0,0,0,0,0,0
2,1,220203,0,0,0,0,0,0,0,0,0,0
1,1,220204,8,8,8,8,8,8,8,8,8,8
1,1,220205,0,0,0,0,0,0,0,12,0,0
1,1,220206,0,0,0,0,0,0,0,0,0,0
2,1,220206,0,0,0,0,0,0,0,0,0,0
3,1,220206,0,0,0,0,0,0,0,0,0,0
0,1,220207,0,0,0,0,0,0,0,0,0,0
1,1,220207,0,0,0,0,0,0,0,0,0,0
1,1,220208,23,23,23,23,23,23,23,23,23,23
1,1,220209,0,0,0,0,0,0,0,0,0,0
2,1,220209,0,0,0,0,0,0,0,0,0,0
1,1,220210,26,26,26,26,26,26,26,26,26,26
1,1,220211,2,2,2,2,2,2,2,2,2,2
1,1,220212,1,1,1,1,1,1,1,1,1,1
2,1,220212,9,0,0,0,0,0,0,0,13,0
3,1,220212,0,0,0,0,0,0,0,0,0,0
4,1,220212,0,0,0,0,0,0,0,0,0,0
1,1,220213,0,0,0,0,0,0,0,0,0,0
0,1,220214,25,18,17,26,14,9,19,27,0,23
1,1,220214,0,0,0,0,0,0,0,0,0,0
1,1,220215,0,9,10,10,0,24,10,0,15,8
1,1,220216,0,0,0,0,0,0,0,0,0,0
2,1,220216,0,0,0,0,0,0,0,0,0,0
1,1,220217,0,5,0,0,0,0,0,0,0,0
2,1,220217,0,0,0,0,0,0,0,0,0,0
1,1,220218,11,11,11,11,11,11,11,11,11,11
1,1,220219,18,18,18,18,18,18,18,18,18,18
0,1,220220,0,0,0,0,0,4,0,0,0,8
0,2,220220,0,0,0,0,0,0,0,0,0,0
1,1,220220,0,0,0,0,0,0,0,0,0,0
1,1,220221,14,15,39,25,12,20,15,13,21,23
0,1,220222,24,24,24,24,24,24,24,24,24,24
1,1,220222,0,0,0,0,0,0,0,0,0,0
1,1,220223,1,1,1,1,1,1,1,1,1,1
1,1,220224,0,0,0,0,0,0,0,0,0,0
2,1,220224,0,0,0,0,0,0,0,0,0,0
1,1,220225,15,15,15,15,15,15,15,15,15,15
1,1,220226,0,0,0,0,0,0,0,0,0,0
2,1,220226,0,0,0,0,0,0,0,0,0,0
1,1,220227,0,0,0,0,0,0,0,0,0,0
1,1,220228,27,27,27,27,27,27,27,27,27,27
1,1,220229,29,29,29,29,29,29,29,29,29,29
2,1,220229,0,0,0,0,0,11,6,21,11,0
1,1,220230,0,0,0,0,0,0,0,0,0,0
2,1,220230,0,0,0,0,0,0,0,0,0,0
1,1,220231,11,11,18,19,28,23,22,5,16,22
1,1,220232,41,41,41,41,41,41,41,41,41,41
1,1,220233,0,0,0,0,0,0,0,0,0,0
2,1,220233,0,0,0,0,0,0,0,0,0,0
1,1,220234,0,0,0,0,0,0,0,0,0,0
1,1,220235,14,0,0,0,0,0,0,0,0,0
2,1,220235,0,0,0,0,0,0,0,0,0,0
1,1,220236,0,0,0,13,0,0,14,11,0,0
2,1,220236,0,0,0,0,0,0,0,0,0,0
1,1,220237,0,0,0,0,0,0,0,0,0,0
2,1,220237,0,0,0,0,0,0,0,0,0,0
1,1,220238,30,0,25,12,0,11,0,18,0,16
1,1,220239,0,0,0,0,0,0,11,0,0,0
2,1,220239,0,0,0,0,0,0,0,0,0,0
1,1,220240,0,0,0,0,0,0,0,0,0,0
2,1,220240,0,0,0,0,0,0,0,0,0,0
1,1,220241,0,0,0,0,0,0,0,0,0,0
2,1,220241,0,0,0,0,0,0,0,0,0,0
1,1,220242,0,0,0,0,0,0,0,0,0,0
1,1,220243,14,14,14,14,14,14,14,14,14,14
2,1,220243,0,0,0,0,0,0,0,0,0,0
1,1,220244,14,0,31,11,18,17,0,6,20,10
1,1,220245,22,22,22,22,22,22,22,22,22,22
2,1,220245,0,0,0,0,0,0,0,0,0,0
1,1,220246,0,0,0,0,0,0,0,0,0,0
1,1,220247,0,0,0,0,0,0,0,0,0,0
0,1,220248,0,0,0,0,0,0,0,0,0,0
1,1,220248,0,8,21,33,21,8,6,15,0,17
1,1,220249,0,0,0,0,0,0,0,0,0,0
2,1,220249,0,0,0,0,0,0,0,0,0,0
1,1,220250,0,0,0,0,0,0,0,0,0,0
0,1,220251,0,0,0,0,0,0,0,0,0,0
1,1,220251,0,0,0,0,0,0,0,0,0,0
1,1,220252,0,0,0,0,0,0,0,0,0,0
2,1,220252,0,0,0,0,0,0,0,0,0,0
1,1,220253,0,0,0,0,0,0,0,0,0,0
2,1,220253,0,0,0,0,0,0,0,0,0,0
1,1,220254,14,14,14,14,14,14,14,14,14,14
2,1,220254,0,0,0,0,0,0,0,0,0,0
1,1,220255,6,6,6,6,6,6,6,6,6,6
2,1,220255,0,0,0,0,0,0,0,0,0,0
1,1,220256,21,21,21,21,21,21,21,21,21,21
2,1,220256,0,0,0,0,0,0,0,0,0,0
0,1,220257,0,22,0,18,10,18,33,7,0,0
1,1,220257,0,0,0,0,0,0,0,0,0,0
0,1,220258,0,0,0,0,0,0,0,0,0,0
1,1,220258,0,0,0,0,0,0,0,0,0,0
1,1,220259,31,31,31,31,31,31,31,31,31,31
1,1,220260,0,0,0,0,0,0,0,0,0,0
2,1,220260,0,0,0,0,0,0,0,0,0,0
3,1,220260,0,0,0,0,0,0,0,0,0,0
4,1,220260,0,0,0,0,0,0,0,0,0,0
1,1,220261,0,17,15,0,23,26,24,0,23,0
1,1,220262,0,0,0,0,0,11,0,18,13,0
1,1,220263,0,0,0,0,0,0,0,0,0,0
2,1,220263,0,0,0,0,0,0,0,0,0,0
3,1,220263,0,0,0,0,0,0,0,0,0,0
0,1,220264,24,0,40,27,23,28,0,18,0,7
1,1,220264,26,26,26,26,26,26,26,26,26,26
1,1,220265,0,0,0,0,0,0,0,0,0,0
1,1,220266,0,0,0,0,0,0,0,0,0,0
1,1,220267,0,0,0,0,0,0,0,0,0,0
2,1,220267,0,0,0,0,0,0,0,0,0,0
1,1,220268,0,0,0,0,0,0,0,0,0,0
1,1,220269,0,0,0,0,0,0,0,0,0,0
2,1,220269,0,0,0,0,0,0,0,0,0,0
1,1,220270,20,20,20,20,20,20,20,20,20,20
1,1,220271,0,0,0,0,0,0,0,0,0,0
0,1,220272,0,0,0,0,0,0,0,0,0,0
0,2,220272,0,0,0,0,0,10,0,0,0,0
1,1,220272,10,10,10,10,10,10,10,10,10,10
1,1,220273,30,30,30,30,30,30,30,30,30,30
0,1,220274,33,0,0,0,0,0,0,0,0,0
1,1,220274,0,0,0,0,0,13,0,0,3,0
1,1,220275,9,9,9,9,9,9,9,9,9,9
2,1,220275,0,0,0,0,0,0,0,0,0,0
1,1,220276,0,0,0,0,0,0,0,0,0,0
1,1,220277,26,26,26,26,26,26,26,26,26,26
1,1,220278,18,18,18,18,18,18,18,18,18,18
1,1,220279,0,0,0,0,0,0,0,0,0,0
2,1,220279,0,0,0,0,0,0,0,0,0,0
1,1,220280,22,22,22,22,22,22,22,22,22,22
1,1,220281,5,5,5,5,5,5,5,5,5,5
2,1,220281,0,0,0,0,0,0,0,0,0,0
1,1,220282,16,16,16,16,16,16,16,16,16,16
0,1,220283,0,10,0,0,20,0,21,0,0,13
1,1,220283,0,0,0,0,0,0,0,0,0,0
1,1,220284,0,0,9,0,0,0,11,0,19,0
1,1,220285,0,0,0,0,0,0,0,0,0,0
2,1,220285,0,0,0,0,0,0,0,0,0,0
3,1,220285,0,0,0,0,0,0,0,0,0,0
1,1,220286,38,38,38,38,38,38,38,38,38,38
1,1,220287,5,5,5,5,5,5,5,5,5,5
2,1,220287,0,0,0,0,0,0,0,0,0,0
1,1,220288,21,21,21,21,21,21,21,21,21,21
1,1,220289,0,0,0,0,0,0,0,0,0,0
2,1,220289,0,0,0,0,0,0,0,0,0,0
1,1,220290,20,20,20,20,20,20,20,20,20,20
1,1,220291,0,0,0,0,0,0,0,0,0,0
2,1,220291,1,1,1,1,1,1,1,1,1,1
3,1,220291,0,0,0,0,0,0,0,0,0,0
0,1,220292,0,0,0,0,0,0,0,0,0,0
1,1,220292,0,0,0,0,0,0,0,0,0,0
1,1,220293,15,15,15,15,15,15,15,15,15,15
2,1,220293,0,0,0,0,0,0,0,0,0,0
1,1,220294,0,0,0,0,0,0,0,0,0,0
2,1,220294,0,0,0,0,0,0,6,0,0,0
1,1,220295,0,0,9,0,0,0,0,0,0,10
2,1,220295,0,0,0,0,0,0,0,0,0,0
0,1,220296,0,0,0,0,0,0,17,0,0,0
1,1,220296,0,0,0,0,0,0,0,0,0,0
1,1,220297,0,0,0,0,0,0,0,0,0,0
0,1,220298,0,0,0,0,0,0,0,0,0,0
1,1,220298,0,0,0,0,0,0,0,0,0,0
1,1,220299,0,0,0,0,0,0,0,0,0,0
2,1,220299,0,0,0,0,0,0,0,0,0,0
1,1,220300,0,0,0,0,0,0,0,0,0,0
2,1,220300,0,0,0,0,0,0,0,0,0,0
1,1,220301,0,0,0,0,0,0,0,0,0,0
2,1,220301,16,0,13,0,0,0,0,0,0,0
1,1,220302,0,0,0,5,0,0,0,0,0,0
2,1,220302,0,0,0,0,0,0,0,0,0,0
1,1,220303,0,0,0,0,0,0,0,0,0,0
2,1,220303,0,0,0,0,0,0,0,0,0,0
1,1,220304,38,38,38,38,38,38,38,38,38,38
2,1,220304,0,0,0,0,0,0,0,0,0,0
1,1,220305,25,25,25,25,25,25,25,25,25,25
1,1,220307,6,6,6,6,6,6,6,6,6,6
2,1,220307,0,0,0,0,0,0,0,0,0,0
1,1,220308,0,0,0,0,0,0,0,0,0,0
2,1,220308,0,0,0,0,0,0,0,23,0,13
1,1,220309,7,7,7,7,7,7,7,7,7,7
0,1,220310,0,0,0,0,0,0,0,0,0,0
1,1,220310,0,0,0,0,0,0,0,0,0,0
1,1,220311,24,24,24,24,24,24,24,24,24,24
1,1,220312,0,0,0,0,0,0,0,0,0,0
1,1,220313,0,0,0,0,0,0,0,0,0,0
1,1,220314,14,14,14,14,14,14,14,14,14,14
1,1,220315,10,10,10,10,10,10,10,10,10,10
1,1,220316,0,0,0,0,0,0,0,0,0,0
0,1,220317,27,0,0,0,0,32,26,14,10,25
0,2,220317,19,0,30,0,24,19,19,0,14,16
1,1,220317,0,0,0,3,12,0,29,9,0,10
1,1,220318,7,7,7,7,7,7,7,7,7,7
2,1,220318,7,7,7,7,7,7,7,7,7,7
1,1,220319,4,4,4,4,4,4,4,4,4,4
2,1,220319,0,0,0,0,0,0,0,0,0,0
1,1,220320,0,0,0,0,0,0,0,0,0,0
2,1,220320,0,0,0,0,0,0,0,0,0,0
1,1,220321,0,0,0,0,0,0,0,0,0,0
2,1,220321,0,0,0,0,0,0,0,0,0,0
3,1,220321,0,0,0,0,0,0,0,0,0,0
1,1,220322,20,20,20,20,20,20,20,20,20,20
1,1,220323,14,14,14,14,14,14,14,14,14,14
0,1,220324,45,27,20,54,5,30,7,22,0,17
1,1,220324,0,0,0,0,0,0,0,0,0,0
1,1,220325,0,0,0,0,0,0,0,0,0,0
2,1,220325,0,0,0,0,0,0,0,0,0,0
1,1,220326,10,10,10,10,10,10,10,10,10,10
1,1,220327,0,0,0,0,0,0,0,2,29,0
0,1,220328,0,19,0,0,0,25,0,17,21,0
1,1,220328,0,0,0,0,0,0,0,0,0,0
2,1,220328,6,0,13,0,0,0,8,8,20,6
0,1,220329,0,0,0,0,0,0,0,0,0,0
1,1,220329,0,0,0,0,0,0,0,0,0,0
1,1,220330,6,6,6,6,6,6,6,6,6,6
1,1,220331,23,23,23,23,23,23,23,23,23,23
1,1,220332,27,19,19,16,21,2,12,13,15,25
0,1,220333,0,0,0,0,0,0,0,0,0,0
1,1,220333,0,0,0,0,0,0,0,0,0,0
1,1,220334,0,0,0,0,0,0,0,0,0,0
1,1,220335,8,3,29,18,16,21,12,12,27,29
1,1,220336,0,0,0,25,0,0,0,0,0,0
2,1,220336,0,0,0,0,0,0,0,0,0,0
1,1,220337,13,13,13,13,13,13,13,13,13,13
1,1,220338,20,20,20,20,20,20,20,20,20,20
0,1,220339,0,0,0,0,0,0,0,0,0,0
1,1,220339,0,0,0,0,0,0,0,0,0,0
1,1,220340,0,0,0,0,0,0,0,0,23,0
1,1,220341,21,21,21,21,21,21,21,21,21,21
1,1,220342,0,0,0,0,0,0,0,0,0,0
0,1,220343,0,0,0,0,0,0,0,0,0,0
1,1,220343,0,0,0,0,0,0,0,0,0,0
1,1,220344,0,17,0,0,26,0,5,8,0,0
2,1,220344,0,0,0,0,0,0,0,0,0,0
1,1,220345,27,0,17,0,0,30,0,25,7,0
1,1,220346,0,0,7,0,0,19,0,14,0,0
1,1,220347,12,12,12,12,12,12,12,12,12,12
1,1,220348,0,0,0,0,0,0,0,0,0,0
1,1,220349,0,0,0,0,0,0,0,0,0,0
1,1,220350,0,0,0,0,0,0,0,0,0,0
2,1,220350,0,0,0,0,0,0,0,0,0,0
1,1,220351,20,20,20,20,20,20,20,20,20,20
1,1,220352,0,0,0,0,0,0,0,0,0,0
0,1,220353,28,28,28,28,28,28,28,28,28,28
1,1,220353,0,0,0,0,0,0,0,0,0,0
1,1,220354,20,20,13,18,21,13,9,4,0,38
1,1,220355,0,0,0,0,0,0,0,0,0,0
2,1,220355,0,0,0,0,0,0,0,0,0,0
1,1,220356,0,10,0,15,39,23,25,0,14,27
1,1,220357,0,0,0,0,0,0,0,0,0,0
1,1,220358,0,0,0,0,0,0,0,0,0,0
2,1,220358,0,0,0,0,0,0,0,0,0,0
1,1,220359,0,0,0,0,0,0,11,0,0,0
1,1,220360,30,30,30,30,30,30,30,30,30,30
1,1,220361,0,0,0,0,0,0,0,0,0,0
2,1,220361,0,0,0,0,0,0,0,0,0,0
1,1,220362,8,8,8,8,8,8,8,8,8,8
1,1,220363,3,3,3,3,3,3,3,3,3,3
1,1,220364,28,21,26,25,8,20,25,19,30,8
1,1,220365,0,0,0,0,0,0,0,0,0,0
1,1,220366,0,18,0,10,0,6,0,0,0,5
1,1,220367,0,0,0,0,0,0,0,0,0,0
2,1,220367,0,0,0,0,0,0,0,0,0,0
1,1,220368,0,0,0,0,0,0,0,0,0,0
2,1,220368,0,0,0,0,0,0,0,0,0,0
1,1,220369,26,26,26,26,26,26,26,26,26,26
1,1,220370,0,0,0,0,0,0,0,0,0,0
2,1,220370,0,0,0,0,0,0,0,0,0,0
1,1,220371,22,22,22,22,22,22,22,22,22,22
1,1,220372,0,0,0,0,0,0,0,0,0,0
2,1,220372,0,0,0,0,0,0,0,0,0,0
3,1,220372,9,0,0,0,0,0,0,0,0,0
1,1,220373,0,0,0,0,0,0,0,0,0,0
0,1,220374,16,16,16,16,16,16,16,16,16,16
1,1,220374,0,0,0,0,0,0,0,0,0,0
1,1,220375,0,0,9,0,0,12,0,0,0,0
1,1,220376,3,3,3,3,3,3,3,3,3,3
2,1,220376,0,0,0,0,0,0,0,0,0,0
1,1,220377,0,0,0,0,0,0,0,0,0,0
2,1,220377,0,0,0,0,0,0,0,0,0,0
1,1,220378,20,20,20,20,20,20,20,20,20,20
0,1,220379,18,0,0,3,27,0,0,8,0,0
1,1,220379,20,20,20,20,20,20,20,20,20,20
0,1,220380,0,0,0,0,0,0,0,0,0,0
1,1,220380,0,0,7,0,0,8,0,0,0,11
1,1,220381,8,8,8,8,8,8,8,8,8,8
1,1,220382,7,7,7,7,7,7,7,7,7,7
1,1,220383,0,0,0,0,0,0,0,0,0,0
2,1,220383,0,0,0,0,0,0,0,0,0,0
1,1,220384,27,0,0,0,0,0,43,9,0,0
2,1,220384,0,0,0,0,0,0,0,0,0,0
1,1,220385,0,0,0,0,0,0,0,0,0,0
1,1,220386,0,0,0,0,11,26,0,0,0,0
2,1,220386,0,0,0,0,0,0,0,0,0,0
0,1,220388,2,2,2,2,2,2,2,2,2,2
1,1,220388,0,0,0,0,0,0,0,0,0,0
1,1,220389,7,7,7,7,7,7,7,7,7,7
1,1,220390,0,0,0,0,0,0,0,0,0,0
2,1,220390,0,0,0,0,0,0,0,0,0,0
1,1,220391,0,0,0,0,0,0,0,0,3,0
2,1,220391,0,0,0,0,0,0,0,0,0,0
1,1,220392,0,0,0,0,0,0,0,0,7,7
2,1,220392,0,0,0,0,0,0,0,0,0,0
1,1,220393,0,0,0,8,0,0,0,0,0,0
1,1,220394,0,0,0,0,0,0,0,0,0,13
1,1,220395,19,12,19,34,17,14,25,4,21,22
1,1,220396,9,9,9,9,9,9,9,9,9,9
1,1,220397,0,0,0,0,0,0,0,0,0,0
1,1,220398,0,0,0,0,0,0,0,0,0,0
0,1,220399,17,16,0,16,9,0,14,0,0,13
1,1,220399,0,0,0,0,0,0,0,0,0,0
1,1,220400,5,5,5,5,5,5,5,5,5,5
1,1,220401,0,0,0,0,0,0,0,0,0,0
2,1,220401,0,0,0,0,0,0,17,0,0,0
1,1,220402,25,25,25,25,25,25,25,25,25,25
1,1,220403,1,1,1,1,1,1,1,1,1,1
2,1,220403,0,0,0,0,0,0,0,0,0,0
1,1,220404,16,16,16,16,16,16,16,16,16,16
2,1,220404,0,0,0,0,0,0,0,0,0,0
1,1,220405,3,14,0,0,31,0,0,0,0,0
1,1,220406,28,28,28,28,28,28,28,28,28,28
1,1,220407,9,9,9,9,9,9,9,9,9,9
1,1,220408,5,3,10,8,0,0,0,9,4,0
1,1,220409,15,15,15,15,15,15,15,15,15,15
2,1,220409,0,0,0,0,0,0,0,0,0,0
3,1,220409,0,0,0,0,0,0,0,0,0,0
1,1,220410,4,4,4,4,4,4,4,4,4,4
2,1,220410,3,3,3,3,3,3,3,3,3,3
1,1,220411,15,15,15,15,15,15,15,15,15,15
1,1,220412,0,0,0,0,0,0,0,0,0,0
1,1,220413,0,0,0,0,0,0,0,0,0,0
1,1,220414,0,0,0,0,0,0,0,0,0,0
1,1,220415,6,6,6,6,6,6,6,6,6,6
1,1,220416,14,21,0,19,16,31,9,17,25,20
1,1,220417,18,18,18,18,18,18,18,18,18,18
1,1,220418,0,0,0,0,0,0,0,0,0,0
1,1,220419,0,0,0,0,0,0,0,0,0,0
2,1,220419,0,0,0,0,0,0,0,0,0,0
1,1,220420,21,10,16,15,13,15,24,16,22,15
1,1,220421,9,9,9,9,9,9,9,9,9,9
1,1,220422,0,0,0,0,0,0,14,0,0,0
0,1,220423,0,0,3,0,0,0,0,0,0,0
1,1,220423,0,0,0,0,0,0,0,0,0,0
1,1,220424,24,24,24,24,24,24,24,24,24,24
0,1,220425,11,11,11,11,11,11,11,11,11,11
1,1,220425,0,0,0,0,0,0,0,0,0,0
0,1,220426,0,0,0,0,0,0,0,0,0,0
1,1,220426,0,0,0,0,0,0,0,0,0,0
0,1,220427,0,0,12,0,9,0,0,0,3,0
1,1,220427,0,0,0,0,0,0,0,0,0,0
0,1,220428,16,0,0,0,0,31,10,0,0,5
1,1,220428,0,0,0,0,0,0,0,0,0,0
1,1,220429,0,0,0,0,0,0,0,0,0,0
2,1,220429,0,0,0,0,0,0,0,0,0,0
1,1,220430,0,0,0,0,0,0,0,0,0,0
2,1,220430,0,0,0,0,0,0,0,0,0,0
1,1,220431,30,0,33,5,0,18,9,26,15,22
1,1,220432,16,16,16,16,16,16,16,16,16,16
0,1,220433,0,0,11,0,11,0,10,0,0,0
1,1,220433,2,2,2,2,2,2,2,2,2,2
1,1,220434,15,15,15,15,15,15,15,15,15,15
0,1,220435,29,0,0,11,7,3,0,13,23,9
1,1,220435,7,7,7,7,7,7,7,7,7,7
1,1,220436,0,0,0,0,0,0,0,0,0,0
1,1,220437,16,16,16,16,16,16,16,16,16,16
1,1,220438,8,8,8,8,8,8,8,8,8,8
2,1,220438,8,8,8,8,8,8,8,8,8,8
1,1,220439,0,0,24,0,28,6,15,16,0,26
1,1,220440,0,0,0,0,0,0,0,0,0,0
1,1,220441,30,30,30,30,30,30,30,30,30,30
2,1,220441,0,0,0,0,0,0,0,0,0,0
3,1,220441,0,0,0,0,0,0,0,0,0,0
1,1,220442,0,0,0,0,0,0,0,0,0,0
2,1,220442,0,0,0,0,0,0,0,0,0,0
1,1,220443,0,0,0,0,0,0,0,0,0,0
2,1,220443,0,0,0,0,0,0,0,0,0,0
1,1,220444,1,1,1,1,1,1,1,1,1,1
1,1,220445,36,36,36,36,36,36,36,36,36,36
1,1,220446,13,13,13,13,13,13,13,13,13,13
1,1,220447,0,9,9,0,5,0,2,14,0,0
1,1,220448,0,0,0,0,0,0,0,0,0,0
1,1,220449,0,0,0,0,0,0,0,0,0,0
1,1,220450,29,29,29,29,29,29,29,29,29,29
2,1,220450,0,0,0,0,0,0,0,0,0,0
0,1,220451,0,0,0,0,0,0,0,0,0,0
1,1,220451,0,0,0,0,0,0,0,0,0,0
1,1,220452,0,0,0,0,0,0,0,0,0,0
2,1,220452,12,12,12,12,12,12,12,12,12,12
1,1,220453,0,0,0,0,0,0,0,0,0,0
2,1,220453,0,0,0,0,0,0,0,0,0,20
1,1,220454,28,28,28,28,28,28,28,28,28,28
0,1,220455,0,9,22,8,8,0,17,15,0,24
1,1,220455,0,0,0,0,0,0,0,0,0,0
1,1,220456,0,0,0,0,0,0,0,0,0,0
2,1,220456,0,0,0,0,0,0,0,0,0,0
1,1,220457,0,0,0,0,18,0,0,0,0,0
1,1,220458,0,0,0,0,0,0,0,0,0,0
2,1,220458,0,0,0,0,0,0,0,0,0,0
1,1,220459,0,0,12,0,0,19,4,0,0,0
0,1,220460,0,0,0,0,0,0,0,0,0,0
1,1,220460,0,0,6,0,0,10,0,15,0,0
0,1,220461,0,0,26,5,16,0,19,17,0,38
1,1,220461,4,7,12,14,0,0,8,0,0,0
2,1,220461,0,0,4,0,0,0,0,0,0,0
1,1,220462,0,0,0,0,0,0,0,0,0,0
2,1,220462,0,0,0,0,0,0,0,0,0,0
1,1,220463,0,36,0,26,0,0,0,0,0,0
0,1,220464,0,0,0,0,0,0,0,0,0,0
0,2,220464,0,0,0,0,0,0,0,0,0,0
1,1,220464,0,0,0,0,0,0,0,0,0,0
0,1,220465,0,0,0,0,0,0,0,0,0,0
1,1,220465,8,2,20,6,16,26,17,7,0,5