VEH_NO,PER_NO,ST_CASE,P1,P2,P3,P4,P5,P6,P7,P8,P9,P10
1,1,220466,0,8,0,0,0,0,0,0,0,0
2,1,220466,0,0,0,0,0,0,0,0,0,0
1,1,220467,24,24,24,24,24,24,24,24,24,24
1,1,220468,0,0,0,0,0,0,0,0,0,0
2,1,220468,0,0,0,0,0,0,0,0,0,0
1,1,220469,0,0,0,0,0,0,0,0,0,0
2,1,220469,0,0,0,0,0,0,0,0,0,0
0,1,220470,34,34,34,34,34,34,34,34,34,34
1,1,220470,0,0,0,0,0,0,0,0,0,0
1,1,220471,15,13,8,4,16,9,7,8,19,6
1,1,220472,0,19,0,16,0,22,0,4,0,0
0,1,220473,0,0,0,0,0,0,0,0,0,0
1,1,220473,0,0,0,0,0,0,0,0,0,0
1,1,220474,23,23,23,23,23,23,23,23,23,23
2,1,220474,6,6,6,6,6,6,6,6,6,6
1,1,220475,10,10,10,10,10,10,10,10,10,10
0,1,220476,0,50,0,0,29,0,0,0,4,20
1,1,220476,0,0,0,0,0,0,0,0,0,0
0,1,220477,0,0,0,0,0,0,0,0,0,0
1,1,220477,0,0,0,0,0,0,0,0,0,0
1,1,220478,18,18,18,18,18,18,18,18,18,18
1,1,220479,0,0,0,0,0,0,15,0,10,0
2,1,220479,0,0,0,0,0,0,0,0,0,0
1,1,220480,0,0,0,0,0,0,0,0,0,0
1,1,220481,0,0,0,0,0,0,0,0,0,0
2,1,220481,4,4,4,4,4,4,4,4,4,4
1,1,220482,23,23,23,23,23,23,23,23,23,23
1,1,220483,0,0,0,0,0,0,0,0,0,0
2,1,220484,11,11,11,11,11,11,11,11,11,11
1,1,220485,0,0,0,0,0,0,0,0,0,0
2,1,220485,0,0,0,0,0,0,0,0,0,0
3,1,220485,0,0,0,0,0,0,0,0,0,0
1,1,220486,0,0,0,0,0,0,17,0,0,0
1,1,220487,0,0,0,0,0,0,0,0,0,0
2,1,220487,0,0,0,0,0,0,0,0,0,0
1,1,220488,0,0,0,0,0,0,0,0,0,0
1,1,220489,0,0,8,0,0,0,0,25,0,0
1,1,220490,17,23,19,26,17,23,30,32,18,12
1,1,220491,25,15,23,14,31,26,13,23,14,21
1,1,220492,0,0,0,0,0,0,0,0,0,0
2,1,220492,0,0,0,0,0,0,0,0,0,0
1,1,220493,8,24,16,17,28,11,11,12,15,16
2,1,220493,0,0,0,0,0,0,0,0,0,0
1,1,220494,0,0,0,0,0,0,0,0,0,0
1,1,220495,33,33,33,33,33,33,33,33,33,33
1,1,220496,12,12,12,12,12,12,12,12,12,12
1,1,220497,0,0,0,0,0,0,0,0,0,0
1,1,220498,0,0,0,0,0,0,0,0,0,0
2,1,220498,0,0,0,0,9,0,0,0,0,0
1,1,220499,0,0,0,12,25,10,0,0,28,18
2,1,220499,0,0,0,0,0,0,0,0,0,0
1,1,220500,10,15,0,13,16,31,0,12,23,29
1,1,220501,0,0,22,0,14,0,0,24,4,17
1,1,220502,0,22,0,15,0,0,0,0,0,12
1,1,220503,0,0,0,0,0,0,0,0,0,0
2,1,220503,0,0,0,0,0,0,0,0,0,0
1,1,220504,79,79,79,79,79,79,79,79,79,79
2,1,220504,0,0,0,0,0,0,0,0,0,0
1,1,220505,13,13,13,13,13,13,13,13,13,13
1,1,220506,3,3,3,3,3,3,3,3,3,3
2,1,220506,0,0,0,0,0,0,0,0,0,0
1,1,220507,0,0,0,0,0,0,0,0,0,0
2,1,220507,0,0,0,0,0,0,0,0,0,0
1,1,220508,0,0,0,0,16,21,0,0,0,0
2,1,220508,0,0,0,0,0,0,0,0,0,0
1,1,220509,16,21,13,11,30,16,36,17,22,14
2,1,220509,8,19,22,6,24,8,12,6,5,0
3,1,220509,0,0,0,0,0,0,0,0,0,13
1,1,220510,14,14,14,14,14,14,14,14,14,14
1,1,220511,19,19,19,19,19,19,19,19,19,19
1,1,220512,0,0,0,0,0,0,0,0,0,0
2,1,220512,0,0,0,0,0,0,0,0,0,0
1,1,220513,28,28,28,28,28,28,28,28,28,28
1,1,220514,20,20,20,20,20,20,20,20,20,20
1,1,220515,16,16,16,16,16,16,16,16,16,16
1,1,220516,0,0,0,0,0,0,0,0,0,0
2,1,220516,0,0,0,0,0,0,0,0,0,0
1,1,220517,0,0,0,0,0,0,0,0,0,0
1,1,220518,8,8,8,8,8,8,8,8,8,8
1,1,220519,9,9,9,9,9,9,9,9,9,9
1,1,220520,20,20,20,20,20,20,20,20,20,20
1,1,220521,0,0,0,0,0,0,0,0,0,0
2,1,220521,0,0,0,0,0,0,0,0,0,0
1,1,220522,0,0,0,0,0,0,0,0,0,0
1,1,220523,0,0,0,0,0,0,0,0,0,0
1,1,220524,0,0,0,0,0,0,0,0,0,0
2,1,220524,0,0,0,0,0,0,0,0,0,0
1,1,220525,23,23,23,23,23,23,23,23,23,23
0,1,220526,30,18,29,23,22,18,36,30,21,30
1,1,220526,0,0,0,0,0,0,0,0,0,0
1,1,220527,0,0,0,0,0,0,0,0,0,0
2,1,220527,0,0,0,0,0,0,0,0,0,0
1,1,220528,25,25,25,25,25,25,25,25,25,25
1,1,220529,41,25,11,27,20,0,17,14,20,27
2,1,220529,0,0,0,0,0,0,0,0,10,0
1,1,220530,10,10,10,10,10,10,10,10,10,10
1,1,220531,0,0,0,0,0,0,0,0,0,0
2,1,220531,0,0,0,0,0,0,0,0,0,0
1,1,220532,0,0,0,0,0,0,0,0,0,0
1,1,220533,0,0,0,0,0,0,0,0,0,0
0,1,220534,0,0,0,0,0,0,0,0,0,0
1,1,220534,6,6,6,6,6,6,6,6,6,6
0,1,220535,36,36,36,36,36,36,36,36,36,36
1,1,220535,0,0,0,0,0,0,0,0,0,0
1,1,220536,0,0,0,0,0,0,0,0,0,0
1,1,220537,11,14,12,0,11,0,18,0,13,0
2,1,220537,0,0,0,0,0,0,0,0,0,0
1,1,220538,0,0,0,0,0,0,0,0,0,0
2,1,220538,0,0,0,0,0,0,0,0,0,0
1,1,220539,0,0,23,0,12,10,0,0,29,0
0,1,220540,1,1,1,1,1,1,1,1,1,1
1,1,220540,36,0,16,0,8,0,10,9,10,0
0,1,220541,0,0,0,0,0,8,22,15,0,0
1,1,220541,12,0,36,0,0,0,0,6,0,4
1,1,220542,0,0,0,0,0,0,0,8,0,0
2,1,220542,0,0,0,0,0,0,0,0,0,0
1,1,220543,0,0,0,0,0,0,0,0,0,0
2,1,220543,0,0,0,0,0,0,0,0,0,0
1,1,220544,19,19,19,19,19,19,19,19,19,19
1,1,220545,0,0,0,0,0,0,0,0,0,0
2,1,220545,0,0,0,0,0,0,0,0,0,0
0,1,220546,0,0,0,0,0,0,0,0,0,14
1,1,220546,0,0,0,0,0,0,0,0,0,0
2,1,220546,0,0,0,0,0,0,0,0,0,0
1,1,220547,5,5,5,5,5,5,5,5,5,5
1,1,220548,0,0,0,0,0,0,0,0,0,0
1,1,220549,21,21,21,21,21,21,21,21,21,21
1,1,220550,16,16,16,16,16,16,16,16,16,16
1,1,220551,17,17,17,17,17,17,17,17,17,17
2,1,220551,4,4,4,4,4,4,4,4,4,4
3,1,220551,0,0,0,0,0,0,0,0,0,0
0,1,220552,0,0,9,0,0,0,0,0,6,0
1,1,220552,0,0,0,0,0,0,0,0,0,0
1,1,220553,0,0,0,0,0,0,0,0,0,0
1,1,220554,0,0,0,0,0,0,0,0,0,0
1,1,220555,0,0,0,0,0,0,0,0,0,0
2,1,220555,0,0,0,0,0,0,0,0,0,0
3,1,220555,0,0,0,0,0,0,0,0,0,0
1,1,220556,0,0,0,0,0,0,0,0,0,0
2,1,220556,0,0,0,0,0,0,0,0,0,0
1,1,220557,0,0,0,0,0,0,0,0,0,0
2,1,220557,0,0,0,0,0,0,0,0,0,0
1,1,220558,1,1,1,1,1,1,1,1,1,1
1,1,220559,17,17,17,17,17,17,17,17,17,17
1,1,220560,18,18,18,18,18,18,18,18,18,18
1,1,220561,16,16,16,16,16,16,16,16,16,16
0,1,220562,0,34,0,0,0,10,4,0,0,19
1,1,220562,22,9,0,0,0,20,15,0,0,10
1,1,220563,0,0,0,0,0,0,0,0,0,0
1,1,220564,22,22,22,22,22,22,22,22,22,22
1,1,220565,18,18,18,18,18,18,18,18,18,18
2,1,220565,0,0,0,0,0,0,0,0,0,0
1,1,220566,21,21,21,21,21,21,21,21,21,21
1,1,220567,9,9,9,9,9,9,9,9,9,9
1,1,220568,0,0,0,0,0,0,0,0,0,0
2,1,220568,0,0,0,0,0,0,0,0,0,0
0,1,220569,0,0,0,25,0,0,0,0,0,0
1,1,220569,0,0,0,12,0,0,0,17,0,0
1,1,220570,6,6,6,6,6,6,6,6,6,6
1,1,220571,0,0,0,0,0,0,0,0,0,0
2,1,220571,0,0,0,0,0,0,0,0,0,0
1,1,220572,0,0,0,0,0,0,0,0,0,0
1,1,220573,0,0,0,0,0,0,0,0,0,0
1,1,220574,30,23,18,0,30,36,15,22,20,21
2,1,220574,0,0,0,0,0,0,0,0,0,0
1,1,220575,0,0,0,0,0,0,0,0,0,0
2,1,220575,0,0,0,0,0,0,0,0,0,0
1,1,220576,0,0,0,0,0,0,0,0,0,0
2,1,220576,0,0,0,0,0,0,0,0,0,0
1,1,220577,6,26,0,16,16,18,28,22,19,0
1,1,220578,0,0,0,0,0,0,0,0,0,0
0,1,220579,0,0,0,0,0,0,0,0,0,0
2,1,220579,0,0,0,0,0,0,0,0,0,0
3,1,220579,0,0,0,0,0,0,0,4,0,0
4,1,220579,0,0,0,0,0,0,0,0,0,0
5,1,220579,0,0,0,0,0,0,0,0,0,0
1,1,220580,0,0,0,0,0,0,0,0,0,0
1,1,220581,0,13,0,0,0,0,23,0,0,0
0,1,220582,8,8,8,8,8,8,8,8,8,8
1,1,220582,0,0,0,0,14,0,0,8,10,0
0,1,220583,29,29,29,29,29,29,29,29,29,29
1,1,220583,0,0,0,0,0,0,0,0,0,0
1,1,220584,17,0,21,10,0,0,0,0,10,0
1,1,220585,0,0,0,0,0,0,0,0,5,19
1,1,220586,0,0,2,0,0,0,0,0,0,0
2,1,220586,0,0,0,0,0,0,0,0,0,0
3,1,220586,0,0,0,0,0,0,0,0,0,0
1,1,220587,16,16,16,16,16,16,16,16,16,16
1,1,220588,0,0,0,0,0,0,0,0,0,0
2,1,220588,0,0,0,0,0,0,0,0,0,0
1,1,220589,14,14,14,14,14,14,14,14,14,14
2,1,220589,0,0,0,0,0,0,0,0,0,0
1,1,220590,9,32,0,4,0,10,18,13,3,9
1,1,220591,20,20,20,20,20,20,20,20,20,20
2,1,220591,0,0,0,18,0,0,0,10,0,0
1,1,220592,6,6,6,6,6,6,6,6,6,6
2,1,220592,0,0,0,0,0,0,0,0,0,0
1,1,220593,0,0,0,0,0,0,0,0,0,0
2,1,220593,0,0,0,0,0,0,0,0,0,0
1,1,220594,0,0,0,0,0,0,0,0,0,0
0,1,220595,0,0,0,0,0,0,0,0,0,0
0,2,220595,0,0,0,0,0,0,0,0,0,0
1,1,220595,16,16,16,16,16,16,16,16,16,16
1,1,220596,14,0,17,10,0,0,0,9,27,23
0,1,220597,28,0,25,0,0,0,0,0,0,0
1,1,220597,0,0,0,0,0,0,0,0,0,0
1,1,220598,0,0,0,0,0,0,0,0,0,0
1,1,220599,0,0,0,0,0,0,0,0,0,0
1,1,220600,15,15,0,20,18,0,0,0,17,14
1,1,220601,0,0,0,0,0,0,0,0,0,0
1,1,220602,0,0,0,0,0,0,0,0,0,0
1,1,220603,0,0,0,0,0,0,0,0,0,0
2,1,220603,0,0,0,0,0,0,0,0,0,0
1,1,220604,7,7,7,7,7,7,7,7,7,7
1,1,220605,22,22,22,22,22,22,22,22,22,22
0,1,220606,27,27,27,27,27,27,27,27,27,27
1,1,220606,0,0,0,10,0,0,0,0,8,24
1,1,220607,0,5,0,0,7,21,0,0,0,0
2,1,220607,0,0,0,0,0,0,0,0,0,0
1,1,220608,26,26,26,26,26,26,26,26,26,26
2,1,220608,0,0,0,0,0,0,0,0,0,0
1,1,220609,11,11,11,11,11,11,11,11,11,11
1,1,220610,0,0,0,0,0,0,0,0,0,0
2,1,220610,0,0,0,0,0,0,0,0,0,0
1,1,220611,0,0,0,0,0,0,0,0,0,0
1,1,220612,0,0,0,0,0,0,0,0,0,0
2,1,220612,0,0,0,0,0,0,0,0,0,0
0,1,220613,0,0,0,0,0,0,0,0,0,0
1,1,220613,0,0,0,0,0,0,0,0,0,0
1,1,220614,0,0,0,0,0,0,0,0,0,0
2,1,220614,0,0,0,0,0,0,0,0,0,0
1,1,220615,17,17,17,17,17,17,17,17,17,17
1,1,220616,17,0,0,0,0,0,0,0,0,0
2,1,220616,0,0,0,0,0,0,0,0,0,0
3,1,220616,0,0,0,0,0,0,0,0,0,0
1,1,220617,17,17,17,17,17,17,17,17,17,17
1,1,220618,13,13,13,13,13,13,13,13,13,13
1,1,220619,0,0,0,0,0,0,0,0,0,0
2,1,220619,0,0,0,0,0,0,0,0,0,0
3,1,220619,0,0,0,0,0,0,0,0,6,0
1,1,220620,0,0,0,0,0,0,0,0,0,0
1,1,220621,0,0,12,0,15,0,0,0,6,17
2,1,220621,0,0,0,0,0,0,0,0,0,0
0,1,220622,19,7,0,0,33,0,17,35,15,0
1,1,220622,0,0,0,0,0,0,0,0,0,0
1,1,220623,0,0,14,0,0,0,0,0,0,0
2,1,220623,0,0,28,0,9,7,23,25,0,0
1,1,220624,29,29,29,29,29,29,29,29,29,29
1,1,220625,10,10,10,10,10,10,10,10,10,10
1,1,220626,9,9,9,9,9,9,9,9,9,9
2,1,220626,0,0,0,0,0,0,0,0,0,0
1,1,220627,0,0,0,0,0,0,0,0,0,0
1,1,220628,11,11,11,11,11,11,11,11,11,11
1,1,220629,0,0,0,0,0,0,0,0,0,0
2,1,220629,0,0,0,0,0,0,0,0,0,0
0,1,220630,0,0,0,0,0,0,0,0,0,0
1,1,220630,0,0,0,0,0,0,0,0,0,0
1,1,220631,0,0,0,0,0,0,0,0,0,0
2,1,220631,0,0,0,0,0,0,0,0,0,0
1,1,220632,7,7,7,7,7,7,7,7,7,7
2,1,220632,0,0,0,0,0,0,0,0,12,22
0,1,220633,0,16,0,0,0,0,0,10,0,0
1,1,220633,0,0,0,0,0,0,0,0,0,0
2,1,220633,0,0,0,0,0,0,0,0,0,0
0,1,220634,37,37,37,37,37,37,37,37,37,37
1,1,220634,0,0,5,0,0,0,0,0,0,0
1,1,220635,0,0,0,0,0,0,0,9,0,0
0,1,220636,0,0,0,0,0,0,0,0,0,0
1,1,220636,0,0,0,0,0,0,0,0,0,0
0,1,220637,13,13,13,13,13,13,13,13,13,13
1,1,220637,7,0,0,0,0,9,0,0,12,0
1,1,220638,24,24,24,24,24,24,24,24,24,24
0,1,220639,34,34,34,34,34,34,34,34,34,34
1,1,220639,0,0,0,0,0,0,0,0,0,0
1,1,220640,0,0,35,0,0,23,24,11,25,0
1,1,220641,0,0,0,0,0,0,0,0,0,0
0,1,220642,0,0,0,0,0,0,0,0,0,0
1,1,220642,0,0,9,9,0,0,8,0,14,10
1,1,220643,0,0,0,0,0,0,0,0,0,0
1,1,220644,0,0,2,10,0,0,0,20,0,20
1,1,220645,0,0,0,0,0,0,0,0,0,0
1,1,220646,0,0,0,0,0,0,0,0,0,0
2,1,220646,0,0,0,0,0,0,0,0,0,0
1,1,220647,0,0,0,8,0,0,0,0,0,0
2,1,220647,0,0,0,0,13,0,0,13,0,7
0,1,220648,16,8,0,19,0,0,0,0,0,0
1,1,220648,0,0,0,0,0,0,0,0,0,0
0,1,220649,0,0,14,22,0,30,23,0,0,49
1,1,220649,0,0,0,0,0,0,0,0,0,0
1,1,220650,23,23,23,23,23,23,23,23,23,23
1,1,220651,0,0,0,0,0,0,0,0,0,0
1,1,220652,0,0,0,0,0,0,0,0,0,0
2,1,220652,0,0,0,0,0,0,0,0,0,0
1,1,220653,18,18,18,18,18,18,18,18,18,18
2,1,220653,0,0,0,0,0,0,0,0,0,0
1,1,220654,5,5,5,5,5,5,5,5,5,5
2,1,220654,0,0,0,0,0,0,0,0,0,0
1,1,220655,0,0,0,0,0,0,0,0,0,0
2,1,220655,0,0,0,0,0,0,0,0,0,0
0,1,220656,13,0,10,0,0,28,15,11,0,0
1,1,220656,0,0,11,0,5,0,0,0,0,16
1,1,220657,17,17,17,17,17,17,17,17,17,17
2,1,220657,0,0,0,0,0,0,0,0,0,0
3,1,220657,0,0,0,0,0,0,0,0,0,0
1,1,220658,0,0,12,0,0,0,0,22,0,0
1,1,220659,0,0,0,0,0,0,0,0,0,0
2,1,220659,0,0,0,0,0,0,0,0,0,0
3,1,220659,0,0,0,0,0,0,0,0,0,0
4,1,220659,0,0,0,0,0,0,0,0,0,0
5,1,220659,0,0,0,0,0,0,0,0,0,0
1,1,220660,0,0,0,0,0,0,0,0,0,0
2,1,220660,0,0,0,0,0,0,0,0,0,0
1,1,220661,32,32,32,32,32,32,32,32,32,32
2,1,220661,15,18,0,6,0,0,0,0,7,0
3,1,220661,0,0,0,0,0,0,0,0,0,0
1,1,220662,0,0,0,0,0,0,0,0,0,0
1,1,220663,0,0,11,0,0,0,0,0,0,15
2,1,220663,0,0,0,0,0,0,0,0,0,0
1,1,220664,0,0,0,0,0,0,0,0,0,0
0,1,220665,0,0,0,0,0,0,23,0,0,0
1,1,220665,0,0,0,0,0,0,0,0,0,0
1,1,220666,18,18,18,18,18,18,18,18,18,18
1,1,220667,9,0,0,11,0,0,5,0,0,0
1,1,220668,0,28,0,0,8,0,7,0,0,0
2,1,220668,0,0,0,0,0,0,0,0,0,0
0,1,220669,21,0,12,16,11,18,0,0,29,14
1,1,220669,21,21,21,21,21,21,21,21,21,21
1,1,220670,0,0,0,0,0,0,0,26,22,0
1,1,220671,0,7,16,0,0,20,13,22,0,0
2,1,220671,0,0,0,0,7,0,0,0,0,0
1,1,220672,4,4,4,4,4,4,4,4,4,4
2,1,220672,0,0,0,0,0,0,0,0,0,0
0,1,220673,30,0,36,24,32,29,17,21,16,39
0,2,220673,0,0,0,0,0,0,0,0,0,0
1,1,220673,0,0,0,0,0,0,0,0,0,0
2,1,220673,0,0,0,0,0,0,0,0,0,0
1,1,220674,21,0,10,7,6,0,23,0,0,0
2,1,220674,0,0,0,0,0,0,0,0,0,0
1,1,220675,0,7,7,0,0,0,16,0,0,0
2,1,220675,0,0,0,0,0,0,0,0,0,0
1,1,220676,0,0,10,0,5,0,0,5,19,0
1,1,220677,11,11,11,11,11,11,11,11,11,11
2,1,220677,0,0,0,0,0,0,0,0,0,0
0,1,220678,0,0,0,0,0,0,0,0,0,0
1,1,220678,0,0,0,0,0,0,0,0,0,0
1,1,220679,0,0,0,0,0,0,0,0,0,0
2,1,220679,0,0,0,0,0,0,0,0,0,0
1,1,220680,0,0,0,0,0,0,0,0,0,0
2,1,220680,0,0,0,0,0,0,0,0,0,3
0,1,220681,18,18,18,18,18,18,18,18,18,18
1,1,220681,10,10,10,10,10,10,10,10,10,10
1,1,220682,0,10,3,0,3,0,26,0,0,22
2,1,220682,0,0,0,0,10,20,12,0,0,0
1,1,220683,0,0,0,0,0,0,0,0,0,0
2,1,220683,0,0,0,0,0,0,0,0,0,0
1,1,220684,16,16,16,16,16,16,16,16,16,16
0,1,220685,0,0,0,28,11,0,0,0,32,24
1,1,220685,0,0,0,0,0,0,0,0,0,0
1,1,220686,6,6,6,6,6,6,6,6,6,6
2,1,220686,0,0,0,0,0,18,0,9,0,14
1,1,220687,0,18,0,0,7,12,0,0,0,0
1,1,220688,0,0,0,0,0,0,0,0,0,0
1,1,220689,0,0,0,0,0,0,0,0,0,0
2,1,220689,0,0,0,0,0,0,0,0,0,0
1,1,220690,23,22,27,27,0,25,20,27,2,31
2,1,220690,0,0,0,0,0,0,0,0,0,0
1,1,220691,5,5,5,5,5,5,5,5,5,5
2,1,220691,0,0,0,0,0,0,0,0,0,0
0,1,220692,13,28,0,30,22,15,8,0,20,12
1,1,220692,0,0,0,0,0,0,0,0,0,0
2,1,220692,0,0,7,0,0,0,0,0,0,0
1,1,220693,0,0,0,0,0,0,0,0,0,0
1,1,220694,8,8,8,8,8,8,8,8,8,8
1,1,220695,20,20,20,20,20,20,20,20,20,20
1,1,220696,19,0,0,0,0,8,0,13,0,0
0,1,220697,19,20,5,29,9,16,23,0,13,29
1,1,220697,0,0,0,0,0,0,0,0,0,0
1,1,220698,23,23,23,23,23,23,23,23,23,23
2,1,220698,0,0,0,0,0,0,0,0,0,0
1,1,220699,0,0,0,0,0,0,0,0,0,0
2,1,220699,0,0,0,0,0,0,0,0,0,0
0,1,220700,11,0,0,0,0,0,0,0,0,0
1,1,220700,0,0,0,0,0,0,0,0,0,0
1,1,220701,16,12,0,0,9,15,8,32,0,6
1,1,220702,0,0,0,0,17,0,0,0,0,0
0,1,220703,0,0,0,0,0,0,0,0,0,0
1,1,220703,0,0,0,0,0,0,0,0,0,0
1,1,220704,30,30,30,30,30,30,30,30,30,30
2,1,220704,0,0,0,0,0,0,0,0,0,0
3,1,220704,12,12,12,12,12,12,12,12,12,12
1,1,220705,12,12,12,12,12,12,12,12,12,12
2,1,220705,0,0,0,0,0,0,0,0,0,0
1,1,220706,27,27,27,27,27,27,27,27,27,27
1,1,220707,15,15,15,15,15,15,15,15,15,15
1,1,220708,0,0,0,0,0,0,0,0,0,0
1,1,220709,18,18,18,18,18,18,18,18,18,18
1,1,220710,0,0,0,0,0,0,0,0,0,0
2,1,220710,0,0,0,0,0,0,0,0,0,0
1,1,220711,0,0,0,0,0,0,0,0,0,0
2,1,220711,0,0,0,0,0,0,0,0,0,0
1,1,220712,0,14,0,17,20,13,36,14,9,15
2,1,220712,0,0,0,0,0,0,0,0,0,0
1,1,220713,6,9,7,21,23,13,12,7,39,15
1,1,220714,0,15,0,12,29,12,21,0,0,16
1,1,220715,0,0,0,0,0,0,0,0,0,0
2,1,220715,0,0,0,0,0,0,0,0,0,0
1,1,220716,0,0,0,0,0,0,0,0,0,0
1,1,220717,0,0,0,0,0,0,0,0,2,17
0,1,220718,0,26,27,0,23,0,0,21,0,22
1,1,220718,0,0,0,0,0,0,0,0,0,0
1,1,220719,0,0,0,0,0,0,0,0,0,0
1,1,220720,0,0,0,0,0,0,0,0,10,0
1,1,220721,23,23,23,23,23,23,23,23,23,23
1,1,220722,0,0,0,0,0,0,0,0,0,0
0,1,220723,0,0,0,0,0,0,0,0,0,0
1,1,220723,0,0,0,0,0,0,0,0,0,0
1,1,220724,8,8,8,8,8,8,8,8,8,8
1,1,220725,0,0,0,0,0,0,0,0,0,0
2,1,220725,0,0,0,0,0,0,0,0,0,0
1,1,220726,0,11,0,0,33,25,20,0,0,0
2,1,220726,0,0,0,0,0,0,0,0,0,0
1,1,220727,11,17,0,0,0,36,24,0,0,25
2,1,220727,0,0,0,0,0,0,0,0,0,0
0,1,220728,0,0,0,14,16,32,23,0,0,0
1,1,220728,0,0,0,0,0,0,0,0,0,0
1,1,220729,1,1,1,1,1,1,1,1,1,1
2,1,220729,0,0,0,0,0,0,0,0,0,0
0,1,220730,0,0,10,0,5,0,0,0,0,0
1,1,220730,0,19,0,0,0,0,0,0,31,0
1,1,220731,0,0,17,0,43,0,0,0,0,0
2,1,220731,0,0,0,0,0,0,0,0,0,0
1,1,230001,8,8,8,8,8,8,8,8,8,8
1,1,230002,19,19,19,19,19,19,19,19,19,19
0,1,230003,0,0,0,0,0,0,0,0,0,0
1,1,230003,0,0,0,0,0,0,0,0,0,0
1,1,230004,4,4,4,4,4,4,4,4,4,4
1,1,230005,0,0,0,0,0,0,0,0,0,0
2,1,230005,0,0,0,0,0,0,0,0,0,0
3,1,230005,0,0,0,0,0,0,0,0,0,0
0,1,230006,0,0,0,0,0,0,0,0,0,0
1,1,230006,0,0,0,0,0,0,0,0,0,0
1,1,230007,0,0,0,0,0,0,0,0,0,0
2,1,230007,0,0,0,0,0,0,0,0,0,0
3,1,230007,0,0,0,0,0,0,0,0,0,0
1,1,230008,0,0,0,0,0,0,0,0,0,0
2,1,230008,0,0,0,0,0,0,0,0,0,0
1,1,230009,0,0,0,0,0,0,0,0,0,0
2,1,230009,0,0,0,0,0,0,0,0,0,0
3,1,230009,0,0,0,0,0,0,0,0,0,0
1,1,230010,2,2,2,2,2,2,2,2,2,2
2,1,230010,0,0,0,0,0,0,0,0,0,0
1,1,230011,14,14,14,14,14,14,14,14,14,14
1,1,230012,0,0,0,0,0,0,0,0,0,0
1,1,230013,0,0,0,0,0,0,0,0,0,0
2,1,230013,0,0,0,0,0,0,0,0,0,0
1,1,230014,13,13,13,13,13,13,13,13,13,13
2,1,230014,0,0,0,0,0,0,0,0,0,0
0,1,230015,0,0,0,0,0,0,0,0,0,0
1,1,230015,12,0,0,13,11,0,18,15,5,0
1,1,230016,0,0,0,0,0,0,0,0,0,0
2,1,230016,0,0,0,0,0,0,0,0,0,0
1,1,230017,0,0,0,0,0,0,0,0,0,0
2,1,230017,0,0,0,0,0,0,0,0,0,0
1,1,230018,0,0,0,0,0,0,0,0,0,0
2,1,230018,0,0,0,0,0,0,0,0,0,0
0,1,230019,0,0,0,0,0,0,0,0,0,0
1,1,230019,0,0,0,0,0,0,0,0,0,0
1,1,230020,0,0,0,0,0,0,0,0,0,0
2,1,230020,0,0,0,0,0,0,0,0,0,0
1,1,230021,0,0,0,0,0,0,0,0,0,0
2,1,230021,0,0,0,0,0,0,0,0,0,0
1,1,230022,0,0,0,0,0,0,0,0,0,0
1,1,230023,0,0,0,0,0,0,0,0,0,0
1,1,230024,0,0,0,0,0,0,0,0,0,0
2,1,230024,0,0,0,0,0,0,0,0,0,0
3,1,230024,0,0,0,0,0,0,0,0,0,0
1,1,230025,0,0,0,0,0,0,0,0,0,0
1,1,230026,0,0,0,0,0,0,0,0,0,0
1,1,230027,24,24,24,24,24,24,24,24,24,24
1,1,230028,0,0,0,0,0,0,0,0,0,0
1,1,230029,9,9,9,9,9,9,9,9,9,9
1,1,230030,0,0,0,0,0,0,0,0,0,0
2,1,230030,0,0,0,0,0,0,0,0,0,0
3,1,230030,0,0,0,0,6,0,0,0,0,0
1,1,230031,21,21,21,21,21,21,21,21,21,21
1,1,230032,0,0,0,0,0,0,0,0,0,0
1,1,230033,0,0,0,0,0,0,0,0,0,0
2,1,230033,0,0,0,0,0,0,0,0,0,0
1,1,230034,18,18,18,18,18,18,18,18,18,18
1,1,230035,0,0,0,0,0,0,0,0,0,0
1,1,230036,0,0,0,0,0,0,0,0,0,0
1,1,230037,23,23,23,23,23,23,23,23,23,23
1,1,230038,0,0,0,0,0,0,0,0,0,0
2,1,230038,0,0,0,0,0,0,0,0,0,0
3,1,230038,0,0,0,0,0,0,0,0,0,0
1,1,230039,21,21,21,21,21,21,21,21,21,21
2,1,230039,0,0,0,0,0,0,0,0,0,0
1,1,230040,0,0,0,0,0,0,0,0,0,0
1,1,230041,0,0,0,0,0,0,0,0,0,0
1,1,230042,2,2,2,2,2,2,2,2,2,2
1,1,230043,0,0,0,0,0,0,0,0,0,0
2,1,230043,0,0,0,0,0,0,0,0,0,0
1,1,230044,24,24,24,24,24,24,24,24,24,24
1,1,230045,24,24,24,24,24,24,24,24,24,24
2,1,230045,0,0,0,0,0,0,0,0,0,0
1,1,230046,19,19,19,19,19,19,19,19,19,19
1,1,230047,0,0,0,0,0,0,0,0,0,0
2,1,230047,0,0,0,0,0,0,0,0,0,0
1,1,230048,0,0,0,0,0,0,0,0,0,0
2,1,230048,0,0,0,0,0,0,0,0,0,0