VEH_NO,PER_NO,ST_CASE,P1,P2,P3,P4,P5,P6,P7,P8,P9,P10
1,1,230049,0,0,0,0,0,0,0,0,0,0
2,1,230049,0,0,0,0,0,0,0,0,0,0
3,1,230049,0,0,0,0,0,0,0,0,0,0
1,1,230050,0,0,0,0,0,0,0,0,0,0
2,1,230050,0,0,0,0,0,0,0,0,0,0
1,1,230051,4,0,0,9,17,0,0,0,0,0
1,1,230052,14,14,14,14,14,14,14,14,14,14
2,1,230052,0,0,0,0,0,0,0,0,0,0
1,1,230053,0,0,0,0,0,0,0,0,0,0
2,1,230053,0,0,0,0,0,0,0,0,0,0
1,1,230054,0,0,0,0,0,0,0,0,0,0
2,1,230054,0,0,0,0,0,0,0,0,0,0
1,1,230055,0,0,0,0,0,0,0,0,0,0
2,1,230055,0,0,0,0,0,0,0,0,0,0
1,1,230056,14,14,14,14,14,14,14,14,14,14
1,1,230057,0,0,0,0,0,0,0,0,0,0
2,1,230057,0,0,0,0,0,0,0,0,0,0
1,1,230058,0,0,0,0,0,0,0,0,0,0
1,1,230059,15,15,15,15,15,15,15,15,15,15
1,1,230060,0,0,0,0,0,0,0,0,0,0
2,1,230060,12,12,12,12,12,12,12,12,12,12
1,1,230061,0,0,0,0,0,0,0,0,0,0
2,1,230061,0,0,0,0,0,0,0,0,0,0
1,1,230062,0,0,0,0,0,0,0,0,0,0
2,1,230062,0,0,0,0,0,0,0,0,0,0
1,1,230063,12,12,12,12,12,12,12,12,12,12
1,1,230064,0,0,0,0,0,0,0,0,0,10
1,1,230065,17,17,17,17,17,17,17,17,17,17
1,1,230066,8,8,8,8,8,8,8,8,8,8
0,1,230067,28,28,28,28,28,28,28,28,28,28
1,1,230067,0,0,0,0,0,0,0,0,0,0
1,1,230068,0,0,0,0,0,0,0,0,0,0
2,1,230068,0,0,0,0,0,4,0,0,0,0
1,1,230069,0,0,0,0,0,0,0,0,0,0
1,1,230070,12,12,12,12,12,12,12,12,12,12
1,1,230071,17,17,17,17,17,17,17,17,17,17
1,1,230072,0,0,0,0,0,0,0,0,0,0
2,1,230072,0,0,0,0,0,0,0,0,0,0
1,1,230073,0,0,0,0,0,0,0,0,0,0
2,1,230073,0,0,0,0,0,0,0,0,0,0
1,1,230074,18,18,18,18,18,18,18,18,18,18
0,1,230075,13,13,13,13,13,13,13,13,13,13
1,1,230075,22,22,22,22,22,22,22,22,22,22
1,1,230076,0,0,0,0,0,0,0,0,0,0
1,1,230077,0,0,0,0,0,0,0,0,0,0
2,1,230077,0,0,0,0,0,0,0,0,0,0
1,1,230078,0,0,0,0,0,0,0,0,0,0
0,1,230079,0,0,0,0,0,0,0,0,0,0
1,1,230079,0,0,0,0,0,0,0,0,0,0
1,1,230080,0,0,0,0,0,0,0,0,0,0
2,1,230080,0,0,0,0,0,0,0,0,0,0
0,1,230081,0,0,0,0,0,0,0,0,0,0
1,1,230081,0,0,0,0,0,0,0,0,0,0
1,1,230082,0,0,0,0,0,0,0,0,0,0
1,1,230083,27,27,27,27,27,27,27,27,27,27
1,1,230084,20,20,20,20,20,20,20,20,20,20
1,1,230085,32,32,32,32,32,32,32,32,32,32
1,1,230086,6,6,6,6,6,6,6,6,6,6
1,1,230087,0,0,0,0,0,0,0,0,0,0
2,1,230087,0,0,0,0,0,0,0,0,0,0
1,1,230088,8,8,8,8,8,8,8,8,8,8
1,1,230089,11,11,11,11,11,11,11,11,11,11
0,1,230090,0,0,0,0,0,0,0,0,0,0
0,2,230090,0,0,29,15,0,0,0,0,0,0
0,3,230090,0,0,0,14,0,0,0,0,23,0
1,1,230090,23,23,23,23,23,23,23,23,23,23
1,1,230091,0,0,0,0,0,0,0,0,0,0
1,1,230092,0,0,0,0,0,0,0,0,0,0
1,1,230093,0,23,7,22,22,19,7,21,10,2
1,1,230094,0,0,0,0,0,0,0,0,0,0
2,1,230094,0,0,0,0,0,0,0,0,0,0
3,1,230094,0,0,0,0,0,0,0,0,0,0
1,1,230095,11,11,11,11,11,11,11,11,11,11
2,1,230095,0,0,0,0,0,0,0,0,0,0
1,1,230096,0,0,0,0,0,0,0,0,0,0
1,1,230097,0,0,0,0,0,0,0,0,0,0
2,1,230097,0,0,0,0,0,0,0,0,0,0
1,1,230098,0,0,0,0,0,0,0,0,0,0
2,1,230098,0,0,0,0,0,0,0,0,0,0
1,1,230099,29,29,29,29,29,29,29,29,29,29
1,1,230100,0,0,0,0,0,0,0,0,0,0
2,1,230100,0,0,0,0,0,0,0,0,0,0
1,1,230101,24,24,24,24,24,24,24,24,24,24
1,1,230102,8,8,8,8,8,8,8,8,8,8
1,1,230103,0,0,0,0,0,0,0,0,0,0
2,1,230103,0,0,0,0,0,0,0,0,0,0
1,1,230104,0,0,0,0,6,8,0,12,0,0
1,1,230105,22,22,22,22,22,22,22,22,22,22
1,1,230106,18,18,18,18,18,18,18,18,18,18
2,1,230106,0,0,0,0,0,0,0,0,0,0
1,1,230107,0,0,0,0,0,0,0,0,0,0
2,1,230107,0,0,0,0,0,0,0,0,0,0
1,1,230108,0,0,0,0,0,0,0,0,0,0
2,1,230108,0,0,0,0,0,0,0,0,0,0
1,1,230109,11,37,23,31,0,15,12,19,16,15
1,1,230110,0,0,0,0,0,0,0,0,0,0
2,1,230110,0,0,0,0,0,0,0,0,0,0
1,1,230111,0,0,0,0,0,0,0,0,0,0
2,1,230111,0,0,0,0,0,0,0,0,0,0
3,1,230111,0,0,0,0,0,0,0,0,0,0
1,1,230112,0,0,0,0,0,0,0,0,0,0
2,1,230112,0,0,0,0,0,0,0,0,0,0
1,1,230113,0,0,0,0,0,0,0,0,0,0
2,1,230113,8,8,8,8,8,8,8,8,8,8
1,1,230114,9,9,9,9,9,9,9,9,9,9
1,1,230115,20,20,20,20,20,20,20,20,20,20
2,1,230115,0,0,0,0,0,0,0,0,0,0
1,1,230116,0,0,0,0,0,0,0,0,0,0
2,1,230116,0,0,0,0,0,0,0,0,0,0
3,1,230116,0,0,0,0,0,0,0,0,0,0
4,1,230116,0,0,0,0,0,0,0,0,0,0
1,1,230117,0,0,0,0,0,0,0,0,0,0
1,1,230118,0,0,0,0,0,0,0,0,0,0
2,1,230118,0,0,0,0,0,0,0,0,0,0
1,1,230119,4,4,4,4,4,4,4,4,4,4
1,1,230120,0,0,0,0,0,0,0,0,0,0
2,1,230120,0,0,0,0,0,0,0,0,0,0
1,1,230121,14,14,14,14,14,14,14,14,14,14
1,1,230122,0,0,0,0,0,0,0,0,0,0
2,1,230122,0,0,0,0,0,0,0,0,0,0
1,1,230123,0,0,0,0,0,0,0,0,0,0
1,1,230124,0,0,0,0,0,0,0,0,0,0
1,1,230125,0,0,0,0,3,0,0,21,0,21
1,1,230126,16,16,16,16,16,16,16,16,16,16
1,1,230127,0,0,0,0,0,0,0,0,0,0
1,1,230129,15,15,15,15,15,15,15,15,15,15
2,1,230129,0,0,0,0,0,0,0,0,0,0
1,1,230130,0,0,0,0,0,0,0,0,0,0
1,1,230131,0,0,0,0,0,0,0,0,0,0
1,1,230132,0,0,0,0,0,0,0,0,0,0
2,1,230132,0,0,0,0,0,0,0,0,0,0
1,1,230133,0,0,0,0,0,0,0,0,0,0
2,1,230133,0,0,0,0,0,0,0,0,0,0
3,1,230133,0,0,0,0,0,0,0,0,0,0
1,1,230134,25,25,25,25,25,25,25,25,25,25
1,1,230135,0,0,0,0,0,0,0,0,0,0
2,1,230135,0,0,0,0,0,0,0,0,0,0
1,1,230136,0,0,0,0,0,0,0,0,0,0
2,1,230136,0,0,0,0,0,0,0,0,0,0
1,1,230137,0,0,0,0,0,0,0,0,0,0
0,1,230138,0,0,0,0,0,0,0,0,0,0
1,1,230138,0,0,0,0,0,0,0,0,0,0
1,1,230139,0,0,0,0,0,0,0,0,0,0
2,1,230139,0,0,0,3,0,0,0,0,0,0
1,1,230140,0,0,0,0,0,0,0,0,0,0
2,1,230140,0,0,0,0,0,0,0,0,0,0
1,1,230141,5,5,5,5,5,5,5,5,5,5
1,1,230142,0,0,0,0,0,0,0,0,0,0
2,1,230142,0,0,0,0,0,0,0,0,0,0
1,1,230143,0,0,0,0,0,0,0,0,0,0
2,1,230143,0,0,0,0,0,0,0,0,0,0
1,1,230144,0,0,0,0,0,0,0,0,0,0
2,1,230144,0,0,0,0,0,0,0,0,0,0
1,1,230145,0,0,0,0,0,0,0,0,0,0
1,1,230146,0,0,0,0,0,0,0,0,0,0
2,1,230146,0,0,0,0,0,0,0,0,0,0
1,1,230147,0,0,0,0,0,0,0,0,0,0
1,1,230148,0,0,0,0,0,0,0,0,0,0
2,1,230148,0,0,0,0,0,0,0,0,0,0
3,1,230148,0,0,0,0,0,0,0,0,0,0
1,1,230149,0,0,0,0,0,0,0,0,0,0
2,1,230149,0,0,0,0,0,0,0,0,0,0
1,1,230150,0,0,8,0,0,0,0,0,0,20
2,1,230150,0,0,0,0,0,0,0,0,0,0
1,1,230151,0,0,0,0,0,0,0,0,0,0
1,1,230152,0,0,0,0,0,0,0,0,0,0
1,1,230153,0,0,0,0,0,0,0,0,0,0
2,1,230153,0,0,0,0,0,0,0,0,0,0
0,1,230154,0,0,0,0,0,0,0,0,0,0
1,1,230154,0,0,0,0,0,0,0,0,0,0
1,1,240001,15,15,15,15,15,15,15,15,15,15
1,1,240002,0,0,0,0,0,0,0,0,0,0
1,1,240003,27,27,27,27,27,27,27,27,27,27
1,1,240004,10,10,10,10,10,10,10,10,10,10
2,1,240004,0,0,0,0,0,0,0,0,0,0
1,1,240005,0,0,0,0,0,0,0,0,0,0
0,1,240006,0,0,0,0,0,0,0,0,0,0
1,1,240006,0,10,30,11,0,0,0,11,0,0
0,1,240007,0,0,0,0,0,0,0,0,0,0
1,1,240007,0,0,0,0,0,0,0,0,0,0
1,1,240008,0,0,0,0,0,0,0,0,0,0
2,1,240008,0,0,0,0,0,0,0,0,0,0
1,1,240009,14,14,14,14,14,14,14,14,14,14
1,1,240010,0,0,0,0,0,0,0,0,0,0
1,1,240011,0,0,0,0,0,0,0,0,0,0
2,1,240011,0,0,0,0,0,0,0,0,0,0
0,1,240012,26,0,0,0,15,0,22,0,0,9
0,2,240012,1,1,1,1,1,1,1,1,1,1
1,1,240012,16,16,16,16,16,16,16,16,16,16
1,1,240013,0,0,0,0,0,0,0,0,0,0
2,1,240013,0,0,0,0,0,0,0,0,0,0
1,1,240014,0,0,0,0,0,0,0,0,0,0
1,1,240015,11,11,11,11,11,11,11,11,11,11
0,1,240016,1,1,1,1,1,1,1,1,1,1
0,2,240016,11,21,0,0,0,0,0,0,0,0
1,1,240016,0,0,0,0,0,0,0,0,0,0
1,1,240017,0,0,0,0,0,0,0,0,0,0
2,1,240017,0,0,0,0,0,0,0,0,0,0
1,1,240018,0,0,0,0,0,0,0,0,0,0
1,1,240019,0,0,0,0,0,0,0,0,0,0
1,1,240020,0,0,0,0,0,0,0,0,0,0
2,1,240020,0,0,0,0,0,0,0,0,0,0
3,1,240020,0,0,0,0,0,0,0,0,0,0
4,1,240020,14,0,0,0,0,0,0,0,0,0
1,1,240021,4,4,4,4,4,4,4,4,4,4
1,1,240022,0,0,0,0,0,0,0,0,0,0
1,1,240023,13,13,13,13,13,13,13,13,13,13
0,1,240024,13,13,13,13,13,13,13,13,13,13
1,1,240024,0,0,0,9,0,0,0,0,0,0
1,1,240025,1,1,1,1,1,1,1,1,1,1
2,1,240025,0,0,0,0,0,0,0,0,0,0
0,1,240026,0,0,0,0,0,0,0,0,0,0
1,1,240026,0,0,0,0,0,0,0,0,0,0
1,1,240027,5,0,0,0,0,0,0,0,10,0
1,1,240028,0,0,0,0,0,0,0,0,0,0
2,1,240028,0,0,0,0,0,0,0,0,0,0
1,1,240029,1,1,1,1,1,1,1,1,1,1
2,1,240029,13,13,13,13,13,13,13,13,13,13
1,1,240030,11,11,11,11,11,11,11,11,11,11
2,1,240030,0,0,0,0,0,0,0,0,0,0
1,1,240031,0,0,0,0,0,0,0,0,0,0
2,1,240031,0,0,0,0,0,0,0,0,0,0
3,1,240031,0,0,0,0,0,0,0,0,0,0
0,1,240032,14,14,14,14,14,14,14,14,14,14
1,1,240032,8,0,0,0,0,0,0,0,0,0
1,1,240033,0,0,0,0,0,0,0,0,0,0
2,1,240033,0,0,0,0,0,0,0,0,0,0
3,1,240033,0,0,0,0,0,0,0,0,0,0
1,1,240034,0,0,0,0,0,0,0,0,0,0
2,1,240034,0,0,0,0,0,0,0,0,0,0
3,1,240034,0,0,0,0,0,0,0,0,0,0
4,1,240034,0,0,0,0,0,0,0,0,0,0
5,1,240034,0,0,0,0,0,0,8,0,0,0
6,1,240034,0,0,0,0,0,0,0,0,11,0
7,1,240034,0,0,0,0,0,0,0,0,0,0
8,1,240034,0,8,0,0,0,0,0,0,0,0
9,1,240034,0,0,0,0,0,0,0,0,0,0
10,1,240034,0,0,0,0,0,0,0,0,0,0
11,1,240034,0,0,0,0,0,0,0,0,0,0
12,1,240034,0,0,0,0,0,0,0,0,0,0
13,1,240034,0,0,0,0,0,0,0,0,0,0
14,1,240034,0,0,0,0,0,0,0,0,0,0
15,1,240034,0,0,0,0,0,0,0,0,0,0
16,1,240034,0,0,0,0,0,0,0,0,0,0
17,1,240034,0,0,0,0,0,0,0,0,0,0
18,1,240034,0,0,2,0,0,12,0,0,0,0
19,1,240034,0,0,0,0,0,0,0,0,0,0
20,1,240034,0,0,0,0,0,0,0,0,0,0
21,1,240034,0,0,0,0,0,0,0,0,0,0
22,1,240034,0,0,0,0,0,0,0,0,0,0
23,1,240034,0,0,0,0,0,0,0,0,0,0
24,1,240034,0,0,0,0,0,0,0,0,0,0
25,1,240034,0,0,0,0,0,0,0,0,0,0
26,1,240034,7,0,0,0,0,0,0,0,0,0
27,1,240034,0,0,0,0,0,0,0,0,0,0
1,1,240035,0,0,0,0,0,0,0,16,0,0
2,1,240035,0,0,0,0,0,0,0,0,0,0
1,1,240036,0,0,0,0,0,0,0,0,0,0
1,1,240037,14,14,14,14,14,14,14,14,14,14
1,1,240038,25,25,25,25,25,25,25,25,25,25
1,1,240039,8,8,8,8,8,8,8,8,8,8
1,1,240040,0,0,0,0,0,0,0,0,0,0
1,1,240041,10,10,10,10,10,10,10,10,10,10
1,1,240042,0,0,0,0,0,0,0,0,0,0
1,1,240043,0,0,0,0,0,0,0,0,0,0
2,1,240043,0,0,0,0,0,0,0,0,0,0
1,1,240044,9,9,9,9,9,9,9,9,9,9
0,1,240045,0,0,0,0,0,0,0,0,0,0
1,1,240045,0,0,0,0,0,0,0,0,0,0
1,1,240046,0,0,0,0,0,0,0,0,0,0
2,1,240046,0,0,0,0,0,0,0,0,0,0
0,1,240047,0,0,0,0,0,0,0,0,0,0
1,1,240047,0,0,0,0,9,0,0,0,0,0
0,1,240048,0,0,0,0,0,0,0,0,0,0
1,1,240048,0,0,0,0,0,2,0,0,0,0
1,1,240049,0,0,16,6,12,0,16,20,20,16
2,1,240049,0,0,0,0,0,0,0,0,0,0
0,1,240050,29,29,29,29,29,29,29,29,29,29
1,1,240050,0,0,0,0,0,0,0,0,0,4
1,1,240051,0,0,0,0,0,0,0,0,0,6
2,1,240051,0,0,0,0,0,0,0,0,0,0
0,1,240052,17,17,17,17,17,17,17,17,17,17
1,1,240052,0,0,0,0,0,6,6,7,0,0
0,1,240053,1,1,1,1,1,1,1,1,1,1
1,1,240053,0,0,0,0,0,0,0,0,0,0
1,1,240054,0,0,0,0,0,0,0,0,0,0
2,1,240054,0,0,0,0,0,0,0,0,0,0
3,1,240054,0,0,0,0,0,0,0,0,0,0
1,1,240055,1,1,1,1,1,1,1,1,1,1
2,1,240055,0,0,0,0,0,0,0,0,0,0
1,1,240056,3,3,3,3,3,3,3,3,3,3
1,1,240057,9,9,9,9,9,9,9,9,9,9
2,1,240057,0,0,0,0,0,0,0,0,0,0
1,1,240058,23,23,23,23,23,23,23,23,23,23
2,1,240058,0,0,0,0,0,7,4,0,0,0
0,1,240059,0,0,0,0,0,0,0,0,0,0
1,1,240059,0,0,0,0,0,0,0,0,0,0
1,1,240060,0,0,0,0,0,0,0,0,0,0
1,1,240061,0,0,0,0,0,0,0,0,0,0
2,1,240061,0,0,0,0,0,0,0,0,0,0
1,1,240062,0,0,0,0,0,0,0,0,0,0
0,1,240063,0,0,0,0,0,0,0,0,0,0
1,1,240063,5,5,5,5,5,5,5,5,5,5
1,1,240064,0,0,0,0,0,0,0,0,0,0
1,1,240065,22,22,22,22,22,22,22,22,22,22
1,1,240066,23,23,23,23,23,23,23,23,23,23
1,1,240067,0,0,0,0,0,0,0,0,0,0
1,1,240068,0,0,0,0,0,0,0,0,0,0
1,1,240069,0,0,0,0,0,0,0,0,0,0
1,1,240070,0,0,0,0,0,0,0,0,0,0
2,1,240070,0,0,0,0,0,0,0,0,0,0
3,1,240070,0,0,0,0,14,0,0,0,0,0
4,1,240070,0,0,0,0,0,0,0,0,0,0
1,1,240071,0,0,0,0,0,0,3,0,0,0
2,1,240071,0,0,0,0,0,0,0,0,0,0
3,1,240071,0,0,0,0,0,0,0,0,0,0
1,1,240072,0,0,0,0,0,0,0,0,0,0
1,1,240073,0,0,0,0,0,0,0,0,0,0
1,1,240074,35,35,35,35,35,35,35,35,35,35
0,1,240075,0,0,0,0,0,0,0,0,0,0
1,1,240075,0,0,3,0,0,5,0,9,0,0
1,1,240076,0,0,0,0,0,0,0,0,0,0
0,1,240077,0,0,0,0,0,0,0,0,0,13
1,1,240077,0,0,0,0,0,0,0,0,0,0
1,1,240078,0,0,0,0,0,0,0,0,0,0
2,1,240078,0,0,0,0,0,0,0,0,0,0
0,1,240079,0,0,0,0,0,0,0,0,0,0
0,2,240079,0,0,0,0,0,0,0,0,0,0
1,1,240079,0,0,0,0,0,0,0,0,0,0
0,1,240080,0,0,0,0,0,0,0,0,0,0
1,1,240080,0,0,0,0,0,0,0,0,0,0
1,1,240081,0,0,0,0,11,0,0,0,0,0
2,1,240081,0,0,0,0,0,0,0,0,0,0
3,1,240081,0,0,0,0,0,0,0,0,0,0
1,1,240082,0,0,0,0,0,0,0,0,0,0
2,1,240082,5,5,5,5,5,5,5,5,5,5
1,1,240083,0,0,0,0,0,0,0,0,0,0
2,1,240083,0,0,0,0,0,0,0,0,0,0
1,1,240084,0,0,0,0,0,0,0,0,0,0
2,1,240084,6,0,0,0,0,0,0,0,0,0
1,1,240085,0,0,0,0,11,0,0,0,0,0
2,1,240085,0,0,0,0,0,0,5,0,0,0
0,1,240086,21,21,21,21,21,21,21,21,21,21
1,1,240086,0,0,0,0,0,0,0,0,0,0
0,1,240087,0,0,0,0,0,0,0,0,0,0
1,1,240087,0,0,0,0,0,0,0,0,0,0
2,1,240087,0,0,0,0,5,0,0,0,0,0
1,1,240088,0,0,0,0,0,0,0,0,0,0
1,1,240089,32,32,32,32,32,32,32,32,32,32
1,1,240090,17,17,17,17,17,17,17,17,17,17
1,1,240091,11,11,11,11,11,11,11,11,11,11
2,1,240091,0,0,0,0,0,0,0,0,0,0
1,1,240092,2,2,2,2,2,2,2,2,2,2
2,1,240092,0,0,0,0,0,0,0,0,0,0
1,1,240093,0,6,0,0,0,0,0,0,0,0
2,1,240093,0,0,0,0,0,0,0,0,0,0
1,1,240094,13,13,13,13,13,13,13,13,13,13
1,1,240095,0,0,0,0,0,0,0,0,0,0
1,1,240096,9,9,9,9,9,9,9,9,9,9
1,1,240097,0,0,0,0,0,0,0,0,0,0
1,1,240098,0,0,0,0,0,0,0,0,0,0
1,1,240099,0,0,0,0,0,0,0,0,0,0
1,1,240100,0,0,0,0,0,0,0,0,0,0
1,1,240101,14,14,14,14,14,14,14,14,14,14
2,1,240101,3,3,3,3,3,3,3,3,3,3
1,1,240102,19,19,19,19,19,19,19,19,19,19
1,1,240103,8,8,8,8,8,8,8,8,8,8
2,1,240103,0,0,0,0,0,0,0,0,0,0
1,1,240104,19,19,19,19,19,19,19,19,19,19
1,1,240105,14,14,14,14,14,14,14,14,14,14
1,1,240106,0,0,0,0,0,0,0,0,0,0
2,1,240106,0,0,0,0,0,0,0,0,0,0
1,1,240107,0,0,0,0,0,0,0,0,0,0
2,1,240107,0,0,0,0,0,0,0,0,0,0
1,1,240108,0,0,0,0,0,0,0,0,0,0
2,1,240108,0,0,0,0,0,0,0,0,0,0
1,1,240109,0,0,0,0,0,0,0,0,0,0
1,1,240110,0,0,0,0,0,0,0,0,0,0
1,1,240111,0,0,0,0,0,0,0,0,0,0
1,1,240112,0,0,0,0,0,0,0,0,0,0
2,1,240112,0,0,0,0,0,0,0,0,0,0
0,1,240113,0,0,0,0,0,0,0,0,0,0
0,2,240113,0,0,0,0,0,0,0,0,0,0
1,1,240113,0,0,0,0,0,0,0,0,0,0
1,1,240114,0,0,0,0,0,0,0,0,0,0
1,1,240115,2,2,2,2,2,2,2,2,2,2
1,1,240116,22,22,22,22,22,22,22,22,22,22
1,1,240117,23,23,23,23,23,23,23,23,23,23
1,1,240118,3,3,3,3,3,3,3,3,3,3
1,1,240119,2,2,2,2,2,2,2,2,2,2
0,1,240120,11,11,11,11,11,11,11,11,11,11
1,1,240120,9,0,0,0,0,0,0,0,0,0
1,1,240121,0,0,0,0,0,0,0,0,0,0
2,1,240121,0,0,0,0,0,0,0,0,0,0
0,1,240122,0,0,0,0,0,0,0,0,0,0
1,1,240122,0,0,0,0,0,20,0,13,0,0
1,1,240123,0,0,0,0,0,0,0,0,0,0
1,1,240124,0,0,0,0,0,0,0,0,0,0
2,1,240124,0,0,0,0,0,0,0,0,0,0
1,1,240125,12,12,12,12,12,12,12,12,12,12
2,1,240125,0,0,0,0,0,0,0,0,0,0
0,1,240126,0,0,0,0,0,0,0,0,0,0
1,1,240126,0,0,0,0,0,0,0,9,0,0
1,1,240127,0,0,0,0,0,0,0,0,0,0
2,1,240127,0,0,0,0,0,0,0,0,0,0
0,1,240128,10,10,10,10,10,10,10,10,10,10
1,1,240128,20,14,11,11,13,22,17,14,10,11
1,1,240129,6,6,6,6,6,6,6,6,6,6
2,1,240129,0,0,0,0,0,0,0,0,0,0
3,1,240129,0,0,0,0,0,0,0,0,0,0
4,1,240129,0,0,0,0,0,0,0,0,0,0
1,1,240130,0,0,0,0,0,0,25,0,0,0
2,1,240130,0,0,0,0,0,0,0,0,0,0
3,1,240130,0,0,0,0,0,0,0,0,0,0
0,1,240131,16,0,0,0,0,0,0,0,5,19
0,2,240131,0,0,0,0,0,0,8,0,0,0
0,3,240131,0,0,0,0,4,0,0,0,0,0
1,1,240131,15,15,15,15,15,15,15,15,15,15
1,1,240132,0,0,0,0,0,0,0,0,0,0
2,1,240132,0,0,0,0,0,0,0,0,0,0
0,1,240133,0,0,0,0,0,0,0,0,0,0
1,1,240133,0,0,0,0,0,0,0,0,0,0
1,1,240134,0,0,0,0,0,0,0,0,0,0
1,1,240135,0,0,0,0,0,0,0,0,0,0
2,1,240135,0,0,0,0,0,0,0,0,0,0
1,1,240136,12,12,12,12,12,12,12,12,12,12
1,1,240137,17,17,17,17,17,17,17,17,17,17
1,1,240138,0,0,0,0,0,0,0,0,0,0
1,1,240139,19,19,19,19,19,19,19,19,19,19
1,1,240140,2,2,2,2,2,2,2,2,2,2
1,1,240141,13,13,13,13,13,13,13,13,13,13
1,1,240142,21,21,21,21,21,21,21,21,21,21
1,1,240143,0,0,0,0,0,0,0,0,0,0
1,1,240144,29,29,29,29,29,29,29,29,29,29
1,1,240145,0,0,0,0,0,0,0,0,0,0
0,1,240146,15,15,15,15,15,15,15,15,15,15
1,1,240146,13,0,10,0,0,0,0,0,0,0
1,1,240147,0,0,0,0,0,13,0,5,0,0
1,1,240148,21,21,21,21,21,21,21,21,21,21
0,1,240149,0,0,0,0,0,0,0,0,0,0
1,1,240149,0,0,0,0,12,0,0,0,0,0
1,1,240150,0,0,0,0,0,0,0,0,0,0
1,1,240151,0,0,0,0,0,0,0,0,0,0
2,1,240151,0,0,0,0,0,0,0,0,0,0
1,1,240152,0,0,0,0,0,0,0,0,0,0
1,1,240153,0,0,0,0,0,0,0,0,0,0
2,1,240153,0,0,0,0,0,0,0,0,0,0
1,1,240154,0,0,0,0,0,0,0,0,0,0
0,1,240155,0,0,0,0,0,0,0,0,0,0
1,1,240155,0,0,0,0,0,0,0,0,0,0
1,1,240156,0,0,0,0,0,0,0,0,0,0
2,1,240156,0,0,0,0,0,0,0,0,0,0
1,1,240157,0,0,0,0,0,0,0,0,0,0
0,1,240158,0,15,0,10,0,0,0,0,0,0
1,1,240158,0,0,0,0,0,0,0,0,0,0
1,1,240159,36,36,36,36,36,36,36,36,36,36
1,1,240160,13,13,13,13,13,13,13,13,13,13
2,1,240160,0,0,0,14,0,0,0,0,0,0
0,1,240161,35,35,35,35,35,35,35,35,35,35
1,1,240161,27,0,3,10,0,8,0,22,0,8
1,1,240162,30,30,30,30,30,30,30,30,30,30
0,1,240163,9,9,9,9,9,9,9,9,9,9
0,2,240163,12,0,0,0,0,0,23,0,0,11
1,1,240163,6,0,0,0,11,0,0,8,0,0
1,1,240164,11,11,11,11,11,11,11,11,11,11
1,1,240165,0,0,0,0,0,0,0,0,0,0
1,1,240166,0,0,0,0,0,0,0,0,0,0
2,1,240166,0,0,0,0,0,0,0,0,0,0
1,1,240167,0,0,0,0,0,0,0,0,0,0
1,1,240168,0,0,0,0,0,0,0,0,0,0
2,1,240168,0,0,0,0,0,0,0,0,0,0
1,1,240169,10,10,10,10,10,10,10,10,10,10
2,1,240169,0,0,0,0,0,0,0,0,0,0
1,1,240170,0,0,0,0,0,0,0,0,0,0
2,1,240170,0,0,0,0,0,0,0,0,0,0
0,1,240171,0,0,0,0,0,0,0,0,0,0
1,1,240171,0,0,0,0,0,0,0,0,0,0
1,1,240172,18,18,18,18,18,18,18,18,18,18
1,1,240173,0,0,0,0,0,0,0,0,0,0
2,1,240173,0,0,0,0,0,0,0,0,0,0
1,1,240174,0,0,0,0,0,0,0,0,0,0
2,1,240174,0,0,0,0,0,0,0,0,0,0
1,1,240175,23,23,23,23,23,23,23,23,23,23
1,1,240176,0,0,0,0,0,0,0,0,0,0
1,1,240177,0,0,0,0,0,0,0,0,0,0
1,1,240178,0,0,0,0,0,0,0,0,0,0
2,1,240178,0,0,0,0,0,0,0,0,0,0
3,1,240178,0,0,0,0,0,0,0,0,0,0
4,1,240178,0,0,0,0,0,0,0,0,0,0
0,1,240179,25,25,25,25,25,25,25,25,25,25
1,1,240179,0,0,14,0,0,0,0,0,0,0
1,1,240180,0,0,0,0,0,0,0,0,0,0
2,1,240180,0,0,0,0,0,0,0,0,0,0
0,1,240181,22,22,22,22,22,22,22,22,22,22
1,1,240181,19,19,19,19,19,19,19,19,19,19
2,1,240181,18,18,18,18,18,18,18,18,18,18
0,1,240182,0,0,0,0,0,0,0,0,0,0
1,1,240182,0,0,0,0,0,0,0,0,0,0
1,1,240183,24,24,24,24,24,24,24,24,24,24
1,1,240184,13,13,13,13,13,13,13,13,13,13
1,1,240185,0,0,0,0,0,0,0,0,0,0
1,1,240186,0,0,0,0,0,0,0,0,0,0
2,1,240186,0,0,0,0,0,0,0,0,0,0
1,1,240187,0,0,11,0,20,0,19,0,0,0
2,1,240187,0,0,0,0,0,0,0,0,0,0
3,1,240187,0,0,0,0,0,0,0,0,0,0
1,1,240188,7,7,7,7,7,7,7,7,7,7
0,1,240189,15,15,15,15,15,15,15,15,15,15
1,1,240189,0,0,0,0,0,0,0,0,0,0
0,1,240190,0,0,0,0,0,0,0,0,0,0
1,1,240190,0,0,0,0,0,0,0,0,0,0
0,1,240191,0,0,0,0,0,0,0,0,0,0
1,1,240191,0,0,0,0,0,0,0,9,0,0
1,1,240192,5,5,5,5,5,5,5,5,5,5
2,1,240192,0,0,0,0,0,0,0,0,0,0
1,1,240193,29,29,29,29,29,29,29,29,29,29