VEH_NO,PER_NO,ST_CASE,P1,P2,P3,P4,P5,P6,P7,P8,P9,P10
1,1,240485,0,0,0,0,0,0,0,0,0,0
1,1,240486,0,0,0,0,0,0,0,14,0,0
2,1,240486,0,0,0,0,0,0,0,0,0,0
1,1,240487,0,0,0,0,0,0,0,0,0,0
2,1,240487,0,0,0,0,0,0,0,0,0,0
1,1,240488,0,0,0,0,0,0,0,0,0,0
2,1,240488,0,0,0,0,0,0,0,0,0,0
1,1,240489,6,6,6,6,6,6,6,6,6,6
1,1,240490,0,0,0,0,0,0,0,0,0,0
1,1,240491,20,15,8,0,0,0,0,0,0,0
2,1,240491,0,0,0,0,0,0,0,0,0,0
0,1,240492,0,0,0,0,0,0,0,0,0,0
1,1,240492,0,0,0,0,0,0,0,0,0,0
2,1,240492,0,0,2,0,0,0,0,0,0,4
3,1,240492,0,0,0,14,0,0,0,0,0,0
1,1,240493,0,0,0,0,0,0,0,0,0,0
1,1,240494,0,0,0,0,0,0,0,0,0,17
1,1,240495,0,0,0,0,0,0,0,0,0,0
2,1,240495,0,0,17,0,0,0,0,0,0,16
1,1,240496,0,0,0,0,0,0,0,0,0,0
0,1,240497,0,0,0,0,0,0,0,0,0,0
1,1,240497,0,0,0,0,0,0,0,0,0,0
1,1,240498,0,0,0,0,0,0,0,0,0,0
2,1,240498,0,0,0,0,12,0,0,6,0,0
1,1,240499,0,0,0,0,0,0,0,0,0,0
2,1,240499,0,0,0,0,0,0,0,0,0,0
0,1,240500,3,3,3,3,3,3,3,3,3,3
1,1,240500,18,0,0,0,0,0,0,0,0,0
1,1,240501,0,0,0,0,0,0,0,0,0,0
2,1,240501,0,0,0,0,0,0,0,0,0,0
0,1,240502,0,0,0,0,0,0,0,0,0,0
0,2,240502,26,0,30,0,0,0,13,0,0,22
1,1,240502,0,0,0,0,0,0,0,0,0,0
0,1,240503,0,0,0,0,0,0,0,0,0,0
1,1,240503,0,0,0,0,0,0,0,0,0,0
1,1,240504,27,27,27,27,27,27,27,27,27,27
1,1,240505,0,0,0,0,0,0,0,0,0,0
2,1,240505,2,0,0,0,0,0,0,0,0,0
1,1,240506,0,0,0,0,0,0,0,0,0,0
2,1,240506,0,0,0,0,0,0,0,10,0,0
0,1,240507,39,39,39,39,39,39,39,39,39,39
1,1,240507,25,0,13,0,0,11,0,0,10,0
0,1,240508,0,0,0,0,0,0,0,0,0,0
1,1,240508,0,0,0,0,0,0,0,0,0,0
2,1,240508,0,0,0,0,0,0,0,0,0,0
1,1,240509,0,0,0,0,0,12,0,0,0,0
2,1,240509,0,0,0,0,0,0,0,0,0,0
0,1,240510,0,0,0,0,0,0,0,0,0,0
1,1,240510,0,0,0,0,0,0,0,0,0,0
1,1,240511,0,0,0,0,0,0,0,0,0,0
2,1,240511,8,0,0,0,0,0,0,0,0,0
3,1,240511,0,0,0,0,0,0,0,0,0,0
0,1,240512,17,17,17,17,17,17,17,17,17,17
1,1,240512,10,10,10,10,10,10,10,10,10,10
1,1,240513,17,17,17,17,17,17,17,17,17,17
2,1,240513,0,0,0,0,0,0,0,0,0,0
1,1,240514,0,0,0,0,0,0,0,0,0,0
2,1,240514,0,0,0,0,0,0,0,0,0,0
1,1,240515,11,11,11,11,11,11,11,11,11,11
1,1,250001,0,0,0,0,0,0,0,0,0,0
1,1,250002,23,23,23,23,23,23,23,23,23,23
1,1,250003,34,34,34,34,34,34,34,34,34,34
0,1,250004,33,33,33,33,33,33,33,33,33,33
1,1,250004,0,0,0,0,0,0,0,0,0,0
1,1,250005,0,0,0,0,0,0,0,0,0,0
1,1,250006,27,27,27,27,27,27,27,27,27,27
1,1,250007,0,0,0,0,0,0,0,0,0,0
1,1,250008,21,0,21,0,0,0,0,16,0,0
1,1,250009,0,0,0,0,0,0,0,0,0,0
2,1,250009,0,0,0,0,0,0,0,0,0,0
1,1,250010,21,21,21,21,21,21,21,21,21,21
2,1,250010,0,0,0,8,0,0,33,0,0,0
3,1,250010,0,0,0,0,0,0,0,4,0,17
1,1,250011,24,24,24,24,24,24,24,24,24,24
2,1,250011,0,0,0,0,0,0,0,0,0,0
1,1,250012,0,0,0,0,0,0,0,0,0,0
1,1,250013,0,0,0,0,0,0,0,0,0,0
2,1,250014,0,0,0,0,12,0,0,0,0,0
0,1,250015,9,9,9,9,9,9,9,9,9,9
1,1,250015,0,0,0,0,0,0,0,0,0,0
1,1,250016,5,5,5,5,5,5,5,5,5,5
2,1,250016,0,0,16,0,14,0,0,12,0,0
1,1,250017,0,0,0,0,0,0,0,0,0,0
2,1,250017,33,33,33,33,33,33,33,33,33,33
1,1,250018,3,28,25,23,30,29,19,14,8,6
1,1,250019,0,0,0,0,3,0,0,0,0,0
2,1,250019,0,5,0,0,0,0,0,0,0,0
1,1,250020,21,21,21,21,21,21,21,21,21,21
1,1,250021,0,0,0,0,0,0,0,0,0,0
1,1,250023,0,0,0,0,0,10,0,0,0,0
2,1,250023,5,5,5,5,5,5,5,5,5,5
1,1,250024,15,15,15,15,15,15,15,15,15,15
1,1,250025,17,0,0,0,0,0,6,5,0,0
1,1,250026,0,0,0,0,0,20,0,0,0,0
2,1,250026,0,0,0,0,0,0,0,0,0,0
1,1,250027,16,16,16,16,16,16,16,16,16,16
1,1,250028,0,0,0,0,0,0,0,0,0,0
0,1,250029,0,0,0,0,0,0,0,0,0,0
0,1,250030,0,0,0,0,0,0,0,0,0,0
0,2,250030,0,0,0,0,0,0,0,0,0,0
0,3,250030,0,0,0,0,0,0,0,0,0,0
0,4,250030,0,0,0,0,0,0,0,0,0,0
1,1,250030,0,0,0,0,14,0,0,0,0,0
1,1,250032,0,0,0,0,0,0,0,0,0,0
1,1,250033,0,0,0,0,0,0,0,0,0,0
2,1,250033,2,20,8,23,13,7,6,29,0,15
1,1,250034,13,26,21,0,17,12,3,25,14,26
0,1,250035,0,0,0,0,0,0,0,0,0,0
1,1,250035,0,0,9,0,0,0,0,0,14,0
2,1,250035,0,13,8,8,0,0,0,0,0,0
1,1,250036,0,0,0,0,0,0,0,0,0,0
2,1,250036,0,0,0,0,0,0,0,0,0,0
1,1,250037,18,18,18,18,18,18,18,18,18,18
1,1,250038,13,0,0,0,0,4,5,0,0,0
1,1,250039,24,24,24,24,24,24,24,24,24,24
1,1,250040,0,0,0,0,0,0,0,0,0,0
2,1,250040,0,0,13,0,9,0,0,0,13,0
1,1,250041,0,0,0,0,0,0,0,0,0,0
2,1,250041,0,0,0,0,0,0,0,0,0,0
1,1,250042,0,0,0,0,0,0,0,0,0,0
2,1,250042,0,0,0,0,0,0,0,0,0,0
1,1,250043,0,0,0,0,0,0,0,0,0,0
2,1,250043,0,0,0,0,0,0,0,0,0,0
1,1,250044,0,0,5,0,0,0,0,0,23,0
2,1,250044,0,0,0,0,0,0,0,0,0,0
1,1,250045,0,18,0,0,0,0,0,0,0,0
1,1,250046,25,25,25,25,25,25,25,25,25,25
1,1,250047,0,0,0,0,0,0,0,0,0,18
2,1,250047,0,0,0,0,0,0,0,0,0,0
3,1,250047,5,0,0,0,0,0,0,0,0,0
4,1,250047,0,0,0,0,0,6,0,0,0,0
0,1,250048,0,26,0,0,0,51,0,0,0,0
1,1,250048,0,0,0,0,0,0,0,0,0,26
1,1,250049,0,0,0,0,0,18,0,0,0,0
1,1,250050,0,0,0,0,0,0,0,0,0,0
2,1,250050,0,0,0,0,15,0,10,0,0,0
3,1,250050,0,0,0,0,0,0,0,0,0,0
4,1,250050,0,0,7,20,0,0,0,0,0,0
1,1,250051,4,4,4,4,4,4,4,4,4,4
2,1,250051,0,0,0,0,0,0,0,0,0,0
3,1,250051,16,5,0,4,0,17,0,0,0,23
4,1,250051,0,9,0,0,0,0,0,0,0,10
0,1,250052,0,4,0,0,0,0,0,0,0,0
1,1,250052,21,0,0,0,0,14,0,14,0,0
1,1,250053,0,25,0,24,6,0,0,0,0,0
1,1,250054,17,18,5,17,12,16,16,0,17,0
1,1,250055,7,7,7,7,7,7,7,7,7,7
1,1,250056,0,0,0,0,0,0,0,0,0,0
1,1,250057,0,0,0,0,0,0,0,0,0,0
1,1,250058,8,0,11,32,12,0,19,11,0,0
1,1,250059,0,0,0,9,0,26,37,15,9,0
1,1,250060,24,24,24,24,24,24,24,24,24,24
1,1,250061,0,0,9,0,0,6,0,15,22,0
1,1,250062,0,0,0,0,0,0,0,0,0,0
1,1,250063,0,0,0,0,0,0,0,0,0,0
2,1,250063,0,0,0,0,0,0,0,0,0,0
1,1,250064,7,15,18,4,10,23,20,13,20,15
1,1,250065,0,15,0,0,0,15,0,0,14,0
0,1,250066,0,0,0,0,0,0,0,0,0,0
1,1,250066,0,0,0,0,8,0,0,0,0,0
1,1,250067,18,15,23,16,21,25,16,14,14,19
2,1,250067,25,25,25,25,25,25,25,25,25,25
1,1,250068,0,0,0,0,0,0,0,0,0,0
1,1,250069,0,18,16,0,0,0,0,0,19,19
2,1,250069,0,0,0,0,0,0,0,0,0,0
1,1,250070,0,18,0,0,0,0,0,0,0,0
2,1,250070,31,0,0,0,0,0,0,0,0,0
1,1,250071,18,23,0,16,23,21,27,0,0,18
1,1,250072,0,0,0,0,0,0,0,0,0,0
2,1,250072,0,0,0,0,0,0,0,0,0,0
1,1,250073,0,0,0,13,0,0,6,0,0,10
1,1,250074,0,0,0,0,0,0,0,0,0,0
1,1,250075,0,0,0,0,0,0,0,0,0,0
2,1,250075,0,0,0,0,0,0,0,0,0,0
1,1,250076,0,18,0,0,0,0,0,5,0,0
1,1,250077,14,0,0,25,0,19,0,11,24,0
1,1,250078,0,0,0,0,0,0,0,0,0,0
2,1,250078,14,0,0,0,0,0,0,0,4,0
1,1,250079,0,0,0,0,0,19,0,0,0,4
2,1,250079,0,0,0,0,0,0,0,0,0,0
1,1,250080,11,11,11,11,11,11,11,11,11,11
1,1,250081,19,19,19,19,19,19,19,19,19,19
2,1,250081,0,0,0,0,0,0,0,0,6,0
1,1,250082,0,0,0,0,0,0,0,16,29,0
2,1,250082,0,0,0,0,0,0,0,0,0,0
3,1,250082,0,0,0,0,0,0,0,0,0,0
4,1,250082,0,15,19,0,0,0,0,0,0,0
1,1,250083,18,18,18,18,18,18,18,18,18,18
1,1,250084,0,0,33,0,0,0,0,0,0,0
3,1,250084,0,0,0,0,0,0,0,0,0,0
1,1,250085,0,0,0,0,0,0,0,0,0,0
1,1,250086,0,0,0,0,0,0,0,0,0,0
1,1,250087,0,18,0,0,48,0,0,25,0,0
1,1,250088,13,13,13,13,13,13,13,13,13,13
1,1,250089,0,0,0,0,0,0,0,0,0,0
1,1,250090,0,0,0,0,0,0,0,0,0,0
1,1,250091,0,0,0,0,0,0,0,0,0,0
1,1,250092,8,16,15,0,10,22,0,13,18,0
1,1,250093,28,28,28,28,28,28,28,28,28,28
1,1,250094,0,0,22,0,0,0,0,0,0,11
2,1,250094,0,0,0,0,0,0,0,0,0,0
0,1,250095,0,0,0,0,0,0,0,0,11,22
1,1,250095,0,0,0,4,7,0,0,7,0,0
0,1,250096,0,0,0,0,0,0,0,0,0,0
0,2,250096,0,0,0,0,0,0,6,0,0,0
1,1,250096,0,23,13,11,0,5,0,10,0,12
1,1,250097,0,20,0,0,22,0,0,0,12,6
2,1,250097,7,14,11,8,6,5,10,4,0,0
1,1,250098,0,0,0,0,0,0,0,0,0,0
2,1,250098,0,0,0,0,0,0,0,0,0,8
1,1,250099,0,0,0,0,0,0,0,0,0,0
2,1,250099,0,0,0,0,0,0,0,0,0,0
1,1,250100,0,0,0,0,0,0,0,0,0,0
2,1,250100,0,0,0,0,0,0,0,0,0,0
1,1,250101,0,0,0,0,0,0,0,0,0,0
2,1,250101,0,0,0,0,0,18,0,5,0,0
1,1,250102,0,0,0,0,0,0,0,0,0,0
2,1,250102,0,0,0,0,0,0,0,0,0,0
1,1,250103,17,0,0,0,0,3,0,19,8,0
2,1,250103,0,8,0,0,0,20,17,0,0,0
1,1,250104,0,0,0,0,0,0,0,0,0,0
2,1,250104,0,0,8,0,0,0,0,0,0,0
3,1,250104,0,0,0,0,18,0,0,0,0,0
1,1,250105,7,7,7,7,7,7,7,7,7,7
2,1,250105,0,0,0,0,0,0,0,0,0,17
3,1,250105,0,0,14,12,16,7,0,0,0,0
4,1,250105,0,0,0,0,0,0,11,5,0,7
5,1,250105,0,0,0,0,0,0,0,0,0,0
1,1,250106,0,0,0,0,0,0,0,0,0,0
2,1,250106,0,0,0,0,0,0,0,0,0,0
1,1,250107,13,13,13,13,13,13,13,13,13,13
1,1,250108,0,11,0,0,0,11,0,7,0,8
2,1,250108,0,0,0,0,0,0,0,0,0,0
0,1,250109,0,0,0,0,0,0,0,0,0,0
1,1,250109,0,0,0,0,0,0,0,0,0,0
1,1,250110,0,0,0,0,0,0,0,0,0,0
1,1,250111,16,0,18,16,0,30,19,35,0,0
1,1,250113,2,2,2,2,2,2,2,2,2,2
1,1,250114,7,7,7,7,7,7,7,7,7,7
1,1,250115,0,0,28,0,21,17,0,16,0,0
1,1,250116,16,22,18,27,0,0,0,0,12,29
1,1,250117,0,9,0,0,0,0,0,0,0,0
1,1,250118,0,0,0,0,0,0,0,0,0,0
1,1,250119,0,38,0,28,15,0,0,8,9,0
1,1,250120,12,12,12,12,12,12,12,12,12,12
1,1,250121,19,19,10,20,14,7,3,26,10,14
1,1,250122,0,0,0,0,0,0,0,0,0,0
2,1,250122,0,0,0,0,0,0,0,0,0,0
0,1,250123,0,0,0,0,0,0,0,0,0,0
1,1,250123,0,0,0,0,0,0,0,0,0,0
1,1,250124,0,0,13,0,0,0,7,0,0,3
2,1,250124,0,0,0,0,0,0,0,0,0,0
1,1,250125,0,0,0,0,0,0,0,0,0,0
2,1,250125,0,0,0,0,0,0,0,0,0,0
3,1,250125,5,0,0,0,0,12,0,0,0,0
1,1,250127,0,0,0,0,0,0,0,0,0,22
2,1,250127,0,0,0,0,0,0,0,0,0,0
1,1,250128,14,0,0,0,0,0,0,0,0,0
2,1,250128,0,0,0,0,0,0,0,0,0,0
1,1,250129,0,0,0,2,0,0,0,0,0,0
2,1,250129,0,0,0,0,0,0,0,0,0,0
1,1,250130,0,0,0,0,0,0,0,0,0,0
0,1,250131,6,6,6,6,6,6,6,6,6,6
1,1,250131,0,0,0,0,0,0,0,0,0,0
1,1,250132,10,0,0,11,0,0,0,0,0,0
1,1,250133,0,0,0,0,0,0,0,0,0,0
0,1,250134,3,3,3,3,3,3,3,3,3,3
1,1,250134,0,0,0,0,0,0,0,0,0,0
1,1,250135,6,27,26,15,17,23,23,7,0,17
0,1,250136,0,0,0,0,0,0,0,0,0,0
1,1,250136,0,0,0,0,0,0,0,0,0,0
1,1,250137,0,0,0,11,15,0,0,0,0,21
1,1,250138,0,0,0,0,0,0,0,0,0,0
1,1,250139,7,0,0,0,0,0,0,0,0,0
2,1,250139,0,16,0,7,0,0,0,9,0,0
1,1,250140,10,10,20,13,10,6,17,0,10,17
0,1,250141,0,0,0,0,0,0,0,0,0,13
1,1,250141,0,0,0,0,0,0,0,0,0,0
1,1,250142,0,0,0,0,0,0,0,0,0,0
2,1,250142,0,0,0,0,0,0,0,0,0,0
1,1,250143,0,0,0,0,0,0,0,0,0,0
2,1,250143,0,11,12,0,0,0,0,11,0,0
1,1,250144,0,0,0,0,0,0,0,0,0,0
2,1,250144,0,0,0,0,0,0,0,0,0,0
1,1,250145,0,0,0,0,13,2,0,18,0,8
1,1,250146,0,0,0,0,0,0,12,0,0,0
2,1,250146,0,0,0,0,0,0,0,0,0,0
1,1,250147,0,0,0,0,0,0,0,0,7,0
2,1,250147,0,0,0,0,0,0,0,0,0,0
1,1,250148,18,18,18,18,18,18,18,18,18,18
2,1,250148,0,0,0,0,0,0,0,0,0,0
1,1,250149,0,0,9,0,0,0,0,0,0,7
2,1,250149,0,0,0,0,0,0,0,0,0,0
1,1,250150,0,0,0,0,0,0,0,0,0,0
2,1,250150,0,0,0,0,0,0,0,0,0,0
0,1,250151,16,0,0,0,0,0,0,0,0,17
1,1,250151,0,0,0,0,0,0,0,0,0,0
0,1,250152,0,0,0,0,0,0,0,0,0,0
0,2,250152,0,0,0,0,4,0,0,0,0,0
1,1,250152,0,0,0,0,0,0,0,0,0,0
1,1,250153,0,0,0,0,12,0,0,0,0,0
2,1,250153,0,0,0,0,0,0,0,0,0,0
0,1,250154,0,0,0,0,0,0,0,0,0,0
1,1,250154,0,0,0,0,0,0,0,0,0,0
1,1,250155,16,16,16,16,16,16,16,16,16,16
1,1,250156,0,0,0,0,19,0,0,0,0,0
1,1,250157,23,23,23,23,23,23,23,23,23,23
1,1,250158,11,11,11,11,11,11,11,11,11,11
1,1,250159,18,21,17,21,14,12,9,8,29,8
1,1,250160,15,15,15,15,15,15,15,15,15,15
0,1,250162,0,0,0,0,0,0,0,0,0,0
1,1,250162,0,0,0,0,0,0,0,0,0,0
0,1,250163,16,0,0,0,0,0,0,0,0,24
1,1,250163,0,0,0,0,0,0,0,0,0,0
1,1,250164,0,0,0,0,0,0,0,0,0,0
0,1,250165,0,0,0,0,0,0,0,0,0,0
1,1,250165,0,0,0,16,0,0,0,0,8,0
1,1,250166,16,16,16,16,16,16,16,16,16,16
1,1,250168,0,0,0,0,0,0,0,0,0,0
1,1,250169,0,0,16,0,0,0,0,0,0,0
2,1,250169,0,0,0,0,0,0,0,0,0,0
1,1,250171,10,0,23,0,4,0,0,0,0,0
2,1,250171,24,24,24,24,24,24,24,24,24,24
1,1,250172,0,0,0,0,0,0,0,0,0,0
2,1,250172,0,0,0,0,0,0,0,0,0,0
1,1,250173,0,0,0,0,0,0,0,0,0,0
2,1,250173,0,0,0,0,0,0,0,0,0,0
1,1,250174,5,5,5,5,5,5,5,5,5,5
2,1,250174,12,0,0,0,14,0,0,0,0,0
1,1,250175,0,12,0,0,0,26,22,0,19,0
2,1,250175,12,8,0,0,0,0,0,0,0,0
0,1,250176,0,0,0,0,0,0,0,0,0,0
0,2,250176,0,0,0,0,0,0,0,0,0,0
1,1,250176,10,0,8,0,0,0,0,0,0,0
0,1,250177,11,11,11,11,11,11,11,11,11,11
1,1,250177,0,11,7,0,8,0,0,0,0,15
1,1,250178,0,0,14,0,0,0,0,0,5,0
0,1,250179,0,0,0,0,0,0,0,0,0,0
1,1,250179,0,0,0,0,0,0,0,0,0,0
0,1,250180,0,0,0,0,0,0,0,0,0,0
1,1,250180,0,0,0,0,0,0,0,0,0,0
2,1,250180,0,0,0,0,0,0,0,0,0,0
1,1,250181,0,0,0,0,0,0,0,0,0,0
1,2,250182,20,0,13,20,22,22,7,16,20,0
1,1,250183,0,0,0,0,0,6,0,0,0,0
1,1,250184,7,5,31,23,0,15,35,0,20,11
1,1,250185,0,0,0,0,0,0,0,0,0,0
1,1,250186,7,11,0,6,10,5,17,19,23,0
1,1,250187,0,0,0,0,0,0,0,0,0,0
1,1,250188,2,2,2,2,2,2,2,2,2,2
1,1,250189,10,16,19,8,21,13,5,16,20,23
0,1,250190,11,11,11,11,11,11,11,11,11,11
1,1,250190,5,0,0,0,0,18,0,0,0,0
1,1,250191,7,9,0,0,0,0,0,9,0,18
0,1,250192,0,0,0,0,0,0,0,0,0,0
1,1,250192,0,0,0,21,0,0,0,14,0,0
1,1,250193,10,0,0,33,0,0,0,0,31,0
0,1,250194,0,0,0,0,0,0,0,0,0,0
1,1,250194,0,0,0,0,0,0,0,0,0,0
1,1,250195,0,0,0,0,0,0,0,0,0,0
1,1,250196,0,0,0,0,0,9,0,10,0,0
2,1,250196,0,0,0,0,0,0,0,0,0,0
0,1,250197,2,2,2,2,2,2,2,2,2,2
1,1,250197,12,0,2,18,19,12,17,17,10,13
1,1,250198,0,7,10,0,0,19,0,0,11,12
1,1,250199,0,0,0,0,0,0,0,0,0,0
2,1,250199,0,0,0,0,0,0,0,0,0,0
0,1,250200,0,0,0,0,0,0,0,0,0,0
1,1,250200,3,0,0,0,0,0,0,0,0,0
1,1,250201,3,3,3,3,3,3,3,3,3,3
1,1,250202,21,12,26,0,0,16,12,11,0,10
0,1,250203,0,0,0,0,0,0,0,0,0,0
1,1,250203,0,0,6,0,0,0,0,0,0,0
1,1,250204,0,0,0,0,0,0,0,0,0,0
1,1,250205,12,19,29,16,5,10,19,3,7,14
1,1,250206,0,0,0,0,0,0,0,0,0,0
1,1,250207,0,0,0,0,0,21,0,0,0,0
0,1,250208,23,23,23,23,23,23,23,23,23,23
1,1,250208,0,0,0,0,0,0,0,0,0,0
1,1,250209,0,0,0,0,0,0,0,0,0,0
0,1,250210,0,0,0,0,0,0,0,0,0,0
1,1,250210,0,25,0,28,12,28,12,6,0,11
1,1,250211,0,0,0,0,0,0,0,0,0,0
1,1,250212,9,0,15,0,16,24,0,0,0,0
1,1,250213,0,0,0,0,0,0,0,0,0,0
2,1,250213,0,0,0,0,0,0,0,0,0,0
1,1,250214,0,0,0,0,0,0,0,0,0,6
1,1,250215,0,0,0,0,0,0,0,0,0,0
2,1,250215,0,0,0,0,17,0,0,0,0,0
3,1,250215,0,0,0,0,0,0,0,0,13,0
1,1,250216,12,12,12,12,12,12,12,12,12,12
1,1,250217,3,0,0,12,3,0,8,0,0,10
1,1,250218,14,0,0,19,0,0,0,0,0,0
1,1,250220,22,17,0,9,6,0,0,0,0,5
1,1,250221,0,0,0,0,0,0,0,0,0,0
1,1,250222,0,0,0,0,0,0,0,0,0,0
1,1,250223,0,15,0,0,0,12,16,0,13,5
1,1,250224,12,12,12,12,12,12,12,12,12,12
1,1,250225,0,0,0,0,0,0,0,0,0,0
2,1,250225,0,0,0,0,0,0,0,0,0,0
3,1,250225,0,0,0,0,0,0,0,0,0,0
1,1,250226,0,0,0,0,0,0,0,0,0,0
2,1,250226,0,0,0,0,0,0,0,0,0,0
1,1,250227,0,0,0,0,0,7,0,0,0,3
2,1,250227,3,3,3,3,3,3,3,3,3,3
0,1,250228,0,0,0,0,0,0,0,0,0,0
1,1,250228,0,0,0,0,0,0,0,0,0,0
1,1,250229,0,0,0,0,0,0,0,0,0,0
1,1,250230,0,0,0,0,0,0,0,0,0,0
2,1,250230,0,0,0,11,0,0,0,0,0,0
1,1,250231,0,0,0,0,8,0,11,23,25,0
1,1,250232,0,0,0,0,0,0,0,0,0,0
1,1,250233,0,0,0,0,0,0,0,0,0,0
1,1,250234,10,10,10,10,10,10,10,10,10,10
2,1,250234,0,0,0,0,0,0,0,14,0,0
1,1,250235,0,0,0,26,20,0,6,0,0,3
1,1,250236,0,14,0,12,8,6,10,9,10,0
1,1,250237,0,0,0,0,0,0,0,0,0,0
1,1,250238,0,0,0,0,0,0,0,0,0,0
0,1,250239,12,0,16,0,0,0,14,5,23,0
1,1,250239,0,9,0,0,0,0,0,5,0,13
0,1,250240,0,0,0,0,0,0,0,0,0,0
1,1,250240,0,0,0,0,0,0,0,0,0,0
1,1,250241,0,0,0,0,0,0,0,0,0,0
1,1,250242,18,18,18,18,18,18,18,18,18,18
0,1,250243,29,29,29,29,29,29,29,29,29,29
1,1,250243,0,0,0,0,0,0,0,0,0,0
1,1,250244,19,13,24,16,18,0,25,11,32,19
1,1,250245,22,0,0,16,0,6,0,0,9,4
1,1,250246,17,6,12,22,32,11,7,20,11,10
1,1,250247,0,0,0,0,0,0,0,0,0,0
1,1,250248,23,23,23,23,23,23,23,23,23,23
1,1,250249,0,0,0,21,0,0,0,0,0,0
2,1,250249,0,0,0,0,0,0,0,0,0,0
1,1,250250,7,0,12,0,0,3,8,0,0,6
2,1,250250,0,0,0,0,0,0,0,0,0,0
1,1,250251,20,9,10,19,26,16,9,8,12,14
2,1,250251,0,0,0,0,0,0,0,0,0,0
1,1,250252,0,0,0,0,0,0,0,0,0,0
2,1,250252,0,33,0,15,16,0,14,0,0,13
3,1,250252,0,0,0,0,0,0,0,0,0,0
1,1,250253,23,23,23,23,23,23,23,23,23,23
1,1,250254,0,0,0,0,0,0,0,0,0,0
2,1,250254,0,0,0,0,0,0,0,0,0,0
3,1,250254,0,0,0,0,0,0,0,4,0,0
1,1,250255,17,17,17,17,17,17,17,17,17,17
1,1,250256,0,0,0,0,0,0,0,0,0,0
2,1,250256,0,0,0,0,0,0,0,0,0,0
1,1,250257,0,0,0,0,0,0,0,0,0,0
2,1,250257,12,0,0,0,0,0,13,0,16,0
1,1,250258,0,0,0,0,0,0,0,0,0,0
2,1,250258,9,0,0,0,39,0,0,0,0,0
1,1,250259,0,0,0,0,0,0,12,0,0,11
2,1,250259,2,2,2,2,2,2,2,2,2,2
1,1,250260,0,0,0,0,0,0,0,0,0,0
2,1,250260,0,0,12,11,0,0,0,0,0,0
0,1,250261,0,0,0,0,0,0,0,0,0,0
0,2,250261,0,0,0,0,0,0,0,0,0,0
1,1,250261,0,0,0,0,0,0,0,0,0,0
1,1,250262,0,12,0,0,0,0,0,0,0,0
2,1,250262,0,0,0,0,0,0,0,0,0,0
1,1,250263,7,9,19,0,16,0,18,24,19,11
1,1,250264,6,9,9,0,0,0,0,15,0,0
1,1,250265,0,14,0,0,13,7,11,14,7,0
1,1,250266,0,0,0,0,0,0,0,0,0,0
1,1,250267,0,8,10,10,0,15,25,13,0,0
0,1,250268,0,0,0,0,0,0,0,0,0,0
1,1,250268,0,0,0,0,0,0,0,0,0,0
0,1,250270,0,0,0,0,0,0,0,0,0,0
1,1,250270,0,0,0,0,0,0,0,0,0,0
1,1,250271,7,0,0,0,0,0,0,16,0,0
2,1,250271,0,0,0,0,0,0,0,0,0,0
3,1,250271,0,0,0,3,0,0,0,0,0,0
1,1,250273,0,0,0,0,0,0,0,0,0,0
2,1,250273,0,0,0,0,0,0,0,0,0,0
1,1,250274,0,18,0,0,0,0,0,0,15,0
1,1,250275,23,24,26,27,28,15,26,30,0,23
2,1,250275,21,13,0,0,0,8,14,0,0,0
1,1,250276,0,0,0,0,0,0,0,0,0,0
2,1,250276,0,0,0,0,0,0,0,0,0,0
1,1,250277,10,3,15,9,3,18,9,24,6,4
1,1,250278,16,16,16,16,16,16,16,16,16,16
0,1,250279,0,0,0,0,0,0,0,0,0,0
1,1,250279,0,0,0,9,0,0,0,0,0,0
0,1,250280,27,13,22,9,17,16,6,41,18,0
1,1,250280,0,20,0,0,0,0,0,0,0,0
1,1,250281,4,8,8,18,9,19,19,17,20,0
2,1,250281,0,0,0,5,0,0,0,0,0,16
0,1,250282,0,19,15,0,41,0,18,18,0,30
1,1,250282,25,25,1,24,7,11,6,30,23,20
1,1,250283,32,32,32,32,32,32,32,32,32,32
2,1,250283,0,0,0,0,0,0,0,0,0,0
0,1,250284,31,31,31,31,31,31,31,31,31,31
1,1,250284,0,0,0,0,5,0,0,0,0,0
1,1,250285,11,11,11,11,11,11,11,11,11,11
2,1,250285,8,0,0,0,0,0,0,0,0,0
1,1,250286,0,0,0,0,0,0,0,0,0,0
2,1,250286,0,0,0,0,7,0,0,0,0,0
1,1,250287,0,0,0,0,0,0,0,0,0,0
2,1,250287,0,0,0,0,0,0,0,0,0,0
0,1,250288,0,0,0,0,0,0,0,0,0,0
1,1,250288,0,0,0,0,0,0,0,0,0,0
2,1,250288,0,0,3,3,0,0,0,0,0,0
0,1,250289,0,0,0,0,0,0,0,0,37,0
0,2,250289,0,0,0,0,0,0,0,0,0,0
2,1,250289,0,0,0,0,0,0,0,0,0,0
3,1,250289,0,0,0,0,0,0,0,0,0,0
1,1,250290,0,0,0,0,0,0,0,0,0,0
2,1,250290,0,0,0,0,0,0,0,0,0,0
3,1,250290,0,0,0,0,0,0,0,0,0,0
4,1,250290,28,0,0,0,0,7,0,0,0,0
1,1,250291,0,0,0,0,0,0,0,0,0,0
2,1,250291,0,0,0,0,0,0,0,0,12,3
1,1,250292,0,0,0,0,0,13,0,0,0,0
2,1,250292,0,0,0,0,0,0,0,0,9,0
3,1,250292,0,0,0,0,0,0,0,0,0,0