VEH_NO,PER_NO,ST_CASE,P1,P2,P3,P4,P5,P6,P7,P8,P9,P10
4,1,250292,0,0,0,0,0,0,0,0,0,0
0,1,250293,0,0,0,0,0,0,0,0,0,7
1,1,250293,0,0,12,0,0,0,0,9,18,17
1,1,250294,0,13,0,0,0,0,0,0,0,16
2,1,250294,0,0,0,0,0,0,0,0,0,0
0,1,250295,0,0,27,17,15,0,0,0,26,0
1,1,250295,0,0,14,3,4,0,10,13,0,7
1,1,250296,0,0,0,0,0,0,0,0,0,0
2,1,250296,0,0,0,0,0,0,0,0,0,0
1,1,250297,0,0,0,0,0,0,0,0,0,0
1,1,250298,0,8,0,0,0,25,18,0,23,0
1,1,250299,12,12,12,12,12,12,12,12,12,12
1,1,250300,0,7,12,0,0,0,15,0,0,0
1,1,250301,19,19,19,19,19,19,19,19,19,19
1,1,250302,15,15,15,15,15,15,15,15,15,15
1,1,250303,1,1,1,1,1,1,1,1,1,1
1,1,250304,11,0,6,0,0,0,0,0,11,0
2,1,250304,13,0,0,0,0,0,0,0,0,9
3,1,250304,0,0,0,0,0,0,11,0,0,0
0,1,250305,17,17,17,17,17,17,17,17,17,17
0,2,250305,37,0,0,17,32,12,14,0,19,11
1,1,250305,0,0,9,9,3,6,0,4,0,0
1,1,250307,0,0,0,0,4,0,0,0,10,0
2,1,250307,0,0,0,0,13,0,0,0,0,0
3,1,250307,0,0,6,0,0,0,0,0,0,0
1,1,250308,0,0,0,0,0,0,0,0,0,0
1,1,250309,0,0,0,0,0,0,0,0,0,0
1,1,250310,0,0,13,0,0,0,0,0,0,0
2,1,250310,0,9,0,0,0,0,0,0,0,0
1,1,250311,9,25,33,0,13,10,27,29,21,35
2,1,250311,0,17,7,0,15,0,0,0,0,18
3,1,250311,0,0,0,0,0,0,0,0,4,19
0,1,250312,0,0,0,0,0,0,0,0,0,0
1,1,250312,0,0,0,0,0,0,7,0,9,0
1,1,250313,16,17,14,10,17,12,18,14,0,12
2,1,250313,0,5,0,0,0,0,9,0,0,0
1,1,250314,17,17,17,17,17,17,17,17,17,17
2,1,250314,14,0,8,0,0,7,0,0,0,0
3,1,250314,0,5,0,9,0,0,0,0,2,0
4,1,250314,0,0,0,0,0,0,0,0,0,0
0,1,250315,0,0,0,0,0,0,0,0,0,0
1,1,250315,0,0,3,0,0,0,0,0,0,0
1,1,250316,18,18,18,18,18,18,18,18,18,18
1,1,250317,7,13,48,23,0,7,8,0,11,5
1,1,250318,14,13,16,13,10,15,12,12,29,7
1,1,250319,0,17,0,5,0,5,21,29,7,28
1,1,250320,0,0,0,0,0,0,0,0,0,0
2,1,250320,0,0,0,0,0,0,0,0,0,0
1,1,250321,0,0,0,0,0,0,0,0,0,0
1,1,250322,0,0,0,0,0,0,0,0,0,0
1,1,250323,0,0,0,0,0,0,0,15,0,32
1,1,250324,0,13,23,0,0,0,16,25,29,14
0,1,260001,6,9,24,12,0,8,0,42,0,17
1,1,260001,0,0,0,0,0,10,0,0,7,5
1,1,260002,0,0,0,0,0,0,0,0,0,0
2,1,260002,0,0,0,0,0,0,0,0,0,0
1,1,260003,0,0,0,0,0,0,0,0,0,0
2,1,260003,0,0,0,0,0,0,0,0,0,0
1,1,260004,0,0,7,0,0,0,0,0,10,13
1,1,260005,0,0,0,0,0,0,0,0,0,0
2,1,260005,0,0,0,0,0,0,0,0,0,0
1,1,260006,19,19,19,19,19,19,19,19,19,19
1,1,260007,19,19,19,19,19,19,19,19,19,19
2,1,260007,18,18,18,18,18,18,18,18,18,18
1,1,260008,0,0,0,0,0,0,0,0,0,0
2,1,260008,0,0,0,0,0,0,0,0,0,0
1,1,260009,0,0,0,0,0,0,0,0,0,0
2,1,260009,0,0,0,0,0,0,0,0,0,0
0,1,260010,0,0,0,0,0,0,0,0,0,0
1,1,260010,0,0,0,0,0,0,0,0,0,0
1,1,260011,0,0,0,0,0,0,0,0,0,0
2,1,260011,0,0,0,0,0,0,0,0,0,0
1,1,260013,0,0,0,0,0,0,0,0,0,0
1,1,260014,0,0,0,0,0,0,0,0,0,0
2,1,260014,0,0,0,0,0,0,0,0,0,0
1,1,260015,0,0,0,0,0,0,0,0,0,0
1,1,260016,0,0,0,0,0,0,0,0,0,0
2,1,260016,0,0,0,0,0,0,0,0,0,0
0,1,260017,0,16,0,0,5,18,0,21,16,0
2,1,260017,0,0,0,0,0,11,0,0,0,7
1,1,260018,0,0,0,0,0,0,0,0,0,0
1,1,260019,0,0,0,0,0,0,0,0,0,0
2,1,260019,0,0,0,0,0,0,0,0,0,0
1,1,260020,0,0,0,0,0,0,0,0,0,0
2,1,260020,0,0,0,0,0,0,0,0,0,0
1,1,260021,0,0,0,0,0,0,0,0,0,0
2,1,260021,0,0,0,0,0,0,0,0,0,0
1,1,260022,0,0,0,0,0,0,0,0,0,0
2,1,260022,0,0,0,0,0,0,0,0,0,0
1,1,260023,0,0,0,0,0,0,0,0,0,0
2,1,260023,0,0,0,0,0,0,0,0,0,0
1,1,260024,10,10,10,10,10,10,10,10,10,10
1,1,260025,0,0,0,6,0,0,0,0,0,0
2,1,260025,0,0,0,0,0,0,0,0,0,0
3,1,260025,0,0,0,0,0,0,0,0,0,0
4,1,260025,0,0,0,0,0,0,0,0,0,0
5,1,260025,0,0,0,8,0,0,0,0,0,0
6,1,260025,0,0,0,0,0,0,0,15,0,0
1,1,260026,0,0,0,0,0,0,0,0,0,0
2,1,260026,0,0,0,0,0,0,0,0,0,0
1,1,260027,0,0,0,0,0,0,0,0,0,0
2,1,260027,0,0,0,0,0,0,0,0,0,0
0,1,260028,0,0,0,0,0,0,0,0,0,0
1,1,260028,0,25,0,0,12,16,0,0,0,0
1,1,260029,0,0,0,0,0,0,0,0,0,0
1,1,260030,24,24,24,24,24,24,24,24,24,24
0,1,260031,0,0,0,0,0,0,0,0,0,0
1,1,260031,0,0,0,0,0,0,0,0,0,0
1,1,260032,17,17,17,17,17,17,17,17,17,17
0,1,260033,24,24,24,24,24,24,24,24,24,24
1,1,260033,0,0,0,0,0,0,0,0,0,0
1,1,260034,0,0,0,0,0,0,0,0,0,0
2,1,260034,0,0,0,0,0,0,0,0,0,0
1,1,260035,0,0,0,0,0,0,0,0,0,0
1,1,260036,0,0,0,0,0,0,0,0,0,0
2,1,260036,0,0,0,0,0,0,0,0,0,0
1,1,260037,0,0,0,0,0,0,0,0,0,0
2,1,260037,0,0,0,0,0,11,0,0,0,0
3,1,260037,0,0,0,0,0,0,0,0,0,0
1,1,260038,0,0,0,0,0,0,0,0,0,0
1,1,260039,0,0,0,0,0,0,0,0,0,0
2,1,260039,0,0,0,0,0,0,0,0,0,0
3,1,260039,0,0,0,0,0,0,0,0,0,0
1,1,260040,5,5,5,5,5,5,5,5,5,5
2,1,260040,0,0,0,0,0,0,0,0,0,0
1,1,260041,0,0,0,0,0,0,0,0,0,0
2,1,260041,0,0,0,0,0,0,0,0,0,0
1,1,260042,0,0,0,0,0,0,0,0,0,0
1,1,260043,0,0,0,0,0,0,0,0,0,0
1,1,260044,22,22,22,22,22,22,22,22,22,22
2,1,260044,6,6,6,6,6,6,6,6,6,6
1,1,260045,16,16,16,16,16,16,16,16,16,16
1,1,260046,0,0,0,0,0,0,0,0,0,0
1,1,260047,1,1,1,1,1,1,1,1,1,1
0,1,260048,0,0,0,0,0,27,0,0,23,0
1,1,260049,0,0,0,0,0,0,0,0,0,0
1,1,260050,0,0,0,0,0,0,0,0,0,0
2,1,260050,0,0,0,0,0,0,0,0,0,0
1,1,260051,17,17,17,17,17,17,17,17,17,17
1,1,260052,0,0,0,0,0,0,0,0,0,0
2,1,260052,0,0,0,0,0,0,0,0,0,0
0,1,260053,29,29,29,29,29,29,29,29,29,29
1,1,260053,0,0,0,0,0,0,0,0,0,0
2,1,260053,0,0,0,0,0,0,0,0,0,0
1,1,260054,0,0,0,0,0,0,0,0,0,0
1,1,260055,22,22,22,22,22,22,22,22,22,22
1,1,260056,21,21,21,21,21,21,21,21,21,21
1,1,260057,0,0,0,0,0,0,0,0,0,0
2,1,260057,0,0,0,0,0,0,0,0,0,0
3,1,260057,0,0,0,0,0,0,0,0,0,0
1,1,260058,0,0,0,0,0,0,0,0,0,0
1,1,260059,9,9,9,9,9,9,9,9,9,9
2,1,260059,0,0,0,0,0,0,0,0,0,0
1,1,260060,26,26,26,26,26,26,26,26,26,26
1,1,260061,9,9,9,9,9,9,9,9,9,9
1,1,260062,0,0,0,0,0,0,0,0,0,0
2,1,260062,0,0,0,0,0,0,0,0,0,0
1,1,260063,0,0,0,0,6,0,0,0,0,0
2,1,260063,0,0,0,0,0,0,0,0,0,0
3,1,260063,0,0,0,0,0,0,0,0,0,0
1,1,260064,0,0,0,0,0,0,0,0,0,0
2,1,260064,0,0,0,0,0,0,0,0,0,0
1,1,260065,0,0,0,0,0,0,0,2,0,0
2,1,260065,0,0,0,0,0,0,0,0,0,0
1,1,260066,0,0,0,0,0,0,0,0,0,0
2,1,260066,0,0,0,0,0,0,0,0,0,0
0,1,260067,0,0,0,0,0,0,0,0,0,0
1,1,260067,0,0,0,0,0,0,0,0,0,0
1,1,260068,0,0,0,0,0,0,0,0,0,0
2,1,260068,0,0,0,0,0,0,0,0,0,0
1,1,260069,0,0,0,0,0,0,0,0,0,0
1,1,260070,0,25,24,6,32,20,0,33,26,16
2,1,260070,0,0,0,0,0,0,0,0,0,0
1,1,260071,22,22,22,22,22,22,22,22,22,22
0,1,260072,0,26,0,0,0,0,0,0,0,36
1,1,260072,0,0,0,0,0,0,0,0,0,0
1,1,260073,0,0,0,0,0,0,0,0,0,0
2,1,260073,0,0,0,0,0,0,0,0,0,0
1,1,260074,11,11,11,11,11,11,11,11,11,11
1,1,260075,24,24,24,24,24,24,24,24,24,24
1,1,260076,0,0,0,0,0,0,0,0,0,0
1,1,260078,0,0,0,0,0,0,0,0,0,0
2,1,260078,0,0,0,0,0,0,0,0,0,0
1,1,260079,0,0,0,0,0,0,0,0,0,0
1,1,260080,19,19,19,19,19,19,19,19,19,19
1,1,260081,17,17,17,17,17,17,17,17,17,17
2,1,260081,0,0,0,0,0,0,0,0,0,0
0,1,260082,0,0,0,0,0,0,0,0,0,0
1,1,260082,0,0,0,0,0,0,0,0,0,0
1,1,260083,3,3,3,3,3,3,3,3,3,3
2,1,260083,18,0,0,0,0,0,0,6,0,0
1,1,260084,0,0,0,0,0,0,0,0,0,0
2,1,260084,0,0,0,0,0,0,0,0,0,0
1,1,260085,0,0,0,0,0,0,0,0,0,0
2,1,260085,0,0,0,0,0,0,0,0,0,0
0,1,260087,30,16,16,37,33,33,38,26,0,40
1,1,260087,0,0,0,0,0,13,0,0,0,0
1,1,260089,21,21,21,21,21,21,21,21,21,21
2,1,260089,0,0,0,0,0,0,0,0,0,0
1,1,260090,0,0,0,0,16,0,0,0,0,0
1,1,260091,0,0,0,0,0,0,0,0,0,0
1,1,260092,36,36,36,36,36,36,36,36,36,36
0,1,260093,22,22,22,22,22,22,22,22,22,22
1,1,260093,0,0,0,0,0,0,0,0,0,0
1,1,260094,0,0,0,0,0,0,0,0,0,0
2,1,260094,0,0,0,0,0,0,0,0,0,0
0,1,260095,0,0,0,0,0,0,0,0,0,0
1,1,260095,0,0,0,0,0,0,0,0,0,0
1,1,260096,0,0,0,0,0,0,0,20,0,12
2,1,260096,0,0,0,0,0,0,0,0,0,0
1,1,260097,0,0,0,0,0,0,0,0,0,0
1,1,260098,4,4,4,4,4,4,4,4,4,4
2,1,260098,0,0,0,0,0,0,0,0,0,0
1,1,260099,0,0,0,0,0,0,0,0,0,0
2,1,260099,12,0,0,0,0,0,0,0,0,0
1,1,260100,0,0,0,0,0,0,0,0,0,0
1,1,260102,21,21,21,21,21,21,21,21,21,21
0,1,260103,0,0,0,0,0,0,0,0,0,0
1,1,260103,0,0,0,0,0,0,0,0,0,0
1,1,260104,23,23,23,23,23,23,23,23,23,23
1,1,260105,30,30,30,30,30,30,30,30,30,30
1,1,260106,0,0,0,0,0,0,0,0,0,0
2,1,260106,0,0,0,0,0,0,8,0,0,0
1,1,260107,0,0,0,0,0,0,0,0,0,0
2,1,260107,0,0,0,0,0,0,0,0,0,0
1,1,260108,18,18,18,18,18,18,18,18,18,18
1,1,260110,0,0,0,0,0,0,0,0,0,0
2,1,260110,0,0,0,0,0,0,0,0,0,0
1,1,260111,20,20,20,20,20,20,20,20,20,20
1,1,260112,23,23,23,23,23,23,23,23,23,23
1,1,260113,0,0,0,0,0,0,0,0,0,0
2,1,260113,0,0,0,0,0,0,0,0,0,0
1,1,260114,0,0,0,0,0,0,0,0,0,0
1,1,260115,0,0,0,0,0,0,0,0,0,0
2,1,260115,0,0,0,0,0,0,0,0,0,0
1,1,260116,0,0,0,0,0,0,0,0,0,0
0,1,260117,18,18,18,18,18,18,18,18,18,18
1,1,260117,0,0,0,0,0,0,0,0,0,0
2,1,260117,0,7,5,0,0,8,9,9,0,0
1,1,260118,11,11,11,11,11,11,11,11,11,11
2,1,260118,0,0,0,0,0,0,0,0,0,0
1,1,260119,0,0,0,0,0,0,0,0,0,0
2,1,260119,0,0,0,0,0,0,0,0,0,0
1,1,260120,0,0,0,0,0,0,0,0,0,0
2,1,260120,0,0,26,0,0,0,0,0,0,0
3,1,260120,0,0,0,0,0,0,0,0,0,0
0,1,260121,0,18,23,0,15,21,0,0,0,10
1,1,260121,0,0,0,14,0,0,0,11,0,0
1,1,260122,0,0,0,0,0,0,0,0,0,0
2,1,260122,0,0,0,0,0,0,0,0,0,0
1,1,260124,41,41,41,41,41,41,41,41,41,41
2,1,260124,0,0,0,0,0,0,0,0,0,0
1,1,260125,19,19,19,19,19,19,19,19,19,19
1,1,260126,0,0,0,0,0,0,0,0,0,0
1,1,260127,0,0,0,0,0,0,0,0,0,0
2,1,260127,0,0,0,0,0,0,0,0,0,0
1,1,260128,10,0,24,0,0,0,0,0,0,12
1,1,260129,28,28,28,28,28,28,28,28,28,28
2,1,260129,0,0,0,6,0,0,0,0,0,0
1,1,260130,11,11,11,11,11,11,11,11,11,11
1,1,260131,20,20,20,20,20,20,20,20,20,20
1,1,260132,16,16,16,16,16,16,16,16,16,16
1,1,260133,13,13,13,13,13,13,13,13,13,13
1,1,260134,21,21,21,21,21,21,21,21,21,21
1,1,260135,29,29,29,29,29,29,29,29,29,29
0,1,260136,0,22,0,0,12,22,19,0,0,0
1,1,260136,1,1,1,1,1,1,1,1,1,1
1,1,260137,14,19,12,14,10,15,4,13,9,12
1,1,260138,0,0,0,0,0,0,0,0,0,0
1,1,260139,0,0,0,0,0,0,0,0,0,0
1,1,260140,0,0,0,0,0,0,0,0,0,0
2,1,260140,0,0,0,0,0,0,0,0,0,0
1,1,260141,0,0,0,0,0,0,0,0,0,0
2,1,260141,0,0,0,0,0,0,0,0,0,0
1,1,260142,6,6,6,6,6,6,6,6,6,6
2,1,260142,0,0,0,0,0,0,0,0,0,0
1,1,260143,0,0,0,0,0,0,0,0,0,0
0,1,260144,0,0,0,0,0,0,0,0,0,0
1,1,260144,0,0,0,0,0,0,0,0,0,0
1,1,260145,0,0,0,0,0,0,0,0,0,0
2,1,260145,0,0,0,0,0,0,0,0,0,0
1,1,260146,0,0,0,0,0,0,0,0,0,0
1,1,260147,0,0,0,0,0,0,0,0,0,0
2,1,260147,0,0,0,0,0,0,0,0,0,0
1,1,260148,0,0,0,0,0,0,0,0,0,0
2,1,260148,0,0,0,0,0,0,0,0,0,0
1,1,260149,0,0,0,0,0,0,0,0,0,0
2,1,260149,0,0,0,0,0,0,0,0,0,0
1,1,260150,0,0,0,0,0,0,0,0,0,0
2,1,260150,0,0,0,0,0,0,0,0,0,0
1,1,260151,0,0,0,0,0,0,0,0,0,0
2,1,260151,0,0,0,0,0,0,0,0,0,0
0,1,260152,0,0,0,0,0,0,0,0,0,0
0,2,260152,0,0,0,0,0,0,0,0,0,0
1,1,260152,0,0,0,0,0,0,0,0,0,0
1,1,260153,60,60,60,60,60,60,60,60,60,60
1,1,260154,0,0,0,0,0,0,0,0,0,0
2,1,260154,0,0,0,0,0,0,0,0,0,0
3,1,260154,0,0,0,0,0,0,0,0,0,0
4,1,260154,0,0,0,0,0,0,0,0,0,0
1,1,260155,2,2,2,2,2,2,2,2,2,2
2,1,260155,0,0,0,0,0,0,0,0,0,0
1,1,260156,0,0,0,0,0,0,0,0,0,0
2,1,260156,0,0,0,0,0,0,0,0,0,0
1,1,260157,7,26,19,24,32,13,22,8,18,20
2,1,260157,19,19,19,19,19,19,19,19,19,19
1,1,260158,18,18,18,18,18,18,18,18,18,18
2,1,260158,0,0,0,0,0,0,0,0,0,0
1,1,260159,5,5,5,5,5,5,5,5,5,5
1,1,260160,0,0,0,0,0,0,0,0,0,0
2,1,260160,0,0,0,0,0,0,0,0,0,0
0,1,260161,7,7,7,7,7,7,7,7,7,7
1,1,260161,0,0,0,0,0,0,0,0,0,0
1,1,260162,24,24,24,24,24,24,24,24,24,24
1,1,260163,17,17,17,17,17,17,17,17,17,17
1,1,260165,0,0,0,0,0,0,0,0,0,0
1,1,260166,0,0,0,0,0,0,0,0,0,0
2,1,260166,0,0,0,0,0,0,0,0,0,0
1,1,260167,0,0,0,0,0,0,0,0,0,0
1,1,260168,0,0,0,0,0,0,0,0,0,0
2,1,260168,0,0,0,0,0,0,0,0,0,0
1,1,260169,18,18,18,18,18,18,18,18,18,18
0,1,260170,0,0,0,0,0,0,0,0,0,0
1,1,260170,0,0,0,0,0,0,0,0,0,0
1,1,260171,0,0,0,0,0,0,0,0,0,0
1,1,260172,21,21,21,21,21,21,21,21,21,21
1,1,260173,0,0,0,0,0,0,0,0,0,0
2,1,260173,0,0,0,0,0,0,0,0,0,0
0,1,260174,0,0,0,0,0,0,0,0,0,0
1,1,260174,0,5,0,0,0,0,0,0,0,0
1,1,260175,0,0,0,0,0,0,0,0,0,0
2,1,260175,0,0,0,0,0,0,0,0,0,0
1,1,260176,0,0,0,0,0,0,0,0,0,0
2,1,260176,0,0,0,0,0,12,0,0,0,0
3,1,260176,0,0,0,0,0,0,0,0,0,0
1,1,260177,0,0,0,0,0,0,0,0,0,0
2,1,260177,0,0,0,8,0,0,0,0,0,0
1,1,260178,0,0,0,0,0,0,0,0,0,0
1,1,260179,0,0,0,0,0,0,0,0,0,0
2,1,260179,15,15,15,15,15,15,15,15,15,15
1,1,260180,33,33,33,33,33,33,33,33,33,33
2,1,260180,0,0,0,0,0,0,0,0,0,0
1,1,260181,0,0,0,0,0,0,0,0,0,0
2,1,260181,0,0,0,0,0,0,0,0,0,0
1,1,260182,18,18,18,18,18,18,18,18,18,18
1,1,260183,0,0,0,0,0,0,0,0,0,0
0,1,260184,0,0,0,0,0,0,0,0,0,0
1,1,260184,0,0,0,0,0,0,0,0,0,0
1,1,260185,0,0,0,0,0,0,0,0,0,0
2,1,260185,0,0,0,0,0,0,0,0,0,0
3,1,260185,0,0,0,0,0,0,0,13,0,0
0,1,260186,20,25,14,27,25,28,11,35,28,13
1,1,260186,0,0,0,0,0,0,0,0,0,0
2,1,260186,0,0,0,0,0,0,0,0,0,0
1,1,260187,21,21,21,21,21,21,21,21,21,21
0,1,260188,16,16,16,16,16,16,16,16,16,16
1,1,260188,0,0,0,0,0,0,0,0,0,0
1,1,260189,0,0,0,0,0,0,0,0,0,0
2,1,260189,0,0,0,0,0,0,0,0,0,0
1,1,260190,0,0,0,0,0,0,0,0,0,0
2,1,260190,0,0,0,0,0,0,0,0,0,0
1,1,260191,5,5,5,5,5,5,5,5,5,5
2,1,260191,0,0,0,0,0,0,0,0,0,0
1,1,260192,0,24,0,0,20,0,21,14,0,13
1,1,260193,0,0,0,0,0,0,0,0,0,0
0,1,260194,23,0,14,0,0,0,0,0,0,0
1,1,260194,0,0,0,0,0,0,0,0,0,0
1,1,260195,0,0,0,0,0,0,0,0,0,0
1,1,260196,0,0,0,0,0,0,0,0,0,0
2,1,260196,6,6,6,6,6,6,6,6,6,6
1,1,260197,0,8,0,0,0,0,0,0,0,0
2,1,260197,0,0,0,0,0,0,0,0,0,0
1,1,260198,9,9,9,9,9,9,9,9,9,9
2,1,260198,8,0,4,3,11,0,6,0,0,8
0,1,260199,0,0,0,0,0,0,0,0,0,0
1,1,260199,0,0,0,0,0,0,0,0,0,0
0,1,260200,0,0,0,0,0,0,0,0,0,0
1,1,260200,0,0,0,0,0,0,0,0,0,0
2,1,260200,0,0,0,0,0,0,0,0,0,0
1,1,260201,0,0,0,0,0,0,0,0,0,0
2,1,260201,0,0,0,0,0,0,0,0,0,0
1,1,260202,14,14,14,14,14,14,14,14,14,14
1,1,260203,0,0,0,0,0,0,0,0,0,7
2,1,260203,0,0,0,0,0,0,0,0,0,0
1,1,260204,0,0,0,0,0,0,0,0,0,0
2,1,260204,0,0,0,0,0,0,0,0,0,0
1,1,260205,26,0,22,26,7,14,18,11,9,11
1,1,260206,0,0,0,0,0,0,0,0,0,0
2,1,260206,0,0,0,0,0,0,0,0,0,0
1,1,260207,0,0,0,0,0,0,0,0,0,0
2,1,260207,0,0,0,0,0,0,0,0,0,0
1,1,260208,0,0,0,0,0,0,0,0,0,0
2,1,260208,0,0,0,0,0,0,0,0,0,0
1,1,260210,17,17,17,17,17,17,17,17,17,17
2,1,260210,0,0,0,0,0,0,0,0,0,0
1,1,260211,0,0,0,0,0,0,0,0,0,0
2,1,260211,0,0,0,0,0,0,0,0,0,0
1,1,260212,0,0,0,0,0,0,0,0,0,0
2,1,260212,0,0,0,0,0,0,0,0,0,0
1,1,260213,2,2,2,2,2,2,2,2,2,2
1,1,260214,0,0,0,0,0,0,0,0,0,0
2,1,260214,0,0,0,0,0,0,0,0,0,0
1,1,260215,9,9,9,9,9,9,9,9,9,9
1,1,260216,0,0,0,0,0,0,0,0,0,0
1,1,260217,15,15,15,15,15,15,15,15,15,15
1,1,260218,0,0,0,0,0,0,0,0,0,0
1,1,260220,0,0,0,0,0,0,0,0,0,0
1,1,260221,14,14,14,14,14,14,14,14,14,14
1,1,260222,4,4,4,4,4,4,4,4,4,4
1,1,260223,0,0,0,0,0,0,0,0,0,0
1,1,260224,0,0,0,0,0,0,0,0,0,0
2,1,260224,0,0,0,0,0,0,0,0,0,0
3,1,260224,0,0,0,0,0,0,0,0,0,0
0,1,260225,0,0,0,0,0,0,0,0,0,0
1,1,260225,0,0,0,0,0,0,0,0,0,0
1,1,260226,0,0,0,0,0,0,0,0,0,0
1,1,260227,20,20,20,20,20,20,20,20,20,20
1,1,260228,21,21,21,21,21,21,21,21,21,21
2,1,260228,0,0,0,0,0,0,0,0,0,0
1,1,260229,0,0,0,0,0,0,0,0,0,0
2,1,260229,0,0,0,0,0,0,0,0,0,0
0,1,260230,0,0,0,0,0,0,0,0,0,0
1,1,260230,0,0,0,0,0,0,0,0,0,0
1,1,260231,19,19,19,19,19,19,19,19,19,19
1,1,260232,0,0,0,0,0,0,0,0,0,0
2,1,260232,0,0,0,0,0,0,0,0,0,0
1,1,260233,0,0,0,0,0,0,0,0,0,0
2,1,260233,0,0,0,0,0,0,0,0,0,0
1,1,260234,0,0,0,0,0,0,0,0,0,0
1,1,260235,0,0,0,9,35,0,13,37,11,0
1,1,260236,0,0,0,0,0,0,0,15,0,0
2,1,260236,6,9,0,6,13,0,6,0,19,0
1,1,260237,0,0,0,0,12,12,0,0,0,0
1,1,260238,0,0,0,0,0,0,0,0,0,15
2,1,260238,0,0,0,0,0,0,0,0,0,0
1,1,260239,0,0,0,0,0,0,0,0,0,0
2,1,260239,0,0,0,0,0,0,0,0,0,0
3,1,260239,0,0,0,0,0,0,0,0,0,0
0,1,260240,0,0,0,0,0,0,0,0,0,0
1,1,260240,0,0,0,0,0,0,0,0,0,0
1,1,260241,0,0,0,0,0,0,0,0,0,0
2,1,260241,0,0,0,0,0,0,0,0,0,0
1,1,260242,0,0,0,0,0,0,0,0,0,0
2,1,260242,0,0,0,0,0,0,0,0,0,0
3,1,260242,0,0,0,0,13,0,0,0,0,0
1,1,260243,0,0,0,0,0,0,0,0,0,0
2,1,260243,0,0,0,0,0,0,0,0,0,0
3,1,260243,0,0,0,0,0,0,0,0,0,0
1,1,260244,18,18,18,18,18,18,18,18,18,18
1,1,260245,0,0,0,0,0,0,0,0,0,0
1,1,260246,0,0,0,0,0,0,0,0,0,0
0,1,260247,0,0,0,0,0,0,0,0,0,0
1,1,260247,18,18,18,18,18,18,18,18,18,18
1,1,260248,0,2,0,0,0,0,0,24,0,0
1,1,260249,0,0,0,0,0,0,0,0,0,11
1,1,260250,0,0,0,0,0,0,0,0,0,0
1,1,260251,7,7,7,7,7,7,7,7,7,7
1,1,260252,12,12,12,12,12,12,12,12,12,12
1,1,260253,0,0,0,0,0,0,0,0,0,0
2,1,260253,0,0,0,0,0,0,0,0,0,0
3,1,260253,0,0,0,0,0,0,0,0,0,0
1,1,260254,14,14,14,14,14,14,14,14,14,14
2,1,260254,18,0,0,0,0,0,30,0,0,0
1,1,260255,0,0,0,0,0,0,0,0,0,0
2,1,260255,0,0,0,0,0,0,0,0,0,0
1,1,260256,0,0,0,0,0,0,0,0,0,0
1,1,260257,10,22,9,12,0,10,15,7,17,14
1,1,260258,0,0,0,0,0,0,0,0,0,0
1,1,260259,0,0,0,0,0,0,0,0,0,0
2,1,260259,2,2,2,2,2,2,2,2,2,2
1,1,260260,0,0,0,0,0,0,0,0,0,0
1,1,260261,0,0,0,0,0,0,0,0,0,0
2,1,260261,0,0,0,0,0,0,0,0,0,0
1,1,260262,0,0,0,0,0,0,0,0,0,0
0,1,260263,0,0,0,0,0,0,0,0,0,0
1,1,260263,0,0,0,0,0,0,0,0,0,0
0,1,260265,23,23,23,23,23,23,23,23,23,23
1,1,260265,0,0,0,5,0,0,0,0,11,0
1,1,260266,0,0,0,0,0,0,0,0,0,0
2,1,260266,0,0,0,0,0,0,0,0,0,0
1,1,260267,12,12,12,12,12,12,12,12,12,12
1,1,260268,0,0,0,0,0,0,0,0,0,0
2,1,260268,0,0,0,0,0,0,0,0,0,0
1,1,260269,0,0,0,0,0,0,0,0,0,0
2,1,260269,0,0,0,0,0,0,0,0,0,0
0,1,260270,0,0,0,0,0,0,0,0,0,0
0,2,260270,0,0,0,16,0,0,7,0,0,0
1,1,260270,18,18,18,18,18,18,18,18,18,18
1,1,260271,2,2,2,2,2,2,2,2,2,2
2,1,260271,0,0,0,0,0,0,0,0,0,0
1,1,260272,0,0,0,0,0,0,0,0,0,0
2,1,260272,0,0,0,0,0,0,0,0,0,0
3,1,260272,0,0,0,0,0,0,0,0,0,0
1,1,260273,0,0,0,0,0,0,0,0,0,0
1,1,260274,0,0,0,0,0,0,0,0,0,0
2,1,260274,0,0,0,0,0,0,0,0,0,0
1,1,260275,0,0,0,0,0,0,0,0,0,0
2,1,260275,0,0,0,0,0,0,0,0,0,0
1,1,260276,21,21,21,21,21,21,21,21,21,21
1,1,260277,0,0,0,0,0,0,0,0,0,0
1,1,260278,0,0,0,0,0,0,0,0,0,0
2,1,260278,0,0,0,0,0,0,0,0,0,0
1,1,260279,0,0,0,0,0,0,0,0,0,0
1,1,260280,0,13,0,0,0,0,0,0,0,0
1,1,260281,0,0,0,0,0,0,0,0,0,0
1,1,260282,0,0,0,0,0,0,0,0,0,0
1,1,260283,0,0,0,0,0,0,0,0,0,0
2,1,260283,0,0,0,0,0,0,0,0,0,0
0,1,260284,0,0,0,0,0,0,0,0,0,0
1,1,260284,10,10,10,10,10,10,10,10,10,10
1,1,260285,0,0,0,0,0,0,0,0,0,0
2,1,260285,0,0,0,0,0,2,0,0,0,0
1,1,260286,0,0,0,0,0,0,0,0,0,0
0,1,260287,16,0,0,0,16,19,15,0,0,0
0,2,260287,0,0,0,12,9,0,0,0,10,0
1,1,260287,12,12,12,12,12,12,12,12,12,12
0,1,260288,43,43,43,43,43,43,43,43,43,43