VEH_NO,PER_NO,ST_CASE,P1,P2,P3,P4,P5,P6,P7,P8,P9,P10
2,1,280002,5,16,0,0,0,0,0,0,0,6
1,1,280003,0,0,0,0,0,0,0,0,0,0
2,1,280003,14,0,0,0,0,0,0,0,0,0
1,1,280004,10,14,43,0,29,8,0,16,22,19
1,1,280005,34,34,34,34,34,34,34,34,34,34
1,1,280006,0,0,0,0,13,0,0,0,0,0
2,1,280006,0,11,0,0,3,10,0,19,0,0
1,1,280007,0,0,16,18,0,0,5,0,0,0
1,1,280008,0,0,0,0,10,0,8,0,0,0
2,1,280008,28,16,15,24,0,6,7,0,11,0
1,1,280009,0,0,0,0,0,27,7,6,0,20
1,1,280010,0,0,0,0,0,0,0,0,0,0
2,1,280010,0,6,0,14,0,0,0,0,19,0
1,1,280011,0,0,20,20,0,30,18,34,0,32
1,1,280012,4,4,4,4,4,4,4,4,4,4
2,1,280012,0,6,0,8,0,18,0,0,0,0
0,1,280013,33,33,33,33,33,33,33,33,33,33
1,1,280013,0,0,0,5,0,0,0,0,0,0
0,1,280014,0,0,0,0,0,0,0,0,0,0
1,1,280014,0,0,0,0,6,5,0,3,0,0
0,1,280015,0,0,0,0,0,0,0,33,9,0
1,1,280015,10,0,14,0,15,0,18,0,7,12
1,1,280016,0,26,0,15,39,9,9,12,0,0
1,1,280017,22,0,14,17,0,20,14,17,16,22
1,1,280018,0,0,13,0,19,0,19,18,0,0
1,1,280019,0,0,0,10,0,0,0,0,0,0
1,1,280020,25,0,16,0,0,0,11,21,0,14
1,1,280021,18,0,0,0,0,0,0,0,0,0
2,1,280021,0,0,0,0,0,0,0,11,0,26
1,1,280022,0,0,0,0,0,0,0,16,0,0
2,1,280022,0,0,0,0,23,0,0,0,0,0
0,1,280023,0,0,0,0,0,0,0,0,0,0
1,1,280023,0,0,0,0,0,0,0,0,0,0
1,1,280024,0,26,15,0,0,0,0,0,0,0
1,1,280025,15,0,18,14,0,14,8,0,0,19
1,1,280026,0,0,5,0,0,0,0,12,28,0
1,1,280027,0,0,0,0,0,0,0,0,0,0
2,1,280027,0,0,0,0,0,0,0,0,0,0
1,1,280028,0,0,0,0,0,26,0,0,0,0
1,1,280029,0,0,0,0,0,0,0,0,0,0
1,1,280030,14,0,0,0,0,0,0,0,7,0
1,1,280031,0,0,0,0,0,0,0,0,0,0
1,1,280032,0,0,0,0,0,0,0,0,0,0
2,1,280032,0,0,0,0,0,0,0,0,0,0
1,1,280033,0,0,0,0,0,0,0,0,0,0
2,1,280033,19,19,19,19,19,19,19,19,19,19
1,1,280034,0,0,0,0,0,0,0,0,0,0
2,1,280034,0,0,0,0,0,0,0,0,0,0
1,1,280035,0,0,0,6,0,0,0,0,0,0
1,1,280036,20,0,6,0,20,13,15,0,0,0
1,1,280037,0,0,0,0,0,0,16,0,0,0
2,1,280037,0,0,0,0,0,0,0,0,0,0
3,1,280037,11,0,0,0,0,0,0,18,0,0
1,1,280038,0,10,0,0,12,0,0,0,0,0
1,1,280039,0,0,0,0,0,0,0,0,13,8
2,1,280039,0,0,0,0,0,0,0,0,0,0
3,1,280039,0,0,0,0,0,0,0,5,0,0
0,1,280040,0,0,16,0,21,16,17,0,0,0
1,1,280040,0,0,0,0,0,0,0,0,0,0
1,1,280041,0,0,0,0,0,0,0,0,0,0
2,1,280041,0,0,0,0,0,0,0,0,0,0
1,1,280042,0,0,0,0,0,0,7,0,0,0
1,1,280043,0,0,0,0,0,0,0,0,0,0
1,1,280044,0,0,9,0,7,12,36,9,10,0
1,1,280045,25,0,24,20,0,14,0,10,19,9
2,1,280045,4,4,4,4,4,4,4,4,4,4
1,1,280046,13,13,13,13,13,13,13,13,13,13
1,1,280047,27,27,27,27,27,27,27,27,27,27
1,1,280048,0,23,0,0,0,0,0,0,0,14
1,1,280049,3,3,3,3,3,3,3,3,3,3
0,1,280050,28,28,28,28,28,28,28,28,28,28
1,1,280050,0,0,0,0,0,0,0,0,3,0
1,1,280051,0,0,0,0,0,0,0,0,17,0
2,1,280051,7,0,0,19,0,0,0,0,0,0
1,1,280052,16,0,0,0,0,0,0,0,0,0
2,1,280052,0,0,0,0,0,0,0,0,0,0
1,1,280053,7,0,0,0,0,13,8,0,5,0
1,1,280054,0,0,0,0,0,0,0,0,0,0
2,1,280054,0,0,0,0,18,0,0,0,0,11
0,1,280055,0,0,0,0,16,0,0,0,0,7
1,1,280055,0,0,0,0,0,0,0,0,0,0
1,1,280056,0,0,13,0,0,23,0,0,0,0
2,1,280056,0,0,0,0,0,0,0,4,0,0
1,1,280057,20,20,20,20,20,20,20,20,20,20
1,1,280058,13,12,0,0,0,0,5,0,0,0
1,1,280059,0,0,26,0,0,0,27,0,0,7
2,1,280059,0,0,7,0,0,19,20,19,0,18
1,1,280060,0,0,0,0,0,0,0,0,0,0
1,1,280061,20,0,0,0,13,0,0,0,0,0
1,1,280062,0,0,0,0,0,0,0,0,0,0
2,1,280062,0,29,0,0,0,21,0,0,0,0
1,1,280063,0,0,0,0,0,0,0,0,0,0
1,1,280064,0,0,0,0,0,0,0,0,0,0
2,1,280064,14,14,14,14,14,14,14,14,14,14
1,1,280065,0,0,0,18,0,0,9,0,0,8
1,1,280066,0,0,0,0,0,0,0,0,0,0
2,1,280066,0,0,0,0,0,0,0,0,0,0
1,1,280067,0,0,0,0,0,0,0,0,0,6
1,1,280068,18,18,18,18,18,18,18,18,18,18
1,1,280069,4,0,35,0,0,0,0,7,0,17
1,1,280070,19,19,19,19,19,19,19,19,19,19
1,1,280071,20,39,11,0,19,0,5,0,9,0
1,1,280072,13,13,13,13,13,13,13,13,13,13
1,1,280073,0,0,0,0,0,0,0,0,0,0
0,1,280074,10,10,10,10,10,10,10,10,10,10
1,1,280074,0,0,0,0,0,0,0,0,0,0
1,1,280075,0,0,0,0,0,31,0,0,0,0
2,1,280075,0,0,0,0,0,0,0,0,0,0
1,1,280076,0,0,0,0,0,0,0,0,0,0
2,1,280076,0,0,0,0,0,0,0,0,0,0
1,1,280077,0,0,0,0,0,0,0,0,0,0
2,1,280077,0,0,0,0,0,0,0,0,0,0
1,1,280078,9,0,0,7,0,0,0,14,8,0
1,1,280079,25,25,25,25,25,25,25,25,25,25
1,1,280080,23,0,0,0,0,0,16,46,0,0
1,1,280081,18,0,19,0,20,0,13,0,0,5
2,1,280081,0,13,0,0,14,0,0,0,0,0
1,1,280082,0,0,0,0,0,0,0,0,0,0
1,1,280083,16,0,13,0,12,6,0,0,0,0
2,1,280083,0,0,0,0,0,0,0,0,0,0
0,1,280084,0,0,0,0,0,0,0,0,0,0
1,1,280084,0,0,27,0,5,0,0,0,0,0
1,1,280085,0,0,0,0,0,0,0,0,0,0
2,1,280085,9,9,9,9,9,9,9,9,9,9
1,1,280086,25,35,0,0,0,0,0,0,12,7
1,1,280087,21,0,15,6,8,14,0,17,20,12
1,1,280088,9,9,9,9,9,9,9,9,9,9
0,1,280089,0,0,0,0,0,0,0,0,0,0
1,1,280089,0,0,0,0,0,9,0,0,0,0
0,1,280090,0,0,0,0,0,0,0,0,0,0
1,1,280090,0,0,0,0,0,0,0,0,0,0
1,1,280091,0,0,0,0,0,0,0,0,17,0
2,1,280091,0,0,0,0,0,0,0,0,0,0
1,1,280092,0,2,0,28,0,0,0,0,12,0
2,1,280092,16,0,0,0,0,32,0,0,0,0
1,1,280093,0,0,0,0,0,0,0,0,0,0
1,1,280094,0,0,0,0,0,0,0,0,7,0
1,1,280095,31,14,15,0,14,4,21,19,0,0
0,1,280096,11,0,9,0,0,28,0,0,0,19
1,1,280096,0,0,0,0,0,0,0,0,0,0
1,1,280097,0,22,0,0,0,0,0,0,18,14
2,1,280097,9,0,0,0,0,0,0,0,0,0
1,1,280098,0,0,0,0,13,9,0,21,0,0
1,1,280099,0,0,0,0,0,0,0,0,0,16
1,1,280100,0,37,0,0,10,12,0,21,0,15
1,1,280101,3,3,3,3,3,3,3,3,3,3
1,1,280102,0,0,0,0,0,0,0,0,0,0
1,1,280103,0,0,0,0,0,0,0,0,0,0
2,1,280103,0,0,0,0,16,0,0,0,0,0
1,1,280104,0,0,0,12,0,0,0,0,0,0
1,1,280105,0,18,10,0,18,0,13,0,0,8
1,1,280106,0,27,0,0,16,20,22,20,14,37
1,1,280107,0,20,0,0,8,0,28,0,0,0
1,1,280108,0,0,15,0,0,0,0,0,0,25
2,1,280108,0,28,0,0,0,0,0,0,0,0
1,1,280109,0,0,0,0,0,0,0,0,9,7
2,1,280109,17,0,0,0,26,11,25,7,25,0
1,1,280110,21,0,0,0,0,0,0,0,0,34
2,1,280110,0,0,0,0,0,0,23,0,0,0
1,1,280111,28,28,28,28,28,28,28,28,28,28
1,1,280112,0,0,0,0,0,0,0,0,0,0
2,1,280112,12,0,0,0,0,0,0,8,0,0
1,1,280113,0,7,9,8,0,0,12,21,7,13
1,1,280114,0,0,0,0,0,0,0,0,0,0
2,1,280114,0,0,0,0,0,0,0,0,0,0
1,1,280115,0,0,7,0,0,0,0,0,0,0
2,1,280115,0,0,0,0,0,0,0,0,0,0
1,1,280116,11,0,0,0,0,8,0,0,0,21
1,1,280117,0,0,0,0,0,0,0,0,0,0
1,1,280118,0,25,0,0,14,0,10,0,32,0
2,1,280118,35,6,12,0,0,19,0,0,0,0
1,1,280119,0,0,0,0,0,0,0,0,30,0
1,1,280120,0,0,0,0,0,23,0,0,0,12
1,1,280121,0,0,0,23,0,0,0,0,0,0
1,1,280122,28,28,28,28,28,28,28,28,28,28
1,1,280123,0,0,0,0,0,0,0,0,0,0
2,1,280123,0,0,0,0,0,0,0,0,0,0
1,1,280124,0,0,0,0,0,0,0,0,0,0
2,1,280124,0,0,0,0,9,0,0,0,0,0
1,1,280125,0,0,0,0,0,0,0,0,0,0
2,1,280125,0,0,0,0,0,0,0,0,0,0
0,1,280126,0,0,0,0,0,0,0,0,0,0
1,1,280126,0,0,0,0,0,0,11,0,0,0
1,1,280127,0,18,11,0,0,26,14,14,0,17
1,1,280128,0,0,12,6,0,14,0,0,0,20
2,1,280128,0,0,0,0,0,0,31,0,0,0
3,1,280128,0,0,0,0,0,0,0,0,0,0
1,1,280129,18,0,0,0,0,0,0,0,7,11
1,1,280130,0,0,0,0,0,0,24,0,0,0
1,1,280131,0,0,0,0,0,0,0,0,0,0
2,1,280131,0,0,0,0,0,0,0,0,0,0
1,1,280132,7,11,18,16,0,21,0,16,19,23
1,1,280133,10,0,6,0,0,0,0,5,25,0
2,1,280133,0,0,0,0,0,0,0,0,5,0
1,1,280134,0,0,0,31,23,0,0,0,0,15
1,1,280135,0,0,0,0,0,0,0,0,0,0
2,1,280135,0,0,0,0,0,0,0,0,0,0
1,1,280136,0,0,8,0,6,0,0,0,0,0
0,1,280137,4,0,0,0,0,0,0,0,0,0
1,1,280137,0,0,0,0,0,0,0,0,0,0
1,1,280138,34,30,0,30,13,25,13,0,31,0
1,1,280139,0,0,0,0,0,0,7,0,0,0
2,1,280139,0,0,0,0,0,0,0,0,0,0
0,1,280140,0,0,0,0,0,0,0,0,0,0
1,1,280140,0,0,0,0,0,0,0,0,0,0
0,1,280141,15,0,0,0,21,21,10,33,0,0
1,1,280141,0,0,0,9,0,0,0,0,0,0
1,1,280142,12,0,0,5,16,37,9,9,16,6
1,1,280143,0,0,0,0,0,0,0,10,0,0
2,1,280143,0,0,0,0,0,0,0,0,0,0
1,1,280144,0,37,0,0,19,27,0,0,0,7
1,1,280145,4,0,22,6,6,12,7,0,10,0
2,1,280145,0,0,0,0,0,0,0,0,0,0
1,1,280146,29,12,44,31,19,25,25,21,0,11
1,1,280147,0,0,0,0,0,0,0,12,0,0
2,1,280147,10,0,3,10,0,0,0,0,0,0
1,1,280148,35,0,0,0,0,10,18,9,10,0
1,1,280149,0,0,0,0,0,0,0,0,0,0
2,1,280149,0,0,0,0,0,0,0,0,0,0
1,1,280150,0,18,0,0,0,0,18,0,0,0
1,1,280151,7,8,12,0,0,0,0,0,4,0
1,1,280152,0,0,0,0,0,0,0,0,0,0
1,1,280153,0,0,0,0,0,0,0,0,0,0
2,1,280153,0,0,0,0,0,0,0,0,0,0
1,1,280154,0,0,0,0,0,0,0,0,0,0
2,1,280154,0,0,0,0,0,0,0,0,0,0
1,1,280155,0,27,26,0,23,17,0,11,0,5
1,1,280156,0,0,9,0,0,0,0,0,0,13
1,1,280157,17,0,15,20,18,0,9,21,18,15
0,1,280158,0,0,0,31,12,16,6,11,0,14
1,1,280158,8,0,8,0,0,0,0,0,0,0
1,1,280159,23,0,8,0,0,0,0,9,0,0
2,1,280159,13,0,0,0,0,0,0,0,0,0
1,1,280160,0,0,7,0,0,0,2,18,0,0
2,1,280160,0,0,12,0,0,14,0,0,0,6
1,1,280161,0,0,0,0,0,0,0,0,15,0
2,1,280161,0,0,0,31,0,0,25,0,0,0
1,1,280162,0,0,0,0,0,0,0,0,0,0
1,1,280163,0,0,0,13,0,16,0,0,27,12
1,1,280164,0,0,0,0,0,0,0,0,0,0
1,1,280165,11,11,11,11,11,11,11,11,11,11
1,1,280166,0,0,0,0,0,0,0,0,0,0
1,1,280167,0,0,10,0,0,0,0,0,0,0
1,1,280168,11,18,28,0,16,8,8,28,11,0
1,1,280169,7,38,26,12,12,19,0,0,19,0
1,1,280170,0,0,0,0,0,0,0,0,0,0
1,1,280171,7,11,0,23,31,0,11,6,0,24
0,1,280172,0,0,11,0,0,0,0,0,0,0
1,1,280172,0,17,0,0,0,0,16,0,0,6
1,1,280173,0,0,0,0,0,0,0,0,0,0
2,1,280173,0,0,0,0,0,0,0,15,0,13
1,1,280174,0,0,0,10,0,0,0,0,0,0
2,1,280174,0,0,0,0,0,0,0,0,0,0
1,1,280175,0,17,0,0,0,27,0,10,0,36
1,1,280176,0,0,0,0,0,0,0,0,0,0
2,1,280176,0,0,0,0,0,0,0,0,0,0
1,1,280177,0,0,0,0,0,0,0,0,0,0
2,1,280177,0,0,0,23,0,0,0,0,0,0
1,1,280178,0,0,0,0,0,0,0,0,20,0
2,1,280178,0,21,10,0,0,0,0,0,0,0
1,1,280179,0,0,10,0,12,19,24,0,0,0
2,1,280179,0,0,0,0,0,0,0,0,0,0
1,1,280180,11,0,0,0,5,30,15,4,11,0
1,1,280181,0,0,0,0,0,0,0,0,0,0
2,1,280181,0,0,0,0,0,0,0,0,0,0
1,1,280182,33,7,16,20,0,0,0,0,9,0
1,1,280183,9,25,0,18,0,0,0,10,0,0
1,1,280184,10,15,0,9,0,0,0,0,0,15
1,1,280185,0,0,0,0,9,0,0,0,0,12
2,1,280185,0,0,3,22,0,0,0,0,9,0
1,1,280186,0,0,0,0,0,0,0,0,0,0
2,1,280186,23,0,0,0,0,0,12,0,0,7
1,1,280187,9,11,9,20,32,9,4,0,21,20
1,1,280188,0,26,5,28,0,0,0,18,0,0
1,1,280189,0,0,0,14,0,12,0,0,5,0
1,1,280190,0,0,0,0,0,0,0,0,0,0
2,1,280190,0,0,0,0,0,0,0,0,0,0
1,1,280191,0,4,9,0,0,0,0,30,0,0
0,1,280192,14,14,14,14,14,14,14,14,14,14
1,1,280192,13,0,0,21,25,0,12,15,13,0
1,1,280193,0,20,0,14,18,0,4,0,9,9
2,1,280193,0,0,0,0,0,0,8,6,13,3
1,1,280194,29,0,15,0,25,20,15,3,15,11
1,1,280195,0,0,7,0,8,0,0,0,0,0
0,1,280196,20,39,0,24,11,43,16,33,9,31
1,1,280196,0,0,0,0,0,0,0,0,0,0
1,1,280197,0,0,0,0,9,35,0,11,0,0
1,1,280198,0,0,0,0,0,0,0,0,0,0
2,1,280198,0,0,0,0,0,0,0,0,0,0
1,1,280199,0,0,0,0,0,0,30,31,21,19
1,1,280200,12,0,0,0,0,13,0,0,0,0
1,1,280201,0,0,0,0,0,0,0,0,0,0
2,1,280201,0,0,0,0,0,0,0,0,0,0
1,1,280202,15,13,21,0,0,0,0,14,0,0
1,1,280203,0,0,0,0,0,0,0,0,0,0
2,1,280203,0,0,0,0,0,0,0,0,0,0
1,1,280204,24,24,24,24,24,24,24,24,24,24
1,1,280205,7,16,0,6,16,12,18,20,20,16
1,1,280206,0,0,0,12,16,18,0,0,0,0
2,1,280206,0,0,0,3,0,0,19,0,0,0
1,1,280207,18,18,18,18,18,18,18,18,18,18
2,1,280207,0,0,2,0,0,0,0,0,0,0
0,1,280208,0,0,0,0,0,0,0,0,0,0
1,1,280208,0,0,0,0,0,5,0,0,0,0
1,1,280209,10,0,0,0,0,15,0,9,0,6
1,1,280210,0,0,0,24,0,26,0,0,0,0
1,1,280211,13,10,13,18,3,0,23,15,21,17
1,1,280212,0,0,0,0,0,0,0,0,0,0
2,1,280212,0,0,0,0,0,0,0,0,0,0
3,1,280212,0,0,0,0,0,0,0,0,0,0
1,1,280213,11,25,0,0,0,0,13,15,0,23
2,1,280213,0,0,0,0,0,0,0,0,0,0
1,1,280214,0,15,0,0,0,0,15,0,22,0
1,1,280215,0,0,0,0,0,11,0,0,18,0
1,1,280216,0,0,0,0,0,0,0,0,0,0
1,1,280217,0,0,0,0,0,0,0,0,0,0
2,1,280217,0,0,0,0,0,0,0,0,0,0
1,1,280218,0,0,0,0,0,0,0,0,0,0
2,1,280218,0,0,0,0,0,0,0,0,0,0
1,1,280219,0,0,0,0,0,0,0,0,0,0
1,1,280220,0,17,12,0,9,0,0,20,0,0
1,1,280221,14,30,17,0,0,14,0,8,0,10
0,1,280222,19,19,19,19,19,19,19,19,19,19
1,1,280222,0,0,0,11,7,0,0,0,0,0
1,1,280223,18,15,0,24,17,0,0,14,25,13
1,1,280224,21,21,21,21,21,21,21,21,21,21
1,1,280225,0,4,0,0,4,0,0,0,5,0
1,1,280226,7,14,19,15,13,14,11,7,10,9
0,1,280227,0,0,0,24,0,34,10,9,0,0
1,1,280227,0,0,0,0,0,0,0,9,0,4
1,1,280228,23,0,0,0,0,0,0,0,0,0
2,1,280228,0,0,0,0,0,0,0,0,0,0
1,1,280229,5,17,0,0,12,0,4,0,0,0
1,1,280230,0,0,0,0,0,0,0,0,0,0
1,1,280231,22,22,22,22,22,22,22,22,22,22
1,1,280232,19,0,0,7,4,0,25,20,30,0
1,1,280233,19,19,19,19,19,19,19,19,19,19
1,1,280234,9,0,17,0,9,16,0,0,10,0
1,1,280235,13,13,13,13,13,13,13,13,13,13
2,1,280235,15,15,15,15,15,15,15,15,15,15
1,1,280236,0,0,0,0,0,0,0,25,0,0
1,1,280237,16,0,0,0,0,0,0,10,0,29
1,1,280238,20,20,20,20,20,20,20,20,20,20
1,1,280239,0,0,0,0,3,22,0,15,12,0
2,1,280239,16,16,10,18,10,0,0,11,0,16
1,1,280240,0,0,0,0,0,0,8,0,0,0
2,1,280240,0,0,0,0,0,0,0,0,0,0
0,1,280241,0,31,0,0,33,28,0,0,0,21
1,1,280241,15,0,0,0,4,0,0,0,19,0
1,1,280242,0,18,17,15,0,20,0,0,11,0
1,1,280243,0,0,0,0,0,6,0,0,0,0
2,1,280243,0,0,15,0,0,0,0,0,0,0
1,1,280244,0,0,9,25,0,0,6,0,27,0
1,1,280245,11,0,0,16,0,18,11,17,14,15
1,1,280246,7,0,18,18,21,23,0,0,21,20
1,1,280247,0,0,0,0,0,0,0,0,0,0
2,1,280247,0,0,0,0,0,0,0,0,6,22
1,1,280248,21,0,0,0,26,0,0,0,0,0
1,1,280249,19,24,0,0,0,45,19,0,37,13
1,1,280250,0,0,0,11,0,0,0,0,10,0
2,1,280250,0,0,0,0,0,3,0,0,0,10
1,1,280251,0,0,0,0,0,0,0,0,0,0
2,1,280251,9,9,9,9,9,9,9,9,9,9
1,1,280252,0,0,0,19,0,0,0,0,0,8
1,1,280253,0,0,0,0,0,0,0,0,0,0
2,1,280253,0,0,0,0,0,0,0,0,0,0
1,1,280254,0,0,0,0,0,0,0,0,0,0
2,1,280254,0,0,0,0,0,0,0,0,0,0
1,1,280255,0,0,0,0,0,0,0,7,0,0
2,1,280255,0,21,0,15,10,0,0,0,0,12
1,1,280256,13,12,0,11,11,0,25,13,15,0
1,1,280257,18,18,18,18,18,18,18,18,18,18
1,1,280258,0,0,0,0,0,0,0,11,0,0
2,1,280258,3,14,0,0,0,0,0,0,0,0
3,1,280258,0,8,27,0,0,0,0,0,0,7
1,1,280259,15,15,15,15,15,15,15,15,15,15
1,1,280260,41,0,0,0,0,0,0,0,0,0
2,1,280260,8,0,0,0,0,0,0,0,0,0
1,1,280261,0,0,0,0,7,0,0,0,0,0
1,1,280262,21,21,21,21,21,21,21,21,21,21
1,1,280263,0,0,4,0,0,0,0,0,0,0
1,1,280264,0,0,0,0,0,0,0,0,0,0
2,1,280264,0,0,0,0,0,0,0,0,0,0
1,1,280265,0,0,0,0,0,0,0,0,0,0
1,1,280266,0,0,0,0,0,0,0,13,0,0
1,1,280267,13,13,5,12,0,0,0,0,14,5
2,1,280267,0,0,0,0,0,0,0,0,0,0
1,1,280268,0,10,0,0,0,0,0,24,0,0
0,1,280269,16,16,16,16,16,16,16,16,16,16
1,1,280269,0,0,0,0,0,0,0,0,0,0
0,1,280270,0,0,0,0,0,0,0,0,0,0
1,1,280270,0,0,0,0,20,0,0,0,0,0
1,1,280271,12,12,0,22,0,12,0,0,28,26
1,1,280272,0,0,0,0,0,0,0,0,0,0
1,1,280273,0,0,0,0,0,0,0,0,0,0
1,1,280274,7,0,0,0,0,11,5,10,0,0
1,1,280275,0,0,0,16,0,0,22,24,16,22
1,1,280276,0,24,0,0,0,0,0,0,0,0
2,1,280276,8,0,0,0,0,0,0,0,20,0
3,1,280276,0,0,0,0,0,0,0,0,0,0
1,1,280277,0,23,0,0,0,0,18,12,0,0
1,1,280278,16,16,16,16,16,16,16,16,16,16
1,1,280279,34,14,0,0,20,0,23,10,0,0
1,1,280280,24,0,0,0,17,4,0,8,16,6
2,1,280280,0,0,0,0,0,0,0,0,0,5
1,1,280281,0,0,13,0,7,9,0,0,0,10
1,1,280282,0,0,0,0,0,0,0,0,12,0
2,1,280282,0,0,0,0,0,14,0,22,0,0
1,1,280283,0,16,26,0,12,0,0,0,0,0
2,1,280283,0,0,0,0,7,0,24,0,7,20
1,1,280284,0,0,0,0,0,0,0,0,0,0
2,1,280284,0,0,0,0,0,0,0,0,0,0
1,1,280285,15,0,16,0,0,24,14,0,13,0
1,1,280286,15,0,17,0,7,28,14,0,24,26
1,1,280287,0,0,0,0,16,0,0,7,17,0
1,1,280288,0,4,22,0,15,24,12,0,0,0
1,1,280289,0,0,0,0,0,0,0,0,0,0
2,1,280289,0,4,15,0,0,0,0,0,0,0
3,1,280289,0,10,0,0,0,0,0,0,0,0
1,1,280290,0,0,0,0,0,9,0,0,0,0
0,1,280291,0,24,0,16,4,25,14,18,13,18
1,1,280291,0,2,3,0,8,0,0,0,0,3
0,1,280292,18,20,0,0,0,31,0,0,0,0
1,1,280292,0,0,0,0,0,0,0,0,0,0
1,1,280293,0,0,0,0,17,0,19,16,9,25
2,1,280293,0,0,0,0,0,0,0,0,0,0
1,1,280294,0,0,19,0,23,16,0,0,17,15
1,1,280295,0,0,10,0,0,0,22,0,0,0
1,1,280296,21,21,21,21,21,21,21,21,21,21
0,1,280297,0,0,0,0,0,0,0,0,0,0
1,1,280297,0,0,0,0,0,0,0,0,0,18
1,1,280298,0,0,0,0,0,0,0,0,0,0
2,1,280298,0,0,0,0,10,0,0,0,0,0
1,1,280299,0,0,0,0,0,17,0,0,0,32
2,1,280299,0,0,0,0,0,14,0,10,0,0
1,1,280300,11,0,0,0,16,39,18,8,0,9
2,1,280300,0,0,0,0,0,0,0,0,0,0
1,1,280301,0,26,0,16,0,10,0,33,10,0
1,1,280302,18,18,18,18,18,18,18,18,18,18
1,1,280303,0,0,0,0,0,0,0,0,0,0
1,1,280304,30,18,19,35,18,13,0,7,10,24
1,1,280305,20,0,0,0,9,13,0,0,26,7
1,1,280306,0,0,20,0,0,0,0,0,0,0
1,1,280307,0,0,0,0,0,12,16,0,0,0
2,1,280307,0,0,0,0,0,0,0,0,0,0
3,1,280307,0,0,0,0,0,0,0,0,0,0
4,1,280307,0,0,0,0,0,0,0,0,0,0
1,1,280308,28,15,19,38,24,13,0,2,10,0
0,1,280309,0,0,14,0,0,0,0,17,0,0
1,1,280309,0,0,0,0,0,0,0,0,0,0
1,1,280310,0,0,0,0,0,0,0,0,25,18
2,1,280310,0,22,35,0,0,14,25,0,0,0
1,1,280311,0,0,0,0,0,0,0,0,0,0
2,1,280311,0,22,0,0,12,0,0,0,9,0
1,1,280312,0,0,0,0,0,0,0,0,0,0
2,1,280312,0,0,0,0,0,0,0,0,0,0
1,1,280313,0,6,11,0,0,26,10,2,21,7
1,1,280314,12,0,0,0,0,0,0,0,0,0
1,1,280315,0,3,0,22,0,0,18,0,0,0
1,1,280316,14,14,14,14,14,14,14,14,14,14
1,1,280317,0,0,0,0,0,0,0,0,0,0
1,1,280318,0,0,0,0,0,0,0,0,0,0
1,1,280319,17,17,17,17,17,17,17,17,17,17
2,1,280319,0,0,5,0,0,0,0,0,0,0
1,1,280320,24,11,6,0,4,9,0,0,0,0
1,1,280321,11,9,18,27,14,0,19,0,0,0
2,1,280321,11,11,11,11,11,11,11,11,11,11
1,1,280322,0,0,0,0,0,9,17,0,0,0
1,1,280323,0,0,0,0,0,0,0,0,0,0
1,1,280324,6,8,0,0,0,15,0,29,0,16
1,1,280325,20,0,0,0,0,0,0,0,9,5
1,1,280326,0,8,0,0,21,0,0,10,7,0
1,1,280327,0,27,0,0,0,21,0,0,0,0
1,1,280328,17,0,0,0,0,0,6,0,0,0
1,1,280329,0,0,0,0,0,0,0,0,0,0
2,1,280329,0,0,0,0,0,0,12,0,0,0
1,1,280330,0,0,0,0,0,0,0,0,0,0
1,1,280331,19,0,0,0,20,17,0,8,10,0
1,1,280332,0,0,0,0,0,29,0,0,0,23
1,1,280333,0,16,0,0,0,0,0,0,23,0
2,1,280333,0,0,0,21,0,0,0,0,0,23
0,1,280334,0,0,0,0,0,0,0,0,0,0
1,1,280334,0,0,0,0,0,0,0,0,0,0
1,1,280335,0,0,0,11,0,0,0,0,0,0
1,1,280336,14,14,14,14,14,14,14,14,14,14
2,1,280336,24,24,24,24,24,24,24,24,24,24
1,1,280337,11,28,0,16,6,0,17,17,0,17
1,1,280338,0,0,0,0,0,0,0,0,0,0
2,1,280338,0,0,0,0,0,0,0,0,0,0
1,1,280339,0,0,0,0,0,0,0,9,0,0
1,1,280340,0,0,0,0,0,0,0,0,0,0
1,1,280341,9,9,9,9,9,9,9,9,9,9
1,1,280342,0,0,0,0,0,0,0,0,0,0
2,1,280342,0,0,0,0,0,0,0,0,0,0
1,1,280343,0,0,0,21,21,0,36,21,0,0
2,1,280343,0,0,0,0,0,0,0,0,0,0
1,1,280344,22,22,22,22,22,22,22,22,22,22
0,1,280345,29,0,0,0,0,0,19,0,0,28
1,1,280345,0,0,0,0,11,0,0,0,0,0
0,1,280346,9,10,0,0,0,0,6,0,0,0
1,1,280346,0,0,0,0,0,0,0,0,0,0
1,1,280347,0,0,0,0,0,0,0,0,0,0
1,1,280348,15,15,15,15,15,15,15,15,15,15
2,1,280348,0,0,28,0,0,0,0,6,0,7
0,1,280349,33,20,38,38,11,22,25,9,0,0
1,1,280349,0,0,14,21,0,0,0,0,0,0
1,1,280350,0,0,0,0,0,0,0,0,0,0
1,1,280351,0,0,0,0,0,0,0,0,0,0
2,1,280351,0,0,0,0,0,0,0,0,20,0
1,1,280352,0,0,0,3,0,0,0,0,0,0