VEH_NO,PER_NO,ST_CASE,P1,P2,P3,P4,P5,P6,P7,P8,P9,P10
1,1,280353,0,0,7,9,0,13,0,0,17,8
1,1,280354,0,0,0,0,0,0,0,0,0,0
2,1,280354,0,0,0,0,0,0,0,0,0,0
1,1,280355,0,0,0,0,0,0,0,0,0,0
2,1,280355,0,0,14,0,0,0,0,0,0,0
3,1,280355,0,0,0,0,0,0,0,0,0,0
0,1,280356,29,5,0,0,17,0,0,9,0,0
1,1,280356,0,0,0,0,0,0,0,0,0,0
1,1,280357,12,17,0,22,9,14,0,12,8,16
1,1,280358,26,20,20,4,6,8,16,19,0,19
1,1,280359,0,0,0,9,0,0,0,0,0,0
2,1,280359,0,0,0,0,0,0,0,0,0,0
1,1,280360,0,20,0,0,0,0,0,7,0,0
2,1,280360,0,0,6,0,0,0,0,0,0,0
1,1,280361,0,0,0,0,0,0,0,0,0,0
2,1,280361,0,0,0,0,0,0,0,0,0,0
1,1,280362,0,0,0,16,6,24,18,0,0,0
1,1,280363,0,0,15,0,0,0,0,0,21,0
2,1,280363,0,0,0,0,0,0,0,9,0,0
1,1,280364,0,0,0,0,0,0,0,7,0,0
1,1,280365,0,0,0,0,0,0,0,0,0,0
2,1,280365,15,0,0,0,0,0,0,0,0,0
3,1,280365,0,17,0,0,6,0,0,0,0,0
1,1,280366,0,0,0,0,0,16,0,0,0,0
2,1,280366,0,0,10,0,27,0,0,0,0,0
1,1,280367,10,10,10,10,10,10,10,10,10,10
2,1,280367,0,0,0,0,0,0,0,0,0,0
1,1,280368,0,0,0,0,0,0,0,0,0,0
0,1,280369,0,0,0,0,0,0,0,0,0,0
1,1,280369,0,0,0,0,0,0,6,0,0,0
1,1,280370,20,20,20,20,20,20,20,20,20,20
1,1,280371,13,13,13,13,13,13,13,13,13,13
1,1,280372,0,0,0,16,0,18,0,0,0,17
2,1,280372,0,0,21,0,0,0,15,25,14,0
1,1,280373,0,22,24,21,23,0,12,0,0,19
0,1,280374,0,0,0,0,9,0,0,0,13,15
1,1,280374,0,0,0,0,0,0,0,0,0,0
1,1,280375,0,0,0,0,0,0,0,0,0,0
2,1,280375,0,0,0,0,0,0,0,0,0,0
1,1,280376,0,24,17,18,2,10,24,15,16,19
1,1,280377,0,0,18,0,0,15,15,0,0,0
1,1,280378,0,0,21,0,0,0,0,0,0,0
2,1,280378,0,0,0,0,0,0,0,0,0,0
1,1,280379,0,0,4,0,0,0,0,0,0,13
2,1,280379,0,0,0,0,0,0,0,0,0,0
1,1,280380,18,4,12,20,7,21,0,19,18,0
1,1,280381,22,20,28,22,29,30,14,33,13,36
0,1,280382,0,0,0,0,0,0,0,0,0,0
1,1,280382,0,0,0,0,0,0,0,0,0,0
1,1,280383,22,0,31,0,0,0,0,0,0,0
1,1,280384,12,0,14,0,0,0,0,0,0,0
1,1,280385,0,10,0,16,23,0,0,0,26,35
1,1,280386,0,0,17,0,0,0,0,0,0,0
2,1,280386,26,23,22,0,0,21,0,0,20,22
1,1,280387,0,0,0,0,0,0,0,0,0,0
1,1,280388,8,8,8,8,8,8,8,8,8,8
2,1,280388,2,2,2,2,2,2,2,2,2,2
1,1,280389,0,0,0,8,16,14,33,0,23,7
1,1,280390,0,0,0,0,0,0,0,0,0,0
2,1,280390,0,0,0,0,0,0,0,0,0,0
3,1,280390,0,0,0,8,0,0,0,0,0,0
1,1,280391,18,18,18,18,18,18,18,18,18,18
1,1,280392,0,5,28,0,0,10,35,13,0,14
1,1,280393,0,15,0,0,14,0,0,0,0,18
1,1,280394,0,0,19,0,0,0,0,22,0,0
0,1,280395,0,0,0,0,0,0,0,0,0,0
1,1,280395,0,0,0,0,0,11,0,0,0,0
1,1,280396,0,0,0,0,0,0,0,0,0,0
2,1,280396,0,0,0,0,0,0,0,0,0,0
1,1,280397,13,0,0,3,0,0,0,0,0,0
2,1,280397,0,0,0,0,0,0,0,0,0,0
1,1,280398,0,0,0,0,0,0,0,0,0,0
2,1,280398,0,0,0,0,0,0,0,0,0,18
1,1,280399,15,15,15,15,15,15,15,15,15,15
1,1,280400,0,0,0,11,0,0,0,26,0,0
1,1,280401,0,0,0,0,0,0,20,0,0,0
2,1,280401,0,0,0,0,0,0,0,0,0,0
1,1,280402,20,0,17,0,0,0,8,0,0,0
1,1,280403,0,0,0,0,0,0,0,0,14,0
2,1,280403,0,0,0,0,0,0,0,0,0,0
1,1,280404,0,0,6,0,0,0,5,0,0,0
2,1,280404,16,0,0,0,0,15,37,0,6,0
1,1,280405,0,0,0,0,0,0,0,0,0,0
1,1,280406,27,0,0,0,23,0,0,12,0,0
1,1,280407,22,0,0,0,32,8,37,0,0,14
2,1,280407,0,0,0,0,0,0,1,0,0,0
1,1,280408,10,10,10,10,10,10,10,10,10,10
1,1,280409,10,10,10,10,10,10,10,10,10,10
1,1,280410,0,0,0,24,17,19,7,0,0,0
2,1,280410,0,0,0,0,0,0,0,0,0,0
1,1,280411,0,0,0,0,0,0,0,0,0,0
2,1,280411,0,0,0,0,0,0,0,0,0,0
1,1,280412,0,0,0,0,0,0,0,0,0,0
2,1,280412,0,0,0,0,0,0,0,0,0,0
1,1,280413,23,0,0,0,21,0,0,0,0,25
1,1,280414,0,0,0,6,12,0,11,0,0,22
0,1,280415,12,15,0,0,0,0,15,0,0,0
1,1,280415,0,10,7,0,4,7,8,0,0,0
1,1,280416,17,17,17,17,17,17,17,17,17,17
1,1,280417,0,0,0,13,0,0,0,0,0,0
1,1,280418,10,10,10,10,10,10,10,10,10,10
1,1,280419,19,19,19,19,19,19,19,19,19,19
1,1,280420,13,0,0,11,14,0,0,0,14,0
1,1,280421,0,0,0,11,0,5,0,0,0,9
1,1,280422,18,18,18,18,18,18,18,18,18,18
1,1,280423,0,0,0,0,0,0,0,0,0,0
1,1,280424,0,0,0,0,0,0,0,0,0,0
2,1,280424,0,0,0,0,0,0,0,0,0,0
1,1,280425,0,0,0,0,0,0,0,0,0,0
2,1,280425,0,0,0,0,0,0,0,0,0,0
3,1,280425,0,0,0,0,0,0,0,0,0,0
1,1,280426,0,0,0,0,0,0,0,0,15,0
1,1,280427,0,0,0,0,0,0,0,5,0,0
2,1,280427,0,0,0,0,0,0,0,0,0,0
3,1,280427,0,0,0,0,0,0,0,0,0,0
1,1,280428,24,0,0,0,0,0,30,0,0,0
2,1,280428,0,0,12,0,0,12,0,0,0,0
1,1,280429,18,18,18,18,18,18,18,18,18,18
1,1,280430,20,21,13,0,7,0,0,17,15,13
1,1,280431,11,0,24,0,12,8,0,25,0,0
2,1,280431,0,0,0,0,0,0,38,0,0,0
1,1,280432,0,9,0,21,0,12,0,14,13,17
1,1,280433,17,0,10,11,17,22,0,9,22,19
1,1,280434,17,15,10,10,10,6,0,14,11,21
1,1,280435,0,16,0,0,25,0,9,9,15,15
0,1,280436,21,21,21,21,21,21,21,21,21,21
1,1,280436,0,0,0,0,0,0,0,0,0,0
0,1,280437,21,0,23,0,12,24,33,12,0,0
1,1,280437,10,0,12,12,0,0,0,0,0,0
1,1,280438,12,25,10,27,32,0,2,26,0,8
1,1,280439,5,19,0,20,0,0,0,19,0,0
1,1,280440,19,0,0,0,0,0,0,0,0,0
2,1,280440,0,15,0,0,0,0,16,0,0,0
0,1,280441,0,0,17,0,0,0,0,0,8,0
1,1,280441,23,0,0,0,18,0,0,19,0,0
1,1,280442,0,0,0,0,9,0,0,0,0,22
2,1,280442,0,0,0,0,0,0,0,0,0,0
0,1,280443,0,0,0,0,0,0,0,0,0,0
1,1,280443,0,0,17,0,36,0,16,0,0,15
1,1,280444,0,14,0,14,0,19,17,0,0,15
1,1,280445,16,16,16,16,16,16,16,16,16,16
1,1,280446,11,11,11,11,11,11,11,11,11,11
1,1,280447,0,0,0,0,0,0,0,0,0,0
0,1,280448,13,13,13,13,13,13,13,13,13,13
1,1,280448,8,10,0,15,0,0,0,0,13,0
1,1,280449,0,0,0,0,0,0,0,0,0,0
1,1,280450,0,0,0,0,0,0,0,0,0,0
2,1,280450,0,0,0,0,0,0,0,0,0,16
0,1,280451,0,0,0,24,7,14,0,24,10,17
1,1,280451,0,0,0,0,17,0,0,0,0,5
1,1,280452,9,9,9,9,9,9,9,9,9,9
1,1,280453,16,10,29,27,21,19,0,13,8,30
1,1,280454,0,0,0,0,0,0,0,0,0,0
1,1,280455,22,27,0,0,30,0,0,10,22,9
2,1,280455,0,0,0,0,0,0,0,0,0,0
0,1,280456,21,12,0,24,26,0,27,18,22,0
1,1,280456,13,0,12,9,9,0,0,0,17,0
1,1,280457,12,0,15,0,0,0,0,0,21,11
1,1,280458,0,0,0,0,26,30,0,0,0,0
1,1,280459,0,0,0,0,0,0,0,0,0,0
1,1,280460,0,0,0,0,0,0,23,0,28,0
2,1,280460,0,4,0,0,0,0,0,0,0,0
1,1,280461,12,12,12,12,12,12,12,12,12,12
2,1,280461,0,0,0,0,0,0,0,0,0,0
1,1,280462,20,0,0,0,21,0,0,0,7,15
1,1,280463,10,0,26,0,0,0,0,0,0,0
1,1,280464,0,18,0,0,0,0,0,0,0,6
2,1,280464,0,0,0,0,0,0,0,0,0,22
1,1,280465,3,6,6,0,0,0,0,14,0,0
1,1,280466,15,15,15,15,15,15,15,15,15,15
1,1,280467,20,16,24,0,17,16,11,11,21,31
1,1,280468,22,29,22,9,3,37,15,24,0,0
1,1,280469,19,3,12,24,18,16,0,20,6,0
1,1,280470,16,0,0,0,0,0,0,0,0,0
1,1,280471,0,0,0,0,0,0,0,0,0,0
2,1,280471,0,0,0,0,0,0,0,0,0,0
1,1,280472,0,0,0,7,0,0,0,0,0,0
2,1,280472,0,0,0,0,0,0,0,0,0,0
1,1,280473,0,0,0,0,6,0,0,0,0,0
0,1,280474,0,0,28,0,0,0,0,0,0,11
1,1,280474,3,0,0,0,0,0,0,0,0,8
1,1,280475,13,0,10,17,0,16,0,0,13,10
1,1,280476,0,0,0,0,0,0,0,0,0,0
2,1,280476,0,24,0,0,0,0,0,0,0,0
0,1,280477,0,16,20,20,0,11,31,32,20,0
1,1,280477,0,0,0,0,0,0,0,0,0,0
1,1,280478,0,0,0,0,0,0,0,0,0,0
1,1,280479,28,28,28,28,28,28,28,28,28,28
1,1,280480,7,0,10,5,28,7,21,2,0,17
1,1,280481,0,4,20,17,0,0,0,0,0,0
2,1,280481,30,5,0,0,0,9,14,0,0,0
0,1,280482,21,0,22,0,19,16,18,0,42,15
1,1,280482,0,20,16,0,8,0,0,0,2,16
1,1,280483,0,0,0,0,0,0,0,0,0,0
1,1,280484,0,0,0,0,0,0,0,0,0,22
2,1,280484,22,0,0,0,20,0,0,0,0,0
1,1,280485,6,0,0,0,15,0,0,0,0,52
1,1,280486,0,0,0,0,0,0,0,0,0,0
2,1,280486,14,0,0,0,18,0,0,10,0,8
1,1,280487,0,0,0,0,0,0,0,0,0,0
1,1,280488,16,16,16,16,16,16,16,16,16,16
1,1,280489,0,0,0,0,0,0,0,0,0,0
2,1,280489,0,0,0,0,0,0,0,0,0,0
1,1,280490,16,16,16,16,16,16,16,16,16,16
1,1,280491,11,11,11,11,11,11,11,11,11,11
1,1,280492,0,0,0,9,0,0,0,0,0,0
2,1,280492,15,0,0,0,0,12,0,0,16,0
3,1,280492,0,0,0,0,0,0,0,19,0,0
1,1,280493,0,0,0,0,0,0,0,0,0,0
2,1,280493,0,2,0,0,0,0,0,23,8,0
1,1,280494,0,0,28,13,0,11,6,21,0,0
1,1,280495,0,0,0,0,0,0,0,0,0,0
1,1,280496,0,0,0,0,0,0,0,0,0,0
2,1,280496,0,0,0,0,0,0,0,0,0,0
0,1,280497,0,0,0,0,0,0,0,0,0,0
1,1,280497,0,0,0,0,0,0,0,0,0,0
1,1,280498,0,0,0,0,0,0,0,0,0,0
2,1,280498,18,0,0,0,0,0,8,4,0,0
1,1,280499,0,0,0,0,0,0,0,0,0,0
1,1,280500,0,0,0,0,0,0,0,0,0,0
2,1,280500,0,0,3,0,0,0,0,0,0,0
1,1,280501,29,0,0,0,26,0,0,0,0,0
1,1,280502,0,0,0,0,0,0,0,0,0,0
2,1,280502,0,0,0,0,0,0,0,0,0,0
1,1,280503,12,12,12,12,12,12,12,12,12,12
1,1,280504,0,0,0,0,0,0,0,0,0,0
1,1,280505,0,0,0,0,0,0,0,0,0,0
2,1,280505,0,0,0,0,0,0,0,0,0,0
1,1,280506,22,33,8,16,12,0,0,27,17,0
2,1,280506,11,25,33,15,25,32,0,0,0,0
1,1,280507,19,0,0,0,0,0,10,0,0,0
2,1,280507,0,0,0,0,0,0,0,0,0,0
0,1,280508,0,19,14,22,31,0,0,13,18,0
1,1,280508,19,0,15,0,0,0,0,0,0,0
0,1,280509,0,34,0,0,0,0,19,10,0,0
1,1,280509,5,0,0,14,0,0,0,0,0,15
1,1,280510,29,17,13,19,0,47,0,0,0,19
1,1,280511,24,11,24,32,26,40,17,14,6,34
0,1,280512,14,9,12,19,28,26,0,18,24,12
1,1,280512,24,0,0,11,33,0,22,3,11,17
1,1,280513,13,9,0,24,0,0,9,21,13,0
0,1,280514,0,0,0,17,0,9,0,0,0,7
1,1,280514,0,0,0,0,0,0,0,0,0,0
1,1,280515,0,0,0,0,0,0,0,0,23,0
2,1,280515,0,0,0,0,0,1,0,0,0,0
1,1,280516,0,0,0,0,0,0,0,0,0,8
2,1,280516,4,0,0,0,0,0,0,0,0,0
1,1,280517,0,0,0,0,0,0,0,19,0,0
2,1,280517,0,0,0,0,0,10,0,0,0,0
1,1,280518,0,0,21,0,0,14,0,0,0,11
1,1,280519,32,26,0,0,14,0,0,10,14,17
1,1,280520,0,0,0,0,0,0,0,0,0,0
1,1,280521,0,0,0,0,0,0,0,0,0,0
1,1,280522,0,0,0,0,0,0,0,0,0,0
1,1,280523,0,0,0,0,0,0,27,18,0,0
1,1,280524,0,0,0,7,20,29,21,12,0,26
1,1,280525,13,13,13,13,13,13,13,13,13,13
1,1,280526,35,0,23,36,8,0,0,11,0,6
1,1,280527,0,0,0,3,0,0,0,0,0,0
2,1,280527,0,0,0,0,4,0,0,0,14,0
1,1,280528,0,0,0,0,0,0,0,0,0,0
2,1,280528,0,0,0,0,0,0,0,0,0,0
1,1,280529,15,9,20,0,17,19,0,0,25,0
1,1,280530,0,0,0,0,0,0,0,12,0,0
2,1,280530,0,0,0,0,0,0,0,0,0,0
1,1,280531,0,7,0,12,0,0,0,13,0,0
1,1,280532,0,0,0,20,0,0,0,0,0,0
1,1,280533,0,0,0,22,0,0,0,0,0,0
2,1,280533,0,0,0,12,0,0,0,0,0,0
1,1,280534,15,0,0,0,0,0,0,0,0,0
2,1,280534,0,24,0,11,12,0,26,17,27,20
1,1,280535,0,0,10,0,4,0,0,0,0,10
2,1,280535,0,0,0,0,0,0,0,0,0,0
1,1,280536,0,0,0,0,0,0,0,0,21,0
2,1,280536,20,13,0,0,10,0,15,0,0,0
1,1,280537,13,0,0,6,0,16,0,0,0,0
2,1,280537,0,0,0,0,24,21,0,0,9,0
1,1,280538,0,20,0,23,16,0,31,0,42,0
1,1,280539,0,0,0,0,0,0,0,0,0,0
1,1,280540,23,0,0,0,0,21,0,0,0,0
1,1,280541,0,0,8,0,0,11,0,0,0,24
1,1,280542,10,0,0,0,0,0,5,0,0,0
2,1,280542,29,0,0,4,0,0,8,8,0,0
1,1,280543,0,9,0,28,0,0,0,0,0,25
1,1,280544,0,17,0,0,0,0,0,0,0,0
2,1,280544,0,0,0,0,0,0,0,0,0,0
1,1,280545,0,0,0,0,0,0,0,9,0,0
1,1,280546,0,0,7,15,0,18,15,15,0,0
1,1,280547,0,0,0,0,0,0,0,0,0,0
1,1,280548,0,5,0,0,0,0,0,21,0,0
1,1,280549,0,0,0,0,0,0,0,0,0,0
2,1,280549,0,0,9,13,16,0,0,13,13,12
1,1,280550,0,0,0,0,0,0,0,0,0,12
1,1,280551,20,21,8,16,9,0,0,26,17,26
1,1,280552,0,0,0,0,0,0,0,0,0,0
2,1,280552,0,0,0,0,0,0,0,0,0,0
1,1,280553,0,0,0,0,0,0,0,0,0,0
2,1,280553,26,21,0,0,0,0,0,0,0,0
3,1,280553,0,0,0,0,12,0,0,0,0,15
1,1,280554,0,0,0,0,0,0,0,0,0,0
2,1,280554,0,0,8,0,0,0,13,0,0,0
0,1,280555,0,22,0,0,0,0,13,0,0,11
1,1,280555,7,0,0,0,0,0,0,9,15,0
1,1,280556,0,0,0,0,0,0,0,0,0,0
2,1,280556,0,0,0,0,0,11,0,0,0,0
1,1,280557,0,0,0,0,0,0,0,0,0,0
2,1,280557,0,0,0,0,0,0,0,0,0,0
1,1,280558,0,0,0,0,0,0,0,0,0,0
2,1,280558,0,0,0,21,0,0,0,0,0,0
1,1,280559,0,0,0,0,0,0,0,0,0,0
1,1,280560,0,0,0,0,0,0,0,0,0,14
2,1,280560,0,23,0,0,0,0,23,0,0,0
1,1,280561,24,24,24,24,24,24,24,24,24,24
2,1,280561,0,0,0,0,0,0,0,0,0,0
1,1,280562,0,10,0,0,0,15,0,0,17,0
1,1,280563,0,16,0,11,0,23,0,23,0,7
1,1,280564,33,33,33,33,33,33,33,33,33,33
1,1,280565,19,14,38,31,11,0,0,10,31,14
1,1,280566,6,18,16,12,21,6,0,20,19,11
1,1,280567,0,0,0,0,0,0,0,0,0,0
1,1,280568,0,0,6,0,0,0,0,0,0,0
0,1,280569,0,0,0,0,0,0,0,0,0,0
1,1,280569,0,0,12,0,8,12,0,0,0,0
1,1,280570,0,0,0,0,0,0,0,5,28,0
1,1,280571,3,7,0,0,15,17,28,8,24,0
1,1,280572,17,5,0,0,9,6,0,0,19,0
2,1,280572,0,0,2,0,0,0,0,0,0,0
1,1,280573,13,9,0,24,0,30,26,11,16,9
1,1,280574,0,0,0,0,0,0,0,0,0,0
1,1,280575,20,0,0,0,0,0,0,0,5,0
1,1,280576,0,0,0,0,0,13,0,0,0,0
2,1,280576,0,0,0,0,6,15,0,0,0,0
1,1,280577,0,0,15,0,31,0,8,0,0,0
0,1,280578,0,0,12,0,0,0,0,0,22,0
1,1,280578,0,0,0,0,0,0,0,0,0,0
0,1,280579,0,0,0,0,0,0,0,0,0,0
1,1,280579,0,0,10,0,0,0,0,0,0,0
0,1,280580,0,0,31,36,0,0,0,0,0,0
1,1,280580,0,0,0,0,0,0,16,0,8,0
0,1,280581,0,27,0,0,0,0,0,13,0,0
1,1,280581,0,0,0,0,0,0,0,0,0,0
1,1,280582,0,0,0,0,0,0,0,0,18,0
1,1,280583,0,0,0,0,0,0,0,0,0,25
1,1,280584,0,0,0,0,0,0,0,0,0,0
2,1,280584,8,0,0,0,0,0,0,0,29,0
1,1,280585,13,0,0,0,0,0,0,0,0,0
2,1,280585,0,0,0,0,0,0,0,0,0,0
3,1,280585,0,0,0,0,0,0,0,0,0,0
1,1,280586,0,0,0,0,0,0,0,0,0,0
1,1,280587,0,7,0,0,0,0,0,0,0,0
1,1,280588,13,0,0,0,0,0,0,0,13,0
1,1,280589,26,26,26,26,26,26,26,26,26,26
1,1,280590,12,12,12,12,12,12,12,12,12,12
1,1,280591,13,13,13,13,13,13,13,13,13,13
0,1,280592,0,0,0,0,0,0,0,0,13,22
1,1,280592,0,0,0,0,0,0,0,0,0,0
1,1,280593,18,0,0,0,0,0,4,0,0,0
0,1,280594,0,0,0,0,0,0,15,39,0,27
1,1,280594,19,0,0,0,0,0,3,0,0,0
1,1,280595,0,0,7,23,21,4,14,29,0,0
1,1,280596,0,0,0,0,0,0,0,0,0,0
2,1,280596,31,10,7,0,0,0,26,0,0,0
3,1,280596,0,3,0,3,0,0,0,0,0,0
1,1,280597,20,0,0,18,0,0,0,0,0,0
2,1,280597,0,0,0,33,0,0,20,0,19,16
0,1,280598,0,0,0,0,0,0,0,14,0,0
1,1,280598,0,0,0,0,0,0,0,0,0,0
1,1,280599,34,18,0,0,9,17,12,15,27,19
1,1,280600,0,0,0,0,0,0,0,0,0,0
1,1,280601,13,13,13,13,13,13,13,13,13,13
1,1,280602,0,16,0,0,0,0,0,0,0,0
2,1,280602,0,0,0,0,0,0,0,0,0,0
1,1,280603,18,18,18,18,18,18,18,18,18,18
1,1,280604,0,0,0,0,0,0,0,0,0,0
1,1,280605,21,21,21,21,21,21,21,21,21,21
1,1,280606,0,15,0,0,18,20,21,17,14,35
1,1,280607,0,0,0,0,10,0,0,0,0,0
0,1,280608,0,0,0,0,7,0,0,0,0,0
1,1,280608,0,0,0,0,0,0,0,0,0,0
1,1,280609,0,0,0,0,0,0,0,0,0,0
2,1,280609,0,0,0,0,0,0,0,0,0,0
1,1,280610,0,0,0,0,18,0,0,0,14,0
2,1,280610,0,0,0,0,0,0,0,0,0,20
1,1,280611,12,12,12,12,12,12,12,12,12,12
1,1,280612,21,0,0,3,0,0,21,8,28,26
1,1,280613,0,23,18,0,0,0,0,0,0,0
2,1,280613,0,0,0,0,0,0,0,0,0,0
1,1,280614,0,0,0,0,0,0,0,0,0,0
2,1,280614,0,0,0,0,0,12,0,0,0,0
0,1,280615,0,14,0,0,0,27,0,0,28,0
1,1,280615,20,0,0,4,0,0,11,0,0,0
1,1,280616,22,0,13,31,22,15,0,0,0,0
1,1,280617,0,0,0,0,17,0,0,0,0,0
1,1,280618,0,0,0,0,0,0,0,0,0,0
1,1,280619,0,0,0,0,0,26,0,0,26,0
1,1,280620,0,0,0,0,0,0,0,0,0,0
2,1,280620,0,0,0,0,0,0,10,0,18,0
0,1,280621,0,0,0,18,17,0,13,0,0,0
1,1,280621,0,0,0,0,0,0,0,0,0,0
1,1,280622,0,0,0,0,2,0,0,0,0,0
2,1,280622,0,0,0,0,0,0,0,34,0,0
1,1,280623,6,0,23,23,0,21,0,32,19,0
1,1,280624,12,12,12,12,12,12,12,12,12,12
2,1,280624,0,7,12,0,9,0,0,0,0,18
1,1,280625,0,0,0,0,0,0,0,0,0,0
1,1,280626,0,0,0,0,0,0,0,0,0,0
2,1,280626,0,0,0,0,0,0,5,0,0,0
1,1,280627,4,16,0,18,0,0,12,0,9,14
1,1,280628,0,0,0,0,0,0,0,0,0,0
1,1,280629,12,17,16,0,27,19,0,0,0,0
0,1,280630,0,0,0,0,0,0,0,0,0,0
1,1,280630,0,0,0,0,10,0,0,0,0,0
1,1,280631,2,21,21,14,8,0,0,0,0,10
1,1,290001,17,17,17,17,17,17,17,17,17,17
2,1,290001,0,0,0,0,0,0,0,0,0,0
1,1,290002,5,5,5,5,5,5,5,5,5,5
1,1,290003,5,5,5,5,5,5,5,5,5,5
1,1,290004,48,48,48,48,48,48,48,48,48,48
1,1,290005,18,18,18,18,18,18,18,18,18,18
1,1,290006,1,1,1,1,1,1,1,1,1,1
1,1,290007,23,23,23,23,23,23,23,23,23,23
2,1,290007,0,11,10,0,0,0,0,0,0,0
1,1,290008,0,0,0,0,0,0,0,0,0,0
1,1,290009,6,6,6,6,6,6,6,6,6,6
2,1,290009,0,0,0,14,0,0,0,0,0,15
0,1,290010,32,32,32,32,32,32,32,32,32,32
1,1,290010,0,0,0,0,0,0,0,0,0,0
1,1,290011,0,0,0,0,0,0,0,0,0,0
2,1,290011,0,0,0,0,0,0,0,0,0,0
1,1,290012,23,22,23,14,19,22,14,21,8,15
1,1,290013,8,0,0,0,8,0,0,15,0,0
1,1,290014,0,0,0,0,0,0,0,0,0,0
2,1,290014,14,14,14,14,14,14,14,14,14,14
1,1,290015,9,9,9,9,9,9,9,9,9,9
2,1,290015,0,0,0,0,0,0,0,0,0,0
0,1,290016,15,15,0,0,37,9,0,0,0,18
1,1,290016,0,10,0,0,0,0,0,0,0,0
2,1,290016,0,0,0,0,0,0,0,0,0,0
1,1,290017,13,13,13,13,13,13,13,13,13,13
2,1,290017,10,10,10,10,10,10,10,10,10,10
1,1,290018,0,0,0,0,0,0,0,0,0,0
1,1,290019,0,0,0,0,0,0,0,0,0,0
2,1,290019,0,0,0,0,0,0,0,0,0,0
1,1,290020,0,0,0,0,0,0,0,0,0,0
1,1,290021,0,0,0,0,0,0,0,0,0,0
2,1,290021,0,0,0,0,0,0,0,0,0,10
3,1,290021,17,0,0,0,0,0,0,0,0,0
1,1,290022,0,0,0,0,0,0,0,0,0,0
2,1,290022,0,0,0,0,0,0,0,0,0,0
1,1,290023,20,20,20,20,20,20,20,20,20,20
1,1,290024,29,29,29,29,29,29,29,29,29,29
1,1,290025,0,0,0,0,0,0,0,0,0,0
2,1,290025,0,0,0,0,0,0,0,0,0,0
1,1,290026,22,22,22,22,22,22,22,22,22,22
1,1,290027,0,0,0,0,0,0,0,0,0,0
2,1,290027,0,0,0,0,0,0,0,0,0,0
0,1,290028,31,31,31,31,31,31,31,31,31,31
1,1,290028,0,0,0,0,0,0,0,0,0,0
1,1,290029,0,0,0,0,0,0,0,0,0,0
2,1,290029,0,0,0,0,0,0,0,0,0,0
0,1,290030,8,8,8,8,8,8,8,8,8,8
1,1,290030,0,0,0,0,0,0,0,0,0,0
1,1,290031,20,20,20,20,20,20,20,20,20,20
2,1,290031,0,0,8,0,0,7,14,0,0,12
3,1,290031,6,0,0,21,0,23,14,0,40,9
1,1,290032,10,0,8,0,0,0,17,16,0,7
1,1,290033,0,0,0,0,0,0,0,0,0,0
2,1,290033,0,0,0,0,0,0,0,0,0,0
1,1,290034,0,0,0,0,0,0,0,0,0,0
2,1,290034,20,14,0,0,0,0,0,0,0,0
1,1,290035,10,10,10,10,10,10,10,10,10,10
0,1,290036,5,5,5,5,5,5,5,5,5,5
1,1,290036,0,0,0,0,0,0,0,0,0,0
0,1,290037,28,14,17,0,0,19,0,21,15,0
1,1,290037,0,0,5,0,5,5,2,0,17,7
1,1,290038,0,0,0,0,0,0,0,0,0,0
2,1,290038,0,0,0,0,0,0,0,12,0,0
1,1,290039,16,16,16,16,16,16,16,16,16,16
1,1,290040,0,0,0,0,0,0,0,0,0,0
1,1,290041,0,0,7,0,0,9,0,0,0,0
2,1,290041,0,0,0,0,0,0,0,0,0,0
1,1,290042,17,17,17,17,17,17,17,17,17,17
1,1,290043,13,13,13,13,13,13,13,13,13,13
1,1,290044,0,0,0,0,0,0,0,0,0,0
1,1,290045,20,20,20,20,20,20,20,20,20,20
1,1,290046,0,0,0,0,0,0,0,0,0,0
1,1,290047,0,0,0,0,0,0,0,0,0,0
2,1,290047,0,0,0,0,0,0,0,0,0,0
1,1,290048,15,15,15,15,15,15,15,15,15,15
2,1,290048,6,6,6,6,6,6,6,6,6,6
1,1,290049,0,0,0,0,0,0,0,0,0,0
2,1,290049,0,0,0,0,0,0,0,0,0,0
1,1,290050,0,0,0,0,0,0,0,0,0,0
2,1,290050,0,0,0,0,0,0,0,0,0,0
1,1,290051,13,13,13,13,13,13,13,13,13,13
0,1,290052,0,0,0,0,0,0,0,0,0,0
1,1,290052,0,0,0,0,0,0,0,0,0,0
1,1,290053,19,19,19,19,19,19,19,19,19,19
1,1,290054,0,0,0,0,27,0,0,0,0,0
2,1,290054,0,0,0,0,0,0,0,0,0,0
1,1,290055,0,0,0,0,0,0,0,0,0,0
1,1,290056,10,10,10,10,10,10,10,10,10,10
1,1,290057,0,0,0,0,0,0,0,0,0,0
1,1,290058,0,0,0,0,0,0,0,0,0,0
2,1,290058,21,21,21,21,21,21,21,21,21,21
1,1,290059,0,0,0,0,0,0,0,0,0,0
1,1,290060,0,0,0,0,0,0,0,0,0,0