VEH_NO,PER_NO,ST_CASE,P1,P2,P3,P4,P5,P6,P7,P8,P9,P10
1,1,290061,14,14,14,14,14,14,14,14,14,14
1,1,290062,0,0,0,0,0,0,0,0,0,0
1,1,290063,2,2,2,2,2,2,2,2,2,2
1,1,290064,0,0,0,0,0,0,0,0,0,0
1,1,290065,0,19,9,0,27,0,11,11,0,0
1,1,290066,26,26,26,26,26,26,26,26,26,26
1,1,290067,0,0,0,0,0,0,0,0,0,0
2,1,290067,0,20,0,0,0,0,0,0,8,0
1,1,290068,5,5,5,5,5,5,5,5,5,5
1,1,290069,0,0,0,0,0,0,0,0,0,0
1,1,290070,4,4,4,4,4,4,4,4,4,4
1,1,290071,0,0,0,0,0,0,0,0,0,0
2,1,290071,0,0,0,0,0,0,0,0,0,0
1,1,290072,21,21,21,21,21,21,21,21,21,21
1,1,290073,0,0,0,0,0,0,0,0,0,0
2,1,290073,0,0,0,9,0,0,2,0,0,0
1,1,290074,11,11,11,11,11,11,11,11,11,11
1,1,290075,52,0,0,0,0,21,14,0,10,0
1,1,290076,0,0,0,0,0,0,0,0,0,0
0,1,290077,0,0,0,0,0,0,0,0,0,0
1,1,290077,0,0,0,0,0,0,0,0,0,0
1,1,290078,0,0,0,0,0,0,0,0,0,0
2,1,290078,0,0,0,0,0,0,0,0,0,0
1,1,290079,0,0,0,0,0,0,0,0,0,0
2,1,290079,0,0,0,0,0,0,0,0,0,0
0,1,290080,0,0,0,0,0,0,0,0,0,0
0,2,290080,0,0,0,0,0,0,0,0,0,0
1,1,290080,0,0,0,0,0,0,0,0,0,0
1,1,290081,0,0,0,0,0,0,0,0,0,0
1,1,290082,21,21,21,21,21,21,21,21,21,21
1,1,290083,0,0,0,0,0,0,0,0,0,0
1,1,290084,0,0,11,0,0,13,0,0,0,0
1,1,290085,14,14,14,14,14,14,14,14,14,14
1,1,290086,27,27,27,27,27,27,27,27,27,27
1,1,290087,14,14,18,18,18,18,22,28,6,10
2,1,290087,0,0,0,0,0,0,0,0,0,0
1,1,290088,24,24,24,24,24,24,24,24,24,24
0,1,290089,18,18,18,18,18,18,18,18,18,18
1,1,290089,14,14,14,14,14,14,14,14,14,14
1,1,290090,10,10,10,10,10,10,10,10,10,10
1,1,290091,0,0,0,0,0,0,0,0,0,0
2,1,290091,0,0,0,0,0,0,0,0,0,0
1,1,290092,0,0,0,0,0,0,0,0,0,0
1,1,290093,18,18,18,18,18,18,18,18,18,18
2,1,290093,22,22,22,22,22,22,22,22,22,22
1,1,290094,0,0,0,0,0,0,0,0,0,0
2,1,290094,0,0,0,0,0,0,0,0,0,0
1,1,290095,0,0,0,0,0,0,0,0,0,0
2,1,290095,17,14,0,0,0,0,0,0,0,0
1,1,290096,27,27,27,27,27,27,27,27,27,27
1,1,290097,0,0,0,0,0,0,0,0,0,0
2,1,290097,0,0,0,0,0,0,0,17,0,0
1,1,290098,17,17,17,17,17,17,17,17,17,17
2,1,290098,0,0,0,0,0,0,0,0,0,0
1,1,290099,0,0,0,0,0,0,0,0,0,0
2,1,290099,0,0,0,0,0,0,0,0,0,0
1,1,290100,0,0,0,0,0,0,0,0,0,0
1,1,290101,22,22,22,22,22,22,22,22,22,22
2,1,290101,0,0,0,0,0,0,0,0,0,0
1,1,290102,12,12,12,12,12,12,12,12,12,12
1,1,290103,12,12,12,12,12,12,12,12,12,12
1,1,290104,0,0,0,0,0,0,0,0,0,0
2,1,290104,0,0,14,0,0,0,0,0,0,0
1,1,290105,0,0,0,0,0,0,0,0,0,0
2,1,290105,24,24,24,24,24,24,24,24,24,24
0,1,290106,14,35,23,26,14,10,43,18,22,29
0,2,290106,25,0,0,18,18,0,16,0,0,8
1,1,290106,0,0,0,0,0,0,0,0,0,0
1,1,290107,0,0,0,0,0,0,0,0,0,0
2,1,290107,11,11,11,11,11,11,11,11,11,11
1,1,290108,0,0,0,0,0,0,0,0,0,0
1,1,290109,0,0,0,0,0,0,0,0,16,0
1,1,290110,12,12,12,12,12,12,12,12,12,12
2,1,290110,0,0,0,0,0,0,0,0,0,0
1,1,290111,0,0,0,0,0,0,0,0,0,0
2,1,290111,0,0,0,0,0,0,0,0,0,0
1,1,290112,25,25,25,25,25,25,25,25,25,25
1,1,290113,24,24,24,24,24,24,24,24,24,24
1,1,290114,0,13,0,0,0,0,0,0,0,0
1,1,290115,0,0,0,0,0,0,0,0,0,0
2,1,290115,0,0,0,0,0,0,0,0,0,0
1,1,290116,0,0,10,0,0,0,0,0,0,0
2,1,290116,0,0,0,0,0,0,0,0,0,0
3,1,290116,0,0,0,0,0,0,0,0,0,0
0,1,290117,0,0,0,0,0,0,0,0,0,0
1,1,290117,0,0,0,0,0,0,0,0,0,0
1,1,290118,0,0,0,0,0,0,0,0,0,0
1,1,290119,2,2,2,2,2,2,2,2,2,2
2,1,290119,0,0,0,0,0,0,0,0,0,0
1,1,290120,0,0,0,0,0,0,0,0,0,0
1,1,290121,13,13,13,13,13,13,13,13,13,13
2,1,290121,0,0,0,0,0,0,0,0,0,0
1,1,290122,37,37,37,37,37,37,37,37,37,37
1,1,290123,18,18,18,18,18,18,18,18,18,18
0,1,290124,22,22,22,22,22,22,22,22,22,22
1,1,290124,0,0,0,0,0,0,15,3,0,0
1,1,290125,0,0,0,0,0,0,0,0,0,0
1,1,290126,0,0,0,0,0,0,0,0,0,0
1,1,290127,0,0,0,0,0,0,0,0,0,0
2,1,290127,0,0,0,0,0,0,0,0,0,0
3,1,290127,0,0,0,0,0,0,0,0,0,0
4,1,290127,0,0,0,0,0,0,0,0,0,0
1,1,290128,19,19,19,19,19,19,19,19,19,19
1,1,290129,0,0,10,0,0,0,0,0,7,0
1,1,290130,0,0,0,0,0,0,0,0,0,0
1,1,290131,0,0,0,0,0,0,0,0,0,0
2,1,290131,0,0,0,0,0,0,0,0,0,0
1,1,290132,16,16,16,16,16,16,16,16,16,16
1,1,290133,19,19,19,19,19,19,19,19,19,19
1,1,290134,5,5,5,5,5,5,5,5,5,5
1,1,290135,26,26,26,26,26,26,26,26,26,26
1,1,290136,0,0,0,0,0,0,0,0,0,0
2,1,290136,0,0,0,0,0,0,0,0,0,0
1,1,290137,17,17,17,17,17,17,17,17,17,17
2,1,290137,0,0,0,0,0,0,0,0,0,0
3,1,290137,0,0,0,0,0,0,0,0,0,0
4,1,290137,0,0,0,0,0,0,0,0,0,0
1,1,290138,5,5,5,5,5,5,5,5,5,5
1,1,290139,1,1,1,1,1,1,1,1,1,1
1,1,290140,0,0,0,0,0,0,0,12,0,0
2,1,290140,0,0,0,0,0,0,0,0,0,0
1,1,290141,1,1,1,1,1,1,1,1,1,1
2,1,290141,0,0,0,0,0,0,0,0,0,0
1,1,290142,9,21,0,9,8,0,0,0,0,0
2,1,290142,3,3,3,3,3,3,3,3,3,3
3,1,290142,0,0,0,0,0,0,0,0,0,0
1,1,290143,0,0,0,0,0,0,0,0,0,0
2,1,290143,0,0,0,0,0,0,5,0,0,0
1,1,290144,0,0,0,0,0,0,0,0,0,0
1,1,290145,0,0,0,0,0,0,0,0,0,0
2,1,290145,0,0,0,0,0,0,0,0,0,0
1,1,290146,1,1,1,1,1,1,1,1,1,1
1,1,290147,21,21,21,21,21,21,21,21,21,21
1,1,290148,11,11,11,11,11,11,11,11,11,11
2,1,290148,0,0,0,0,0,0,0,0,0,0
1,1,290149,16,16,16,16,16,16,16,16,16,16
1,1,290150,0,0,0,0,0,0,0,0,0,0
1,1,290151,25,25,25,25,25,25,25,25,25,25
2,1,290151,0,0,0,0,0,0,0,0,0,0
1,1,290152,18,2,16,14,0,10,20,18,11,9
1,1,290153,14,32,20,23,16,17,31,20,27,24
1,1,290154,0,0,0,0,0,0,0,0,0,0
1,1,290155,0,0,0,0,0,0,0,0,0,0
2,1,290155,0,0,0,0,0,0,0,0,0,0
1,1,290156,17,17,17,17,17,17,17,17,17,17
2,1,290156,0,0,0,0,0,0,0,0,0,0
1,1,290157,21,21,21,21,21,21,21,21,21,21
1,1,290158,13,13,13,13,13,13,13,13,13,13
1,1,290159,0,0,0,0,0,0,24,0,18,0
1,1,290160,16,16,16,16,16,16,16,16,16,16
2,1,290160,0,0,0,0,7,0,15,0,0,16
1,1,290161,0,0,0,0,0,0,0,0,0,0
1,1,290162,0,0,0,0,0,0,0,0,0,0
1,1,290163,16,16,16,16,16,16,16,16,16,16
2,1,290163,0,0,0,0,0,0,0,0,0,0
1,1,290164,14,14,14,14,14,14,14,14,14,14
1,1,290165,0,0,0,0,0,0,0,10,0,0
2,1,290165,0,0,22,14,0,0,19,11,0,0
3,1,290165,0,0,0,0,0,0,0,0,0,0
1,1,290166,0,0,0,0,0,0,0,0,0,0
2,1,290166,0,0,0,0,0,0,0,0,0,0
1,1,290167,21,21,21,21,21,21,21,21,21,21
1,1,290168,0,0,0,0,0,0,0,0,0,0
1,1,290169,0,0,0,0,0,0,0,0,0,0
2,1,290169,0,0,0,0,0,0,0,0,0,0
1,1,290170,27,27,27,27,27,27,27,27,27,27
0,1,290171,0,0,0,0,0,0,0,0,0,0
1,1,290171,0,0,0,0,0,0,0,0,0,0
0,1,290172,25,25,25,25,25,25,25,25,25,25
1,1,290172,0,0,0,0,0,0,0,0,0,0
1,1,290173,20,20,20,20,20,20,20,20,20,20
2,1,290173,0,0,0,0,0,0,0,0,0,0
3,1,290173,0,0,0,0,0,13,0,0,0,0
1,1,290174,0,0,3,0,0,0,0,0,0,27
1,1,290175,14,14,14,14,14,14,14,14,14,14
2,1,290175,0,0,0,16,18,0,0,0,6,3
1,1,290176,20,20,20,20,20,20,20,20,20,20
1,1,290177,17,17,17,17,17,17,17,17,17,17
2,1,290177,0,0,0,0,0,0,0,0,0,0
1,1,290178,12,14,0,0,0,0,0,0,0,0
2,1,290178,12,12,0,0,0,0,0,0,0,0
1,1,290179,0,0,0,4,0,0,0,0,0,0
2,1,290179,0,0,0,0,0,0,0,0,0,0
3,1,290179,0,0,0,0,0,0,0,0,0,0
1,1,290180,0,0,0,0,0,0,0,0,0,0
2,1,290180,0,0,0,0,0,0,0,0,0,0
1,1,290181,1,1,1,1,1,1,1,1,1,1
2,1,290181,0,0,0,0,0,0,0,0,0,0
1,1,290182,2,2,2,2,2,2,2,2,2,2
1,1,290183,0,0,0,0,0,0,0,0,0,0
1,1,290184,0,0,0,0,0,0,0,0,0,0
2,1,290184,0,0,0,0,0,0,0,0,0,0
1,1,290185,0,0,0,0,0,0,0,0,0,0
1,1,290186,0,0,0,0,0,0,0,0,0,0
2,1,290186,0,0,0,0,0,0,0,0,0,0
1,1,290187,0,0,0,0,0,0,0,0,0,0
2,1,290187,0,0,0,0,0,0,0,0,0,0
1,1,290188,0,0,0,0,0,0,0,0,0,0
1,1,290189,0,0,0,0,0,0,0,0,0,0
1,1,290190,11,11,11,11,11,11,11,11,11,11
0,1,290191,23,23,23,23,23,23,23,23,23,23
1,1,290191,0,0,0,0,0,0,0,0,0,0
1,1,290192,0,0,0,0,0,0,0,0,0,0
1,1,290193,0,0,0,0,0,0,0,0,0,0
1,1,290194,26,26,26,26,26,26,26,26,26,26
1,1,290195,0,0,0,0,0,0,0,0,0,0
2,1,290195,0,0,0,0,0,0,0,0,0,0
1,1,290196,15,15,15,15,15,15,15,15,15,15
1,1,290197,0,0,0,0,0,0,0,0,0,0
2,1,290197,0,0,0,0,0,11,0,0,0,0
1,1,290198,0,0,0,0,0,0,0,0,0,0
1,1,290199,0,0,0,0,0,0,3,7,6,0
1,1,290200,0,0,0,0,0,0,0,0,0,0
2,1,290200,0,0,0,0,0,0,0,0,0,0
1,1,290201,9,9,9,9,9,9,9,9,9,9
1,1,290202,0,0,0,0,0,0,0,0,0,0
1,1,290203,0,0,6,0,0,0,0,0,16,18
1,1,290204,0,0,0,0,0,0,0,0,0,0
0,1,290205,24,24,24,24,24,24,24,24,24,24
1,1,290205,0,0,12,0,9,31,11,0,18,0
1,1,290206,0,0,0,0,0,0,0,0,0,0
2,1,290206,0,0,0,0,0,0,0,0,0,0
1,1,290207,0,0,0,0,0,0,0,0,0,0
2,1,290207,0,0,0,0,0,0,0,0,0,0
3,1,290207,0,0,0,0,0,0,0,0,0,0
1,1,290208,0,0,0,0,0,0,0,0,0,0
2,1,290208,0,0,0,0,0,0,0,0,0,0
1,1,290209,17,17,17,17,17,17,17,17,17,17
1,1,290210,0,0,0,0,0,0,0,0,0,0
1,1,290211,17,17,17,17,17,17,17,17,17,17
1,1,290212,0,0,0,0,0,0,8,0,0,0
2,1,290212,0,0,0,0,0,0,0,0,0,0
1,1,290213,0,0,0,0,0,0,0,0,0,0
2,1,290213,0,0,0,0,0,0,0,0,0,0
1,1,290214,0,0,0,0,0,0,0,0,0,0
1,1,290215,16,16,16,16,16,16,16,16,16,16
1,1,290216,0,0,0,0,0,0,0,0,0,0
2,1,290216,0,0,0,0,0,0,0,0,0,0
1,1,290217,0,0,0,0,0,0,0,0,0,0
2,1,290217,0,0,0,0,0,0,0,0,0,0
1,1,290218,0,11,0,19,10,0,16,0,10,0
1,1,290219,0,0,0,0,0,0,0,0,0,0
1,1,290220,0,0,0,0,0,0,0,0,0,0
2,1,290220,0,0,0,0,0,0,0,0,0,0
0,1,290221,0,0,0,0,0,0,0,0,0,0
1,1,290221,15,7,11,4,14,6,14,24,0,11
1,1,290222,28,22,23,20,16,8,20,20,15,16
1,1,290223,9,9,9,9,9,9,9,9,9,9
2,1,290224,0,0,0,0,0,0,0,0,0,0
1,1,290225,24,24,24,24,24,24,24,24,24,24
1,1,290226,0,0,0,0,0,0,0,0,0,0
2,1,290226,0,0,0,0,0,0,0,0,0,0
1,1,290227,0,0,0,0,0,0,0,0,0,0
2,1,290227,0,0,0,0,0,0,0,0,0,0
1,1,290228,0,0,0,16,0,0,0,0,25,0
2,1,290228,0,0,0,0,0,0,0,0,0,0
1,1,290229,22,22,22,22,22,22,22,22,22,22
1,1,290230,0,0,0,0,0,0,0,0,0,0
1,1,290231,0,0,0,0,0,0,6,6,0,0
2,1,290231,0,0,6,0,0,0,0,0,0,0
1,1,290232,0,0,0,0,0,0,0,0,0,0
1,1,290233,30,30,30,30,30,30,30,30,30,30
1,1,290234,0,0,0,0,0,0,0,0,0,0
1,1,290235,0,0,0,0,0,0,0,0,0,0
2,1,290235,0,0,0,0,0,0,8,0,0,14
1,1,290236,0,0,0,0,0,0,0,8,0,0
2,1,290236,0,0,0,0,0,0,0,0,0,0
0,1,290237,18,0,20,0,6,8,0,15,0,16
0,2,290237,0,0,0,0,0,0,0,0,0,0
1,1,290237,0,0,0,0,10,0,17,0,11,0
1,1,290238,19,10,8,30,8,11,13,5,29,20
1,1,290239,24,0,0,11,26,0,20,13,0,17
1,1,290240,0,0,0,0,0,0,0,0,0,0
2,1,290240,0,0,0,0,0,0,0,0,0,0
1,1,290241,0,0,0,0,0,0,0,0,0,0
2,1,290241,0,0,0,0,0,0,0,0,0,0
1,1,290242,0,0,0,0,0,0,0,0,0,0
2,1,290242,0,0,0,8,0,0,0,0,0,0
1,1,290243,29,29,29,29,29,29,29,29,29,29
1,1,290244,34,34,34,34,34,34,34,34,34,34
2,1,290244,0,8,0,14,0,0,0,0,0,0
0,1,290245,42,27,27,17,11,0,18,25,0,14
1,1,290245,15,9,11,9,2,11,0,8,11,0
1,1,290246,0,0,0,0,0,0,0,0,0,0
2,1,290246,10,10,10,10,10,10,10,10,10,10
1,1,290247,18,18,18,18,18,18,18,18,18,18
2,1,290247,0,0,0,0,0,0,0,0,0,0
1,1,290248,11,11,24,29,19,21,18,14,8,12
1,1,290249,0,0,0,0,0,0,0,0,0,0
2,1,290249,0,0,0,0,0,0,0,0,0,0
1,1,290250,24,24,24,24,24,24,24,24,24,24
1,1,290251,0,0,0,0,0,0,0,0,0,0
1,1,290252,13,11,9,28,0,6,16,9,12,30
1,1,290253,0,0,0,12,0,0,0,0,0,0
1,1,290254,0,0,0,0,0,21,0,0,0,0
1,1,290255,0,0,0,0,0,0,0,0,0,0
2,1,290255,17,17,17,17,17,17,17,17,17,17
1,1,290256,9,9,9,9,9,9,9,9,9,9
2,1,290256,4,4,4,4,4,4,4,4,4,4
3,1,290256,13,13,13,13,13,13,13,13,13,13
1,1,290257,24,24,24,24,24,24,24,24,24,24
1,1,290258,0,0,0,0,0,0,0,0,0,0
2,1,290258,0,0,0,0,0,0,0,0,3,0
1,1,290259,0,0,0,0,0,0,0,0,0,0
1,1,290260,12,12,12,12,12,12,12,12,12,12
1,1,290261,0,0,0,0,0,12,20,0,0,0
2,1,290261,0,0,0,0,0,0,0,0,0,0
0,1,290262,31,31,31,31,31,31,31,31,31,31
1,1,290262,0,0,0,0,0,0,0,0,0,0
0,1,290263,0,0,0,0,0,0,0,0,0,0
1,1,290263,0,0,0,0,0,0,0,0,0,0
1,1,290264,0,0,0,25,0,16,0,0,0,0
1,1,290265,0,0,0,0,0,0,0,0,0,0
1,1,290266,6,6,6,6,6,6,6,6,6,6
0,1,290267,9,9,9,9,9,9,9,9,9,9
2,1,290267,0,0,0,0,0,0,0,0,0,0
1,1,290268,17,17,17,17,17,17,17,17,17,17
1,1,290269,21,21,21,21,21,21,21,21,21,21
1,1,290270,0,0,0,0,0,0,0,0,0,0
2,1,290270,0,0,0,0,0,0,0,0,0,0
0,1,290271,0,0,0,0,0,0,0,0,0,0
1,1,290271,0,0,0,0,0,0,0,0,0,0
1,1,290272,25,13,21,16,20,20,0,28,12,0
1,1,290273,0,0,0,0,0,0,0,0,0,0
2,1,290273,0,0,0,0,0,0,0,0,0,0
3,1,290273,0,0,0,0,0,0,0,0,0,0
4,1,290273,0,0,0,0,0,0,0,0,0,0
1,1,290274,12,12,12,12,12,12,12,12,12,12
1,1,290275,0,0,0,0,0,0,0,0,0,0
2,1,290275,0,0,0,0,0,0,0,0,0,0
1,1,290276,0,0,0,0,0,0,0,0,0,0
2,1,290276,0,0,0,0,0,0,0,0,0,0
1,1,290277,26,26,26,26,26,26,26,26,26,26
2,1,290277,0,0,0,0,0,0,0,0,0,0
1,1,290278,19,19,19,19,19,19,19,19,19,19
1,1,290279,0,0,0,0,0,0,0,0,0,0
2,1,290279,0,0,0,0,0,0,0,0,0,0
1,1,290280,0,0,0,0,0,0,0,0,0,0
2,1,290280,0,0,0,0,0,0,0,0,0,0
1,1,290281,0,0,0,0,12,0,0,0,0,0
2,1,290281,0,0,0,0,0,0,0,0,0,0
1,1,290282,22,22,22,22,22,22,22,22,22,22
1,1,290283,17,17,17,17,17,17,17,17,17,17
1,1,290284,4,4,4,4,4,4,4,4,4,4
1,1,290285,0,0,0,0,0,0,0,0,0,0
1,1,290286,0,0,0,0,0,0,0,0,0,0
0,1,290287,0,0,0,0,0,0,0,0,0,0
1,1,290287,0,0,0,0,0,0,0,0,0,0
1,1,290288,10,0,22,26,30,0,0,0,0,0
2,1,290288,0,0,0,0,0,0,0,0,0,0
1,1,290289,19,19,19,19,19,19,19,19,19,19
1,1,290290,20,9,0,0,32,0,0,0,0,0
1,1,290291,0,0,0,0,0,0,0,0,0,0
1,1,290292,0,0,0,0,0,0,0,0,0,0
2,1,290292,0,0,0,0,0,0,0,0,0,0
1,1,290293,0,0,0,0,0,0,0,0,0,0
2,1,290293,0,0,0,0,0,0,0,0,0,0
1,1,290294,14,14,14,14,14,14,14,14,14,14
1,1,290295,27,10,0,0,0,30,0,0,0,0
1,1,290296,0,0,0,0,0,0,0,0,0,0
2,1,290296,0,0,0,0,0,0,0,0,0,0
1,1,290297,0,0,0,0,12,0,0,0,0,0
2,1,290297,0,0,0,0,0,0,0,0,0,0
1,1,290298,0,0,0,0,0,0,0,0,0,0
1,1,290299,0,0,0,0,0,0,0,0,0,0
1,1,290300,0,0,0,0,0,0,0,0,0,0
1,1,290301,0,0,0,0,0,0,0,0,0,0
1,1,290302,0,0,0,0,0,0,0,0,0,0
1,1,290303,0,0,0,0,0,0,0,0,0,0
2,1,290303,0,0,0,0,0,0,0,0,0,0
1,1,290304,0,0,0,0,0,0,0,0,0,0
0,1,290305,0,41,0,0,0,16,0,0,0,0
1,1,290305,0,0,0,0,0,0,0,0,0,0
1,1,290306,0,13,0,0,0,0,0,0,0,0
2,1,290306,0,0,0,0,0,0,0,0,21,0
1,1,290307,0,0,0,0,0,0,0,0,0,0
1,1,290308,0,0,0,0,0,0,0,0,0,0
0,1,290309,0,0,0,0,0,0,0,0,0,0
1,1,290309,0,0,0,0,0,12,0,0,0,0
0,1,290310,0,0,0,0,0,0,0,0,0,0
0,2,290310,0,0,0,0,0,0,0,0,0,0
2,1,290310,0,0,0,0,0,0,0,0,0,0
1,1,290311,0,2,0,20,12,0,0,0,0,0
2,1,290311,0,0,0,0,0,0,0,0,0,0
1,1,290312,10,10,10,10,10,10,10,10,10,10
2,1,290312,12,12,12,12,12,12,12,12,12,12
1,1,290313,0,0,0,0,0,0,0,0,0,0
1,1,290314,14,14,14,14,14,14,14,14,14,14
1,1,290315,19,19,19,19,19,19,19,19,19,19
1,1,290316,0,0,0,0,0,0,0,0,0,0
2,1,290316,0,0,0,0,0,0,0,7,0,8
1,1,290317,0,0,0,0,0,0,0,0,0,0
1,1,290318,18,20,16,14,13,16,13,29,15,37
0,1,290319,23,23,23,23,23,23,23,23,23,23
1,1,290319,0,0,0,0,0,0,0,0,0,0
1,1,290320,29,29,29,29,29,29,29,29,29,29
2,1,290320,0,0,0,0,0,0,0,0,0,0
1,1,290322,12,17,17,18,9,14,22,13,0,14
1,1,290323,27,27,27,27,27,27,27,27,27,27
1,1,290324,0,0,0,0,0,0,0,0,0,0
1,1,290325,21,21,21,21,21,21,21,21,21,21
2,1,290325,5,5,5,5,5,5,5,5,5,5
0,1,290326,0,0,0,0,0,0,0,0,0,0
0,2,290326,0,0,0,0,0,0,0,0,0,11
1,1,290326,0,0,0,0,0,0,0,0,0,0
1,1,290327,25,21,13,0,12,0,0,0,11,0
1,1,290328,10,10,10,10,10,10,10,10,10,10
2,1,290328,0,0,0,0,0,0,0,0,0,0
1,1,290329,0,0,0,0,0,0,0,0,0,0
2,1,290329,0,0,0,0,0,0,0,0,0,0
1,1,290330,0,0,0,0,0,0,0,0,0,0
2,1,290330,0,0,0,0,0,0,0,0,0,0
1,1,290331,5,5,5,5,5,5,5,5,5,5
1,1,290332,22,22,22,22,22,22,22,22,22,22
1,1,290333,0,0,0,0,0,0,0,0,0,0
2,1,290333,0,0,0,0,0,0,0,0,0,0
1,1,290334,0,0,0,0,4,0,0,0,0,0
2,1,290334,0,0,0,0,0,0,0,0,0,0
3,1,290334,0,0,0,0,0,0,0,0,0,0
1,1,290335,0,0,0,0,0,0,0,0,0,0
2,1,290335,0,0,0,0,0,0,0,0,0,0
1,1,290336,0,0,0,0,0,0,0,0,0,0
1,1,290337,25,25,25,25,25,25,25,25,25,25
0,1,290338,0,0,0,0,0,0,0,0,0,0
1,1,290338,0,0,0,0,0,0,0,0,0,0
1,1,290339,0,0,0,0,0,0,0,0,0,0
2,1,290339,0,0,0,0,0,0,0,0,0,0
1,1,290340,27,27,27,27,27,27,27,27,27,27
1,1,290341,23,23,23,23,23,23,23,23,23,23
1,1,290342,31,14,41,15,24,9,29,23,20,13
1,1,290343,24,24,24,24,24,24,24,24,24,24
1,1,290344,0,0,0,0,0,0,0,0,0,0
1,1,290345,0,0,0,0,0,0,0,0,0,0
2,1,290345,0,0,0,0,0,0,0,0,0,0
1,1,290346,0,0,0,0,0,0,0,0,0,0
2,1,290346,0,0,0,0,0,0,0,0,0,0
1,1,290347,21,21,21,21,21,21,21,21,21,21
1,1,290348,0,0,0,0,0,0,0,0,0,0
2,1,290348,0,0,0,0,0,0,0,0,0,0
1,1,290349,0,0,0,0,0,0,0,0,0,0
2,1,290349,0,0,0,0,0,0,0,0,0,0
1,1,290350,0,0,0,0,0,0,0,0,0,0
2,1,290350,0,0,0,0,0,0,0,0,0,0
1,1,290351,17,17,17,17,17,17,17,17,17,17
1,1,290352,0,0,15,19,7,0,19,8,0,11
2,1,290352,0,0,0,0,0,0,0,0,0,0
1,1,290353,0,0,0,0,0,0,0,0,0,0
2,1,290353,0,0,0,0,0,0,0,0,0,0
1,1,290354,0,0,0,0,0,0,0,0,0,0
1,1,290355,0,0,0,0,0,0,0,0,0,0
2,1,290355,0,16,17,0,0,16,0,0,0,4
1,1,290356,0,0,16,17,10,10,11,0,0,0
1,1,290357,0,0,0,0,0,0,0,0,0,0
1,1,290358,0,18,0,0,0,0,0,22,0,0
2,1,290358,0,0,0,0,0,0,0,14,0,0
1,1,290359,0,0,0,0,0,0,0,0,0,0
2,1,290359,0,0,0,0,0,0,0,0,0,0
1,1,290360,0,0,0,0,0,0,0,0,0,0
1,1,290361,0,0,0,0,0,0,0,0,0,0
1,1,290362,5,5,5,5,5,5,5,5,5,5
1,1,290363,0,0,0,0,0,0,0,0,0,0
2,1,290363,0,0,0,0,0,0,0,0,0,0
1,1,290364,0,0,0,0,0,0,0,0,0,0
2,1,290364,0,21,0,7,0,0,9,5,14,0
1,1,290365,0,17,29,24,0,0,0,0,19,9
1,1,290366,15,15,15,15,15,15,15,15,15,15
1,1,290368,17,17,17,17,17,17,17,17,17,17
1,1,290369,0,0,0,0,0,0,0,0,0,0
1,1,290370,0,0,0,0,0,0,0,0,0,0
2,1,290370,0,0,0,0,0,0,0,0,0,0
1,1,290372,8,8,8,8,8,8,8,8,8,8
1,1,290373,0,0,0,0,0,0,0,0,0,0
2,1,290373,0,0,0,0,0,0,0,0,0,0
1,1,290374,0,0,0,0,0,0,0,0,0,0
2,1,290374,0,0,0,0,0,0,0,0,0,0
1,1,290375,0,0,0,0,0,0,0,0,0,0
1,1,290376,23,23,23,23,23,23,23,23,23,23
1,1,290377,0,0,0,0,0,0,0,0,0,0
2,1,290377,0,0,0,0,0,0,0,0,0,0
1,1,290378,22,22,22,22,22,22,22,22,22,22
1,1,290379,0,0,0,0,0,0,0,0,0,0
2,1,290379,0,0,0,0,0,0,0,0,0,0
3,1,290379,0,0,0,0,0,0,0,0,0,0
0,1,290380,0,0,0,0,0,0,0,0,0,0
1,1,290380,0,0,0,0,0,0,0,0,0,0
1,1,290381,0,0,0,0,0,0,0,0,0,0
1,1,290382,24,24,24,24,24,24,24,24,24,24
1,1,290383,0,0,0,0,0,0,0,0,0,0
1,1,290384,0,0,0,0,0,0,0,0,0,0
2,1,290384,0,0,0,0,0,0,0,0,0,0
1,1,290385,0,15,0,0,0,33,18,0,0,20
1,1,290386,0,0,6,0,0,0,0,0,0,0
1,1,290387,0,0,0,0,0,0,0,0,0,0
2,1,290387,0,0,0,0,0,0,0,0,0,0
0,1,290388,0,0,0,0,0,0,0,0,0,0
1,1,290388,0,0,0,0,0,0,0,0,0,0
1,1,290389,0,0,0,0,0,0,0,0,0,0
2,1,290389,0,0,0,0,0,0,0,0,0,0
0,1,290390,16,16,16,16,16,16,16,16,16,16
1,1,290390,0,0,0,0,0,0,0,0,0,0
1,1,290391,12,47,7,24,18,28,11,25,18,20
1,1,290392,36,36,36,36,36,36,36,36,36,36
1,1,290393,0,0,0,0,0,0,0,0,0,0
1,1,290394,0,0,0,0,0,0,0,0,0,0
1,1,290395,0,0,0,0,0,0,0,0,0,0
1,1,290396,0,0,0,0,0,0,0,0,0,0