VEH_NO,PER_NO,ST_CASE,P1,P2,P3,P4,P5,P6,P7,P8,P9,P10
2,1,290396,0,0,0,17,0,0,0,0,0,0
3,1,290396,0,0,0,0,0,0,0,0,0,0
1,1,290397,32,32,32,32,32,32,32,32,32,32
1,1,290398,0,0,0,0,0,0,0,0,0,0
2,1,290398,0,0,0,0,0,0,0,0,0,0
1,1,290399,28,28,28,28,28,28,28,28,28,28
1,1,290400,15,24,14,15,13,9,13,21,15,20
1,1,290401,18,0,0,0,0,8,0,0,11,19
2,1,290401,2,2,2,2,2,2,2,2,2,2
0,1,290402,27,22,0,26,4,18,23,25,0,14
1,1,290402,0,0,0,0,0,0,0,0,0,0
1,1,290403,0,0,0,0,0,0,0,0,0,0
1,1,290404,23,23,23,23,23,23,23,23,23,23
1,1,290405,29,29,29,29,29,29,29,29,29,29
1,1,290406,0,0,0,0,0,0,0,0,0,0
1,1,290407,0,0,0,0,0,0,0,0,0,0
2,1,290407,0,0,0,0,0,0,0,0,0,0
1,1,290408,0,16,23,0,11,0,0,0,0,0
1,1,290409,0,0,0,0,0,0,0,0,0,0
2,1,290409,0,0,0,0,0,0,0,0,0,0
1,1,290410,0,0,0,0,0,0,0,0,0,0
2,1,290410,36,36,36,36,36,36,36,36,36,36
1,1,290411,0,0,0,0,0,0,0,0,0,0
1,1,290412,18,18,18,18,18,18,18,18,18,18
1,1,290413,0,0,0,0,0,0,0,0,0,0
2,1,290413,0,0,0,0,0,0,0,0,0,0
1,1,290414,20,20,20,20,20,20,20,20,20,20
1,1,290415,5,5,5,5,5,5,5,5,5,5
2,1,290415,0,0,0,0,10,0,0,5,0,7
0,1,290416,0,0,0,0,0,0,0,0,0,0
1,1,290416,16,16,16,16,16,16,16,16,16,16
1,1,290417,16,16,16,16,16,16,16,16,16,16
2,1,290417,0,0,0,0,0,0,0,0,0,0
1,1,290418,0,0,0,0,0,0,0,0,0,0
2,1,290418,0,0,0,0,0,0,0,0,0,0
1,1,290419,0,5,0,0,0,0,0,0,0,0
2,1,290419,0,0,0,0,0,0,0,0,0,11
1,1,290420,31,31,31,31,31,31,31,31,31,31
1,1,290421,1,1,1,1,1,1,1,1,1,1
2,1,290421,0,0,0,0,0,0,0,0,0,0
1,1,290422,0,0,0,0,15,0,0,17,0,0
2,1,290422,10,10,10,10,10,10,10,10,10,10
1,1,290423,14,14,14,14,14,14,14,14,14,14
2,1,290423,0,0,0,0,0,0,0,0,0,0
1,1,290424,0,0,0,0,0,0,0,0,0,0
2,1,290424,0,0,0,0,0,0,0,0,0,0
1,1,290426,27,27,27,27,27,27,27,27,27,27
0,1,290427,0,0,0,0,0,0,0,0,0,0
1,1,290427,0,0,0,0,0,0,0,0,0,0
0,1,290428,0,0,0,0,0,0,0,0,0,0
1,1,290428,0,0,0,0,0,0,0,0,0,0
3,1,290428,0,0,10,7,0,0,0,0,0,0
1,1,290429,0,0,0,0,0,0,0,0,0,0
1,1,290430,13,13,13,13,13,13,13,13,13,13
2,1,290430,0,0,0,0,0,0,0,0,0,0
1,1,290431,20,0,31,19,0,19,0,0,0,27
2,1,290431,0,0,0,0,0,0,0,0,0,0
1,1,290432,0,0,0,0,0,0,0,0,0,0
1,1,290433,11,11,11,11,11,11,11,11,11,11
1,1,290434,23,23,23,23,23,23,23,23,23,23
2,1,290434,0,15,12,0,0,23,0,11,13,0
1,1,290435,20,20,20,20,20,20,20,20,20,20
0,1,290436,0,0,0,0,0,0,0,0,0,0
1,1,290436,0,0,0,0,0,0,0,0,0,0
1,1,290437,5,5,5,5,5,5,5,5,5,5
1,1,290438,8,0,0,0,0,0,0,35,0,0
2,1,290438,9,11,30,20,26,37,17,8,20,22
3,1,290438,0,0,0,0,16,0,25,0,17,0
0,1,290439,0,0,0,0,0,0,0,0,0,0
1,1,290439,0,0,0,0,0,0,0,0,0,0
1,1,290440,0,0,0,0,0,0,0,0,0,0
2,1,290440,0,0,0,0,21,0,0,0,0,0
1,1,290441,28,28,28,28,28,28,28,28,28,28
0,1,290442,41,41,41,41,41,41,41,41,41,41
1,1,290442,0,4,12,9,0,0,0,0,0,0
0,1,290443,8,8,8,8,8,8,8,8,8,8
1,1,290443,0,0,0,0,0,0,0,0,0,0
1,1,290444,0,0,0,0,0,0,0,0,0,0
0,1,290445,22,22,22,22,22,22,22,22,22,22
1,1,290445,0,0,0,0,0,0,0,0,0,0
1,1,290446,35,35,35,35,35,35,35,35,35,35
1,1,290447,6,6,6,6,6,6,6,6,6,6
1,1,290448,19,0,0,0,0,0,0,0,0,0
2,1,290448,20,20,20,20,20,20,20,20,20,20
1,1,290449,11,25,2,0,7,0,0,0,0,17
1,1,290450,0,0,21,0,0,23,0,0,0,0
1,1,290451,0,0,0,0,6,0,0,0,0,0
2,1,290451,0,0,0,0,0,0,0,0,0,0
1,1,290452,0,0,0,0,0,0,0,0,0,0
1,1,290453,0,0,0,0,0,0,0,0,0,0
1,1,290454,0,0,0,0,0,19,0,0,0,0
1,1,290455,0,0,0,0,0,0,0,0,26,0
2,1,290455,0,0,0,0,0,9,0,0,0,0
1,1,290456,0,0,0,0,0,0,0,0,0,0
2,1,290456,0,0,0,0,0,0,0,0,0,0
1,1,290457,30,30,30,30,30,30,30,30,30,30
1,1,290458,0,0,0,0,0,0,0,0,0,0
1,1,290459,0,0,34,24,0,0,10,0,0,25
2,1,290459,0,0,0,0,0,0,0,0,0,0
1,1,290460,27,27,27,27,27,27,27,27,27,27
1,1,290461,28,28,28,28,28,28,28,28,28,28
1,1,290462,0,0,0,0,0,0,0,0,0,0
2,1,290462,0,0,0,0,0,0,0,0,0,0
1,1,290463,22,22,22,22,22,22,22,22,22,22
0,1,290464,0,0,0,0,0,0,0,0,0,0
1,1,290464,37,37,37,37,37,37,37,37,37,37
1,1,290465,0,0,0,0,0,0,0,0,0,0
1,1,290466,25,9,9,23,11,37,24,23,14,18
1,1,290467,0,0,0,0,0,0,0,0,0,0
1,1,290468,17,17,17,17,17,17,17,17,17,17
1,1,290469,0,0,0,0,0,0,0,0,0,0
1,1,290470,0,0,0,0,0,0,0,0,14,12
2,1,290470,0,0,0,0,0,0,0,0,0,0
0,1,290471,0,0,0,0,0,0,0,0,0,0
1,1,290471,0,0,0,0,0,0,0,0,0,0
1,1,290472,0,0,0,0,0,0,0,0,0,0
1,1,290473,24,24,24,24,24,24,24,24,24,24
0,1,290474,0,0,0,0,0,0,0,0,0,0
1,1,290474,0,0,0,0,0,0,0,0,0,0
1,1,290475,0,0,0,0,0,0,0,0,0,0
1,1,290476,12,12,12,12,12,12,12,12,12,12
1,1,290477,25,20,0,0,0,0,0,20,0,13
2,1,290477,0,0,0,0,0,0,0,0,0,0
1,1,290478,0,0,0,0,0,0,0,0,0,0
2,1,290478,0,0,0,0,0,0,0,0,0,0
1,1,290479,12,12,12,12,12,12,12,12,12,12
1,1,290480,0,0,0,0,0,0,0,0,0,0
2,1,290480,6,11,0,0,0,0,0,0,0,0
1,1,290481,0,0,0,0,0,0,0,0,0,0
1,1,290482,0,0,0,0,0,0,0,0,0,0
1,1,290483,0,0,0,0,0,0,0,0,0,0
1,1,290484,0,0,0,0,0,0,0,0,0,0
2,1,290484,0,0,0,0,0,0,0,0,0,0
1,1,290485,0,0,0,0,0,0,0,0,0,0
2,1,290485,0,0,0,0,0,0,0,0,0,0
3,1,290485,0,0,0,0,0,0,8,0,0,0
4,1,290485,0,0,13,7,0,0,0,0,0,17
1,1,290486,0,0,0,0,0,0,0,0,0,0
2,1,290486,0,0,0,0,0,0,0,0,0,0
1,1,290487,20,20,20,20,20,20,20,20,20,20
1,1,290488,23,23,23,23,23,23,23,23,23,23
1,1,290489,0,0,0,0,0,0,0,0,0,0
2,1,290489,0,0,0,0,0,0,0,0,0,0
3,1,290489,0,0,0,0,0,0,0,21,0,0
4,1,290489,0,0,0,0,0,0,0,0,0,0
5,1,290489,0,0,0,0,0,0,0,0,0,0
1,1,290490,0,0,0,0,0,0,0,0,0,0
2,1,290490,0,0,0,0,0,0,0,0,0,0
0,1,290491,37,37,37,37,37,37,37,37,37,37
1,1,290491,0,0,0,0,0,0,0,0,0,0
1,1,290492,32,32,32,32,32,32,32,32,32,32
1,1,290493,3,3,3,3,3,3,3,3,3,3
2,1,290493,0,0,0,0,0,0,0,0,21,12
1,1,290494,0,0,0,0,0,0,0,0,0,0
2,1,290494,0,0,0,0,0,0,0,0,0,0
1,1,290495,15,15,15,15,15,15,15,15,15,15
2,1,290495,0,0,0,0,0,0,0,0,0,0
1,1,290496,13,19,0,0,12,4,0,21,14,6
1,1,290497,0,0,0,0,0,0,0,0,0,0
2,1,290497,0,0,0,0,0,0,0,0,0,0
1,1,290498,13,13,13,13,13,13,13,13,13,13
1,1,290499,0,0,0,0,0,0,0,0,0,0
0,1,290500,22,22,22,22,22,22,22,22,22,22
1,1,290500,0,0,0,0,0,0,0,0,0,0
1,1,290501,20,20,20,20,20,20,20,20,20,20
0,1,290502,0,0,0,0,0,0,0,0,0,0
1,1,290502,0,0,0,0,0,0,0,0,0,0
1,1,290503,17,17,17,17,17,17,17,17,17,17
1,1,290504,0,0,0,0,0,0,0,0,0,0
2,1,290504,0,0,0,5,0,0,0,0,0,0
1,1,290505,0,0,0,0,0,0,0,0,0,11
1,1,290506,26,0,17,40,14,26,32,13,6,29
1,1,290507,0,0,0,0,0,0,0,0,0,20
2,1,290507,0,0,0,0,0,0,0,7,0,0
1,1,290508,17,17,17,17,17,17,17,17,17,17
2,1,290508,0,0,0,0,0,0,0,0,0,0
0,1,290509,4,4,4,4,4,4,4,4,4,4
1,1,290509,0,0,0,0,0,0,0,0,0,0
1,1,290510,19,19,19,19,19,19,19,19,19,19
1,1,290511,20,20,20,20,20,20,20,20,20,20
1,1,290512,0,0,0,0,0,0,0,0,0,0
2,1,290512,0,0,0,0,0,0,0,0,0,0
3,1,290512,0,0,0,0,0,0,16,0,0,0
1,1,290513,0,0,0,0,0,0,0,0,0,0
2,1,290513,0,0,0,0,0,0,0,0,0,0
3,1,290513,0,0,0,0,0,0,0,0,0,0
0,1,290514,8,8,8,8,8,8,8,8,8,8
0,2,290514,30,0,0,0,0,0,39,18,19,0
0,3,290514,0,0,0,42,0,0,0,0,0,0
1,1,290514,0,0,0,0,0,0,0,0,0,0
2,1,290514,0,4,0,0,0,0,0,0,0,6
1,1,290515,17,17,17,17,17,17,17,17,17,17
1,1,290517,22,22,22,22,22,22,22,22,22,22
1,1,290518,14,0,0,0,13,10,0,0,0,0
1,1,290519,0,0,0,0,0,0,0,0,0,0
1,1,290520,13,27,14,16,15,15,28,7,26,28
1,1,290521,31,7,24,27,45,16,24,30,40,38
1,1,290522,28,28,28,28,28,28,28,28,28,28
1,1,290523,0,0,0,0,0,0,0,0,0,0
1,1,290524,0,0,0,0,0,0,0,0,0,0
1,1,290525,22,22,22,22,22,22,22,22,22,22
1,1,290526,0,0,0,0,0,0,0,0,0,0
1,1,290527,0,0,0,0,0,0,0,0,4,27
2,1,290527,0,0,0,0,0,0,0,0,0,0
1,1,290528,0,0,0,0,0,0,0,0,0,0
2,1,290528,0,0,0,0,0,0,0,0,0,0
1,1,290529,0,0,0,0,0,0,0,0,0,0
1,1,290530,0,0,0,0,0,10,0,0,3,15
2,1,290530,0,19,0,0,0,0,0,0,0,0
1,1,290531,0,0,0,0,0,0,0,0,0,0
2,1,290531,1,1,1,1,1,1,1,1,1,1
1,1,290532,0,0,0,0,0,0,0,0,0,0
1,1,290533,0,0,17,23,0,0,0,0,0,0
1,1,290534,0,0,0,0,0,0,0,0,0,0
0,1,290535,0,0,0,0,0,0,0,0,0,0
1,1,290535,0,0,0,0,0,0,0,0,0,0
1,1,290536,6,6,6,6,6,6,6,6,6,6
2,1,290536,0,0,0,0,0,0,0,0,0,0
1,1,290537,2,2,2,2,2,2,2,2,2,2
1,1,290538,0,0,0,0,0,0,0,0,0,0
1,1,290539,9,9,9,9,9,9,9,9,9,9
2,1,290539,0,0,0,0,0,0,0,0,0,0
0,1,290540,25,25,25,25,25,25,25,25,25,25
1,1,290540,0,9,0,7,8,12,0,5,0,15
1,1,290541,0,0,0,0,0,0,0,0,0,0
2,1,290541,0,0,0,0,0,0,0,0,0,0
1,1,290542,0,0,0,0,0,0,0,0,0,0
1,1,290543,17,17,17,17,17,17,17,17,17,17
1,1,290544,0,0,0,0,0,0,0,0,0,0
2,1,290544,0,0,0,0,0,0,0,0,0,0
1,1,290545,18,18,18,18,18,18,18,18,18,18
2,1,290545,0,0,0,0,0,0,0,0,0,0
1,1,290546,0,0,0,0,0,0,0,0,0,0
2,1,290546,0,0,0,0,0,0,0,0,0,0
1,1,290547,0,0,0,0,0,0,0,0,0,0
1,1,290548,0,0,0,0,0,0,0,0,0,0
1,1,290549,0,0,0,0,0,0,0,0,0,0
0,1,290550,0,0,0,0,0,0,0,0,0,0
1,1,290550,0,0,0,0,0,0,0,0,0,0
1,1,290551,22,22,22,22,22,22,22,22,22,22
1,1,290552,0,0,0,0,0,0,0,0,0,0
1,1,290553,0,0,0,0,0,0,0,0,0,0
1,1,290554,0,0,0,0,0,0,0,0,0,0
2,1,290554,0,0,0,0,0,0,0,0,0,0
1,1,290555,0,0,0,0,0,0,0,0,0,0
2,1,290555,0,0,0,0,0,0,0,0,0,0
1,1,290556,0,0,0,0,0,0,0,0,0,0
1,1,290557,0,0,0,0,0,0,0,0,0,0
2,1,290557,0,0,0,0,0,0,0,0,0,0
1,1,290558,0,0,0,0,0,0,0,0,0,0
1,1,290559,15,15,15,15,15,15,15,15,15,15
1,1,290560,0,0,0,0,0,0,0,0,0,0
1,1,290561,11,11,11,11,11,11,11,11,11,11
1,1,290563,22,11,15,0,15,19,30,15,24,34
1,1,290564,4,4,4,4,4,4,4,4,4,4
1,1,290565,0,0,0,0,0,0,0,0,0,0
1,1,290566,0,0,0,0,0,0,0,0,0,0
1,1,290567,0,0,0,0,0,0,0,0,0,0
2,1,290567,0,0,0,0,0,0,0,0,0,0
1,1,290568,13,0,0,0,0,0,0,0,10,0
2,1,290568,0,0,7,0,0,0,6,13,7,7
1,1,290569,14,14,14,14,14,14,14,14,14,14
1,1,290570,27,27,27,27,27,27,27,27,27,27
2,1,290570,0,0,0,0,0,0,0,0,0,0
1,1,290571,10,10,10,10,10,10,10,10,10,10
2,1,290571,0,0,0,0,0,0,0,0,0,0
1,2,290572,36,28,4,14,14,0,28,16,20,0
1,1,290573,16,0,0,0,0,0,0,0,4,0
1,1,290574,18,18,18,18,18,18,18,18,18,18
1,1,290575,16,16,16,16,16,16,16,16,16,16
1,1,290576,21,21,21,21,21,21,21,21,21,21
1,1,290577,27,27,27,27,27,27,27,27,27,27
1,1,290578,22,22,22,22,22,22,22,22,22,22
1,1,290579,0,0,0,0,0,0,0,0,0,0
2,1,290579,0,0,0,0,0,0,0,0,0,0
1,1,290580,0,0,0,0,0,0,0,0,0,0
1,1,290581,0,0,32,0,0,0,0,0,0,0
2,1,290581,0,0,0,0,0,0,0,0,0,0
1,1,290582,0,0,0,0,0,0,0,0,0,0
1,1,290583,17,6,0,0,0,0,0,8,0,0
1,1,290584,0,0,0,0,0,0,0,0,0,0
2,1,290584,0,0,0,0,0,0,0,0,0,0
1,1,290585,12,12,12,12,12,12,12,12,12,12
0,1,290586,0,0,0,0,0,0,0,0,0,0
1,1,290586,0,0,0,0,0,0,0,0,0,0
2,1,290586,0,0,0,0,0,0,0,0,0,0
1,1,290587,0,0,0,0,0,0,0,0,0,0
2,1,290587,0,0,0,0,0,0,0,0,0,0
1,1,290588,0,0,0,0,0,0,0,0,0,0
2,1,290588,0,0,0,0,0,0,0,0,0,0
3,1,290588,0,0,0,0,0,0,0,0,0,0
0,1,290589,0,0,0,0,0,0,0,0,0,0
1,1,290589,17,17,17,17,17,17,17,17,17,17
1,1,290590,0,0,0,0,0,16,9,0,0,0
2,1,290590,22,0,0,0,0,0,0,0,0,0
3,1,290590,0,0,0,0,0,0,0,0,0,0
4,1,290590,0,0,0,0,14,0,0,0,0,0
5,1,290590,0,0,0,0,0,0,0,0,0,0
0,1,290591,0,0,0,0,0,0,0,0,0,0
1,1,290591,0,0,0,0,0,0,0,0,0,0
1,1,290592,0,0,0,0,0,0,0,0,0,0
1,1,290593,14,14,14,14,14,14,14,14,14,14
1,1,290594,0,0,0,0,0,0,0,0,0,0
2,1,290594,0,0,0,0,0,0,0,0,0,0
3,1,290594,0,0,0,0,0,0,0,0,0,0
4,1,290594,0,0,0,0,0,0,0,0,0,0
1,1,290595,20,20,20,20,20,20,20,20,20,20
2,1,290595,0,0,0,0,0,0,0,0,0,0
3,1,290595,0,19,0,0,0,0,0,0,0,0
1,1,290596,0,0,0,0,0,0,0,0,0,0
2,1,290596,0,0,0,0,0,0,0,0,0,0
1,1,290597,0,0,0,0,0,0,0,0,0,0
2,1,290597,0,0,0,0,0,0,0,0,0,0
0,1,290598,0,0,0,0,0,0,0,0,0,0
1,1,290598,0,0,0,0,0,0,0,0,0,0
1,1,290599,0,0,0,24,0,0,0,0,0,0
2,1,290599,0,0,0,0,0,0,0,0,0,0
1,1,290600,0,0,0,0,0,0,0,0,0,0
1,1,290601,6,6,6,6,6,6,6,6,6,6
0,1,290602,34,34,34,34,34,34,34,34,34,34
1,1,290602,0,0,23,0,0,0,0,0,0,15
1,1,290603,18,18,18,18,18,18,18,18,18,18
2,1,290603,0,0,22,0,0,0,0,0,0,0
0,1,290604,20,15,20,17,24,24,12,40,22,13
1,1,290604,0,0,0,0,0,0,0,0,0,0
1,1,290605,12,12,12,12,12,12,12,12,12,12
1,1,290606,0,0,0,0,0,0,0,0,0,0
2,1,290606,0,0,0,0,0,0,0,0,0,0
1,1,290607,0,0,0,0,0,0,0,0,0,0
2,1,290607,0,0,0,0,0,0,0,0,0,0
1,1,290608,0,0,0,0,0,0,0,0,0,0
2,1,290608,0,0,0,0,0,0,0,0,0,0
1,1,290609,0,0,0,0,0,0,0,0,0,0
2,1,290609,0,0,0,0,0,0,0,0,0,0
3,1,290609,0,0,0,0,0,0,0,0,0,0
1,1,290610,0,0,0,0,0,0,0,0,0,0
1,1,290611,14,11,16,19,10,20,20,24,17,0
2,1,290612,0,0,0,0,0,0,0,0,0,0
1,1,290613,2,2,2,2,2,2,2,2,2,2
0,1,290614,5,5,5,5,5,5,5,5,5,5
1,1,290614,0,39,0,0,0,0,0,0,0,9
1,1,290615,15,15,15,15,15,15,15,15,15,15
2,1,290615,0,0,0,0,0,0,0,0,0,0
1,1,290616,20,15,0,19,17,22,17,7,0,11
2,1,290616,0,0,0,0,0,0,0,0,0,0
1,1,290617,0,0,0,0,25,0,0,0,0,0
2,1,290617,0,0,0,0,0,0,0,0,0,0
1,1,290618,0,0,20,16,13,0,0,0,0,11
1,1,290619,0,0,0,0,0,0,0,0,0,0
1,1,290620,1,1,1,1,1,1,1,1,1,1
0,1,290621,22,22,22,22,22,22,22,22,22,22
1,1,290621,0,0,38,0,0,0,0,0,0,0
1,1,290622,0,0,0,0,0,0,0,0,0,0
2,1,290622,0,0,0,0,0,0,0,0,0,0
1,1,290623,0,0,0,0,0,0,0,0,0,0
2,1,290623,0,0,0,0,0,0,0,0,0,0
1,1,290624,0,0,0,0,0,0,0,0,0,0
1,1,290625,11,11,11,11,11,11,11,11,11,11
2,1,290625,0,0,0,0,0,0,0,0,0,0
3,1,290625,17,17,17,17,17,17,17,17,17,17
1,1,290626,5,5,5,5,5,5,5,5,5,5
1,1,290627,20,20,20,20,20,20,20,20,20,20
1,1,290628,29,29,29,29,29,29,29,29,29,29
1,1,290629,0,7,0,12,15,6,0,0,0,0
1,1,290630,20,20,20,20,20,20,20,20,20,20
1,1,290631,17,17,17,17,17,17,17,17,17,17
1,1,290632,0,0,0,0,0,0,0,0,0,0
2,1,290632,0,0,0,0,0,0,0,0,0,0
1,1,290633,0,0,0,0,0,0,0,0,0,0
2,1,290633,0,0,0,0,0,0,0,0,0,0
3,1,290633,0,0,0,0,0,0,0,0,0,0
1,1,290634,0,0,0,0,0,0,0,0,0,0
2,1,290634,0,0,0,0,0,0,0,0,0,0
1,1,290635,0,0,0,0,0,0,0,0,0,0
1,1,290636,1,1,1,1,1,1,1,1,1,1
1,1,290637,0,0,0,0,0,0,0,0,0,0
2,1,290637,0,0,0,0,12,0,0,0,0,0
3,1,290637,0,0,0,0,0,0,0,0,0,0
1,1,290638,0,0,0,0,0,0,0,0,0,0
2,1,290638,0,0,0,0,0,0,0,0,0,0
3,1,290638,21,21,21,21,21,21,21,21,21,21
1,1,290639,0,0,0,0,0,0,0,0,0,0
2,1,290639,0,0,0,0,0,0,0,0,0,0
1,1,290640,0,0,0,0,0,0,0,0,0,0
2,1,290640,0,0,0,0,0,0,0,0,0,0
1,1,290641,0,0,0,0,0,0,0,0,0,0
1,1,290643,0,0,0,0,0,0,0,0,0,0
1,1,290644,5,5,5,5,5,5,5,5,5,5
1,1,290645,0,0,0,0,0,0,7,0,0,0
2,1,290645,0,8,9,0,0,0,0,0,0,0
1,1,290646,0,0,0,0,0,0,0,0,0,0
2,1,290646,0,0,0,0,0,0,0,0,0,0
1,1,290647,0,0,0,0,0,0,0,0,0,0
1,1,290648,0,0,0,0,0,0,0,0,0,0
1,1,290649,0,0,0,0,0,0,0,0,0,0
0,1,290650,7,7,7,7,7,7,7,7,7,7
1,1,290650,0,0,0,0,0,0,0,0,0,0
1,1,290651,0,0,0,0,0,0,0,0,0,0
1,1,290652,0,0,0,0,0,0,0,0,0,0
1,1,290653,0,0,0,0,0,0,0,0,0,0
2,1,290653,0,0,0,0,0,0,0,0,0,0
1,1,290654,16,17,0,0,27,11,19,13,11,16
2,1,290654,0,0,0,0,0,0,0,0,23,0
1,1,290655,0,0,0,0,0,0,0,0,0,0
2,1,290655,0,10,0,0,0,10,0,14,0,11
1,1,290656,0,0,0,0,0,0,0,0,0,0
1,1,290657,0,0,0,0,0,0,0,0,0,0
2,1,290657,0,0,0,0,0,0,0,0,0,0
1,1,290658,0,0,0,0,0,0,0,0,0,0
2,1,290658,0,0,0,0,0,0,0,0,0,0
1,1,290659,7,7,7,7,7,7,7,7,7,7
2,1,290659,0,0,0,0,0,0,0,0,0,0
1,1,290660,0,0,0,0,0,0,0,0,0,0
1,1,290661,23,23,23,23,23,23,23,23,23,23
1,1,290662,0,0,0,0,0,0,0,0,0,0
1,1,290663,0,0,0,0,0,0,0,0,0,0
2,1,290663,0,0,0,0,0,0,0,0,0,0
1,1,290664,0,0,0,0,0,0,12,0,14,7
2,1,290664,0,0,0,0,0,0,0,0,0,0
2,1,290665,11,0,0,33,17,0,0,25,0,0
1,1,290666,18,18,18,18,18,18,18,18,18,18
2,1,290666,0,0,0,0,0,0,0,0,0,0
1,1,290667,0,0,0,0,0,0,0,0,0,0
1,1,290668,0,0,0,0,0,0,0,0,0,0
1,1,290669,21,24,26,25,23,18,10,8,14,0
2,1,290669,0,0,0,0,0,0,0,0,0,0
3,1,290669,0,20,0,0,0,0,0,0,0,0
1,1,290670,24,24,24,24,24,24,24,24,24,24
2,1,290670,22,0,0,0,0,0,0,0,0,0
0,1,290671,0,23,0,20,18,0,16,19,0,0
1,1,290671,0,0,0,0,0,0,0,0,0,0
1,1,290672,13,13,13,13,13,13,13,13,13,13
1,1,290673,0,0,0,0,0,0,0,0,0,0
1,1,290674,15,30,0,13,0,0,13,0,9,10
1,1,290675,0,0,0,0,0,0,0,0,0,0
2,1,290675,0,0,0,0,0,0,0,0,0,0
1,1,290676,0,0,0,0,0,0,0,0,0,0
1,1,290677,0,0,0,0,0,0,0,0,0,0
2,1,290677,0,0,0,0,0,0,0,0,0,0
1,1,290678,0,0,0,0,0,0,0,0,0,0
1,1,290679,0,9,0,0,0,0,0,0,0,0
1,1,290681,14,14,14,14,14,14,14,14,14,14
1,1,290683,0,0,0,0,0,0,0,0,0,0
2,1,290683,0,0,0,0,0,0,0,0,0,0
1,1,290684,26,26,26,26,26,26,26,26,26,26
1,1,290685,23,23,23,23,23,23,23,23,23,23
1,1,290686,0,0,0,0,0,0,0,0,0,0
1,1,290687,9,9,9,9,9,9,9,9,9,9
1,1,290688,0,0,0,0,0,0,0,0,0,0
2,1,290688,0,0,0,0,0,0,0,0,0,0
1,1,290689,0,0,0,0,0,0,0,0,0,0
2,1,290689,0,0,0,0,0,0,0,0,0,0
1,1,290690,1,1,1,1,1,1,1,1,1,1
1,1,290691,0,0,0,0,0,0,0,0,0,0
2,1,290691,0,0,0,0,0,0,0,0,0,0
1,1,290692,0,0,0,0,0,0,0,0,0,0
2,1,290692,0,0,0,0,0,0,0,0,0,0
1,1,290693,0,0,0,0,0,0,0,0,0,0
2,1,290693,0,0,0,0,0,0,0,0,0,0
3,1,290693,0,0,0,0,0,0,0,0,0,0
0,1,290694,17,17,17,17,17,17,17,17,17,17
1,1,290694,0,0,0,0,0,0,0,0,0,0
1,1,290695,25,25,25,25,25,25,25,25,25,25
0,1,290696,0,0,0,0,0,0,0,0,0,0
1,1,290696,20,0,0,0,0,0,0,0,0,0
1,1,290697,27,27,27,27,27,27,27,27,27,27
2,1,290697,0,0,0,0,0,0,0,0,0,0
1,1,290698,0,0,0,0,0,0,0,0,0,0
2,1,290698,0,0,0,0,0,0,0,0,0,0
1,1,290699,0,0,0,0,0,0,0,0,0,0
1,1,290700,0,0,0,0,0,0,0,0,0,0
2,1,290700,0,0,0,0,0,0,0,0,0,0
2,1,290701,25,25,25,25,25,25,25,25,25,25
1,1,290702,0,0,0,0,0,0,0,0,0,0
1,1,290703,0,0,0,0,0,0,0,0,0,0
2,1,290703,0,0,0,0,0,0,6,0,10,0
1,1,290704,0,0,5,0,0,0,0,0,0,0
2,1,290704,0,0,0,0,0,0,0,0,0,0
3,1,290704,0,0,14,0,0,0,0,0,0,0
4,1,290704,0,0,0,0,0,0,0,0,0,0
1,1,290705,12,12,12,12,12,12,12,12,12,12
1,1,290706,0,0,0,0,0,0,0,0,0,0
2,1,290706,0,0,0,0,0,0,0,0,0,0
0,1,290707,0,0,0,0,0,0,0,0,0,0
1,1,290707,0,0,0,0,15,0,12,0,0,0
1,1,290708,0,0,0,0,0,0,0,0,0,0
1,1,290709,0,0,0,0,0,0,0,0,0,0
1,1,290710,12,11,0,0,17,26,12,13,0,22
2,1,290710,0,0,0,0,0,0,0,0,0,0
1,1,290711,0,0,0,0,0,0,0,0,0,0
1,1,290712,4,4,4,4,4,4,4,4,4,4
2,1,290712,0,0,0,0,0,0,0,0,0,0
1,1,290713,28,28,28,28,28,28,28,28,28,28
1,1,290714,0,0,0,0,0,7,0,0,0,15
2,1,290714,0,0,0,0,0,13,0,10,0,0
1,1,290715,7,0,0,13,0,0,0,0,0,0
2,1,290715,0,0,0,0,0,0,0,0,0,0
1,1,290716,0,0,0,0,0,0,0,0,0,0
1,1,290717,15,15,15,15,15,15,15,15,15,15
1,1,290718,0,0,0,0,0,0,0,0,0,0
2,1,290718,0,0,0,0,0,0,0,0,0,0
1,1,290719,0,0,0,0,0,0,0,0,0,0
1,1,290720,0,0,0,0,0,0,0,0,0,0
2,1,290720,0,0,0,0,0,0,0,0,0,0
1,1,290721,0,0,0,0,0,0,6,8,0,0
1,1,290722,0,0,0,0,0,0,0,0,8,26
2,1,290722,0,0,0,0,0,0,0,0,0,0
1,1,290723,14,14,14,14,14,14,14,14,14,14
1,1,290724,0,0,0,0,0,0,0,0,0,0