VEH_NO,PER_NO,ST_CASE,P1,P2,P3,P4,P5,P6,P7,P8,P9,P10
2,1,290724,0,0,0,0,0,0,0,0,0,0
1,1,290725,19,19,19,19,19,19,19,19,19,19
2,1,290725,0,0,0,0,0,0,0,0,0,0
2,1,290726,0,0,0,0,0,0,0,0,0,0
1,1,290727,0,0,0,0,0,0,0,0,0,0
1,1,290728,0,0,0,0,0,0,0,0,0,0
1,1,290729,0,0,0,0,0,0,0,0,0,0
2,1,290729,0,0,0,9,0,0,0,0,4,0
1,1,290730,0,0,0,0,0,0,0,0,0,0
2,1,290730,0,0,0,0,0,0,0,0,0,0
1,1,290731,0,0,0,0,0,0,0,0,0,0
2,1,290731,0,0,0,0,0,0,0,0,0,0
1,1,290732,1,1,1,1,1,1,1,1,1,1
1,1,290733,0,0,0,0,0,0,0,0,0,0
2,1,290733,0,0,0,0,0,0,0,0,0,0
1,1,290734,0,0,0,0,0,0,0,0,0,0
1,1,290736,14,14,14,14,14,14,14,14,14,14
1,1,290737,0,0,0,0,0,0,0,0,0,0
0,1,290738,38,38,38,38,38,38,38,38,38,38
1,1,290738,11,0,0,0,0,10,6,11,0,0
1,1,290739,0,0,0,0,0,0,0,0,0,0
2,1,290739,0,11,0,0,0,0,0,0,0,0
1,1,290740,0,0,0,0,0,0,12,0,0,25
2,1,290740,0,0,0,0,0,0,0,5,0,0
1,1,290741,0,0,0,0,0,0,0,0,0,0
2,1,290741,0,0,0,0,0,0,0,0,0,0
1,1,290742,0,0,0,0,0,0,0,0,0,0
2,1,290742,0,0,0,0,0,0,0,0,0,0
1,1,290743,0,0,0,0,0,0,0,0,0,0
1,1,290744,0,0,0,0,0,0,0,0,0,0
1,1,290745,11,11,11,11,11,11,11,11,11,11
1,1,290746,11,11,11,11,11,11,11,11,11,11
1,1,290747,16,16,16,16,16,16,16,16,16,16
1,1,290748,27,27,27,27,27,27,27,27,27,27
1,1,290749,0,0,0,0,0,0,0,0,0,0
1,1,290750,0,0,0,0,0,0,0,0,0,0
1,1,290751,0,0,0,0,17,0,0,0,0,0
2,1,290751,0,0,0,0,0,0,11,0,0,0
1,1,290752,24,24,24,24,24,24,24,24,24,24
1,1,290753,12,12,12,12,12,12,12,12,12,12
1,1,290754,0,3,6,0,0,20,14,20,6,33
2,1,290754,0,0,0,0,0,0,0,0,0,0
1,1,290755,22,42,19,9,43,22,17,20,34,17
1,1,290756,0,0,0,0,0,0,0,0,0,0
2,1,290756,0,0,0,0,0,0,0,0,0,0
1,1,290757,0,0,0,0,0,0,0,0,0,0
2,1,290757,0,0,0,0,0,0,0,0,0,0
3,1,290757,0,0,0,0,0,0,0,0,0,0
1,1,290758,0,0,0,0,0,0,0,0,0,0
2,1,290758,0,0,0,0,0,0,0,0,7,0
1,1,290759,0,0,0,0,0,0,0,11,8,0
2,1,290759,0,0,0,0,0,0,3,0,0,0
1,1,290760,0,0,0,0,0,0,0,0,0,0
1,1,290761,0,0,0,0,0,0,0,0,0,0
2,1,290761,0,0,0,0,0,0,0,0,0,0
1,1,290762,17,17,17,17,17,17,17,17,17,17
2,1,290762,0,0,0,0,0,0,0,0,0,0
0,1,290763,22,22,22,22,22,22,22,22,22,22
1,1,290763,0,0,0,0,0,0,0,0,0,0
1,1,290764,8,8,8,8,8,8,8,8,8,8
1,1,290765,21,22,12,15,22,20,3,0,0,11
1,1,290766,0,0,0,0,0,0,0,0,0,0
2,1,290766,0,0,0,0,0,0,0,0,0,0
1,1,290767,0,0,0,0,0,0,0,0,0,0
1,1,290768,10,10,10,10,10,10,10,10,10,10
1,1,290769,0,0,0,0,0,0,0,0,0,0
2,1,290769,0,0,0,0,0,0,0,0,0,0
1,1,290770,0,0,0,0,0,0,0,0,0,0
1,1,290771,0,0,0,0,0,0,0,0,0,0
1,1,290772,0,0,0,0,0,0,0,0,0,0
2,1,290772,0,0,0,0,0,0,0,0,0,0
1,1,290773,0,14,0,0,0,0,0,0,0,0
1,1,290774,0,0,0,16,0,12,0,0,0,0
2,1,290774,0,8,0,0,0,0,0,0,0,0
3,1,290774,0,0,0,0,0,0,0,0,0,0
1,1,290775,0,0,0,0,0,0,0,0,0,0
2,1,290775,0,0,0,0,0,0,0,0,0,0
1,1,290776,0,0,0,0,0,0,0,0,0,0
0,1,290777,34,34,34,34,34,34,34,34,34,34
1,1,290777,0,0,0,0,0,0,0,0,0,0
0,1,290778,0,0,0,0,0,0,0,0,0,0
1,1,290778,0,0,0,0,0,0,0,0,0,0
0,1,290779,0,0,0,0,0,0,0,0,0,0
1,1,290779,0,0,0,0,0,0,0,0,0,0
1,1,290780,0,0,0,0,0,0,0,0,0,0
1,1,290781,0,0,0,0,0,0,0,0,0,0
2,1,290781,0,0,0,0,0,0,0,0,0,0
3,1,290781,0,0,0,0,7,0,0,0,0,0
1,1,290782,14,25,16,23,20,16,25,10,23,19
1,1,290783,0,0,0,0,0,0,0,0,0,0
2,1,290783,0,0,0,0,0,0,0,0,0,0
1,1,290784,0,0,0,0,0,0,0,0,0,0
1,1,290785,0,0,0,0,0,0,0,0,0,0
2,1,290785,0,0,0,0,0,0,0,0,0,0
3,1,290785,0,0,0,0,0,0,0,0,0,0
0,1,290786,0,0,0,0,0,0,0,0,0,0
1,1,290786,0,0,0,0,0,0,0,0,0,0
1,1,290787,25,25,25,25,25,25,25,25,25,25
2,1,290787,0,0,0,0,0,0,0,0,0,0
1,1,290788,0,0,0,0,0,0,0,0,0,0
2,1,290788,18,0,0,16,0,0,10,12,16,19
3,1,290788,0,0,0,0,0,0,0,0,0,0
1,1,290789,7,7,7,7,7,7,7,7,7,7
1,1,290790,0,0,0,0,0,0,0,0,0,7
1,1,290791,0,0,0,0,0,0,0,0,0,0
1,1,290792,0,0,0,0,0,0,0,0,0,0
2,1,290792,0,0,0,0,0,0,7,0,0,0
1,1,290793,0,0,0,0,0,0,0,0,0,0
2,1,290793,0,0,0,0,0,0,0,0,0,0
1,1,290794,0,27,22,0,0,0,0,0,0,12
2,1,290794,0,0,0,0,0,0,0,0,0,0
1,1,290795,0,0,0,0,0,0,0,0,0,0
1,1,290796,0,0,0,0,0,0,0,0,0,0
2,1,290796,0,0,0,0,0,0,0,0,0,0
1,1,300001,0,0,0,0,0,0,0,0,0,0
2,1,300001,0,0,0,0,0,0,0,0,0,0
3,1,300001,0,0,0,0,0,0,0,0,0,0
4,1,300001,0,0,0,0,0,0,0,0,0,0
1,1,300002,12,12,12,12,12,12,12,12,12,12
1,1,300003,0,0,0,0,0,0,0,0,0,0
1,1,300004,0,0,0,0,0,0,0,0,0,0
2,1,300004,0,0,0,0,0,0,0,0,0,0
1,1,300005,17,17,17,17,17,17,17,17,17,17
1,1,300006,0,0,0,0,0,0,0,0,0,0
1,1,300007,20,20,20,20,20,20,20,20,20,20
1,1,300008,0,0,0,0,0,0,0,0,0,0
2,1,300008,0,0,0,0,0,0,0,0,0,0
1,1,300009,0,0,0,0,0,0,0,0,0,0
2,1,300009,0,0,0,0,0,0,0,0,0,0
3,1,300009,0,0,0,0,0,0,0,0,0,0
4,1,300009,0,0,0,0,0,0,0,0,0,0
1,1,300010,21,21,21,21,21,21,21,21,21,21
1,1,300011,0,0,0,0,0,0,0,0,0,0
1,1,300012,0,0,0,0,0,0,0,0,0,0
2,1,300012,0,0,0,0,0,0,0,0,0,0
3,1,300012,0,0,0,0,0,0,0,0,13,0
1,1,300013,11,21,20,10,0,8,19,15,16,19
1,1,300014,0,0,0,0,0,0,0,0,0,0
1,1,300016,0,0,0,0,0,0,0,0,0,0
2,1,300016,0,0,0,0,0,0,0,0,0,0
1,1,300017,18,18,18,18,18,18,18,18,18,18
1,1,300018,0,11,0,22,18,0,8,0,0,0
1,1,300019,0,0,0,0,0,0,0,0,0,0
1,1,300020,0,0,0,0,0,0,0,0,0,0
1,1,300021,20,20,20,20,20,20,20,20,20,20
1,1,300022,0,0,0,0,0,0,0,0,0,0
1,1,300023,0,0,0,0,0,0,0,0,0,0
2,1,300023,0,0,0,0,0,0,0,0,0,0
1,1,300024,0,0,0,0,0,0,0,0,0,0
0,1,300025,31,31,31,31,31,31,31,31,31,31
1,1,300025,0,0,0,0,0,0,0,16,0,0
1,1,300026,0,0,0,0,26,0,0,0,0,0
1,1,300027,0,0,0,0,0,0,6,0,0,0
2,1,300027,0,0,0,0,0,0,0,0,0,0
1,1,300028,0,0,0,0,0,0,0,0,0,0
2,1,300028,0,0,0,0,0,0,0,0,0,0
1,1,300029,20,20,20,20,20,20,20,20,20,20
2,1,300029,0,0,0,0,0,9,0,9,0,0
1,1,300030,0,0,0,0,0,0,0,0,0,0
2,1,300030,0,0,0,0,0,0,0,0,0,0
1,1,300031,18,18,18,18,18,18,18,18,18,18
2,1,300031,0,0,0,0,0,0,0,0,0,0
1,1,300032,0,0,0,0,0,0,0,0,0,0
2,1,300032,25,25,25,25,25,25,25,25,25,25
1,1,300033,0,0,0,18,0,0,0,0,0,21
0,1,300034,0,0,0,0,0,0,0,0,0,0
1,1,300034,0,0,0,0,0,0,0,0,0,0
1,1,300035,0,0,0,0,0,0,0,0,0,0
1,1,300036,0,0,0,0,0,0,0,0,0,0
1,1,300037,14,25,14,26,18,29,30,34,22,12
2,1,300037,0,0,0,0,0,0,0,0,0,0
3,1,300037,0,0,0,0,0,0,0,0,0,0
4,1,300037,0,0,0,0,0,0,0,0,0,0
1,1,300038,26,26,26,26,26,26,26,26,26,26
1,1,300039,0,0,0,0,0,0,0,0,0,0
2,1,300039,0,0,0,0,0,0,0,0,0,0
1,1,300040,32,32,32,32,32,32,32,32,32,32
1,1,300041,0,0,0,0,0,0,0,0,0,0
1,1,300042,9,9,9,9,9,9,9,9,9,9
1,1,300043,23,23,23,23,23,23,23,23,23,23
1,1,300044,19,19,19,19,19,19,19,19,19,19
1,1,300045,27,27,27,27,27,27,27,27,27,27
2,1,300045,0,13,0,0,0,0,0,0,0,0
1,1,300046,11,11,11,11,11,11,11,11,11,11
1,1,300047,26,26,26,26,26,26,26,26,26,26
1,1,300048,15,15,15,15,15,15,15,15,15,15
1,1,300049,0,0,0,0,0,0,0,0,0,0
2,1,300049,0,0,0,0,0,0,0,0,0,0
3,1,300049,0,0,0,0,0,0,0,0,0,0
4,1,300049,0,0,0,0,0,0,0,0,0,0
1,1,300050,0,0,0,0,0,0,0,0,0,0
1,1,300051,0,0,0,0,0,0,0,0,0,0
1,1,300052,27,27,27,27,27,27,27,27,27,27
1,1,300053,0,0,0,0,0,0,0,0,0,0
1,1,300054,0,0,0,0,0,0,0,0,0,0
0,1,300055,0,0,0,0,0,0,0,0,0,0
1,1,300055,0,0,0,0,0,0,0,0,0,0
1,1,300056,13,13,13,13,13,13,13,13,13,13
2,1,300056,0,0,0,0,0,0,0,0,0,0
1,1,300057,0,0,0,0,0,0,0,0,0,0
1,1,300058,0,0,0,0,0,0,0,0,0,0
0,1,300059,26,26,26,26,26,26,26,26,26,26
1,1,300059,0,0,0,0,0,0,0,0,0,0
1,1,300060,36,36,36,36,36,36,36,36,36,36
1,1,300061,20,20,20,20,20,20,20,20,20,20
1,1,300062,0,0,0,0,0,0,0,0,0,0
1,1,300063,0,0,0,0,0,0,0,0,0,0
1,1,300064,0,0,0,0,0,0,0,0,0,0
1,1,300065,0,0,0,0,0,0,0,0,0,0
1,1,300066,0,0,0,0,0,0,0,0,0,0
1,1,300067,32,32,32,32,32,32,32,32,32,32
1,1,300068,6,6,6,6,6,6,6,6,6,6
1,1,300069,4,4,4,4,4,4,4,4,4,4
1,1,300070,12,12,12,12,12,12,12,12,12,12
1,1,300071,0,0,0,0,0,0,0,0,0,0
1,1,300072,0,0,0,0,0,0,0,0,0,0
1,1,300073,0,0,0,0,0,0,0,0,0,0
2,1,300073,0,0,0,0,0,0,0,0,0,0
0,1,300074,0,0,0,0,0,0,0,0,0,0
0,2,300074,0,0,0,0,0,0,0,0,0,0
1,1,300074,0,0,0,0,0,0,0,0,0,0
1,1,300075,0,0,0,0,0,0,0,0,0,0
2,1,300075,13,13,13,13,13,13,13,13,13,13
1,1,300076,21,21,21,21,21,21,21,21,21,21
1,1,300077,0,0,0,0,0,0,0,0,0,0
2,1,300077,0,0,0,0,0,0,0,0,0,0
1,1,300078,0,0,0,0,0,0,0,0,0,0
2,1,300078,0,0,0,0,0,0,0,0,0,0
1,1,300079,11,11,11,11,11,11,11,11,11,11
2,1,300079,0,0,0,0,0,0,0,0,0,0
1,1,300080,6,6,6,6,6,6,6,6,6,6
1,1,300081,0,0,0,0,0,0,0,0,0,0
2,1,300081,0,0,0,0,0,0,0,0,0,0
3,1,300081,0,0,0,0,0,0,0,0,0,0
1,1,300082,0,0,0,0,0,0,0,0,0,0
1,1,300083,23,23,23,23,23,23,23,23,23,23
1,1,300084,26,23,26,19,22,28,33,52,28,11
1,1,300085,0,0,0,0,0,0,0,0,0,0
1,1,300086,8,8,8,8,8,8,8,8,8,8
2,1,300086,0,0,0,0,0,0,0,0,0,0
0,1,300087,0,0,0,0,0,0,0,0,0,0
1,1,300087,7,12,8,11,12,12,10,14,9,10
1,1,300088,0,0,0,0,0,0,0,0,0,0
2,1,300088,0,0,0,0,0,0,0,0,0,0
1,1,300089,0,0,0,0,0,0,0,0,0,0
2,1,300089,0,0,0,0,0,6,0,0,0,0
1,1,300090,23,23,23,23,23,23,23,23,23,23
0,1,300091,15,15,15,15,15,15,15,15,15,15
1,1,300091,0,0,0,0,0,0,0,0,0,0
1,1,300092,0,0,0,0,0,0,0,0,0,0
2,1,300092,0,0,0,0,0,0,0,0,0,0
1,1,300093,0,0,0,0,0,26,0,0,0,0
1,1,300094,0,0,0,0,0,0,0,0,0,0
1,1,300095,0,0,0,0,0,0,0,0,0,0
0,1,300096,30,30,30,30,30,30,30,30,30,30
1,1,300096,9,15,19,21,7,22,22,0,28,11
2,1,300096,0,0,0,0,0,0,0,5,15,0
1,1,300097,0,0,0,0,0,0,0,0,0,0
2,1,300097,0,0,0,0,0,0,0,0,0,0
1,1,300098,0,0,0,0,0,0,0,0,0,0
1,1,300099,25,25,25,25,25,25,25,25,25,25
1,1,300100,20,20,20,20,20,20,20,20,20,20
1,1,300101,8,8,8,8,8,8,8,8,8,8
1,1,300102,11,11,11,11,11,11,11,11,11,11
1,1,300103,21,21,21,21,21,21,21,21,21,21
2,1,300103,5,0,0,13,0,0,0,4,0,0
1,1,300104,0,0,0,0,0,0,0,0,0,0
2,1,300104,0,0,0,0,0,0,0,0,0,0
3,1,300104,0,0,0,0,0,0,0,0,0,0
1,1,300105,0,0,0,0,0,0,0,0,0,0
2,1,300105,0,0,0,0,0,0,0,0,0,0
1,1,300106,18,18,18,18,18,18,18,18,18,18
1,1,300107,0,0,0,0,0,0,0,0,0,0
2,1,300107,0,0,0,0,0,0,0,0,0,0
1,1,300108,13,13,13,13,13,13,13,13,13,13
1,1,300109,14,14,14,14,14,14,14,14,14,14
1,1,300110,6,6,6,6,6,6,6,6,6,6
1,1,300111,19,19,19,19,19,19,19,19,19,19
1,1,300112,4,4,4,4,4,4,4,4,4,4
1,1,300113,0,0,0,0,0,0,0,0,0,0
1,1,300114,0,0,0,0,0,0,0,0,0,0
2,1,300114,0,0,0,0,0,0,0,0,0,0
1,1,300115,0,0,0,0,0,0,0,0,0,0
1,1,300116,0,0,0,0,0,0,0,0,0,0
1,1,300117,0,0,0,0,0,0,0,0,0,0
2,1,300117,0,0,0,0,0,0,0,0,0,0
1,1,300118,0,0,0,0,0,5,0,0,0,0
1,1,300119,0,0,0,0,0,0,0,0,0,0
1,1,300120,0,0,0,0,0,0,0,0,0,0
1,1,300121,18,18,18,18,18,18,18,18,18,18
1,1,300122,21,21,21,21,21,21,21,21,21,21
1,1,300123,29,29,29,29,29,29,29,29,29,29
0,1,300124,0,0,0,0,0,0,0,0,0,0
1,1,300124,0,0,0,0,0,0,0,0,0,0
1,1,300125,0,0,0,0,0,0,0,0,0,0
1,1,300126,17,17,17,17,17,17,17,17,17,17
1,1,300127,0,0,0,0,0,0,0,0,0,0
1,1,300128,19,19,19,19,19,19,19,19,19,19
1,1,300129,7,7,7,7,7,7,7,7,7,7
1,1,300130,0,0,0,0,0,0,0,0,0,0
1,1,300131,0,0,0,0,0,0,0,0,0,0
1,1,300132,20,20,20,20,20,20,20,20,20,20
1,1,300133,0,0,0,0,0,0,0,0,0,0
2,1,300133,0,0,0,0,0,0,0,0,0,0
1,1,300134,36,36,36,36,36,36,36,36,36,36
1,1,300135,0,0,0,0,0,0,0,0,0,0
2,1,300135,0,0,0,0,0,0,0,0,0,0
1,1,300136,0,0,0,0,0,0,0,0,0,0
1,1,300138,14,14,14,14,14,14,14,14,14,14
1,1,300139,0,0,0,0,22,0,0,14,0,0
1,1,300140,0,0,0,0,0,0,0,0,0,0
2,1,300140,0,0,0,0,0,0,0,0,0,0
1,1,300141,16,16,16,16,16,16,16,16,16,16
1,1,300142,30,30,30,30,30,30,30,30,30,30
1,1,300143,0,0,0,0,0,0,0,0,0,0
1,1,300144,14,14,14,14,14,14,14,14,14,14
1,1,300145,0,0,0,0,0,0,0,0,0,0
1,1,300146,28,24,19,21,41,10,49,29,15,22
1,1,300147,14,14,14,14,14,14,14,14,14,14
1,1,300148,0,0,0,0,0,0,0,0,0,0
2,1,300148,0,0,0,0,0,0,0,0,0,0
1,1,300149,0,0,0,0,0,0,4,0,0,0
1,1,300150,0,0,0,0,0,0,0,0,0,0
2,1,300150,0,0,0,0,0,0,0,0,0,0
3,1,300150,0,0,0,0,0,0,0,0,0,0
0,1,300151,22,22,22,22,22,22,22,22,22,22
1,1,300151,0,0,0,0,0,0,0,0,0,0
1,1,300152,0,0,0,0,0,0,0,0,0,0
1,1,300153,18,18,18,18,18,18,18,18,18,18
1,1,300154,0,0,0,0,0,0,0,0,0,0
1,1,300155,0,0,0,0,0,0,0,0,0,0
1,1,300156,4,4,4,4,4,4,4,4,4,4
2,1,300156,0,0,0,0,0,0,0,0,0,0
1,1,300157,0,0,0,0,0,0,0,0,0,0
2,1,300157,0,0,0,0,0,0,0,0,0,0
1,1,300158,20,20,20,20,20,20,20,20,20,20
1,1,300159,0,0,0,0,0,0,0,0,0,0
1,1,300160,0,0,0,0,0,0,0,0,0,0
1,1,300161,37,37,37,37,37,37,37,37,37,37
2,1,300161,0,0,0,0,0,0,0,0,0,0
1,1,300162,0,0,0,0,0,0,0,0,0,0
2,1,300162,0,0,0,0,0,0,0,0,0,0
1,1,300163,0,0,0,0,0,0,0,0,0,0
2,1,300163,0,0,0,0,0,0,0,0,0,0
0,1,300164,0,4,0,0,0,0,0,0,0,0
1,1,300164,0,0,0,0,0,0,0,0,0,0
1,1,300165,12,12,12,12,12,12,12,12,12,12
1,1,300166,0,0,0,0,0,0,0,0,0,0
2,1,300166,0,0,0,0,0,0,0,0,0,0
1,1,300167,17,17,17,17,17,17,17,17,17,17
1,1,300168,0,0,0,0,0,0,0,0,0,0
2,1,300168,0,0,0,0,0,0,0,0,0,0
1,1,300169,0,0,0,0,0,0,0,0,0,0
0,1,300170,13,13,13,13,13,13,13,13,13,13
1,1,300170,0,0,0,0,0,0,0,0,0,0
1,1,300171,0,0,0,0,0,0,0,0,0,0
1,1,300172,0,0,0,0,0,0,0,0,0,0
2,1,300172,0,0,0,0,0,0,0,0,0,0
3,1,300172,0,0,0,0,0,0,0,0,0,0
1,1,300173,0,0,0,0,0,0,0,4,0,19
1,1,300174,23,13,23,8,14,28,9,18,25,26
1,1,300175,11,11,11,11,11,11,11,11,11,11
2,1,300175,0,0,0,0,0,0,0,0,0,0
1,1,300177,25,25,25,25,25,25,25,25,25,25
1,1,300178,20,0,11,16,15,14,0,9,14,25
1,1,300179,5,5,5,5,5,5,5,5,5,5
2,1,300179,0,0,0,0,0,0,0,0,0,0
1,1,300180,0,0,0,0,0,0,0,0,0,0
2,1,300180,0,0,0,0,0,0,0,0,0,0
1,1,300181,0,0,0,0,0,0,0,0,0,0
1,1,300182,0,0,0,0,0,0,0,0,0,0
2,1,300182,0,0,0,0,0,0,0,0,0,0
3,1,300182,0,0,0,0,0,0,0,0,0,0
1,1,300183,0,0,0,0,0,0,0,0,0,0
2,1,300183,0,0,0,0,0,0,0,0,0,0
1,1,300184,27,27,27,27,27,27,27,27,27,27
2,1,300184,0,0,0,0,0,0,0,0,0,0
1,1,300185,0,0,0,0,0,0,0,0,0,0
2,1,300185,0,0,0,0,0,0,0,0,0,0
1,1,300186,0,0,0,0,0,0,0,0,0,0
1,1,300187,13,13,13,13,13,13,13,13,13,13
1,1,300188,0,0,0,0,0,0,0,0,0,0
1,1,300189,0,0,0,0,0,0,0,0,0,0
2,1,300189,0,0,0,0,0,0,0,0,0,0
1,1,300190,18,18,18,18,18,18,18,18,18,18
1,1,300191,25,25,25,25,25,25,25,25,25,25
1,1,300192,0,0,0,0,0,0,0,0,0,0
2,1,300192,20,20,20,20,20,20,20,20,20,20
1,1,300193,0,0,0,0,0,0,0,0,0,0
0,1,300194,25,24,17,18,37,23,37,0,26,30
1,1,300194,0,0,0,0,0,0,0,0,0,0
0,1,300195,0,0,0,0,0,0,0,0,0,0
0,2,300195,0,0,0,0,0,0,0,0,0,0
0,3,300195,0,0,0,0,0,0,0,0,0,8
0,4,300195,0,13,0,0,0,0,0,0,0,0
1,1,300195,16,16,16,16,16,16,16,16,16,16
0,1,300196,27,27,27,27,27,27,27,27,27,27
1,1,300196,0,0,0,0,0,0,0,0,0,0
0,1,300197,0,0,0,0,0,0,0,0,0,0
1,1,300197,0,0,0,0,0,0,0,0,0,0
1,1,300198,19,19,19,19,19,19,19,19,19,19
1,1,300199,0,0,0,0,0,0,0,0,0,0
1,1,300200,0,0,0,0,0,0,0,0,0,0
1,1,300201,0,0,0,0,0,0,0,0,0,0
2,1,300201,0,0,0,0,8,0,0,0,26,0
1,1,310001,13,13,13,13,13,13,13,13,13,13
0,1,310002,32,32,32,32,32,32,32,32,32,32
1,1,310002,0,0,0,0,0,0,0,0,0,0
1,1,310003,0,0,0,0,0,0,0,0,0,0
2,1,310003,0,0,0,0,0,0,0,0,0,0
1,1,310004,0,0,0,0,0,0,0,0,0,0
2,1,310004,0,0,0,0,0,0,0,0,0,0
1,1,310005,13,13,13,13,13,13,13,13,13,13
1,1,310006,0,0,0,0,0,0,0,0,0,0
2,1,310006,0,0,0,0,0,0,0,0,0,0
1,1,310007,0,0,0,0,0,0,0,0,0,0
1,1,310008,0,0,0,0,0,0,0,0,0,0
2,1,310008,0,0,0,0,0,0,0,0,0,0
3,1,310008,0,0,0,0,0,0,0,0,0,0
1,1,310009,29,29,29,29,29,29,29,29,29,29
1,1,310010,0,23,0,0,0,16,0,22,0,17
1,1,310011,33,33,33,33,33,33,33,33,33,33
1,1,310012,19,19,19,19,19,19,19,19,19,19
1,1,310013,0,0,0,0,0,0,0,0,0,0
1,1,310014,0,0,0,0,0,0,0,0,0,0
2,1,310014,0,0,0,0,0,0,0,0,0,0
1,1,310015,34,34,34,34,34,34,34,34,34,34
0,1,310016,0,0,5,0,11,0,5,0,0,0
1,1,310016,0,9,0,0,8,6,0,5,0,0
1,1,310017,0,0,0,0,10,0,0,0,0,0
1,1,310018,0,0,0,0,0,0,0,0,0,0
2,1,310018,0,0,0,0,0,0,0,0,0,0
1,1,310019,1,1,1,1,1,1,1,1,1,1
2,1,310019,0,0,0,0,0,0,0,0,0,0
1,1,310020,16,16,16,16,16,16,16,16,16,16
1,1,310021,0,0,11,0,0,6,0,0,0,0
1,1,310022,37,37,37,37,37,37,37,37,37,37
1,1,310023,30,30,30,30,30,30,30,30,30,30
2,1,310023,0,0,0,0,0,0,21,0,0,0
0,1,310024,34,34,34,34,34,34,34,34,34,34
1,1,310024,0,0,0,12,0,0,17,0,0,21
1,1,310025,0,0,0,0,0,0,0,0,0,0
2,1,310025,0,0,0,0,0,0,0,0,0,0
1,1,310026,0,0,0,0,0,0,0,0,0,0
1,1,310027,0,0,0,0,0,0,0,0,0,0
1,1,310028,18,18,18,18,18,18,18,18,18,18
1,1,310029,7,7,7,7,7,7,7,7,7,7
1,1,310030,0,0,0,0,0,0,0,0,0,0
0,1,310031,30,30,30,30,30,30,30,30,30,30
1,1,310031,0,0,0,0,0,0,0,5,0,0
2,1,310031,0,0,0,0,0,0,0,0,0,0
1,1,310032,20,20,20,20,20,20,20,20,20,20
1,1,310033,14,14,14,14,14,14,14,14,14,14
1,1,310034,0,0,0,0,0,0,0,0,0,0
1,1,310035,9,9,9,9,9,9,9,9,9,9
1,1,310036,23,23,23,23,23,23,23,23,23,23
1,1,310037,14,14,14,14,14,14,14,14,14,14
2,1,310037,0,0,0,0,0,0,0,0,0,0
1,1,310038,0,0,0,0,0,0,0,0,0,0
2,1,310038,1,1,1,1,1,1,1,1,1,1
1,1,310039,14,14,14,14,14,14,14,14,14,14
0,1,310040,36,36,36,36,36,36,36,36,36,36
1,1,310040,0,0,0,0,0,0,0,0,0,0
1,1,310041,0,0,0,0,0,0,0,0,0,0
2,1,310041,0,0,0,0,0,0,0,0,0,0
3,1,310041,0,0,0,0,0,0,0,0,0,0
1,1,310042,0,0,0,0,0,0,0,0,0,0
2,1,310042,0,0,0,0,0,0,0,0,0,0
1,1,310043,18,18,18,18,18,18,18,18,18,18
1,1,310044,0,0,0,0,0,0,0,0,0,0
1,1,310045,18,18,18,18,18,18,18,18,18,18
1,1,310046,23,5,14,14,0,16,17,16,0,0
1,1,310048,0,0,0,0,0,0,0,0,0,0
2,1,310048,0,0,0,0,0,0,0,0,0,0
1,1,310050,0,0,0,0,0,0,0,0,0,0
2,1,310050,0,6,0,0,0,0,0,0,0,0
3,1,310050,0,0,0,0,0,0,0,0,0,0
4,1,310050,0,0,0,0,0,0,0,0,0,0
1,1,310051,0,0,0,0,0,0,0,0,0,0
2,1,310051,0,0,0,0,0,0,0,0,0,0
1,1,310052,0,0,0,0,0,0,0,0,0,0
1,1,310053,0,0,0,0,0,0,0,0,0,0
2,1,310053,0,0,0,0,0,0,0,0,0,0
1,1,310054,0,0,0,0,0,0,0,0,0,0
2,1,310054,0,0,0,0,0,0,0,0,0,0
3,1,310054,0,0,0,0,0,0,0,0,0,0
4,1,310054,0,0,0,0,0,0,0,0,0,10
1,1,310055,1,1,1,1,1,1,1,1,1,1
2,1,310055,11,11,11,11,11,11,11,11,11,11
1,1,310056,0,0,0,0,0,0,0,0,0,0
1,1,310057,0,0,0,0,0,0,0,0,0,0
2,1,310057,0,0,0,0,0,0,0,0,0,0
1,1,310058,0,0,0,0,0,0,0,0,0,0
2,1,310058,0,0,0,0,0,0,0,0,0,0
0,1,310059,0,0,0,0,0,0,0,0,0,0
1,1,310059,0,0,0,0,0,0,0,0,0,0
1,1,310060,0,0,0,0,0,0,0,0,0,0
1,1,310061,29,17,6,10,29,15,15,13,10,19
2,1,310061,0,0,0,0,0,0,0,0,0,0
1,1,310062,0,0,0,0,0,0,0,0,0,0
2,1,310062,0,0,0,0,0,0,0,0,0,0
1,1,310063,0,0,0,0,0,0,0,0,0,0
2,1,310063,0,0,0,0,0,0,0,0,0,0
3,1,310063,0,0,0,0,0,0,0,0,0,0
1,1,310064,0,0,0,0,0,8,0,0,0,0
2,1,310064,0,0,0,0,0,0,0,0,0,0
3,1,310064,0,0,0,0,0,0,0,0,0,0
4,1,310064,0,0,0,0,0,0,0,0,0,0