VEH_NO,PER_NO,ST_CASE,P1,P2,P3,P4,P5,P6,P7,P8,P9,P10
1,1,310065,16,16,16,16,16,16,16,16,16,16
1,1,310066,26,26,26,26,26,26,26,26,26,26
1,1,310067,16,16,16,16,16,16,16,16,16,16
1,1,310068,0,0,0,0,0,0,0,0,0,0
1,1,310069,0,0,0,0,0,0,0,0,0,0
2,1,310069,0,0,0,0,0,0,0,0,0,0
1,1,310070,18,18,18,18,18,18,18,18,18,18
1,1,310071,7,7,7,7,7,7,7,7,7,7
2,1,310071,0,0,0,0,0,0,0,0,0,0
1,1,310072,0,0,0,0,0,0,0,0,0,0
1,1,310073,0,0,0,0,0,0,0,0,0,0
2,1,310073,0,0,0,0,0,0,0,0,0,0
1,1,310074,0,0,0,0,0,0,0,0,0,0
1,1,310075,22,22,22,22,22,22,22,22,22,22
2,1,310075,0,0,0,0,0,0,0,0,0,0
1,1,310076,0,0,0,0,0,0,0,0,0,0
2,1,310076,9,9,9,9,9,9,9,9,9,9
1,1,310077,0,0,0,0,0,0,0,0,0,0
1,1,310078,0,0,0,0,0,0,0,0,0,0
2,1,310078,8,8,8,8,8,8,8,8,8,8
0,1,310079,0,0,0,0,0,0,0,0,0,0
1,1,310079,0,0,0,0,0,0,0,0,0,0
1,1,310080,1,1,1,1,1,1,1,1,1,1
2,1,310080,0,0,0,0,0,0,0,0,0,0
1,1,310081,1,1,1,1,1,1,1,1,1,1
1,1,310082,0,0,0,0,0,0,0,0,0,0
1,1,310084,14,14,14,14,14,14,14,14,14,14
1,1,310085,18,18,18,18,18,18,18,18,18,18
1,1,310086,0,0,0,0,0,0,0,9,18,0
2,1,310086,0,0,0,0,0,0,0,0,0,0
1,1,310087,19,19,19,19,19,19,19,19,19,19
2,1,310087,0,0,0,0,0,0,0,0,0,0
1,1,310088,17,17,17,17,17,17,17,17,17,17
1,1,310089,20,20,20,20,20,20,20,20,20,20
1,1,310090,0,0,0,0,0,0,0,0,0,0
0,1,310091,0,0,0,0,0,0,0,0,0,0
1,1,310091,0,0,0,0,0,0,0,0,0,0
1,1,310092,0,0,0,0,0,0,0,0,0,0
2,1,310092,0,0,0,0,0,0,0,0,0,0
1,1,310093,0,0,0,0,0,0,0,0,0,0
2,1,310093,0,0,0,0,0,0,0,0,0,0
1,1,310094,0,0,0,0,0,0,0,0,0,0
2,1,310094,0,0,0,0,0,0,0,0,0,0
1,1,310095,0,0,0,0,0,0,0,0,0,0
1,1,310096,0,0,0,0,0,0,0,0,0,0
2,1,310096,0,0,0,0,0,0,0,0,0,0
1,1,310097,0,0,0,0,0,0,0,0,0,0
2,1,310097,0,0,0,0,0,0,0,0,0,0
1,1,310098,0,0,0,0,0,0,0,0,0,0
1,1,310099,0,0,0,0,0,0,0,0,0,0
1,1,310100,0,0,0,0,0,0,0,0,0,0
1,1,310101,12,12,12,12,12,12,12,12,12,12
1,1,310102,16,0,0,0,0,0,0,0,0,0
2,1,310102,0,0,0,0,0,10,0,0,0,0
1,1,310103,0,0,0,0,0,0,0,0,0,0
2,1,310103,0,0,0,0,0,0,0,0,0,0
1,1,310104,0,0,0,0,0,0,0,0,0,0
2,1,310104,1,1,1,1,1,1,1,1,1,1
1,1,310105,0,0,0,0,0,0,0,0,0,0
1,1,310106,0,0,8,0,0,0,0,0,0,0
1,1,310107,15,15,15,15,15,15,15,15,15,15
1,1,310108,0,0,0,0,0,0,0,0,0,0
1,1,310109,4,4,4,4,4,4,4,4,4,4
1,1,310110,1,1,1,1,1,1,1,1,1,1
1,1,310111,0,0,0,0,0,0,0,0,0,0
2,1,310111,0,0,0,0,0,0,0,0,0,0
1,1,310112,0,0,0,0,0,0,0,0,0,0
1,1,310113,16,16,16,16,16,16,16,16,16,16
2,1,310113,0,0,0,0,0,0,0,0,0,0
1,1,310114,15,15,15,15,15,15,15,15,15,15
2,1,310114,0,0,0,0,0,0,0,0,0,0
1,1,310115,0,0,0,0,0,0,0,0,0,0
2,1,310115,15,15,15,15,15,15,15,15,15,15
1,1,310116,0,0,0,0,0,0,0,0,0,0
2,1,310116,0,0,0,0,0,0,0,0,0,0
1,1,310117,0,0,0,0,0,0,0,0,0,0
2,1,310117,29,29,29,29,29,29,29,29,29,29
1,1,310118,0,0,0,0,0,0,0,0,0,0
1,1,310119,14,14,14,14,14,14,14,14,14,14
2,1,310119,0,0,0,0,0,0,0,0,0,0
0,1,310120,0,12,0,25,11,0,0,33,11,21
1,1,310120,0,0,0,0,0,0,0,0,0,0
1,1,310121,0,0,0,0,0,0,0,0,0,0
2,1,310121,0,0,0,0,0,0,0,0,0,0
1,1,310122,0,0,0,0,0,0,0,0,0,0
2,1,310122,0,0,0,0,0,0,0,0,0,0
0,1,310123,14,14,14,14,14,14,14,14,14,14
1,1,310123,0,0,0,0,0,0,0,0,0,0
1,1,310124,1,1,1,1,1,1,1,1,1,1
1,1,310125,0,0,0,0,0,0,0,0,0,0
2,1,310125,0,0,0,0,0,0,0,0,0,0
1,1,310126,0,0,0,0,0,0,0,10,0,0
2,1,310126,0,0,0,0,0,0,0,0,0,0
1,1,310127,0,0,0,0,0,0,0,0,0,0
2,1,310127,4,4,4,4,4,4,4,4,4,4
1,1,310128,18,18,18,18,18,18,18,18,18,18
1,1,310129,0,0,0,0,0,0,0,0,0,0
2,1,310129,0,0,0,0,0,0,0,0,0,0
1,1,310130,0,0,0,0,0,0,0,0,0,0
2,1,310130,0,0,0,0,0,0,0,0,0,0
1,1,310131,8,8,8,8,8,8,8,8,8,8
1,1,310132,27,27,27,27,27,27,27,27,27,27
2,1,310132,0,0,0,0,0,0,0,0,0,0
1,1,310133,7,7,7,7,7,7,7,7,7,7
1,1,310134,0,0,0,0,0,0,0,0,0,0
2,1,310134,0,0,0,0,0,0,0,0,0,0
1,1,310135,29,29,29,29,29,29,29,29,29,29
2,1,310135,0,0,0,0,0,0,0,0,0,0
1,1,310136,11,11,11,11,11,11,11,11,11,11
0,1,310137,0,0,0,0,0,0,0,0,0,0
0,2,310137,0,0,0,0,0,0,0,0,0,0
1,1,310137,0,0,0,0,0,0,0,0,0,0
2,1,310137,0,9,0,0,0,0,0,0,0,0
1,1,310138,0,0,0,0,0,0,0,0,0,0
2,1,310138,0,0,0,0,0,0,0,0,0,0
1,1,310139,0,0,0,0,0,0,0,0,0,0
2,1,310139,0,0,0,0,0,0,7,0,0,0
1,1,310140,0,0,0,0,0,0,0,0,0,0
2,1,310140,0,0,0,0,0,0,0,0,0,0
1,1,310141,0,10,0,0,0,0,0,0,13,0
2,1,310141,0,0,0,0,0,0,0,0,0,0
1,1,310142,0,0,0,0,0,0,0,0,0,0
2,1,310142,0,0,0,0,0,0,0,0,0,0
3,1,310142,0,0,0,0,0,0,0,0,0,0
4,1,310142,0,0,0,0,0,0,0,30,0,0
1,1,310143,0,0,0,0,0,0,0,0,0,0
1,1,310144,0,0,0,0,0,0,0,0,0,0
2,1,310144,0,0,0,0,0,0,0,0,0,0
1,1,310145,0,0,0,0,0,0,0,0,0,0
1,1,310146,0,0,0,4,0,0,0,0,0,0
1,1,310147,0,0,0,0,0,0,0,0,0,0
2,1,310147,0,0,0,0,0,0,0,0,0,0
1,1,310148,0,0,0,0,0,0,0,0,0,0
2,1,310148,0,0,0,0,0,0,0,0,0,0
1,1,310149,20,20,20,20,20,20,20,20,20,20
1,1,310150,0,0,0,0,0,0,0,0,0,0
0,1,310151,5,28,19,21,22,22,28,27,12,17
1,1,310151,0,11,4,0,0,17,0,0,0,0
1,1,310152,1,1,1,1,1,1,1,1,1,1
1,1,310153,10,10,10,10,10,10,10,10,10,10
1,1,310154,30,30,30,30,30,30,30,30,30,30
1,1,310155,0,0,0,0,0,0,0,0,0,0
2,1,310155,0,0,0,0,0,0,0,0,0,0
1,1,310156,0,0,0,0,0,0,0,0,0,0
2,1,310156,0,0,0,0,0,0,0,0,0,0
1,1,310157,28,28,28,28,28,28,28,28,28,28
1,1,310158,0,0,0,0,0,0,0,0,0,0
2,1,310158,0,0,0,0,0,0,0,0,0,0
1,1,310159,0,0,0,0,0,0,0,0,0,0
2,1,310159,0,0,0,0,0,0,0,0,0,0
1,1,310160,0,0,0,0,0,0,0,0,0,0
2,1,310160,0,0,0,0,0,0,0,0,0,0
1,1,310161,4,4,4,4,4,4,4,4,4,4
2,1,310161,0,0,0,0,0,0,0,0,0,0
3,1,310161,0,0,0,0,0,0,0,0,0,0
1,1,310162,0,0,0,0,0,0,0,0,0,0
1,1,310163,24,24,18,22,19,34,24,23,23,15
1,1,310164,2,2,2,2,2,2,2,2,2,2
1,1,310165,0,0,0,0,0,0,0,0,0,0
1,1,310166,0,0,0,0,0,0,0,0,0,0
2,1,310166,0,0,0,0,0,0,0,0,0,0
1,1,310167,0,0,0,0,0,0,0,0,0,0
2,1,310167,0,0,0,0,0,0,0,0,0,0
1,1,310168,16,16,16,16,16,16,16,16,16,16
1,1,310169,0,0,0,0,0,0,0,0,0,0
2,1,310169,0,0,0,0,11,0,0,0,0,0
1,1,310170,0,0,0,0,0,0,0,0,0,0
2,1,310170,9,21,12,0,13,7,25,22,13,0
1,1,310171,6,6,6,6,6,6,6,6,6,6
1,1,310172,7,7,7,7,7,7,7,7,7,7
1,1,310173,1,1,1,1,1,1,1,1,1,1
2,1,310173,0,0,0,0,0,0,0,0,0,0
3,1,310173,0,0,0,0,0,0,0,0,0,0
1,1,310174,0,0,0,0,0,0,0,0,0,0
2,1,310174,0,0,0,0,0,0,0,0,0,0
1,1,310175,0,0,0,0,0,0,0,0,0,0
2,1,310175,19,19,19,19,19,19,19,19,19,19
1,1,310176,21,16,12,17,16,24,22,19,24,13
1,1,310177,0,0,0,0,0,0,0,0,0,0
2,1,310177,0,0,0,0,0,0,0,0,0,0
3,1,310177,0,0,0,0,0,0,0,0,0,0
1,1,310178,0,0,0,0,0,0,0,0,0,0
2,1,310178,0,0,0,0,0,0,0,0,0,0
1,1,310179,17,17,17,17,17,17,17,17,17,17
2,1,310179,0,0,0,0,0,0,0,0,0,0
1,1,310180,0,0,0,0,0,0,0,0,0,0
2,1,310180,0,0,0,0,0,0,0,0,0,0
1,1,310181,0,0,0,0,0,0,0,0,0,0
2,1,310181,0,0,0,0,0,0,0,0,0,0
1,1,310182,15,15,15,15,15,15,15,15,15,15
1,1,310183,8,8,8,8,8,8,8,8,8,8
1,1,310184,0,0,0,0,0,0,0,0,0,0
2,1,310184,0,0,0,0,0,0,0,0,0,0
3,1,310184,0,0,0,0,0,0,0,0,0,0
1,1,310185,0,0,0,0,0,0,0,0,0,0
2,1,310185,0,0,0,0,0,0,0,0,0,0
1,1,310186,0,0,0,0,0,0,0,0,0,0
2,1,310186,0,0,0,0,0,0,0,0,0,0
1,1,310187,19,19,19,19,19,19,19,19,19,19
2,1,310187,0,0,0,0,0,0,0,0,0,0
1,1,310188,12,12,12,12,12,12,12,12,12,12
2,1,310188,0,0,0,0,0,0,0,0,0,0
1,1,310189,0,0,0,0,0,0,0,0,0,0
1,1,310190,18,18,18,18,18,18,18,18,18,18
1,1,310191,0,0,0,0,0,0,0,0,0,0
2,1,310191,0,0,0,0,0,0,0,0,0,0
1,1,310192,0,0,0,0,0,0,0,0,0,0
2,1,310192,0,0,0,0,0,0,0,0,0,0
1,1,310193,0,0,0,0,0,0,0,0,0,0
2,1,310193,0,0,0,0,0,0,0,0,0,0
1,1,310194,0,0,0,0,0,0,0,0,0,0
2,1,310194,0,0,0,0,0,0,0,0,0,0
3,1,310194,0,0,0,0,0,0,0,0,0,0
4,1,310194,15,0,0,0,0,0,0,0,0,0
1,1,310195,0,0,0,0,0,0,0,0,0,0
2,1,310195,0,0,0,0,0,0,0,0,0,0
1,1,310196,0,0,0,0,0,0,0,0,0,0
1,1,310197,0,0,0,0,0,0,0,0,0,0
1,1,310198,11,0,0,37,0,0,0,0,0,0
2,1,310198,0,0,0,0,0,0,0,0,0,0
1,1,310199,15,36,8,13,16,21,23,25,18,0
1,1,310200,0,0,0,0,0,0,0,0,0,0
2,1,310200,0,0,0,0,0,0,0,0,0,0
1,1,310201,0,0,0,0,0,0,0,0,0,0
2,1,310201,0,0,0,0,0,0,0,0,0,0
1,1,310202,0,0,0,0,0,0,0,0,0,0
1,1,310203,0,0,0,0,0,0,0,0,0,0
2,1,310203,0,0,0,0,0,0,0,0,0,0
1,1,310204,0,0,0,0,0,0,0,0,0,0
2,1,310204,0,0,0,0,0,0,0,0,0,0
3,1,310204,0,0,0,0,0,0,0,0,0,0
1,1,310205,0,0,0,0,0,0,0,0,0,0
2,1,310205,0,0,0,0,0,0,2,0,0,0
1,1,310206,0,0,0,0,0,0,0,0,0,0
2,1,310206,0,0,0,0,0,0,0,0,0,0
1,1,310207,0,0,0,0,0,0,0,0,0,0
1,1,310208,17,17,17,17,17,17,17,17,17,17
1,1,320001,0,0,0,0,0,0,0,0,0,0
1,1,320002,0,0,0,0,0,0,0,0,0,0
2,1,320002,0,0,0,0,0,0,0,0,0,0
1,1,320003,0,0,0,0,0,0,0,0,0,0
1,1,320004,0,0,0,0,0,0,0,0,0,0
2,1,320004,9,9,9,9,9,9,9,9,9,9
1,1,320005,0,0,0,0,0,0,0,0,0,0
1,1,320006,26,26,26,26,26,26,26,26,26,26
0,1,320007,0,0,0,0,0,0,0,0,0,0
1,1,320007,0,0,0,0,0,0,0,0,0,0
1,1,320008,0,0,0,0,0,0,0,0,0,0
0,1,320009,19,19,19,19,19,19,19,19,19,19
1,1,320009,0,0,0,0,0,0,0,0,0,0
0,1,320010,0,0,0,0,0,0,0,0,0,0
0,2,320010,0,0,0,0,0,0,0,0,0,0
1,1,320010,0,0,0,0,0,0,0,0,0,0
1,1,320011,0,0,0,0,0,0,0,0,0,0
1,1,320012,5,5,5,5,5,5,5,5,5,5
1,1,320013,21,21,21,21,21,21,21,21,21,21
1,1,320014,0,0,0,0,0,0,0,0,0,0
2,1,320014,0,0,0,0,0,0,0,0,0,0
1,1,320015,14,14,14,14,14,14,14,14,14,14
1,1,320016,0,0,0,0,0,0,0,0,0,0
2,1,320016,0,0,0,0,0,0,0,0,0,0
1,1,320017,0,0,0,0,0,0,0,0,0,0
1,1,320018,0,0,0,0,0,0,0,0,0,0
0,1,320019,28,28,28,28,28,28,28,28,28,28
1,1,320019,0,0,0,0,0,0,0,0,0,0
1,1,320020,0,0,0,0,0,0,0,0,0,0
1,1,320021,0,0,0,0,0,0,0,0,0,0
2,1,320021,0,0,0,0,0,0,0,0,0,0
3,1,320021,0,0,0,0,0,0,0,0,0,0
1,1,320022,20,20,20,20,20,20,20,20,20,20
2,1,320022,5,5,5,5,5,5,5,5,5,5
0,1,320023,0,0,0,0,0,0,0,0,0,0
1,1,320023,8,0,0,5,1,0,0,16,0,0
0,1,320024,0,0,0,0,0,0,0,0,0,0
1,1,320024,0,0,0,0,0,0,0,0,0,0
1,1,320025,0,0,0,0,0,0,0,0,0,0
1,1,320026,4,4,4,4,4,4,4,4,4,4
0,1,320027,0,0,0,0,0,0,0,0,0,0
1,1,320027,0,0,0,0,0,0,0,0,0,0
1,1,320028,2,2,2,2,2,2,2,2,2,2
1,1,320029,0,0,0,0,0,0,0,0,0,0
2,1,320029,0,0,0,0,0,0,0,0,0,0
3,1,320029,0,0,0,0,0,0,0,0,0,0
1,1,320030,0,0,0,0,0,0,0,0,0,0
1,1,320031,18,18,18,18,18,18,18,18,18,18
2,1,320031,0,0,0,0,0,0,0,0,0,0
1,1,320032,0,10,13,0,0,0,0,0,0,0
2,1,320032,0,16,0,0,0,0,0,0,0,0
3,1,320032,0,0,0,0,0,0,0,0,0,0
1,1,320033,16,16,16,16,16,16,16,16,16,16
2,1,320033,0,0,0,0,0,0,0,0,0,0
1,1,320034,28,28,28,28,28,28,28,28,28,28
0,1,320035,20,20,20,20,20,20,20,20,20,20
1,1,320035,0,0,0,0,0,0,0,0,0,0
0,1,320036,2,2,2,2,2,2,2,2,2,2
1,1,320036,7,7,7,7,7,7,7,7,7,7
1,1,320037,22,22,22,22,22,22,22,22,22,22
2,1,320037,0,0,0,0,0,0,0,0,0,0
0,1,320038,0,0,0,0,0,0,0,0,0,0
1,1,320038,0,0,0,0,15,0,0,0,0,0
1,1,320039,0,0,0,0,0,0,0,0,0,0
1,1,320040,0,0,0,0,0,0,0,0,0,0
1,1,320041,0,0,0,0,0,0,0,0,0,0
1,1,320042,0,0,0,0,0,0,0,0,0,0
2,1,320042,18,0,0,0,0,0,0,0,0,0
3,1,320042,0,0,0,0,0,0,0,0,0,0
4,1,320042,0,0,0,0,0,0,0,0,0,0
1,1,320043,28,28,28,28,28,28,28,28,28,28
2,1,320043,0,0,0,0,0,0,0,0,0,0
1,1,320044,17,17,17,17,17,17,17,17,17,17
1,1,320045,0,0,0,0,0,0,0,0,0,0
1,1,320046,0,0,0,0,0,0,0,0,0,0
2,1,320046,0,0,0,0,0,0,0,0,0,0
1,1,320047,0,0,0,0,0,0,0,0,0,0
2,1,320047,0,0,0,0,0,0,0,0,0,0
1,1,320048,0,0,0,0,0,0,0,0,0,0
2,1,320048,0,0,0,0,0,0,0,0,0,0
3,1,320048,0,0,0,0,0,0,0,0,0,0
4,1,320048,0,0,0,0,0,0,0,0,0,0
1,1,320049,0,0,0,0,0,0,0,0,0,0
2,1,320049,0,0,0,0,0,0,0,0,0,0
1,1,320050,0,0,0,0,0,0,0,0,0,0
2,1,320050,2,2,2,2,2,2,2,2,2,2
0,1,320051,0,0,0,0,0,0,0,0,0,0
1,1,320051,0,0,0,0,0,0,0,0,0,0
0,1,320052,0,0,0,0,0,0,0,0,0,0
1,1,320052,0,0,0,0,0,0,0,0,0,0
1,1,320053,0,0,0,0,0,0,0,0,0,0
2,1,320053,0,0,0,0,0,0,0,0,0,0
1,1,320054,0,0,0,0,0,0,0,0,0,0
2,1,320054,0,0,0,0,0,0,0,0,0,0
0,1,320055,12,12,12,12,12,12,12,12,12,12
1,1,320055,10,0,8,8,0,15,0,17,18,7
1,1,320056,0,0,0,0,0,0,0,0,0,0
1,1,320057,20,20,20,20,20,20,20,20,20,20
2,1,320057,0,0,0,0,0,0,0,0,0,0
1,1,320058,0,0,0,0,0,0,0,0,0,0
2,1,320058,0,0,0,0,0,0,0,0,0,0
1,1,320059,24,24,24,24,24,24,24,24,24,24
1,1,320060,0,0,0,0,0,0,0,0,0,0
1,1,320061,0,0,0,0,0,0,0,0,0,0
2,1,320061,0,0,0,0,0,0,0,0,0,0
3,1,320061,0,0,0,0,0,0,0,0,0,0
1,1,320062,14,14,14,14,14,14,14,14,14,14
2,1,320062,0,0,0,0,0,0,0,0,0,0
1,1,320063,18,18,18,18,18,18,18,18,18,18
0,1,320064,27,27,27,27,27,27,27,27,27,27
1,1,320064,0,0,0,14,0,0,0,0,14,0
1,1,320065,30,30,30,30,30,30,30,30,30,30
1,1,320066,12,12,12,12,12,12,12,12,12,12
2,1,320066,0,0,0,0,0,0,0,0,0,0
1,1,320067,0,0,0,0,0,0,0,0,0,0
2,1,320067,19,19,19,19,19,19,19,19,19,19
3,1,320067,0,0,0,0,0,0,0,0,0,0
0,1,320069,12,12,12,12,12,12,12,12,12,12
1,1,320069,0,0,0,0,0,0,0,0,0,0
1,1,320070,0,0,0,0,0,0,0,0,0,0
1,1,320071,0,0,0,0,0,0,0,0,0,0
1,1,320072,0,0,0,0,0,0,0,0,0,0
1,1,320073,25,25,25,25,25,25,25,25,25,25
0,1,320074,0,0,0,0,0,0,0,0,0,0
1,1,320074,0,0,0,0,0,0,0,0,0,0
1,1,320076,0,0,0,0,0,0,0,0,0,0
2,1,320076,3,3,3,3,3,3,3,3,3,3
1,1,320077,17,17,17,17,17,17,17,17,17,17
1,1,320078,5,6,0,0,0,0,0,0,0,0
2,1,320078,18,18,18,18,18,18,18,18,18,18
0,1,320079,15,15,15,15,15,15,15,15,15,15
1,1,320079,0,0,11,23,0,0,0,0,0,0
1,1,320080,6,6,6,6,6,6,6,6,6,6
1,1,320081,21,21,21,21,21,21,21,21,21,21
2,1,320081,0,0,0,0,0,0,0,0,0,0
1,1,320082,0,0,0,0,0,0,0,0,0,0
2,1,320082,0,0,0,0,0,0,0,0,0,0
1,1,320083,0,0,0,0,0,0,0,0,0,0
2,1,320083,0,0,0,0,0,0,0,0,0,0
1,1,320084,0,0,0,0,0,0,0,0,0,0
1,1,320085,0,0,0,0,0,0,0,0,0,0
1,1,320086,0,0,0,0,0,0,0,0,0,0
2,1,320086,0,0,12,8,17,0,21,15,0,0
0,1,320087,22,22,22,22,22,22,22,22,22,22
1,1,320087,0,12,0,0,0,0,0,0,0,0
1,1,320088,0,0,0,0,0,0,0,0,0,0
2,1,320088,0,0,0,0,0,0,0,0,0,0
1,1,320089,21,21,21,21,21,21,21,21,21,21
1,1,320090,0,0,0,0,0,0,0,0,0,0
2,1,320090,0,0,0,0,0,0,0,0,0,0
3,1,320090,0,0,0,0,0,0,0,10,0,0
4,1,320090,0,0,0,0,0,0,0,0,0,0
0,1,320091,25,25,25,25,25,25,25,25,25,25
1,1,320091,3,3,3,3,3,3,3,3,3,3
1,1,320092,0,0,0,0,0,0,0,0,0,0
1,1,320093,21,21,21,21,21,21,21,21,21,21
1,1,320094,6,6,6,6,6,6,6,6,6,6
0,1,320095,0,0,0,0,0,0,0,0,0,0
1,1,320095,0,0,0,0,0,0,0,0,0,0
0,1,320096,0,0,0,0,0,0,0,0,0,0
1,1,320096,0,0,0,0,0,0,0,0,0,0
1,1,320097,5,5,5,5,5,5,5,5,5,5
1,1,320098,0,0,0,0,0,0,0,0,0,0
1,1,320099,0,0,0,0,0,0,0,0,0,0
2,1,320099,0,0,0,0,0,0,0,0,0,0
0,1,320100,21,21,21,21,21,21,21,21,21,21
1,1,320100,0,0,0,0,0,0,0,0,0,0
1,1,320101,20,20,20,20,20,20,20,20,20,20
2,1,320101,0,0,0,0,0,0,0,0,0,0
0,1,320102,0,0,0,0,0,0,0,0,0,0
1,1,320102,0,0,7,0,0,0,0,0,0,0
1,1,320103,19,19,19,19,19,19,19,19,19,19
2,1,320103,0,0,0,0,0,0,0,0,0,0
1,1,320104,19,19,19,19,19,19,19,19,19,19
2,1,320104,0,0,0,0,0,0,0,0,0,0
1,1,320105,0,0,0,0,0,0,0,0,0,0
1,1,320106,11,11,11,11,11,11,11,11,11,11
2,1,320106,0,0,0,0,0,0,0,0,0,0
0,1,320107,0,0,0,0,0,0,0,0,0,0
1,1,320107,0,0,0,0,0,0,0,0,0,0
1,1,320108,0,0,0,0,0,0,0,0,0,0
2,1,320108,0,0,0,0,0,0,0,0,0,0
3,1,320108,0,0,0,0,0,0,0,0,0,0
1,1,320109,0,0,0,0,0,0,0,0,0,0
2,1,320109,0,0,0,0,0,0,0,0,0,0
1,1,320110,12,12,12,12,12,12,12,12,12,12
2,1,320110,0,0,0,0,0,0,0,0,0,0
3,1,320110,0,0,0,0,0,0,0,0,0,0
4,1,320110,0,0,0,0,0,0,0,0,0,0
1,1,320111,12,12,12,12,12,12,12,12,12,12
2,1,320111,0,0,0,0,0,0,0,0,0,0
1,1,320112,0,0,0,0,0,0,0,0,0,0
1,1,320113,2,2,2,2,2,2,2,2,2,2
1,1,320114,0,0,0,0,0,0,0,0,0,0
0,1,320115,0,0,0,0,0,0,0,0,0,0
1,1,320115,0,0,0,0,0,0,0,0,0,0
0,1,320116,0,0,0,0,0,0,0,0,0,0
1,1,320116,0,0,0,0,27,0,0,0,0,0
1,1,320117,0,0,0,0,0,0,0,0,0,0
2,1,320117,1,1,1,1,1,1,1,1,1,1
3,1,320117,0,0,0,0,0,0,0,0,0,0
1,1,320118,15,12,18,7,31,10,18,5,11,37
1,1,320119,0,0,0,0,0,0,0,0,0,0
2,1,320119,0,0,0,0,0,0,0,0,0,0
1,1,320120,3,3,3,3,3,3,3,3,3,3
1,1,320121,0,0,0,0,0,0,0,0,0,0
2,1,320121,0,0,0,0,0,0,0,0,0,0
1,1,320122,0,0,0,0,0,0,0,0,0,0
1,1,320123,0,0,0,0,0,0,0,0,0,0
2,1,320123,0,0,0,0,0,0,0,0,0,0
1,1,320124,21,8,0,22,0,0,19,0,16,0
1,1,320125,0,0,0,0,0,0,0,0,0,0
1,1,320126,0,0,0,0,0,0,0,0,0,0
2,1,320126,0,0,0,0,0,0,0,0,0,0
3,1,320126,0,0,0,0,0,0,0,0,0,0
1,1,320127,0,0,0,0,0,0,0,0,0,0
1,1,320128,0,0,0,0,0,0,0,0,0,0
2,1,320128,0,0,0,0,0,0,0,0,0,0
3,1,320128,0,0,0,0,0,0,0,0,0,0
1,1,320129,13,0,0,0,0,0,0,0,0,0
1,1,320130,0,0,0,0,0,0,0,0,0,0
1,1,320131,0,0,0,0,0,0,0,0,0,0
1,1,320132,10,10,10,10,10,10,10,10,10,10
1,1,320133,34,34,34,34,34,34,34,34,34,34
1,1,320134,7,7,7,7,7,7,7,7,7,7
1,1,320135,0,0,0,0,0,0,0,0,0,0
1,1,320136,0,0,0,0,0,0,0,0,0,0
2,1,320136,0,0,0,0,0,0,0,0,0,0
1,1,320137,0,0,0,0,0,0,0,0,0,0
1,1,320138,0,0,0,0,0,0,0,0,0,0
1,1,320139,0,0,0,0,0,0,0,0,0,0
1,1,320140,23,23,23,23,23,23,23,23,23,23
1,1,320141,13,13,13,13,13,13,13,13,13,13
0,1,320142,0,0,0,0,0,0,0,0,0,0
1,1,320142,0,0,0,0,0,0,0,0,0,0
1,1,320143,6,6,6,6,6,6,6,6,6,6
1,1,320144,0,0,0,0,0,0,0,0,0,0
1,1,320145,0,0,0,0,0,0,0,0,0,0
0,1,320146,10,10,10,10,10,10,10,10,10,10
1,1,320146,0,0,0,0,0,0,0,0,0,0
1,1,320147,14,14,14,14,14,14,14,14,14,14
0,1,320148,0,0,0,0,0,0,0,0,0,0
1,1,320148,0,0,0,0,0,0,0,0,0,0
1,1,320149,0,0,0,0,0,0,0,0,0,0
2,1,320149,0,0,0,0,0,0,0,0,0,0
1,1,320150,0,0,0,0,0,0,0,0,0,0
1,1,320151,16,16,16,16,16,16,16,16,16,16
1,1,320152,0,0,0,0,0,0,0,0,0,0
2,1,320152,0,0,0,0,0,0,0,0,0,0
1,1,320153,0,0,0,0,0,0,0,0,0,0
1,1,320154,0,0,0,0,0,0,0,0,0,0
2,1,320154,0,0,0,0,0,0,0,0,0,6
0,1,320155,0,0,0,0,0,0,0,0,0,0
1,1,320155,0,0,0,0,0,0,0,0,0,0
1,1,320156,41,41,41,41,41,41,41,41,41,41
1,1,320157,9,9,9,9,9,9,9,9,9,9
1,1,320158,0,0,0,0,0,0,0,0,0,0
0,1,320159,0,0,0,0,0,0,0,0,0,0
1,1,320159,17,0,9,4,13,8,19,27,0,12
2,1,320159,0,0,0,0,0,0,0,0,0,0
0,1,320160,21,21,21,21,21,21,21,21,21,21
1,1,320160,7,0,18,11,9,18,0,21,0,0
1,1,320161,0,0,0,0,0,0,0,0,0,0
2,1,320161,0,0,0,0,0,0,0,0,0,0
1,1,320162,0,0,0,0,0,0,0,0,0,0
1,1,320163,0,0,0,0,0,0,0,0,0,0
2,1,320163,0,0,0,9,0,0,0,0,0,0
1,1,320164,18,18,18,18,18,18,18,18,18,18
1,1,320165,0,0,0,0,0,0,0,0,0,0
2,1,320165,0,0,0,0,0,0,0,0,0,0
1,1,320166,0,0,0,0,0,0,0,0,0,0
2,1,320166,0,0,0,0,0,0,0,0,0,0
3,1,320166,0,0,0,0,0,0,0,0,0,0
1,1,320167,0,0,0,0,0,0,0,0,0,0
1,1,320168,0,0,0,0,0,0,0,0,0,0
1,1,320169,0,0,0,0,0,0,0,0,0,0
2,1,320169,3,3,3,3,3,3,3,3,3,3
1,1,320170,20,20,20,20,20,20,20,20,20,20
2,1,320170,0,0,0,0,0,0,0,0,0,0