VEH_NO,PER_NO,ST_CASE,P1,P2,P3,P4,P5,P6,P7,P8,P9,P10
1,1,320171,0,0,0,0,0,0,0,0,0,0
2,1,320171,0,0,0,0,0,0,0,0,0,0
1,1,320172,0,0,0,0,0,0,0,0,0,0
2,1,320172,0,0,14,7,0,18,10,0,2,0
1,1,320173,17,17,17,17,17,17,17,17,17,17
1,1,320174,0,0,0,0,0,0,0,0,0,0
1,1,320175,25,15,21,16,22,25,12,16,15,18
1,1,320176,0,0,0,0,0,0,0,0,0,0
1,1,320177,15,15,15,15,15,15,15,15,15,15
2,1,320177,0,15,0,0,0,0,0,0,7,0
0,1,320178,0,0,0,0,0,0,0,0,0,0
1,1,320178,26,26,26,26,26,26,26,26,26,26
1,1,320179,9,9,9,9,9,9,9,9,9,9
2,1,320179,0,0,0,0,0,0,0,0,0,0
0,1,320180,2,2,2,2,2,2,2,2,2,2
1,1,320180,0,0,0,0,0,0,0,0,10,0
1,1,320181,26,26,26,26,26,26,26,26,26,26
2,1,320181,0,0,0,0,0,0,0,0,0,0
1,1,320182,19,19,19,19,19,19,19,19,19,19
1,1,320183,31,31,31,31,31,31,31,31,31,31
2,1,320183,0,0,0,0,0,0,0,0,0,0
1,1,320184,0,0,0,0,0,0,0,0,0,0
2,1,320184,0,0,0,0,0,0,0,0,0,0
3,1,320184,0,0,0,0,0,0,0,0,0,0
1,1,320185,4,4,4,4,4,4,4,4,4,4
1,1,320186,10,10,10,10,10,10,10,10,10,10
1,1,320187,3,3,3,3,3,3,3,3,3,3
1,1,320188,0,0,0,0,0,0,0,0,0,0
1,1,320189,21,21,21,21,21,21,21,21,21,21
1,1,320190,3,3,3,3,3,3,3,3,3,3
0,1,320191,0,0,0,0,0,0,0,0,0,0
1,1,320191,0,0,0,0,0,0,0,0,0,0
1,1,320192,0,0,0,0,0,0,0,0,0,0
1,1,320193,0,0,0,0,0,0,0,0,0,0
2,1,320193,0,0,0,0,0,0,0,0,0,0
0,1,320194,25,25,25,25,25,25,25,25,25,25
1,1,320195,0,0,0,0,0,0,0,0,0,0
2,1,320195,0,0,0,0,0,0,0,0,0,0
3,1,320195,0,0,0,0,0,0,0,0,0,0
4,1,320195,0,0,0,0,0,0,0,0,0,0
1,1,320196,29,29,29,29,29,29,29,29,29,29
1,1,320197,0,0,0,0,0,0,0,0,0,0
2,1,320197,0,0,0,0,0,0,0,0,0,0
3,1,320197,0,0,0,0,0,0,0,0,0,0
0,1,320198,25,25,25,25,25,25,25,25,25,25
1,1,320198,32,0,0,0,0,0,0,0,0,0
1,1,320199,0,0,0,0,0,0,0,0,0,0
2,1,320199,0,0,0,0,0,0,0,0,0,0
3,1,320199,0,0,0,0,0,0,0,0,0,0
1,1,320200,0,0,0,0,0,0,0,0,0,0
1,1,320201,13,13,13,13,13,13,13,13,13,13
1,1,320202,0,0,0,0,0,0,0,0,0,0
1,1,320203,0,0,0,0,0,0,0,0,0,0
1,1,320204,13,13,13,13,13,13,13,13,13,13
2,1,320204,0,0,0,0,0,0,0,0,0,0
1,1,320205,0,0,0,0,0,0,0,0,0,0
2,1,320205,0,0,0,0,0,0,0,0,0,0
3,1,320205,16,0,0,0,0,0,0,0,0,0
4,1,320205,0,0,0,0,0,0,0,0,0,0
5,1,320205,0,0,0,0,0,0,0,0,0,0
1,1,320206,0,0,0,0,0,0,0,0,0,0
2,1,320206,0,0,0,0,0,0,0,0,0,0
1,1,320207,24,24,24,24,24,24,24,24,24,24
2,1,320207,0,0,0,0,0,29,0,11,0,9
3,1,320207,0,8,0,0,10,0,0,26,0,0
4,1,320207,15,0,0,23,0,0,0,3,0,16
1,1,320208,0,0,0,0,0,0,0,0,0,0
2,1,320208,0,0,0,0,0,0,0,0,0,0
0,1,320209,0,0,0,0,0,0,0,0,0,0
1,1,320209,0,0,0,0,0,0,0,0,0,0
1,1,320210,17,17,17,17,17,17,17,17,17,17
2,1,320210,0,0,0,0,0,0,0,0,0,0
3,1,320210,0,0,0,0,0,8,0,0,0,0
1,1,320211,15,15,15,15,15,15,15,15,15,15
2,1,320211,0,0,0,0,0,0,0,0,0,0
1,1,320212,0,0,0,0,0,0,0,0,0,0
2,1,320212,0,0,0,0,0,0,0,0,0,0
1,1,320213,0,0,0,0,0,0,0,0,0,0
2,1,320213,0,0,0,0,0,0,0,0,0,0
0,1,320214,0,0,0,0,0,0,0,0,0,0
1,1,320214,18,0,0,0,0,0,0,0,0,0
1,1,320215,0,0,0,0,0,0,0,0,0,0
2,1,320215,0,0,0,0,0,0,0,0,0,0
1,1,320216,0,0,0,0,0,0,0,0,0,0
0,1,320217,0,0,0,0,0,0,0,0,0,0
0,2,320217,7,0,0,0,0,0,0,0,0,0
1,1,320217,0,0,0,0,0,0,0,0,0,0
0,1,320218,2,2,2,2,2,2,2,2,2,2
1,1,320218,0,0,0,0,0,0,0,0,0,0
1,1,320219,13,13,13,13,13,13,13,13,13,13
2,1,320219,0,0,0,0,0,0,0,0,0,0
1,1,320220,0,0,0,0,0,0,0,0,0,0
2,1,320220,0,0,0,0,0,0,0,0,0,0
0,1,320221,0,0,0,0,0,0,0,0,0,0
1,1,320221,0,0,0,0,0,0,0,0,0,0
1,1,320222,3,3,3,3,3,3,3,3,3,3
1,1,320223,0,0,0,4,0,0,8,0,0,0
2,1,320223,41,41,41,41,41,41,41,41,41,41
1,1,320224,0,0,0,0,0,0,0,0,0,0
2,1,320224,0,0,0,0,0,0,0,0,0,0
1,1,320225,0,0,0,0,0,0,0,0,0,0
1,1,330001,11,11,11,11,11,11,11,11,11,11
1,1,330002,23,23,23,23,23,23,23,23,23,23
2,1,330002,0,0,0,0,0,0,0,0,0,0
1,1,330003,0,0,0,0,0,0,0,0,0,0
1,1,330004,18,18,18,18,18,18,18,18,18,18
1,1,330005,0,0,0,0,0,0,0,0,0,0
2,1,330005,13,0,0,0,0,0,5,0,0,0
1,1,330006,13,13,13,13,13,13,13,13,13,13
0,1,330007,0,0,0,0,0,0,0,0,0,0
1,1,330007,0,0,0,0,0,0,0,0,0,0
1,1,330008,0,0,0,0,0,0,0,0,0,0
2,1,330008,0,0,0,0,0,0,0,0,0,0
1,1,330009,0,0,0,0,0,0,0,0,0,0
2,1,330009,0,0,0,0,0,0,0,0,0,0
3,1,330009,0,11,0,0,0,0,0,0,0,0
4,1,330009,0,0,0,0,0,0,0,0,0,0
1,1,330011,0,0,0,0,0,0,0,0,0,0
2,1,330011,0,0,0,0,0,0,0,0,0,0
1,1,330012,0,0,0,0,0,0,0,0,0,0
2,1,330012,0,0,0,0,0,0,0,0,0,0
1,1,330013,0,0,0,0,0,0,0,0,0,0
1,1,330014,0,0,0,0,0,0,0,0,0,0
1,1,330015,0,0,0,0,0,16,0,0,0,0
2,1,330015,0,0,0,0,0,0,0,0,0,0
1,1,330016,0,0,0,0,0,0,0,0,0,0
1,1,330017,0,0,0,0,0,0,0,0,0,0
1,1,330018,8,8,8,8,8,8,8,8,8,8
1,1,330019,0,0,0,0,0,0,0,0,0,0
2,1,330019,0,0,0,0,0,0,0,0,0,0
1,1,330020,0,0,0,0,0,0,0,0,0,0
1,1,330021,14,14,14,14,14,14,14,14,14,14
1,1,330022,0,0,0,0,0,0,0,0,0,0
1,1,330023,0,0,0,0,0,0,0,0,0,0
1,1,330024,20,20,20,20,20,20,20,20,20,20
1,1,330025,16,16,16,16,16,16,16,16,16,16
1,1,330026,0,0,0,0,0,0,0,0,0,0
0,1,330027,0,0,0,0,0,0,0,0,0,0
1,1,330027,0,0,0,0,0,0,0,0,0,0
1,1,330028,22,22,22,22,22,22,22,22,22,22
1,1,330029,11,11,11,11,11,11,11,11,11,11
1,1,330030,0,0,0,0,0,0,0,0,0,0
2,1,330030,0,0,0,0,0,0,0,0,0,0
1,1,330031,0,0,0,0,0,0,0,0,0,0
2,1,330031,0,0,0,0,0,0,0,0,0,0
1,1,330032,0,0,0,0,0,0,0,0,0,0
2,1,330032,0,0,0,0,0,0,0,0,0,0
1,1,330033,0,0,0,0,0,0,0,0,0,0
0,1,330034,13,13,13,13,13,13,13,13,13,13
1,1,330034,0,0,0,0,0,0,0,0,0,0
2,1,330034,0,0,0,0,0,0,0,0,0,0
3,1,330034,0,0,0,0,0,0,0,0,0,0
1,1,330035,0,0,0,0,0,0,0,0,0,0
1,1,330036,14,14,14,14,14,14,14,14,14,14
2,1,330036,0,24,0,0,0,11,7,0,0,0
1,1,330037,0,0,0,0,0,0,0,0,0,0
2,1,330037,0,0,12,5,0,20,0,0,0,0
3,1,330037,0,0,0,0,0,0,0,0,20,0
1,1,330038,0,0,0,0,0,0,0,0,0,0
1,2,330039,14,0,0,0,0,0,0,0,0,0
1,1,330040,0,0,0,0,0,0,0,0,0,0
1,1,330041,0,0,0,0,0,0,0,0,0,0
2,1,330041,0,0,0,0,0,0,0,0,0,0
1,1,330042,25,25,25,25,25,25,25,25,25,25
1,1,330043,0,0,0,0,0,0,0,0,0,0
2,1,330043,0,0,0,0,0,0,11,0,0,5
1,3,330044,3,3,3,3,3,3,3,3,3,3
2,4,330044,0,0,0,0,0,0,0,0,0,0
1,1,330045,0,0,0,0,0,0,0,0,0,0
2,1,330045,0,0,0,0,0,0,0,0,0,0
1,1,330046,10,10,10,10,10,10,10,10,10,10
1,1,330047,0,0,0,0,0,0,0,0,0,0
1,1,330048,0,0,0,0,0,0,0,0,0,0
2,1,330048,0,0,0,0,0,0,0,0,0,0
1,1,330049,2,2,2,2,2,2,2,2,2,2
0,1,330050,0,0,0,0,0,0,0,0,0,0
0,2,330050,12,0,0,0,0,0,0,0,20,0
1,1,330050,0,0,0,0,0,0,0,0,0,0
1,1,330051,0,0,0,0,0,0,0,0,0,0
2,1,330051,0,0,0,0,5,9,0,10,0,19
1,1,330052,16,16,16,16,16,16,16,16,16,16
2,1,330052,4,4,4,4,4,4,4,4,4,4
0,1,330053,17,17,17,17,17,17,17,17,17,17
1,1,330054,11,11,11,11,11,11,11,11,11,11
1,1,330055,0,0,0,0,0,0,0,0,0,0
1,1,330056,0,0,0,0,0,0,0,0,0,0
1,1,330057,0,0,0,0,0,0,0,0,0,0
2,1,330057,4,0,0,0,0,0,0,0,0,25
1,1,330058,0,0,0,0,0,0,0,0,0,0
2,1,330058,0,0,0,0,0,0,0,0,0,0
1,1,330059,0,0,0,0,0,0,0,0,0,0
1,1,330060,0,0,0,0,0,0,0,0,0,0
1,1,330061,0,0,10,0,0,6,0,0,0,0
2,1,330061,0,0,0,18,0,0,0,4,0,0
1,1,330062,0,0,0,0,0,0,0,0,0,0
2,1,330062,0,0,0,0,0,0,0,0,0,0
3,1,330062,5,0,0,0,0,0,4,0,0,0
0,1,330063,0,0,0,0,0,0,0,0,0,0
1,1,330063,0,0,0,0,0,0,0,0,0,0
1,1,330064,0,0,0,0,0,18,14,0,0,0
1,1,330065,16,16,16,16,16,16,16,16,16,16
2,1,330065,6,6,6,6,6,6,6,6,6,6
1,1,330066,0,0,0,0,0,0,0,0,0,0
2,1,330066,0,9,0,0,0,0,0,0,0,0
1,1,330067,0,0,0,0,0,0,0,0,0,0
1,1,330068,0,0,0,0,0,0,0,0,0,0
1,1,330069,22,22,22,22,22,22,22,22,22,22
1,1,330070,0,0,0,0,0,0,0,0,0,0
2,1,330070,0,0,0,0,0,0,0,0,0,0
1,1,330071,0,0,0,0,0,0,0,0,0,0
1,1,330072,0,0,0,0,0,0,0,0,0,0
1,1,330073,0,0,0,0,0,0,0,0,0,0
2,1,330073,0,0,0,0,0,0,0,0,0,0
1,1,330074,15,15,15,15,15,15,15,15,15,15
0,1,330075,1,1,1,1,1,1,1,1,1,1
1,1,330075,0,0,0,0,0,0,0,0,0,0
1,1,330076,0,0,0,0,0,0,0,0,0,0
2,1,330076,0,0,0,0,0,0,0,0,0,0
1,1,330077,0,0,0,0,0,0,0,0,0,0
2,1,330077,0,0,0,0,0,0,0,0,0,0
1,1,330078,0,0,0,0,0,0,0,0,0,0
2,1,330078,0,0,0,0,0,0,0,0,0,0
1,1,330079,0,0,0,0,0,0,0,0,0,0
2,1,330079,0,0,0,0,0,0,0,0,0,0
0,1,330080,0,0,0,0,0,0,0,0,0,0
1,1,330080,3,3,3,3,3,3,3,3,3,3
1,1,330081,0,0,0,0,7,0,0,5,6,0
2,1,330081,0,0,0,0,0,0,0,0,0,0
1,1,330082,0,0,0,0,13,17,0,19,0,17
2,1,330082,0,0,0,0,0,0,0,0,0,0
1,1,330083,19,19,19,19,19,19,19,19,19,19
1,1,330084,0,0,0,0,0,0,0,0,0,0
1,1,330085,0,0,0,0,0,0,0,0,0,0
2,1,330085,0,0,0,0,0,0,0,0,0,0
1,1,330086,21,21,21,21,21,21,21,21,21,21
1,1,330087,16,16,16,16,16,16,16,16,16,16
2,1,330087,0,0,0,0,0,0,0,0,0,0
3,1,330087,0,0,0,0,0,0,0,0,0,0
1,1,330088,0,0,0,0,0,0,0,0,0,0
2,1,330088,0,11,13,24,0,0,0,0,0,0
1,1,330089,0,0,0,0,0,0,0,0,0,0
2,1,330089,0,0,0,0,0,0,0,0,0,0
1,1,330090,0,0,0,0,0,0,0,0,0,0
1,1,330091,0,0,0,30,18,20,0,0,0,25
1,1,330092,0,0,0,0,0,0,0,0,0,0
2,1,330092,0,0,0,0,0,0,0,0,0,0
0,1,330093,0,0,0,14,0,0,0,17,0,0
1,1,330093,0,0,0,0,0,0,0,0,0,0
1,1,330094,25,25,25,25,25,25,25,25,25,25
1,1,330095,12,12,12,12,12,12,12,12,12,12
1,1,330096,0,0,0,0,0,0,0,0,0,0
2,1,330096,0,0,0,0,0,0,0,0,0,0
1,1,330097,20,20,20,20,20,20,20,20,20,20
1,1,330098,0,0,0,0,0,0,0,0,0,0
2,1,330098,0,0,0,0,0,0,0,0,0,0
0,1,340001,28,28,28,28,28,28,28,28,28,28
1,1,340001,0,0,0,0,0,0,0,0,0,0
2,1,340001,0,0,19,0,0,0,0,0,0,0
0,1,340002,0,0,0,0,0,0,0,0,0,0
1,1,340002,0,0,0,0,0,0,0,0,0,0
0,1,340003,0,0,0,0,0,0,0,0,0,0
1,1,340003,0,0,0,0,0,0,0,0,0,0
1,1,340004,0,0,0,0,0,0,0,0,0,0
2,1,340004,0,0,0,0,0,0,0,0,0,0
1,1,340005,8,0,0,0,0,8,0,17,0,3
0,1,340006,4,4,4,4,4,4,4,4,4,4
1,1,340006,0,5,0,18,0,0,0,0,0,0
0,1,340007,0,0,0,0,0,0,0,0,0,0
1,1,340007,11,0,0,0,0,21,0,18,0,0
0,1,340008,8,8,8,8,8,8,8,8,8,8
1,1,340008,0,0,0,0,0,0,0,0,0,0
0,1,340009,0,0,0,0,0,0,0,0,0,0
1,1,340009,0,0,0,0,0,0,0,0,0,0
0,1,340013,0,0,0,0,0,0,0,10,0,0
1,1,340013,0,0,0,10,0,0,0,0,18,0
1,1,340016,0,0,0,18,0,0,0,0,8,0
0,1,340017,0,0,0,0,0,0,0,0,0,0
1,1,340017,10,10,10,10,10,10,10,10,10,10
1,1,340018,0,0,0,0,0,0,0,0,0,0
2,1,340018,0,0,0,0,0,0,0,0,0,0
3,1,340018,0,4,0,0,0,0,0,0,0,0
4,1,340018,0,0,0,0,0,0,0,0,0,0
5,1,340018,0,0,0,0,0,0,0,0,0,0
6,1,340018,0,0,0,19,0,0,0,0,0,0
7,1,340018,0,0,0,0,0,0,0,0,0,0
0,1,340019,0,0,0,0,0,0,0,0,0,0
1,1,340019,0,0,0,12,0,0,0,0,8,0
1,1,340020,0,0,0,0,0,0,0,0,0,0
2,1,340020,18,0,8,0,0,0,0,0,0,0
1,1,340021,0,0,0,0,0,0,0,0,0,0
1,1,340022,28,28,28,28,28,28,28,28,28,28
1,1,340023,0,0,0,0,0,0,0,0,0,0
1,1,340024,21,21,21,21,21,21,21,21,21,21
2,1,340024,0,0,0,0,0,0,0,0,0,0
3,1,340024,0,0,0,0,7,0,8,0,0,0
4,1,340024,0,0,0,0,0,8,0,0,0,13
5,1,340024,0,0,0,0,0,0,20,0,0,25
0,1,340025,0,0,0,0,0,0,0,0,0,0
1,1,340025,0,0,0,0,0,0,0,0,0,0
1,1,340026,0,0,0,0,0,0,0,0,0,0
1,1,340027,0,0,0,0,0,0,0,0,0,0
1,1,340028,0,0,0,0,0,0,0,0,0,0
2,1,340028,0,0,0,0,0,0,0,0,0,0
1,1,340029,0,0,0,0,0,0,0,0,0,0
2,1,340029,0,0,0,0,0,0,0,0,0,0
1,1,340030,0,0,0,0,0,0,0,0,0,0
1,1,340031,0,0,0,0,0,0,0,0,0,0
3,1,340031,0,0,0,0,0,0,0,0,0,0
4,1,340031,0,0,0,0,0,0,0,5,0,0
0,1,340032,0,0,0,0,0,0,0,0,0,0
1,1,340032,0,0,0,0,0,0,0,0,0,0
2,1,340032,0,0,0,0,0,0,19,0,7,19
0,1,340033,0,0,0,0,0,0,0,0,0,0
0,2,340033,0,7,0,0,0,0,0,12,0,16
1,1,340033,0,0,0,0,0,0,0,0,0,0
1,1,340035,0,0,0,0,0,0,0,0,0,0
1,1,340036,0,0,0,0,0,0,0,0,0,0
1,1,340037,0,0,0,0,0,0,0,0,0,0
2,1,340037,0,0,0,0,0,0,0,0,0,0
3,1,340037,0,0,0,0,0,0,0,0,0,0
4,1,340037,0,6,0,0,0,0,0,9,0,0
1,1,340038,0,0,0,0,0,0,0,0,0,0
2,1,340038,0,0,0,0,0,0,0,0,0,0
0,1,340039,17,17,17,17,17,17,17,17,17,17
1,1,340039,14,14,14,14,14,14,14,14,14,14
1,1,340040,0,0,0,0,0,0,0,0,0,0
2,1,340040,12,12,12,12,12,12,12,12,12,12
1,1,340041,33,33,33,33,33,33,33,33,33,33
1,1,340042,0,0,0,0,0,0,0,0,0,0
0,1,340043,0,0,0,0,0,0,0,0,0,0
1,1,340043,0,0,0,0,0,0,0,0,15,0
0,1,340044,0,0,0,0,0,0,0,0,0,0
1,1,340044,0,0,0,0,0,0,0,0,0,0
2,1,340044,12,0,0,0,0,5,0,0,0,0
0,1,340045,11,11,11,11,11,11,11,11,11,11
1,1,340045,0,0,0,0,0,0,0,0,0,0
0,1,340046,0,15,19,0,0,0,0,0,27,0
0,2,340046,0,0,17,9,12,0,0,0,0,0
1,1,340046,0,0,0,0,0,0,0,0,0,0
0,1,340047,0,0,0,0,0,0,0,0,0,0
1,1,340047,0,0,0,9,0,0,0,0,9,0
1,1,340048,0,0,0,0,0,0,0,0,0,0
2,1,340048,0,0,0,0,0,0,0,18,0,0
1,1,340049,8,8,8,8,8,8,8,8,8,8
2,1,340049,0,0,0,0,0,0,0,0,0,0
0,1,340050,0,0,0,0,0,0,0,0,0,0
0,2,340050,7,0,0,0,0,0,9,0,0,0
1,1,340050,0,0,0,0,0,0,0,0,0,0
1,1,340051,0,0,0,0,0,12,0,0,0,0
2,1,340051,9,26,0,0,0,0,0,0,0,0
0,1,340052,22,22,22,22,22,22,22,22,22,22
1,1,340052,24,0,0,0,17,0,0,4,0,14
1,1,340053,0,0,0,0,0,0,0,15,0,0
2,1,340053,0,0,0,0,0,0,0,0,0,0
1,1,340054,0,0,0,0,0,12,0,0,0,0
2,1,340054,0,0,0,0,0,0,0,0,0,0
0,1,340055,11,11,11,11,11,11,11,11,11,11
1,1,340055,0,0,0,0,0,0,0,0,0,0
1,1,340056,0,0,0,0,0,0,0,0,0,0
1,1,340057,0,0,0,0,0,0,0,0,0,0
2,1,340057,0,5,0,0,0,9,0,0,0,0
0,1,340058,0,0,0,0,0,0,0,0,0,0
0,2,340058,0,0,0,0,0,0,0,0,0,0
1,1,340058,0,0,0,0,0,0,0,0,0,0
2,1,340058,0,0,0,0,0,0,0,0,0,0
1,1,340059,0,0,0,0,0,0,0,0,0,0
2,1,340059,0,0,0,0,0,0,16,0,0,0
3,1,340059,0,0,0,0,0,0,0,0,0,0
0,1,340060,31,31,31,31,31,31,31,31,31,31
1,1,340060,0,0,4,0,0,7,0,0,0,0
2,1,340060,0,0,17,0,9,10,0,0,0,0
1,1,340061,0,0,0,0,0,0,0,0,0,0
2,1,340061,0,0,0,0,0,0,0,0,0,0
0,1,340063,0,15,0,7,0,0,0,15,0,0
1,1,340063,0,0,0,0,0,0,0,0,0,0
0,1,340064,15,15,15,15,15,15,15,15,15,15
1,1,340064,0,0,0,0,0,0,0,0,0,0
0,1,340065,0,0,0,0,0,0,0,0,0,0
1,1,340065,0,0,0,0,0,0,0,0,0,0
2,1,340065,0,0,20,0,0,0,0,0,0,0
1,1,340066,13,13,13,13,13,13,13,13,13,13
0,1,340067,14,14,14,14,14,14,14,14,14,14
1,1,340067,0,0,0,0,0,22,0,15,0,0
1,1,340068,3,3,3,3,3,3,3,3,3,3
0,1,340069,0,0,0,0,0,0,0,0,0,0
1,1,340069,10,0,0,0,0,23,0,20,0,0
1,1,340071,2,2,2,2,2,2,2,2,2,2
1,1,340072,0,0,0,0,0,0,6,0,0,0
2,1,340072,0,0,0,0,0,0,0,0,0,0
1,1,340073,2,0,0,0,0,0,0,0,0,0
2,1,340073,0,0,0,0,0,0,0,0,0,13
1,1,340074,0,0,0,0,0,0,0,0,0,0
1,1,340075,0,0,0,0,0,0,0,0,0,0
2,1,340075,0,0,0,0,0,0,0,0,0,0
3,1,340075,0,0,2,0,0,0,0,0,0,0
1,1,340076,0,0,0,0,0,0,0,0,0,0
2,1,340076,0,0,0,0,0,0,0,0,0,0
1,1,340077,18,18,18,18,18,18,18,18,18,18
1,1,340078,21,21,21,21,21,21,21,21,21,21
0,1,340079,0,0,0,0,0,0,0,0,0,0
1,1,340079,0,0,0,0,0,0,0,0,0,0
0,1,340080,34,34,34,34,34,34,34,34,34,34
1,1,340080,0,0,0,0,0,0,0,0,0,0
0,1,340081,35,35,35,35,35,35,35,35,35,35
1,1,340081,0,0,5,0,0,0,0,6,0,10
0,1,340082,0,0,0,0,0,0,0,0,0,0
1,1,340082,0,0,0,0,0,0,0,0,0,0
1,1,340083,3,3,3,3,3,3,3,3,3,3
1,1,340084,0,0,0,0,0,0,0,0,0,0
0,1,340085,31,31,31,31,31,31,31,31,31,31
1,1,340085,0,17,16,0,0,14,0,0,0,0
1,1,340086,0,0,0,0,0,0,0,0,0,0
2,1,340086,0,0,0,0,0,0,0,0,0,0
1,1,340087,0,0,0,0,0,0,0,0,0,0
2,1,340087,0,0,0,0,0,0,0,0,17,0
1,1,340088,0,0,0,0,0,0,0,0,0,0
2,1,340088,0,0,0,0,0,0,0,0,0,0
3,1,340088,0,0,0,0,0,0,0,0,0,0
1,1,340089,0,0,0,0,0,0,0,0,0,0
0,1,340090,4,4,4,4,4,4,4,4,4,4
1,1,340090,0,0,0,0,0,0,0,0,0,0
1,1,340091,0,0,0,0,0,0,0,0,0,0
0,1,340092,34,34,34,34,34,34,34,34,34,34
1,1,340092,0,0,0,0,0,0,0,0,0,0
2,1,340092,0,0,0,0,0,0,0,0,0,0
0,1,340094,27,27,27,27,27,27,27,27,27,27
1,1,340094,0,0,0,0,0,0,0,0,0,0
1,1,340095,0,0,0,0,0,0,0,0,0,0
1,1,340097,8,8,8,8,8,8,8,8,8,8
1,1,340098,4,0,8,21,0,0,0,0,0,0
2,1,340098,0,0,0,0,0,0,0,0,0,0
0,1,340099,23,23,23,23,23,23,23,23,23,23
1,1,340099,12,12,12,12,12,12,12,12,12,12
1,1,340100,0,0,0,0,0,0,0,0,0,0
1,1,340101,0,0,0,0,0,0,0,0,0,0
2,1,340101,0,0,0,0,0,0,0,0,0,0
1,1,340102,0,0,0,0,0,0,0,0,0,0
1,1,340104,8,8,8,8,8,8,8,8,8,8
1,1,340105,0,0,0,0,0,0,0,0,0,0
2,1,340105,0,0,0,0,0,0,0,0,0,0
1,1,340106,26,26,26,26,26,26,26,26,26,26
1,1,340107,8,8,8,8,8,8,8,8,8,8
0,1,340108,27,27,27,27,27,27,27,27,27,27
1,1,340108,0,0,12,0,0,0,0,0,0,0
1,1,340110,0,19,0,0,0,0,26,0,0,0
2,1,340110,0,0,11,0,11,0,0,0,0,0
0,1,340111,0,0,0,0,0,0,0,0,0,0
1,1,340111,0,0,0,0,0,0,0,0,0,0
0,1,340112,0,0,0,0,0,0,0,0,0,0
1,1,340112,0,0,0,0,0,0,0,0,0,0
0,1,340114,5,5,5,5,5,5,5,5,5,5
1,1,340114,0,0,0,0,0,5,0,0,0,0
1,1,340115,0,0,0,0,14,0,0,0,12,0
1,1,340116,0,0,0,0,0,0,0,0,0,0
0,1,340117,27,27,27,27,27,27,27,27,27,27
1,1,340117,0,0,0,1,12,14,0,0,18,26
2,1,340117,4,0,0,13,4,0,0,0,0,19
1,1,340118,0,0,0,0,0,0,0,0,0,0
2,1,340118,0,0,15,0,0,0,3,0,0,0
1,1,340119,21,21,21,21,21,21,21,21,21,21
2,1,340119,0,0,0,0,0,0,0,0,0,0
0,1,340120,41,41,41,41,41,41,41,41,41,41
1,1,340120,0,0,0,8,0,0,30,0,0,0
1,1,340121,23,23,23,23,23,23,23,23,23,23
2,1,340121,0,0,0,0,4,0,0,0,0,0
1,1,340122,0,0,0,0,0,0,0,0,0,0
1,1,340123,27,27,27,27,27,27,27,27,27,27
0,1,340124,0,0,0,0,0,0,0,0,0,0
1,1,340124,0,0,0,0,0,0,0,0,0,0
1,1,340125,0,0,0,0,0,0,0,0,0,0
2,1,340125,0,0,0,0,0,0,0,0,0,0
1,1,340126,9,9,9,9,9,9,9,9,9,9
3,1,340126,0,0,0,0,0,0,0,0,15,0
1,1,340127,0,0,0,0,0,0,0,0,0,0
1,1,340128,11,11,11,11,11,11,11,11,11,11
1,1,340129,0,0,0,0,0,0,0,0,0,0
1,1,340130,20,0,27,12,21,0,13,16,36,28
1,1,340131,0,11,0,0,0,0,0,22,0,0
2,1,340131,0,0,0,0,0,0,0,0,0,0
0,1,340132,2,2,2,2,2,2,2,2,2,2
1,1,340132,0,0,0,0,0,0,0,0,0,0
0,1,340133,28,28,28,28,28,28,28,28,28,28
1,1,340133,0,6,5,3,0,0,0,8,8,0
1,1,340134,0,0,0,0,0,0,0,0,0,0
2,1,340134,0,0,0,0,0,0,0,0,0,0
0,1,340135,0,0,0,0,0,0,0,0,0,0
1,1,340135,0,0,0,0,0,0,0,0,0,0
1,1,340136,18,18,18,18,18,18,18,18,18,18
2,1,340136,0,0,0,0,0,3,0,0,0,0
1,1,340137,0,0,0,0,0,0,0,0,0,0
1,1,340138,0,0,0,0,0,0,0,0,0,0
2,1,340138,15,15,15,15,15,15,15,15,15,15
1,1,340139,0,0,0,0,0,0,0,0,0,0
2,1,340139,0,0,0,0,0,0,0,0,0,0
3,1,340139,0,0,0,0,0,0,0,0,0,0
1,1,340140,0,0,0,0,0,0,0,0,0,0
2,1,340140,0,0,0,0,0,0,0,0,0,0
1,1,340141,0,0,0,0,0,0,0,0,0,0
2,1,340141,0,0,0,14,5,22,7,0,0,11
3,1,340141,0,0,0,0,5,0,0,0,0,0
1,1,340142,0,0,0,0,0,0,0,0,0,0
0,1,340143,0,0,0,0,0,0,0,0,0,0
1,1,340143,0,0,0,0,0,0,0,3,0,8
1,1,340144,22,22,22,22,22,22,22,22,22,22
1,1,340145,18,18,18,18,18,18,18,18,18,18
2,1,340145,0,0,0,0,0,0,0,0,0,0
1,1,340146,0,0,0,0,0,0,0,0,0,0
2,1,340146,0,0,0,0,0,0,0,0,0,0
3,1,340146,0,0,0,0,0,0,0,0,0,0
1,1,340147,23,23,23,23,23,23,23,23,23,23
1,1,340148,0,0,0,0,0,0,0,0,0,0
2,1,340148,0,0,0,0,0,0,0,0,0,0
1,1,340149,0,0,0,0,0,0,0,0,0,0
0,1,340150,0,8,0,10,0,0,4,0,0,19
1,1,340150,0,0,0,0,0,0,0,0,0,0
0,1,340152,0,0,0,0,0,0,0,0,0,0
1,1,340152,0,0,0,0,0,0,0,0,0,0