VEH_NO,PER_NO,ST_CASE,P1,P2,P3,P4,P5,P6,P7,P8,P9,P10
2,1,340152,0,0,0,0,0,0,0,0,0,0
1,1,340153,12,12,12,12,12,12,12,12,12,12
2,1,340153,7,32,0,0,0,0,0,0,0,0
0,1,340154,0,0,0,0,0,0,0,0,0,0
1,1,340154,0,0,16,0,0,0,0,0,0,0
1,1,340155,0,0,0,0,0,0,0,0,0,0
2,1,340155,0,0,0,0,0,0,0,0,0,0
1,1,340157,0,0,0,0,0,0,0,0,0,0
0,1,340159,0,0,0,0,10,0,0,0,14,0
1,1,340159,0,0,0,0,0,0,0,0,0,0
1,1,340160,24,24,24,24,24,24,24,24,24,24
0,1,340161,9,9,9,9,9,9,9,9,9,9
1,1,340161,12,12,12,12,12,12,12,12,12,12
1,1,340162,29,29,29,29,29,29,29,29,29,29
2,1,340162,0,0,0,0,6,0,0,0,0,8
1,1,340164,0,0,0,0,0,0,0,0,0,0
1,1,340165,24,24,24,24,24,24,24,24,24,24
1,1,340167,0,0,0,0,0,0,0,0,0,0
2,1,340167,0,0,0,0,0,0,0,0,0,0
1,1,340168,9,0,0,0,0,0,8,0,0,0
2,1,340168,0,27,0,4,0,0,0,0,0,0
3,1,340168,0,0,0,0,0,0,0,0,0,0
1,1,340169,0,0,0,0,0,0,0,0,0,0
0,1,340170,0,0,0,0,0,0,0,0,0,0
1,1,340170,0,0,0,0,0,0,0,0,0,10
1,1,340171,0,0,0,0,0,0,0,0,0,0
1,1,340172,0,0,0,0,0,0,0,6,0,0
2,1,340172,0,0,0,0,0,0,0,0,0,0
3,1,340172,0,0,0,0,0,0,0,0,0,0
1,1,340173,0,0,0,0,0,0,0,0,0,0
2,1,340173,28,28,28,28,28,28,28,28,28,28
1,1,340174,4,4,4,4,4,4,4,4,4,4
2,1,340174,0,0,0,0,0,0,0,0,0,0
0,1,340176,9,9,9,9,9,9,9,9,9,9
1,1,340176,0,0,0,0,0,0,0,0,0,0
1,1,340177,0,0,0,0,0,0,0,0,0,0
2,1,340177,0,0,0,0,0,0,0,0,0,0
3,1,340177,7,0,0,0,0,0,0,0,0,0
1,1,340178,0,0,0,0,0,0,0,0,0,0
2,1,340178,0,0,0,0,0,0,0,0,0,0
3,1,340178,0,0,0,0,0,0,0,0,0,16
4,1,340178,0,0,0,0,0,0,0,0,0,0
5,1,340178,0,0,0,0,0,0,0,0,0,0
6,1,340178,0,0,0,0,0,0,0,0,0,0
7,1,340178,21,0,0,0,0,0,0,0,0,0
8,1,340178,0,0,0,0,0,0,0,0,0,0
9,1,340178,0,0,0,0,0,0,0,0,0,0
1,1,340179,0,0,0,0,0,0,0,0,0,0
2,1,340179,0,0,0,0,0,0,0,0,0,0
3,1,340179,0,0,0,0,0,0,0,0,0,0
1,1,340180,29,29,29,29,29,29,29,29,29,29
1,1,340181,0,0,0,0,0,0,0,0,0,0
1,1,340182,0,0,0,0,0,0,0,0,0,0
2,1,340182,0,0,0,0,0,0,0,0,0,0
1,1,340183,13,13,13,13,13,13,13,13,13,13
1,1,340184,11,11,11,11,11,11,11,11,11,11
1,1,340185,0,0,0,0,0,0,0,0,0,0
2,1,340185,0,0,0,0,9,0,0,0,0,0
0,1,340186,20,20,20,20,20,20,20,20,20,20
1,1,340186,0,0,0,0,0,0,0,0,0,0
1,1,340187,0,0,0,0,0,0,0,0,0,0
2,1,340187,0,0,0,0,0,0,0,0,0,0
0,1,340188,0,0,0,0,0,0,0,0,0,0
1,1,340188,0,0,13,8,0,0,0,12,0,0
0,1,340189,0,0,0,0,0,0,0,0,0,0
1,1,340189,21,0,0,0,0,14,4,0,0,13
0,1,340190,0,0,0,0,0,0,0,0,0,0
1,1,340190,0,0,0,0,0,0,0,0,0,0
1,1,340191,2,2,2,2,2,2,2,2,2,2
2,1,340191,9,0,0,0,0,0,0,0,0,0
3,1,340191,0,0,0,0,0,0,0,0,0,0
4,1,340191,0,0,8,0,0,0,0,0,0,0
5,1,340191,0,0,0,0,0,0,0,0,0,0
0,1,340192,0,0,0,0,0,0,0,0,0,0
1,1,340192,0,0,0,0,0,0,0,0,0,0
0,1,340193,0,0,0,0,0,0,0,0,0,0
1,1,340193,0,0,0,0,0,0,0,0,0,0
0,1,340194,0,0,0,0,0,0,0,0,0,0
1,1,340194,0,0,0,0,0,0,0,0,0,0
1,1,340195,20,20,20,20,20,20,20,20,20,20
1,1,340196,0,0,0,0,0,0,0,0,0,0
2,1,340196,0,0,0,0,0,0,0,0,0,0
0,1,340197,0,0,0,0,0,0,0,0,0,0
1,1,340197,10,0,0,0,0,0,0,0,0,12
1,1,340198,0,23,0,0,0,0,0,0,0,0
2,1,340198,7,7,7,7,7,7,7,7,7,7
1,1,340199,0,0,3,7,0,0,0,0,0,0
1,1,340200,0,0,0,0,0,0,0,0,0,0
2,1,340200,0,0,0,0,0,0,0,0,0,0
1,1,340201,0,0,0,0,0,0,0,0,0,0
1,1,340202,13,13,13,13,13,13,13,13,13,13
0,1,340203,1,1,1,1,1,1,1,1,1,1
1,1,340203,0,0,0,0,0,0,0,0,0,0
1,1,340204,20,20,20,20,20,20,20,20,20,20
0,1,340205,0,0,0,0,0,0,0,0,0,0
1,1,340205,0,0,0,0,0,0,0,0,0,0
1,1,340206,0,0,0,0,0,0,0,0,0,0
1,1,340207,0,0,0,0,0,0,0,0,0,0
2,1,340207,0,0,0,0,0,0,0,0,0,0
0,1,340208,0,0,0,0,0,0,0,0,0,0
1,1,340208,0,0,0,0,0,0,0,0,0,0
1,1,340209,17,17,17,17,17,17,17,17,17,17
0,1,340210,0,0,0,0,0,0,0,0,0,0
1,1,340210,32,32,32,32,32,32,32,32,32,32
1,1,340211,0,0,0,0,0,0,0,0,0,0
1,1,340213,0,0,0,0,0,0,0,0,0,0
1,1,340214,0,0,0,0,0,0,0,0,0,0
1,1,340217,0,0,0,0,0,0,0,0,0,0
2,1,340217,0,0,0,0,0,0,0,0,0,0
1,1,340218,0,0,0,0,0,0,0,0,0,0
0,1,340219,25,25,25,25,25,25,25,25,25,25
1,1,340219,0,0,0,0,0,0,0,0,0,0
1,1,340220,2,2,2,2,2,2,2,2,2,2
2,1,340220,0,0,11,0,7,0,5,0,0,0
0,1,340221,0,0,0,0,0,0,0,0,0,0
1,1,340221,0,11,0,0,0,0,0,0,0,0
2,1,340221,0,0,0,0,0,0,0,0,0,0
1,1,340222,13,13,13,13,13,13,13,13,13,13
1,1,340223,0,0,22,0,0,0,0,0,0,0
2,1,340223,0,0,0,0,0,0,0,0,0,0
1,1,340224,17,17,17,17,17,17,17,17,17,17
2,1,340224,0,0,0,0,0,0,0,0,0,0
1,1,340225,0,0,0,0,0,0,0,0,0,0
2,1,340225,0,0,0,0,11,0,0,0,0,0
0,1,340226,13,13,13,13,13,13,13,13,13,13
1,1,340226,10,10,10,10,10,10,10,10,10,10
1,1,340227,0,0,0,0,0,0,0,0,0,0
1,1,340228,0,0,0,0,0,0,0,0,0,0
0,1,340229,26,26,26,26,26,26,26,26,26,26
1,1,340229,6,6,6,6,6,6,6,6,6,6
1,1,340230,0,0,0,0,0,0,0,0,0,0
2,1,340230,0,0,0,0,0,0,0,0,0,0
0,1,340231,17,17,17,17,17,17,17,17,17,17
1,1,340231,0,21,9,0,5,0,7,0,5,12
0,1,340232,0,0,0,0,0,0,0,0,0,0
1,1,340232,0,0,0,0,0,0,0,0,0,0
0,1,340233,0,0,0,0,0,0,0,0,0,0
1,1,340233,0,0,0,0,0,0,0,0,0,0
0,1,340234,29,29,29,29,29,29,29,29,29,29
1,1,340234,0,0,0,0,0,0,0,0,0,0
1,1,340235,0,0,0,0,0,0,0,0,0,0
2,1,340235,0,0,0,0,0,0,0,0,0,0
1,1,340236,0,0,0,0,0,0,0,0,0,0
2,1,340236,0,0,0,0,0,0,0,0,0,0
1,1,340237,0,0,0,0,0,7,0,0,0,20
1,1,340238,0,0,0,0,0,0,0,0,0,0
0,1,340239,0,0,0,0,0,0,0,0,0,0
1,1,340239,0,0,0,0,0,0,0,0,0,0
1,1,340240,0,0,0,0,0,0,0,0,0,0
1,1,340241,0,0,0,0,0,0,0,0,0,0
1,1,340242,13,13,13,13,13,13,13,13,13,13
0,1,340243,0,0,0,0,0,0,0,0,0,0
1,1,340243,0,0,0,0,0,0,0,0,0,0
1,1,340244,9,9,9,9,9,9,9,9,9,9
1,1,340245,15,15,15,15,15,15,15,15,15,15
0,1,340246,12,0,18,30,19,0,12,10,16,4
1,1,340246,0,0,0,0,0,0,0,0,0,0
1,1,340247,0,0,0,0,0,0,0,0,0,0
2,1,340247,0,0,23,0,0,0,0,0,0,0
1,1,340248,0,0,0,0,0,0,0,0,0,0
1,1,340250,0,0,0,0,8,0,10,0,0,15
2,1,340250,0,10,0,0,0,0,0,8,0,0
1,1,340252,0,0,0,0,0,0,0,0,0,0
1,1,340253,0,0,0,0,0,0,0,0,0,0
0,1,340254,23,23,23,23,23,23,23,23,23,23
1,1,340254,0,0,0,0,0,6,0,0,0,0
0,1,340255,0,0,0,0,0,0,0,0,0,0
1,1,340255,0,0,0,0,0,0,0,0,0,0
1,1,340256,1,1,1,1,1,1,1,1,1,1
1,1,340257,4,0,0,0,0,0,0,0,0,9
2,1,340257,20,0,9,0,0,0,15,25,9,0
0,1,340258,0,0,0,0,0,0,0,0,0,0
1,1,340258,0,0,0,7,0,0,0,0,0,0
0,1,340259,39,39,39,39,39,39,39,39,39,39
1,1,340259,6,4,12,10,12,7,9,13,11,5
1,1,340260,0,0,0,0,0,0,0,0,0,0
2,1,340260,0,10,0,0,0,0,0,0,0,0
1,1,340261,0,0,0,0,0,22,0,0,0,0
2,1,340261,0,0,0,0,0,0,0,0,0,0
3,1,340261,0,0,0,0,0,0,0,0,0,0
4,1,340261,0,0,0,0,0,0,0,0,0,0
1,1,340262,0,0,0,0,0,0,0,0,0,0
1,1,340263,0,0,0,0,0,0,0,0,0,0
2,1,340263,0,0,0,0,0,0,0,0,0,0
1,1,340264,0,0,0,0,0,0,0,0,0,0
2,1,340264,0,0,0,0,0,0,0,0,0,0
1,1,340265,0,0,0,0,0,0,0,0,0,0
2,1,340265,12,0,0,0,0,0,0,0,0,0
1,1,340266,0,0,0,0,0,0,0,0,0,0
1,1,340267,0,0,0,0,0,0,0,0,0,0
0,1,340268,10,14,0,0,0,23,0,0,0,19
1,1,340268,0,0,0,16,0,0,0,0,0,24
1,1,340270,0,0,0,0,0,0,0,0,0,0
2,1,340270,0,0,0,0,0,0,0,0,0,0
3,1,340270,0,0,0,12,0,0,0,0,0,0
1,1,340271,0,0,0,0,0,0,0,0,0,0
1,1,340272,0,0,0,0,0,0,0,0,0,0
2,1,340272,0,0,0,0,0,0,0,0,0,0
1,1,340273,0,0,0,0,0,0,0,0,0,0
1,1,340274,2,2,2,2,2,2,2,2,2,2
2,1,340274,0,0,0,0,0,0,0,0,0,0
1,1,340275,0,0,0,0,0,0,0,0,0,0
2,1,340275,0,0,0,0,0,0,0,0,0,11
0,1,340277,0,0,0,0,0,0,0,0,0,0
1,1,340277,0,0,0,14,0,0,0,0,14,0
1,1,340278,0,0,0,0,0,0,0,0,0,0
1,1,340279,0,0,0,0,0,0,0,0,0,0
1,1,340280,6,6,6,6,6,6,6,6,6,6
1,1,340281,0,0,0,0,0,0,0,0,0,0
1,1,340282,0,0,0,0,0,7,0,0,0,0
2,1,340282,0,0,0,0,0,0,0,0,0,0
1,1,340283,0,0,0,0,0,0,0,0,0,0
1,1,340284,0,0,0,17,0,0,0,0,0,9
2,1,340284,4,4,4,4,4,4,4,4,4,4
1,1,340285,10,10,10,10,10,10,10,10,10,10
2,1,340285,0,0,0,0,0,0,0,0,0,0
1,1,340287,0,0,0,0,0,0,0,0,0,0
2,1,340287,17,17,17,17,17,17,17,17,17,17
0,1,340288,0,0,0,0,0,0,0,0,0,0
1,1,340288,0,0,0,0,0,0,0,0,0,0
1,1,340289,15,15,15,15,15,15,15,15,15,15
1,1,340290,14,14,14,14,14,14,14,14,14,14
1,1,340291,0,0,0,0,0,16,0,0,0,0
0,1,340293,0,0,0,0,0,0,0,0,0,0
1,1,340293,0,0,0,0,0,0,0,0,0,0
0,1,340294,0,0,0,0,0,0,0,0,0,0
1,1,340294,0,0,0,19,0,0,0,0,0,0
1,1,340295,0,0,0,0,0,0,0,0,0,0
2,1,340295,0,0,0,0,0,0,0,0,0,0
1,1,340296,0,0,9,10,0,10,12,24,0,14
1,1,340297,0,0,0,0,0,0,0,0,0,0
2,1,340297,0,0,0,0,0,0,0,0,0,0
1,1,340298,0,0,0,0,0,0,0,0,0,0
2,1,340298,0,0,0,0,0,0,16,0,0,0
0,1,340299,0,0,0,0,0,0,0,0,0,0
1,1,340299,0,0,0,0,0,0,0,0,0,0
1,1,340300,0,0,0,0,0,0,0,0,0,0
2,1,340300,0,0,0,0,0,0,0,0,0,0
0,1,340301,0,0,0,0,0,0,0,0,0,0
1,1,340301,0,0,0,0,0,0,0,0,0,0
1,1,340302,2,2,2,2,2,2,2,2,2,2
1,1,340303,0,0,0,0,0,0,0,0,0,0
0,1,340304,0,0,0,0,0,0,0,0,0,0
1,1,340304,0,0,0,0,0,0,0,0,0,0
0,1,340305,0,0,0,0,0,0,0,0,0,0
1,1,340305,0,0,0,0,0,0,0,0,0,0
1,1,340306,0,0,0,0,0,0,0,0,0,0
1,1,340307,14,14,14,14,14,14,14,14,14,14
1,1,340308,8,8,8,8,8,8,8,8,8,8
2,1,340308,0,0,0,0,0,0,0,0,0,0
1,1,340310,0,0,0,0,0,0,0,0,0,0
2,1,340310,6,6,6,6,6,6,6,6,6,6
1,1,340311,0,0,0,0,0,0,0,0,0,3
1,1,340312,0,0,0,0,8,0,0,0,0,0
2,1,340312,0,0,0,0,0,0,0,0,0,5
3,1,340312,0,0,0,0,0,0,0,0,0,0
0,1,340313,0,0,0,0,0,0,0,0,0,0
0,2,340313,0,0,0,0,0,0,0,0,0,0
1,1,340313,0,0,0,0,0,0,0,0,0,0
1,1,340314,0,0,0,0,0,0,0,0,0,0
2,1,340314,0,0,0,0,0,0,0,0,0,0
1,1,340315,0,0,0,0,0,0,0,0,0,0
2,1,340315,0,6,0,0,0,0,0,0,9,0
1,1,340316,0,0,0,0,0,0,0,0,0,0
2,1,340316,0,0,0,0,0,0,0,0,0,0
1,1,340317,0,0,0,0,0,0,0,25,0,0
2,1,340317,9,0,8,0,0,0,0,0,0,4
1,1,340318,20,20,20,20,20,20,20,20,20,20
0,1,340319,0,0,0,0,0,0,0,0,0,0
1,1,340319,0,0,0,0,0,0,0,0,0,0
1,1,340320,6,0,0,0,0,8,0,0,0,0
1,1,340321,0,0,0,0,0,0,0,0,0,0
2,1,340321,0,8,0,0,0,0,0,0,0,0
1,1,340322,0,0,0,0,0,0,0,0,0,0
0,1,340323,0,0,0,0,0,0,0,0,0,0
1,1,340323,0,0,0,0,0,0,0,0,0,0
1,1,340324,0,0,0,0,0,0,0,0,0,0
2,1,340324,0,0,0,0,0,0,0,0,0,0
1,1,340325,11,11,11,11,11,11,11,11,11,11
1,1,340326,0,0,0,0,0,0,0,0,0,0
1,1,340327,0,0,0,0,0,0,0,0,0,0
2,1,340327,0,0,0,0,0,0,0,0,0,0
0,1,340328,0,0,0,0,0,0,0,0,0,0
1,1,340328,0,0,0,0,0,0,0,21,0,14
1,1,340329,0,0,0,0,0,0,0,0,0,0
0,1,340330,11,11,11,11,11,11,11,11,11,11
1,1,340330,0,0,6,0,0,0,15,0,0,0
1,1,340331,0,0,0,0,0,0,0,0,0,0
2,1,340331,0,5,0,0,0,0,0,0,4,0
0,1,340332,36,36,36,36,36,36,36,36,36,36
1,1,340332,0,0,0,0,0,0,0,0,0,0
2,1,340332,0,0,0,0,0,0,0,0,0,0
1,1,340333,0,0,0,0,0,0,0,0,0,0
0,1,340335,18,18,18,18,18,18,18,18,18,18
1,1,340335,0,0,0,0,0,0,0,0,0,0
1,1,340336,0,0,0,0,0,15,0,12,0,0
1,1,340337,0,0,0,0,0,0,0,0,0,0
1,1,340338,0,0,0,0,0,0,0,0,0,0
0,1,340339,28,28,28,28,28,28,28,28,28,28
1,1,340339,15,7,29,6,6,9,7,0,15,10
1,1,340340,0,0,0,0,2,0,0,0,0,0
2,1,340340,0,0,0,0,10,0,0,0,9,0
0,1,340341,0,0,0,0,0,0,0,0,0,0
1,1,340341,16,16,16,16,16,16,16,16,16,16
1,1,340342,0,0,0,0,0,0,0,0,0,0
1,1,340343,0,0,0,0,0,0,0,0,0,0
2,1,340343,0,0,0,0,0,0,0,0,0,0
1,1,340344,0,0,0,0,0,0,0,0,0,0
1,1,340345,0,0,0,0,0,0,0,0,0,0
2,1,340345,0,0,0,0,0,0,0,0,0,0
3,1,340345,0,0,0,0,0,0,0,0,0,0
1,1,340346,13,13,13,13,13,13,13,13,13,13
2,1,340346,0,0,0,0,0,0,0,0,14,0
1,1,340347,0,0,6,0,0,0,0,0,0,0
2,1,340347,0,0,0,0,0,0,0,0,0,0
3,1,340347,9,0,0,0,0,0,0,0,0,0
4,1,340347,0,0,0,0,0,0,0,0,10,0
0,1,340348,24,24,24,24,24,24,24,24,24,24
1,1,340348,1,1,1,1,1,1,1,1,1,1
1,1,340349,0,0,0,0,0,0,0,0,0,0
1,1,340350,0,0,0,0,0,0,0,0,0,0
1,1,340351,10,10,10,10,10,10,10,10,10,10
2,1,340351,0,0,0,0,0,0,0,0,0,0
1,1,340352,0,0,0,0,0,0,0,0,0,0
1,1,340353,0,0,0,0,0,0,0,0,0,0
2,1,340353,0,0,0,0,0,0,0,0,0,0
0,1,340354,0,0,0,0,0,0,0,0,0,0
1,1,340354,0,0,0,0,12,11,0,0,12,0
1,1,340355,0,0,0,0,0,0,0,0,0,0
1,1,340356,20,20,20,20,20,20,20,20,20,20
0,1,340357,0,0,0,0,0,0,0,0,0,0
1,1,340357,23,23,23,23,23,23,23,23,23,23
1,1,340358,1,1,1,1,1,1,1,1,1,1
1,1,340360,25,25,25,25,25,25,25,25,25,25
2,1,340360,0,0,0,0,0,0,0,0,0,0
0,1,340361,0,0,0,0,0,0,0,0,0,0
1,1,340361,0,0,0,0,0,0,0,0,0,0
1,1,340362,0,0,0,0,0,0,0,0,0,0
2,1,340362,0,0,0,0,0,0,0,0,0,0
3,1,340362,0,4,0,0,8,25,0,15,8,0
1,1,340363,21,21,21,21,21,21,21,21,21,21
0,1,340364,0,0,0,0,0,0,0,0,0,0
1,1,340364,0,0,0,0,0,0,0,0,0,0
0,1,340365,0,0,20,0,0,6,0,0,0,0
0,2,340365,0,0,20,0,0,0,17,0,0,19
1,1,340365,0,0,0,9,5,0,24,0,7,0
1,1,340366,2,2,2,2,2,2,2,2,2,2
2,1,340366,0,0,0,0,0,0,0,0,0,0
1,1,340368,11,9,0,0,22,0,0,14,23,0
1,1,340369,0,29,1,16,0,0,7,11,0,11
1,1,340370,19,19,19,19,19,19,19,19,19,19
1,1,340371,0,0,0,0,0,0,0,0,0,0
2,1,340371,0,0,0,0,0,0,0,0,0,0
3,1,340371,0,0,0,0,15,0,0,0,0,0
0,1,340372,0,0,0,0,0,0,0,0,0,0
1,1,340372,0,0,0,0,0,0,0,0,0,0
1,1,340373,29,29,29,29,29,29,29,29,29,29
2,1,340373,0,5,12,0,0,8,14,0,15,9
3,1,340373,0,3,0,13,5,13,0,0,0,0
1,1,340374,11,0,0,0,0,0,2,0,0,0
2,1,340374,0,0,0,0,0,0,0,0,0,0
1,1,340375,0,0,0,0,0,0,0,0,0,0
2,1,340375,0,0,0,0,0,0,0,0,0,0
3,1,340375,16,16,16,16,16,16,16,16,16,16
1,1,340377,9,9,9,9,9,9,9,9,9,9
0,1,340378,0,0,0,0,0,0,0,0,0,0
1,1,340378,0,0,0,0,0,0,0,0,0,0
1,1,340379,0,0,0,0,0,0,0,0,0,0
2,1,340379,0,0,0,0,0,0,0,0,0,0
1,1,340380,0,0,0,0,0,0,0,0,0,0
2,1,340380,0,0,0,0,0,0,0,0,0,0
1,1,340381,0,0,0,0,0,0,0,0,0,0
2,1,340381,0,0,0,0,0,0,0,0,0,0
1,1,340382,0,0,0,0,0,0,0,0,0,0
2,1,340382,0,0,0,0,0,0,0,0,6,0
1,1,340383,33,33,33,33,33,33,33,33,33,33
1,1,340384,0,0,0,0,14,0,3,0,0,0
2,1,340384,0,0,0,0,0,0,0,0,0,0
0,1,340386,0,0,0,0,0,0,0,0,0,0
1,1,340386,0,0,4,0,0,0,0,0,0,0
0,1,340387,0,0,0,0,0,0,0,0,0,0
1,1,340387,0,0,0,0,0,0,0,0,0,0
1,1,340388,22,0,0,0,0,0,0,0,0,12
0,1,340389,0,0,0,0,0,0,0,0,0,0
1,1,340389,0,0,0,0,0,0,0,0,0,0
1,1,340390,6,7,0,0,0,0,0,0,0,0
1,1,340391,0,0,0,0,0,0,0,0,0,0
2,1,340391,0,0,0,0,0,0,0,0,0,0
0,1,340392,4,4,4,4,4,4,4,4,4,4
1,1,340392,0,0,0,0,0,0,0,0,0,0
1,1,340393,21,21,21,21,21,21,21,21,21,21
1,1,340394,0,0,0,0,0,0,0,0,0,0
2,1,340394,0,0,0,0,0,0,0,0,0,0
1,1,340395,1,1,1,1,1,1,1,1,1,1
0,1,340396,0,0,0,0,0,0,0,0,0,0
1,1,340396,0,0,0,19,0,0,0,0,0,0
1,1,340397,0,0,16,0,0,4,0,0,0,0
2,1,340397,11,11,11,11,11,11,11,11,11,11
1,1,340398,0,0,0,0,0,0,0,0,0,0
2,1,340398,0,0,0,0,0,0,0,0,0,0
0,1,340399,0,0,0,0,0,0,0,0,0,0
1,1,340399,8,0,0,0,0,0,10,0,0,0
1,1,340400,0,0,0,0,0,0,0,0,0,0
2,1,340400,0,0,0,0,0,0,0,0,0,0
0,1,340401,0,0,0,0,0,0,0,0,0,0
1,1,340401,0,0,0,0,0,0,0,0,0,0
1,1,340402,0,0,0,0,0,0,0,0,0,0
2,1,340402,0,0,0,0,19,0,0,0,0,29
3,1,340402,8,0,0,0,0,3,10,8,0,10
1,1,340403,0,0,0,28,0,8,0,29,0,0
2,1,340403,10,10,10,10,10,10,10,10,10,10
3,1,340403,8,0,0,14,0,17,7,0,0,13
1,1,340404,0,0,0,0,0,0,0,0,0,0
2,1,340404,1,1,1,1,1,1,1,1,1,1
1,1,340405,21,21,21,21,21,21,21,21,21,21
1,1,340406,0,0,0,0,0,0,0,0,0,0
1,1,340407,0,0,0,0,0,0,0,0,0,0
2,1,340407,0,0,0,0,0,0,0,0,0,0
1,1,340408,0,0,0,8,0,0,0,0,0,0
2,1,340408,11,11,11,11,11,11,11,11,11,11
0,1,340409,0,0,0,0,0,0,0,0,0,0
0,2,340409,0,0,8,0,0,0,0,0,0,0
0,3,340409,15,6,0,15,0,16,0,0,17,16
1,1,340409,0,0,0,0,0,0,0,0,0,0
1,1,340410,15,15,15,15,15,15,15,15,15,15
0,1,340411,0,0,0,0,0,0,0,0,0,0
1,1,340411,0,0,0,0,0,0,0,0,0,0
1,1,340412,0,0,0,0,0,0,0,0,0,0
2,1,340412,0,0,0,0,0,0,0,0,0,0
0,1,340413,0,0,0,0,0,0,0,0,0,0
1,1,340413,0,0,0,0,0,13,0,0,5,0
1,1,340414,0,0,0,0,0,0,0,0,0,0
2,1,340414,0,0,0,0,0,0,0,0,0,0
1,1,340415,0,0,0,0,0,0,0,0,0,0
2,1,340415,14,14,14,14,14,14,14,14,14,14
1,1,340416,9,9,9,9,9,9,9,9,9,9
2,1,340416,0,0,0,0,0,0,0,0,0,0
1,1,340417,22,22,22,22,22,22,22,22,22,22
2,1,340417,0,0,0,0,0,0,0,0,0,0
1,1,340418,0,0,0,0,0,0,0,0,0,0
2,1,340418,0,0,0,0,0,0,0,0,0,0
1,1,340419,0,0,0,0,0,0,0,0,0,0
2,1,340419,0,0,0,0,0,0,0,0,0,0
1,1,340425,0,0,0,0,0,0,0,0,0,0
2,1,340425,0,0,0,0,0,0,0,0,0,0
1,1,340426,0,0,0,0,0,0,0,0,0,0
2,1,340426,0,0,0,0,0,0,0,0,0,0
1,1,340427,0,0,0,0,0,0,0,0,0,0
2,1,340427,0,0,0,3,6,0,14,0,0,9
3,1,340427,3,0,0,0,0,3,0,5,0,0
1,1,340428,21,21,21,21,21,21,21,21,21,21
0,1,340429,29,22,0,0,0,0,0,41,0,0
1,1,340429,0,0,0,0,0,0,0,0,0,0
0,1,340430,0,0,0,0,0,0,0,0,0,0
1,1,340430,0,0,0,0,0,0,0,0,0,0
1,1,340431,0,0,0,0,0,0,0,0,0,0
1,1,340432,0,0,0,0,0,0,0,0,0,0
2,1,340432,0,0,0,0,0,0,0,0,0,0
1,1,340433,16,16,16,16,16,16,16,16,16,16
1,1,340434,0,0,0,0,0,0,0,0,0,0
2,1,340434,0,0,0,0,0,0,0,0,0,0
1,1,340435,0,0,0,0,0,0,0,0,0,0
1,1,340436,18,18,18,18,18,18,18,18,18,18
1,1,340437,0,0,0,0,0,0,0,0,0,0
2,1,340437,15,0,0,0,0,0,0,0,0,0
1,1,340438,25,25,25,25,25,25,25,25,25,25
1,1,340439,15,15,15,15,15,15,15,15,15,15
0,1,340440,0,0,0,0,0,0,0,0,0,0
1,1,340440,0,0,0,0,0,0,0,0,0,0
0,1,340441,0,0,0,0,0,0,0,0,0,0
1,1,340441,0,0,0,0,0,0,0,0,0,0
1,1,340442,0,0,0,0,0,0,0,0,0,0
2,1,340442,0,15,14,0,12,0,0,0,0,0
1,1,340443,0,0,0,0,0,0,0,0,0,0
2,1,340443,0,0,0,0,0,0,0,0,0,0
1,1,340445,23,23,23,23,23,23,23,23,23,23
1,1,340446,0,0,0,0,0,0,0,0,0,0
2,1,340446,0,0,0,0,0,0,0,0,0,0
0,1,340447,0,0,0,0,0,0,0,0,0,0
1,1,340447,0,0,0,0,20,13,0,7,0,0
2,1,340447,0,0,0,0,0,0,0,0,0,0
1,1,340448,0,0,0,0,0,0,0,0,0,0
2,1,340448,0,0,0,0,0,0,0,0,0,0
3,1,340448,0,0,0,0,0,0,0,0,0,0
1,1,340449,0,0,0,0,0,0,0,0,0,0
1,1,340450,0,0,0,0,0,0,0,0,0,0
1,1,340451,0,0,0,0,0,0,0,0,0,0
1,1,340452,0,0,0,0,0,0,0,0,0,0
1,1,340453,0,0,0,0,0,0,0,0,0,0
2,1,340453,0,0,0,0,0,0,0,0,0,0
0,1,340454,0,0,0,0,0,0,0,0,0,0
1,1,340454,0,0,0,0,0,0,0,0,0,0
0,1,340455,0,0,0,0,0,0,0,0,0,0
1,1,340455,0,0,0,0,0,0,0,0,0,0
1,1,340456,0,0,0,0,0,0,0,0,0,0
2,1,340456,0,0,0,0,0,0,0,0,0,0
3,1,340456,0,0,0,0,0,0,0,0,0,0
0,1,340457,0,0,0,0,0,0,0,0,0,0
1,1,340457,0,0,0,0,0,0,0,0,0,0
0,1,340458,0,0,0,0,0,0,0,12,5,0
0,2,340458,0,20,0,0,0,37,0,17,0,19
1,1,340458,17,0,0,0,20,0,0,26,0,0
1,1,340460,0,0,0,0,0,0,0,0,0,0
2,1,340460,0,0,0,0,0,0,0,0,0,0
0,1,340461,0,0,0,0,0,0,0,0,0,0
1,1,340461,0,0,0,0,0,0,0,0,0,0
1,1,340462,0,0,0,0,0,0,0,0,0,0
0,1,340463,0,0,0,0,0,0,0,0,0,0
1,1,340463,19,19,19,19,19,19,19,19,19,19
0,1,340464,0,22,0,0,0,0,18,34,0,17
1,1,340464,0,0,0,25,5,19,1,0,7,0
0,1,340465,0,0,0,0,0,0,0,0,0,0
1,1,340465,0,0,2,0,0,0,0,0,0,0
1,1,340466,0,0,0,0,0,0,0,0,0,0
2,1,340466,0,0,0,0,0,0,0,0,0,0
1,1,340469,0,0,0,0,0,0,0,0,0,0
0,1,340470,0,0,0,0,0,18,7,0,8,25
1,1,340470,11,11,11,11,11,11,11,11,11,11
1,1,340471,0,0,0,0,0,0,0,0,0,0
2,1,340471,0,0,0,0,0,0,0,0,0,0
0,1,340472,11,11,11,11,11,11,11,11,11,11