VEH_NO,PER_NO,ST_CASE,P1,P2,P3,P4,P5,P6,P7,P8,P9,P10
1,1,340472,0,0,0,0,0,0,0,0,0,0
1,1,340473,0,0,14,0,0,0,0,0,0,0
2,1,340473,0,0,0,0,0,0,0,0,0,0
3,1,340473,0,0,0,0,0,0,0,0,0,0
1,1,340474,0,0,0,0,0,0,0,0,0,0
0,1,340475,11,11,11,11,11,11,11,11,11,11
1,1,340475,0,0,0,0,0,0,0,0,0,0
1,1,340476,0,0,0,0,0,0,0,0,0,0
1,1,340477,0,0,0,0,0,0,0,0,0,0
1,1,340478,0,0,0,0,0,0,0,0,0,0
2,1,340478,0,0,0,0,0,0,0,0,0,0
3,1,340478,0,0,0,0,0,0,0,0,0,0
1,1,340479,0,0,0,0,0,0,0,0,0,0
2,1,340479,0,0,0,0,0,0,0,0,0,0
1,1,340481,0,0,0,0,0,0,0,0,0,0
0,1,340482,0,0,0,0,0,0,0,0,0,0
1,1,340482,0,0,0,21,0,0,0,0,0,0
1,1,340483,0,0,6,0,0,0,16,19,9,0
2,1,340483,0,0,0,6,0,0,0,0,0,0
0,1,340484,19,19,19,19,19,19,19,19,19,19
1,1,340484,0,0,0,0,0,0,0,0,0,0
1,1,340485,0,0,0,0,0,0,0,0,0,0
1,1,340486,17,17,17,17,17,17,17,17,17,17
0,1,340487,0,0,0,0,0,0,0,0,0,0
1,1,340487,0,0,0,0,0,0,0,0,0,0
1,1,340488,17,17,17,17,17,17,17,17,17,17
1,1,340489,0,0,0,0,0,0,0,0,0,0
2,1,340489,0,0,0,0,0,0,0,0,0,0
3,1,340489,0,0,0,0,0,0,0,0,0,0
1,1,340490,0,0,0,0,0,0,0,0,0,0
1,1,340491,0,0,0,0,0,0,0,0,0,0
2,1,340491,1,1,1,1,1,1,1,1,1,1
1,1,340492,21,21,21,21,21,21,21,21,21,21
0,1,340493,15,15,15,15,15,15,15,15,15,15
1,1,340493,16,8,0,0,0,0,0,4,0,0
1,1,340494,11,11,11,11,11,11,11,11,11,11
2,1,340494,0,0,0,0,0,0,0,0,0,0
3,1,340494,0,0,0,0,0,0,0,0,0,0
1,1,340495,0,0,0,8,25,0,0,0,0,0
2,1,340495,0,0,0,0,0,0,0,0,2,0
1,1,340496,10,10,10,10,10,10,10,10,10,10
2,1,340496,9,9,9,9,9,9,9,9,9,9
3,1,340496,0,0,0,0,0,0,15,0,0,0
4,1,340496,0,0,0,0,0,0,0,0,0,0
0,1,340497,0,0,0,0,0,0,0,0,0,0
1,1,340497,0,0,0,0,0,0,0,17,0,14
0,1,340498,0,0,0,0,0,0,0,0,0,0
1,1,340498,0,0,0,0,0,0,0,0,0,0
0,1,340499,0,0,0,0,0,0,0,0,0,0
0,2,340499,0,0,0,0,0,0,0,0,0,0
1,1,340499,0,0,0,0,0,0,0,0,0,0
1,1,340500,12,12,12,12,12,12,12,12,12,12
2,1,340500,3,0,4,23,0,0,0,0,0,0
1,1,340501,0,12,0,0,0,0,0,0,0,0
1,1,340502,0,0,0,0,13,0,0,0,0,0
2,1,340502,0,0,0,0,0,0,0,0,0,0
1,1,340503,0,0,0,0,0,0,0,0,0,0
2,1,340503,0,0,0,4,16,0,0,0,0,9
1,1,340504,0,0,0,0,0,0,0,0,0,0
2,1,340504,0,0,0,0,0,0,0,0,0,0
3,1,340504,0,9,0,0,0,0,0,0,0,0
4,1,340504,0,0,0,0,0,0,0,0,0,0
0,1,340506,21,21,21,21,21,21,21,21,21,21
1,1,340506,0,0,3,0,0,0,0,0,0,13
0,1,340507,0,0,0,0,0,0,0,0,0,0
1,1,340507,0,0,0,0,0,0,0,0,0,0
1,1,340509,0,0,0,0,0,0,5,0,0,0
2,1,340509,7,7,7,7,7,7,7,7,7,7
1,1,340510,14,18,2,27,27,18,0,0,22,24
1,1,340511,0,0,0,0,0,0,0,0,0,0
2,1,340511,4,0,0,0,0,0,0,0,0,0
1,1,340512,0,0,0,0,0,0,0,0,0,0
2,1,340512,0,0,0,0,0,0,0,0,0,0
1,1,340513,18,18,18,18,18,18,18,18,18,18
2,1,340513,0,0,0,0,0,0,0,0,0,0
3,1,340513,0,0,0,0,0,4,0,0,0,0
1,1,340514,0,0,0,0,0,0,0,0,0,0
1,1,340515,0,0,0,0,0,0,0,0,0,0
0,1,340516,0,0,0,0,0,0,0,0,0,0
1,1,340516,0,0,0,0,0,0,0,0,0,0
1,1,340517,1,1,1,1,1,1,1,1,1,1
2,1,340517,0,0,0,0,0,0,0,0,0,0
0,1,340518,0,0,0,0,0,0,0,0,0,0
0,2,340518,0,0,0,0,14,0,0,0,0,0
1,1,340518,0,0,0,0,0,0,0,0,0,0
1,1,340519,0,0,0,0,0,0,0,0,0,0
1,1,340520,0,0,0,0,0,0,0,0,0,0
0,1,340521,0,0,0,0,0,0,0,0,0,0
1,1,340521,0,0,8,7,0,13,0,0,0,0
1,1,340522,1,1,1,1,1,1,1,1,1,1
0,1,340523,0,0,0,0,0,0,0,0,0,0
1,1,340523,0,0,0,0,0,0,0,0,0,0
0,1,340524,0,0,0,0,0,0,0,0,0,0
1,1,340524,0,0,0,0,0,0,0,0,0,0
1,1,340525,0,0,0,0,0,0,0,0,0,0
2,1,340525,0,0,0,0,0,0,0,0,0,0
3,1,340525,0,0,2,0,8,0,0,4,0,0
4,1,340525,20,0,0,0,0,0,0,0,29,0
0,1,340526,0,0,0,0,0,0,0,0,0,0
1,1,340526,0,0,0,0,0,0,5,0,0,0
0,1,340527,0,0,0,13,0,21,24,33,0,0
1,1,340527,0,0,0,0,0,0,0,0,0,0
1,1,340528,0,0,0,0,0,0,0,0,0,0
2,1,340528,0,0,0,0,0,0,0,0,0,0
1,1,340529,0,0,0,0,0,0,0,0,0,0
1,1,340530,0,0,0,0,10,0,0,0,0,0
2,1,340530,0,0,0,0,0,0,0,0,0,0
1,1,340531,0,0,0,0,0,0,0,0,9,0
2,1,340531,0,0,0,0,0,0,0,0,0,11
3,1,340531,0,0,0,0,0,0,0,0,0,0
1,1,340532,33,33,33,33,33,33,33,33,33,33
2,1,340532,0,0,0,0,0,0,0,0,0,0
3,1,340532,0,0,0,12,0,0,0,0,10,0
4,1,340532,0,0,0,0,0,0,0,0,0,0
1,1,340533,11,11,11,11,11,11,11,11,11,11
0,1,340534,23,23,23,23,23,23,23,23,23,23
1,1,340534,0,0,0,0,0,0,0,0,0,0
1,1,340535,0,0,0,0,0,0,0,0,0,0
0,1,340536,23,23,23,23,23,23,23,23,23,23
1,1,340536,0,0,0,10,0,0,0,15,0,0
2,1,340537,19,8,15,5,0,0,0,22,9,0
0,1,340538,0,0,0,0,0,0,0,0,0,0
1,1,340538,0,0,0,0,0,0,0,0,0,0
1,1,340539,0,0,0,0,0,0,0,0,0,0
1,1,340540,0,0,9,0,10,5,0,0,0,0
0,1,340542,0,0,0,0,0,0,0,0,0,0
1,1,340542,0,0,0,0,0,0,0,0,0,0
2,1,340542,0,0,5,0,0,0,0,0,0,0
1,1,340543,0,0,6,10,0,0,7,0,0,0
2,1,340543,13,13,13,13,13,13,13,13,13,13
1,1,340544,0,0,0,0,0,0,0,0,0,0
2,1,340544,0,0,0,0,0,0,0,0,0,0
1,1,340545,13,7,35,13,16,26,15,21,24,18
1,1,340546,17,17,17,17,17,17,17,17,17,17
1,1,340547,0,0,0,0,0,0,0,0,0,0
2,1,340547,4,0,0,0,0,0,0,0,0,0
0,1,340548,3,3,3,3,3,3,3,3,3,3
1,1,340548,0,0,0,0,0,0,0,0,0,0
1,1,340549,2,2,2,2,2,2,2,2,2,2
1,1,340550,0,0,0,0,0,0,0,0,0,0
2,1,340550,0,0,0,0,0,0,0,0,0,0
3,1,340550,0,0,0,0,0,0,0,0,5,0
0,1,340552,2,2,2,2,2,2,2,2,2,2
1,1,340552,0,0,0,0,0,0,0,0,0,0
1,1,340554,0,0,0,0,0,0,0,0,0,0
2,1,340554,0,0,0,0,0,0,0,0,0,0
3,1,340554,0,0,0,0,0,0,0,0,14,0
1,1,340555,0,0,0,0,0,0,0,0,0,0
2,1,340555,15,15,15,15,15,15,15,15,15,15
1,1,340556,0,0,0,0,0,0,0,0,0,0
1,1,340558,11,11,11,11,11,11,11,11,11,11
0,1,340560,0,0,0,0,0,0,0,0,0,0
1,1,340560,0,9,6,22,12,3,13,0,0,1
0,1,340561,0,0,0,0,0,0,0,0,0,0
1,1,340561,0,0,0,0,0,0,0,0,0,0
2,1,340561,0,0,0,0,0,0,0,0,0,0
1,1,340562,0,0,0,0,0,0,0,0,0,0
2,1,340562,0,0,0,0,0,0,0,0,0,0
0,1,340563,7,7,7,7,7,7,7,7,7,7
0,2,340563,26,8,0,0,24,0,0,0,0,12
1,1,340563,9,16,0,0,14,0,9,14,0,25
0,1,340564,0,0,0,0,0,0,0,0,0,0
1,1,340564,0,0,0,0,0,0,0,0,0,0
1,1,340565,0,0,0,0,22,0,0,0,0,0
2,1,340565,0,0,0,0,0,0,0,0,0,0
0,1,340566,16,30,19,0,0,0,0,0,0,0
1,1,340566,8,0,0,0,0,9,0,0,0,0
1,1,340567,0,0,0,0,0,0,0,0,0,0
1,1,340568,3,3,3,3,3,3,3,3,3,3
2,1,340568,0,0,0,0,0,0,0,0,0,0
1,3,340569,11,18,7,13,0,20,17,5,0,18
0,1,340570,35,35,35,35,35,35,35,35,35,35
1,1,340570,0,0,0,0,0,0,0,0,0,0
1,1,340571,0,0,0,0,0,0,0,0,0,0
1,1,340572,10,10,10,10,10,10,10,10,10,10
0,1,340573,0,0,0,0,0,0,0,0,0,0
1,1,340573,0,0,0,0,0,0,0,0,0,0
1,1,340574,11,11,11,11,11,11,11,11,11,11
0,1,340575,0,0,0,0,0,0,0,0,0,0
1,1,340575,2,2,2,2,2,2,2,2,2,2
1,1,340576,0,0,0,0,0,0,0,0,0,0
0,1,340577,0,0,0,0,0,0,0,0,0,0
1,1,340577,0,0,0,0,0,0,0,0,0,0
1,1,340578,13,13,13,13,13,13,13,13,13,13
1,1,340579,8,8,8,8,8,8,8,8,8,8
1,1,340580,0,0,0,0,0,0,0,0,0,3
2,1,340580,0,0,0,0,0,0,0,0,0,0
1,1,340581,9,9,9,9,9,9,9,9,9,9
2,1,340581,0,0,0,12,0,0,0,0,0,0
3,1,340581,0,0,0,0,0,0,0,0,0,0
4,1,340581,0,0,0,0,0,0,0,0,0,0
1,1,340582,0,0,0,0,0,0,0,0,0,0
2,1,340582,0,0,0,0,0,0,0,0,0,0
0,1,340583,17,17,17,17,17,17,17,17,17,17
0,2,340583,0,0,0,9,1,0,18,0,21,0
0,3,340583,17,0,0,27,16,10,0,32,25,9
1,1,340583,36,39,10,0,6,0,13,0,27,0
1,1,340584,23,23,23,23,23,23,23,23,23,23
0,1,340585,0,0,0,0,0,0,0,0,0,0
1,1,340585,0,0,0,0,0,0,0,0,0,0
1,1,340586,13,13,13,13,13,13,13,13,13,13
0,1,340587,0,0,0,0,0,0,0,0,0,0
1,1,340587,10,3,9,7,0,7,0,0,0,11
0,1,340589,0,0,0,0,0,0,0,0,0,0
1,1,340589,0,0,0,0,0,0,0,0,0,0
1,1,340590,0,0,0,0,0,0,0,0,0,0
2,1,340590,0,0,0,0,0,0,0,0,0,0
1,1,340591,0,0,0,0,0,0,0,0,9,0
2,1,340591,12,12,12,12,12,12,12,12,12,12
0,1,340592,0,0,0,0,0,0,0,0,0,0
1,1,340592,0,0,0,0,0,0,0,0,0,0
3,1,340592,0,0,0,0,0,0,0,0,0,0
1,1,340593,0,0,0,21,0,19,0,0,0,0
0,1,340594,0,0,0,0,0,0,0,0,0,0
1,1,340594,0,0,0,12,0,0,0,0,0,0
1,1,340595,0,0,0,0,0,0,0,0,0,0
2,1,340595,0,0,0,0,0,0,0,0,0,0
1,1,340596,0,0,0,0,0,0,0,0,0,0
1,1,340597,0,0,0,0,0,0,0,0,0,0
2,1,340597,0,0,0,0,0,0,0,0,0,0
1,1,340598,0,11,25,20,0,0,0,15,0,11
2,1,340598,0,0,0,0,0,8,0,0,0,0
1,1,340599,0,20,0,0,0,0,0,0,0,0
2,1,340599,0,0,0,0,0,0,0,0,0,0
3,1,340599,0,0,0,0,0,11,0,0,0,0
4,1,340599,0,5,0,0,0,0,0,0,0,0
1,1,340600,0,0,0,0,0,0,0,0,0,0
1,1,340601,22,0,20,0,0,0,0,19,0,0
0,1,340602,40,40,40,40,40,40,40,40,40,40
1,1,340602,0,0,0,11,0,0,0,0,0,0
1,1,350001,14,14,14,14,14,14,14,14,14,14
1,1,350002,0,0,0,0,0,0,0,0,0,0
1,1,350003,20,20,20,20,20,20,20,20,20,20
1,1,350004,20,20,20,20,20,20,20,20,20,20
1,1,350005,0,0,0,0,0,0,0,0,0,0
0,1,350006,0,0,0,0,0,0,0,0,0,0
1,1,350006,0,0,0,0,0,0,0,0,0,0
1,1,350007,22,22,22,22,22,22,22,22,22,22
1,1,350008,26,26,26,26,26,26,26,26,26,26
0,1,350009,0,0,0,0,0,0,0,0,0,0
1,1,350009,0,0,0,0,0,0,0,0,0,0
0,1,350010,0,0,0,0,0,0,0,0,0,0
1,1,350010,0,0,0,0,0,0,0,0,0,0
0,1,350011,0,0,0,0,0,0,0,0,0,0
1,1,350011,0,0,0,0,0,7,0,0,0,0
1,1,350012,0,0,0,0,0,0,0,0,0,0
2,1,350012,0,0,0,0,0,0,0,0,0,0
1,1,350013,0,0,0,0,0,0,0,0,0,0
1,1,350014,0,0,0,0,0,0,0,0,0,0
1,1,350015,25,25,25,25,25,25,25,25,25,25
1,1,350016,0,0,0,0,0,0,0,0,0,0
2,1,350016,0,0,0,0,0,0,0,0,0,0
1,1,350017,42,42,42,42,42,42,42,42,42,42
1,1,350018,26,26,26,26,26,26,26,26,26,26
2,1,350018,0,0,0,0,0,0,0,0,0,0
1,1,350019,0,0,0,0,0,0,0,0,0,0
1,1,350020,20,20,20,20,20,20,20,20,20,20
1,1,350021,0,0,0,0,0,0,0,0,0,0
1,1,350022,17,17,17,17,17,17,17,17,17,17
1,1,350023,0,0,0,0,0,0,0,0,0,0
2,1,350023,0,0,0,0,0,0,0,0,0,0
1,1,350024,0,0,0,0,0,0,0,0,0,0
2,1,350024,0,0,0,0,0,0,0,0,0,0
0,1,350025,0,0,0,0,0,0,0,0,0,0
1,1,350025,0,0,0,0,0,0,0,0,0,0
1,1,350026,0,0,0,0,0,0,0,0,0,0
1,1,350027,0,0,0,0,0,0,0,0,0,0
0,1,350028,26,26,26,26,26,26,26,26,26,26
1,1,350028,0,0,0,0,0,0,0,0,0,0
0,1,350029,22,22,22,22,22,22,22,22,22,22
0,2,350029,0,0,0,39,19,0,0,0,0,0
1,1,350029,0,0,0,0,0,0,0,0,0,0
1,1,350030,0,0,0,0,0,0,0,0,0,0
0,1,350031,30,30,30,30,30,30,30,30,30,30
1,1,350031,0,0,0,0,0,0,0,0,0,0
1,1,350032,14,8,15,8,0,10,17,25,0,33
1,1,350033,0,0,0,0,0,0,0,0,0,0
2,1,350033,0,0,0,0,0,0,0,0,0,0
1,1,350034,0,0,0,0,0,0,0,0,0,0
1,1,350035,0,0,0,0,0,0,0,0,0,0
2,1,350035,0,0,0,0,0,0,0,0,0,0
1,1,350036,0,0,0,0,0,0,0,0,0,0
2,1,350036,0,0,0,0,0,0,0,0,0,0
3,1,350036,0,0,0,0,0,0,0,0,0,0
4,1,350036,0,0,0,0,0,0,0,0,0,0
1,1,350037,0,0,0,0,0,0,0,0,0,0
2,1,350037,0,0,0,0,0,0,0,0,0,0
1,1,350038,0,0,0,0,0,0,0,0,0,0
2,1,350038,0,0,0,0,0,0,0,0,0,0
1,1,350039,0,0,0,0,0,0,0,0,0,0
2,1,350039,0,22,5,0,17,0,0,14,0,0
1,1,350040,4,4,4,4,4,4,4,4,4,4
0,1,350041,20,20,20,20,20,20,20,20,20,20
1,1,350041,15,7,19,16,7,24,22,0,19,9
2,1,350041,0,0,0,0,0,0,0,0,0,0
0,1,350042,0,0,0,0,0,0,0,0,0,0
1,1,350042,0,0,0,0,0,0,0,0,0,0
1,1,350043,0,0,0,0,0,0,0,0,0,0
1,1,350044,0,0,0,0,0,0,0,0,0,0
1,1,350045,28,28,28,28,28,28,28,28,28,28
1,1,350046,0,0,0,0,0,0,0,0,0,0
1,1,350047,16,16,16,16,16,16,16,16,16,16
1,1,350048,21,21,21,21,21,21,21,21,21,21
1,1,350049,0,0,0,0,0,0,0,0,0,0
1,1,350050,0,0,0,0,0,0,0,0,0,0
2,1,350050,0,0,0,0,0,0,0,0,0,0
1,1,350051,19,19,19,19,19,19,19,19,19,19
2,1,350051,25,25,25,25,25,25,25,25,25,25
0,1,350052,0,0,0,0,0,0,0,0,0,0
1,1,350052,0,0,0,0,0,0,0,0,0,0
1,1,350053,0,0,0,0,0,0,0,0,0,0
2,1,350053,0,0,0,0,0,0,0,0,0,0
1,1,350054,0,0,0,0,0,0,0,0,0,0
2,1,350054,0,0,0,0,0,0,0,0,0,0
1,1,350055,0,0,0,0,0,0,0,0,0,0
2,1,350055,0,0,0,0,0,0,0,0,0,0
1,1,350056,0,0,0,0,0,0,0,0,0,0
1,1,350057,17,17,17,17,17,17,17,17,17,17
1,1,350058,0,0,0,0,0,0,0,0,0,0
1,1,350059,9,9,9,9,9,9,9,9,9,9
1,1,350060,0,0,0,0,0,0,0,0,0,0
1,1,350061,0,0,0,0,0,0,0,0,0,0
1,1,350062,0,0,0,0,0,0,0,0,0,0
1,1,350063,13,13,13,13,13,13,13,13,13,13
1,1,350064,24,24,24,24,24,24,24,24,24,24
1,1,350065,38,38,38,38,38,38,38,38,38,38
1,1,350066,0,0,0,0,0,0,0,0,0,0
1,1,350067,0,0,0,0,0,0,0,0,0,0
1,1,350068,19,19,19,19,19,19,19,19,19,19
1,1,350069,0,0,0,0,0,0,0,0,0,0
2,1,350069,0,0,0,0,0,0,0,0,0,0
1,1,350070,0,0,0,0,0,0,0,0,0,0
1,1,350071,10,10,10,10,10,10,10,10,10,10
1,1,350072,0,0,0,0,0,0,0,0,0,0
2,1,350072,0,0,0,0,0,0,0,0,0,0
1,1,350073,0,0,0,0,0,0,0,0,0,0
1,1,350074,22,22,22,22,22,22,22,22,22,22
1,1,350075,0,0,0,0,0,0,0,0,0,0
1,1,350076,0,0,0,0,0,0,0,0,0,0
1,1,350077,0,0,0,0,0,0,0,0,0,0
1,1,350078,0,0,0,0,0,0,0,0,0,0
1,1,350079,0,0,0,0,0,0,0,0,0,0
2,1,350079,0,0,0,0,0,0,0,0,0,0
1,1,350080,0,0,0,0,0,0,0,0,0,0
2,1,350080,0,0,0,0,0,0,0,0,0,0
1,1,350081,0,0,0,0,0,0,0,0,0,0
0,1,350082,0,0,0,0,0,0,0,0,0,0
1,1,350082,0,0,0,0,0,0,0,0,0,0
0,1,350083,0,0,0,0,0,0,0,0,0,0
1,1,350083,0,0,0,0,0,0,0,0,0,0
1,1,350085,0,0,0,0,0,0,0,0,0,0
2,1,350085,0,0,0,0,0,0,0,0,0,0
1,1,350086,0,0,0,0,0,0,0,0,0,0
1,1,350087,0,0,0,0,0,0,0,0,0,0
2,1,350087,0,0,0,0,0,0,0,0,0,0
1,1,350088,0,0,0,0,0,0,0,0,0,0
1,1,350089,0,0,0,0,0,0,0,0,0,0
1,1,350090,0,0,0,0,0,0,0,0,0,0
1,1,350091,20,20,20,20,20,20,20,20,20,20
1,1,350092,0,0,0,0,0,0,0,0,0,0
2,1,350092,0,0,0,0,0,0,0,0,0,0
1,1,350093,14,14,14,14,14,14,14,14,14,14
2,1,350093,0,0,0,0,0,0,0,0,0,0
1,1,350094,0,0,0,0,0,0,0,0,0,0
1,1,350095,27,7,13,6,7,10,7,14,15,18
1,1,350096,0,0,0,0,0,0,0,0,0,0
2,1,350096,0,0,0,0,0,0,0,0,0,0
1,1,350097,0,0,0,0,0,0,0,0,0,0
1,1,350098,0,0,0,0,0,0,0,0,0,0
2,1,350098,0,0,0,0,0,0,0,0,0,0
1,1,350099,13,13,13,13,13,13,13,13,13,13
1,1,350100,27,26,14,28,20,0,18,27,11,27
1,1,350101,13,13,13,13,13,13,13,13,13,13
2,1,350101,16,16,16,16,16,16,16,16,16,16
1,1,350102,0,0,0,0,0,0,0,0,0,0
2,1,350102,0,0,0,0,0,0,0,0,0,0
1,1,350103,0,0,0,0,0,0,0,0,0,0
0,1,350104,0,0,0,0,0,0,0,0,0,0
0,2,350104,17,0,0,0,0,0,0,11,0,9
1,1,350104,7,7,8,12,25,20,20,0,18,20
1,1,350105,0,0,0,0,0,0,0,0,0,0
1,1,350106,0,0,0,0,0,0,0,0,0,0
2,1,350106,0,0,0,0,0,0,0,0,0,0
1,1,350107,0,0,0,0,0,0,0,0,0,0
2,1,350107,0,0,0,0,0,0,0,0,0,0
3,1,350107,0,0,0,0,0,0,0,0,0,0
1,1,350108,16,16,16,16,16,16,16,16,16,16
2,1,350108,0,0,0,0,0,0,0,0,0,0
3,1,350108,0,0,0,0,0,0,0,0,0,0
1,1,350109,0,0,0,0,0,0,0,0,0,0
2,1,350109,0,0,0,0,0,0,0,0,0,0
1,1,350110,0,0,0,0,0,0,0,0,0,0
1,1,350111,0,0,0,0,0,0,0,0,0,0
2,1,350111,0,0,0,0,0,0,0,0,0,0
1,1,350112,0,0,0,0,0,0,0,0,0,0
2,1,350112,0,0,0,0,0,0,0,0,0,0
1,1,350113,0,0,0,0,0,0,0,0,0,0
1,1,350114,0,0,0,0,0,0,0,0,0,0
1,1,350115,0,0,0,0,0,0,0,0,0,0
1,1,350116,0,0,0,0,0,0,0,0,0,0
1,1,350117,0,0,0,0,0,0,0,0,0,0
2,1,350117,0,0,0,0,0,0,0,0,0,0
1,1,350118,0,0,0,0,0,0,0,0,0,0
2,1,350118,0,0,0,0,0,0,0,0,0,0
0,1,350119,0,0,0,0,0,0,0,0,0,0
1,1,350119,0,0,0,0,0,0,0,0,0,0
1,1,350120,6,6,6,6,6,6,6,6,6,6
0,1,350121,0,0,0,0,0,0,0,0,0,0
1,1,350121,19,19,19,19,19,19,19,19,19,19
1,1,350122,5,12,17,29,17,19,19,19,14,12
2,1,350122,0,0,0,0,0,0,0,0,0,0
1,1,350123,0,0,0,0,0,0,0,0,0,0
2,1,350123,0,0,0,0,0,0,0,0,0,0
1,1,350124,0,0,0,0,0,0,0,0,0,0
2,1,350124,0,0,0,0,0,0,0,0,0,0
1,1,350125,22,24,7,34,6,10,7,14,27,17
1,1,350126,0,0,0,0,0,0,0,0,0,0
1,1,350127,34,8,6,26,7,13,24,16,6,9
1,1,350128,27,27,27,27,27,27,27,27,27,27
1,1,350129,14,14,14,14,14,14,14,14,14,14
1,1,350130,13,13,13,13,13,13,13,13,13,13
0,1,350131,27,27,27,27,27,27,27,27,27,27
1,1,350131,0,0,0,0,0,0,0,0,0,0
2,1,350131,0,0,0,0,0,0,0,0,0,0
1,1,350132,0,0,0,0,0,0,0,0,0,0
2,1,350132,0,0,0,0,0,0,0,0,0,0
1,1,350133,0,0,0,0,0,0,0,0,0,0
1,1,350134,27,27,27,27,27,27,27,27,27,27
2,1,350134,0,0,0,0,0,0,0,0,0,0
1,1,350135,13,13,13,13,13,13,13,13,13,13
1,1,350136,16,16,16,16,16,16,16,16,16,16
0,1,350137,13,13,13,13,13,13,13,13,13,13
0,2,350137,2,2,2,2,2,2,2,2,2,2
1,1,350137,0,0,0,0,0,0,0,0,0,0
0,1,350138,24,24,24,24,24,24,24,24,24,24
1,1,350138,0,0,0,0,0,0,0,0,0,0
1,1,350139,11,25,3,14,0,19,0,0,8,18
1,1,350140,0,0,0,0,0,0,0,0,0,0
1,1,350141,0,0,0,0,0,0,0,0,0,0
2,1,350141,0,0,0,0,0,0,0,0,0,0
1,1,350142,0,0,0,0,0,0,0,0,0,0
2,1,350142,0,0,0,0,0,0,0,0,0,0
1,1,350143,0,0,0,0,0,0,0,0,0,0
1,1,350144,0,0,0,0,0,0,0,0,0,0
1,1,350145,0,0,0,0,0,0,0,0,0,0
2,1,350145,0,0,0,0,0,0,0,0,0,0
1,1,350146,29,29,29,29,29,29,29,29,29,29
1,1,350147,23,23,23,23,23,23,23,23,23,23
1,1,350148,0,0,0,0,0,0,0,0,0,0
2,1,350148,0,0,0,0,0,0,0,0,0,0
1,1,350149,0,0,0,0,0,0,0,0,0,0
1,1,350150,0,0,0,0,0,0,0,0,0,0
1,1,350151,0,0,0,0,0,0,0,0,0,0
1,1,350152,0,0,0,0,0,0,0,0,0,0
2,1,350152,0,0,0,0,0,0,0,0,0,0
0,1,350153,27,27,27,27,27,27,27,27,27,27
1,1,350153,0,0,0,0,0,0,0,0,0,0
1,1,350154,15,25,10,9,2,11,12,25,9,12
2,1,350154,19,9,12,18,25,10,10,10,10,15
3,1,350154,15,16,7,14,12,6,28,25,11,36
1,1,350155,11,11,11,11,11,11,11,11,11,11
1,1,350156,0,0,0,0,0,0,0,0,0,0
2,1,350156,0,0,0,0,0,0,0,0,0,0
1,1,350157,0,0,0,0,0,0,0,0,0,0
0,1,350158,0,0,0,0,0,0,0,0,0,0
1,1,350158,0,0,0,0,0,0,0,0,0,0
1,1,350159,6,6,6,6,6,6,6,6,6,6
1,1,350160,0,6,20,0,24,16,10,0,5,15
2,1,350160,0,0,0,0,0,0,0,0,0,0
0,1,350161,23,23,23,23,23,23,23,23,23,23
1,1,350161,0,0,2,0,0,0,0,0,0,0
0,1,350162,17,17,17,17,17,17,17,17,17,17
1,1,350162,0,0,0,0,0,0,0,0,0,0
2,1,350163,29,29,29,29,29,29,29,29,29,29
1,1,350164,0,0,0,0,0,0,0,0,0,0
2,1,350164,0,0,0,0,0,0,0,0,0,0
1,1,350165,0,0,0,0,0,0,0,0,0,0
2,1,350165,0,0,0,0,0,0,0,0,0,0
3,1,350165,0,0,0,0,0,0,0,0,0,0
1,1,350166,0,0,0,0,0,0,0,0,0,0
1,1,350167,0,0,0,0,0,0,0,0,0,0
2,1,350167,0,0,0,0,0,0,0,0,0,0
1,1,350168,0,0,0,0,0,0,0,0,0,0
1,1,350169,0,0,0,0,0,0,0,0,0,0
2,1,350169,0,0,0,0,0,0,0,0,0,0
1,1,350170,0,0,0,0,0,0,0,0,0,0
2,1,350170,26,26,26,26,26,26,26,26,26,26
1,1,350171,20,20,20,20,20,20,20,20,20,20
0,1,350172,0,0,0,0,0,0,0,0,0,0
1,1,350172,0,0,0,0,0,0,0,0,0,0
1,1,350173,22,22,22,22,22,22,22,22,22,22
1,1,350174,22,22,22,22,22,22,22,22,22,22
2,1,350174,0,0,0,0,0,0,0,0,0,0
1,1,350175,26,26,26,26,26,26,26,26,26,26
1,1,350176,0,0,0,0,0,0,0,0,0,0
1,1,350177,0,0,0,0,0,0,0,0,0,0
2,1,350177,0,0,0,0,0,0,0,0,0,0
1,1,350178,42,22,16,11,18,15,6,20,33,10
1,1,350179,23,0,26,17,5,20,13,22,30,0
1,1,350180,14,14,14,14,14,14,14,14,14,14
0,1,350181,0,0,0,0,0,0,0,0,0,0
1,1,350181,0,0,0,0,0,0,0,0,0,0
1,1,350182,0,0,0,0,0,0,0,0,0,0
2,1,350182,10,10,10,10,10,10,10,10,10,10
0,1,350183,0,0,0,0,0,0,0,0,0,0
1,1,350183,0,0,0,0,0,0,0,0,0,0
1,1,350184,0,0,0,0,0,0,0,0,0,0
2,1,350184,0,0,0,0,0,0,0,0,0,0
1,1,350185,12,12,12,12,12,12,12,12,12,12
1,1,350186,18,18,18,18,18,18,18,18,18,18
2,1,350186,0,0,0,0,0,0,0,0,0,0
1,1,350187,0,0,0,0,0,0,0,0,0,0