VEH_NO,PER_NO,ST_CASE,P1,P2,P3,P4,P5,P6,P7,P8,P9,P10
2,1,350187,0,0,0,0,0,0,0,0,0,0
1,1,350188,8,8,8,8,8,8,8,8,8,8
1,1,350189,0,0,0,0,0,0,0,0,0,0
2,1,350189,0,0,0,0,0,0,0,0,0,0
1,1,350190,11,11,11,11,11,11,11,11,11,11
1,1,350191,0,0,0,0,0,0,0,0,0,0
2,1,350191,0,0,0,0,0,0,0,0,0,0
1,1,350192,0,0,0,0,0,0,0,0,0,0
1,1,350193,0,0,0,0,0,0,0,0,0,0
1,1,350194,27,7,28,8,8,23,15,30,34,13
1,1,350195,0,0,0,0,0,0,0,0,0,0
2,1,350195,0,0,0,0,0,0,0,0,0,0
1,1,350196,0,0,0,0,0,0,0,0,0,0
2,1,350196,0,0,0,0,0,0,0,0,0,0
0,1,350197,0,0,0,0,0,0,0,0,0,0
1,1,350197,0,0,0,0,0,0,0,0,0,0
1,1,350198,21,21,21,21,21,21,21,21,21,21
0,1,350199,17,19,19,24,32,0,48,8,19,18
1,1,350199,0,0,0,0,0,0,0,0,0,0
1,1,350200,0,0,0,0,0,0,0,0,0,0
2,1,350200,0,0,0,0,0,0,0,0,0,0
1,1,350201,0,0,0,0,0,0,0,0,0,0
2,1,350201,0,0,0,0,0,0,0,0,0,0
0,1,350202,0,15,21,15,21,31,0,18,15,14
1,1,350202,0,0,0,0,0,0,0,0,0,0
1,1,350203,0,0,0,0,0,0,0,0,0,0
1,1,350204,0,0,0,0,0,0,0,0,0,0
1,1,350205,0,0,0,0,0,0,0,0,0,0
2,1,350205,0,0,0,0,0,0,0,0,0,0
1,1,350206,0,0,0,0,0,0,0,0,0,0
2,1,350206,0,0,0,0,0,0,0,0,0,0
0,1,350207,0,0,0,0,0,0,0,0,0,0
1,1,350207,0,0,0,0,0,0,0,0,0,0
1,1,350208,0,0,0,0,0,0,0,0,0,0
2,1,350208,0,0,0,0,0,0,0,0,0,0
1,1,350209,0,0,0,0,0,0,0,0,0,0
1,1,350210,0,0,0,0,0,0,0,0,0,0
1,1,350211,12,12,12,12,12,12,12,12,12,12
1,1,350212,32,32,32,32,32,32,32,32,32,32
2,1,350212,24,24,24,24,24,24,24,24,24,24
3,1,350212,0,0,0,0,0,0,0,0,0,0
1,1,350213,24,24,24,24,24,24,24,24,24,24
1,1,350214,29,22,27,15,22,19,21,15,21,21
2,1,350214,0,0,0,0,0,0,0,0,0,0
1,1,350215,0,0,0,0,0,0,0,0,0,0
2,1,350215,0,0,0,0,0,0,0,0,0,0
1,1,350216,22,24,25,24,23,11,21,26,7,11
1,1,350217,14,14,14,14,14,14,14,14,14,14
1,1,350218,0,0,0,0,0,0,0,0,0,0
2,1,350218,0,0,0,0,0,0,0,0,0,0
3,1,350218,0,0,0,0,0,0,0,0,0,0
0,1,350219,0,0,0,0,0,0,0,0,0,0
1,1,350219,13,13,13,13,13,13,13,13,13,13
2,1,350219,0,0,0,0,0,0,0,0,0,0
1,1,350220,0,0,0,0,0,0,0,0,0,0
1,1,350221,27,27,27,27,27,27,27,27,27,27
2,1,350221,0,0,0,0,0,0,0,0,0,0
1,1,350222,0,0,0,0,0,0,0,0,0,0
2,1,350222,11,0,0,19,18,20,15,29,17,17
1,1,350223,0,0,0,0,0,0,0,0,0,0
2,1,350223,0,0,0,0,0,0,0,0,0,0
1,1,350224,1,1,1,1,1,1,1,1,1,1
1,1,350225,22,22,22,22,22,22,22,22,22,22
1,1,350226,17,0,0,5,0,0,0,0,8,8
2,1,350226,0,0,0,0,0,0,0,0,0,0
1,1,350227,26,26,26,26,26,26,26,26,26,26
1,1,350228,0,0,0,0,0,0,0,0,0,0
1,1,350229,14,14,14,14,14,14,14,14,14,14
2,1,350229,0,0,0,0,0,0,0,0,0,0
1,1,350230,0,0,0,0,0,0,0,0,0,0
1,1,350231,0,0,0,0,0,0,0,0,0,0
0,1,350232,0,0,27,0,9,0,0,0,12,0
0,2,350232,35,35,35,35,35,35,35,35,35,35
1,1,350232,0,0,0,0,0,0,0,0,0,0
1,1,350233,0,0,0,0,0,0,0,0,0,0
2,1,350233,0,0,0,0,0,0,0,0,0,0
0,1,350234,0,0,0,0,0,0,0,0,0,0
1,1,350234,0,0,0,0,0,0,0,0,0,0
1,1,350236,0,7,4,11,4,10,27,21,16,11
2,1,350236,0,0,0,0,0,0,0,0,0,0
1,1,350237,0,0,0,0,0,0,0,0,0,0
1,1,350238,23,23,23,23,23,23,23,23,23,23
1,1,350239,0,0,0,0,0,0,0,0,0,0
2,1,350239,27,27,27,27,27,27,27,27,27,27
1,1,350240,0,0,0,0,0,0,0,0,0,0
2,1,350240,0,0,0,0,0,0,0,0,0,0
1,1,350241,0,0,0,0,0,0,0,0,0,0
2,1,350241,0,0,0,0,0,0,0,0,0,0
1,1,350242,0,0,0,0,0,0,0,0,0,0
1,1,350243,27,27,27,27,27,27,27,27,27,27
1,1,350244,0,0,0,0,0,0,0,0,0,0
2,1,350244,0,0,0,0,0,0,0,0,0,0
1,1,350245,0,0,0,0,0,0,0,0,0,0
2,1,350245,0,0,0,0,0,0,0,0,0,0
1,1,350246,18,18,18,18,18,18,18,18,18,18
1,1,350247,0,0,0,0,0,0,0,0,0,0
2,1,350247,0,0,0,0,0,0,0,0,0,0
0,1,350248,31,31,31,31,31,31,31,31,31,31
1,1,350248,0,0,0,0,0,0,0,0,0,0
1,1,350249,0,0,0,0,0,0,0,0,0,0
1,1,350250,0,0,0,0,0,0,0,0,0,0
2,1,350250,0,0,0,0,0,0,0,0,0,0
1,1,350251,0,0,0,0,0,0,0,0,0,0
1,1,350252,3,3,3,3,3,3,3,3,3,3
1,1,350253,6,6,6,6,6,6,6,6,6,6
0,1,350254,0,0,0,0,0,0,0,0,0,0
1,1,350254,0,0,0,0,0,0,0,0,0,0
1,1,350255,0,0,0,0,0,0,0,0,0,0
2,1,350255,0,0,0,0,0,0,0,0,0,0
3,1,350255,0,0,0,0,0,0,0,0,0,0
4,1,350255,0,0,0,0,0,0,0,0,0,0
1,1,350256,0,0,0,0,0,0,0,0,0,0
1,1,350257,0,0,0,0,0,0,0,0,0,0
2,1,350257,0,0,0,0,0,0,0,0,0,0
3,1,350257,0,0,0,0,0,0,0,0,0,0
1,1,350258,12,12,12,12,12,12,12,12,12,12
1,1,350259,0,0,0,0,0,0,0,0,0,0
1,1,350260,0,0,0,0,0,0,0,0,0,0
2,1,350260,16,16,16,16,16,16,16,16,16,16
1,1,350261,5,5,5,5,5,5,5,5,5,5
1,1,350262,0,0,0,0,0,0,0,0,0,0
2,1,350262,0,0,0,0,0,0,0,0,0,0
1,1,350263,18,0,12,5,16,0,0,7,21,21
1,1,350264,0,0,0,0,0,0,0,0,0,0
1,1,350265,18,18,18,18,18,18,18,18,18,18
1,1,350266,0,0,0,0,0,0,0,0,0,0
1,1,350267,0,0,0,0,0,0,0,0,0,0
2,1,350267,0,0,0,0,0,0,0,0,0,0
1,1,350268,0,0,0,0,0,0,0,0,0,0
1,1,350269,0,0,0,0,0,0,0,0,0,0
2,1,350269,0,0,0,0,0,0,0,0,0,0
1,1,350270,18,28,14,32,19,17,14,0,36,20
1,1,350271,0,0,0,0,0,0,0,0,0,0
2,1,350271,0,0,0,0,0,0,0,0,0,0
1,1,350272,28,24,8,18,26,12,29,18,15,14
2,1,350272,0,0,0,0,0,0,0,0,0,0
0,1,350273,13,5,23,15,37,14,13,0,13,16
1,1,350273,0,0,0,0,0,0,0,0,0,0
0,1,350274,0,0,0,0,0,0,0,0,0,0
0,2,350274,0,0,0,0,0,0,0,0,0,0
1,1,350274,0,0,0,0,0,0,0,0,0,0
0,1,350275,35,35,35,35,35,35,35,35,35,35
1,1,350275,0,0,0,0,0,0,0,0,0,0
2,1,350275,0,0,0,0,0,0,0,0,0,0
1,1,350276,0,0,0,0,0,0,0,0,0,0
2,1,350276,0,0,0,0,0,0,0,0,0,0
3,1,350276,0,0,0,0,0,0,0,0,0,0
1,1,350277,0,0,0,0,0,0,0,0,0,0
1,1,350278,0,0,0,0,0,0,0,0,0,0
2,1,350278,0,0,0,0,0,0,0,0,0,0
1,1,350279,0,0,0,0,0,0,0,0,0,0
2,1,350279,0,0,0,0,0,0,0,0,0,0
1,1,350280,0,0,0,0,0,0,0,0,0,0
2,1,350280,0,0,0,0,0,0,0,0,0,0
1,1,350281,1,1,1,1,1,1,1,1,1,1
2,1,350281,0,0,0,0,0,0,0,0,0,0
1,1,350282,0,0,0,0,0,0,0,0,0,0
2,1,350282,0,0,0,0,0,0,0,0,0,0
3,1,350282,0,0,0,0,0,0,0,0,0,0
1,1,350283,0,0,0,0,0,0,0,0,0,0
1,1,350284,18,18,18,18,18,18,18,18,18,18
2,1,350284,18,18,18,18,18,18,18,18,18,18
1,1,350286,0,0,0,0,0,0,0,0,0,0
1,1,350287,0,0,0,0,0,0,0,0,0,0
1,1,350288,0,0,0,0,0,0,0,0,0,0
1,1,350289,0,0,0,0,0,0,0,0,0,0
2,1,350289,0,0,0,0,0,0,0,0,0,0
3,1,350289,0,0,0,0,0,0,0,0,0,0
1,1,350290,0,0,0,0,0,0,0,0,0,0
2,1,350290,0,0,0,0,0,0,0,0,0,0
1,1,350291,0,0,0,0,0,0,0,0,0,0
2,1,350291,0,0,0,0,0,0,0,0,0,0
1,1,350292,21,21,21,21,21,21,21,21,21,21
1,1,350293,15,0,22,9,12,23,25,12,16,27
1,1,350294,20,20,20,20,20,20,20,20,20,20
1,1,350295,13,13,13,13,13,13,13,13,13,13
1,1,350296,0,0,0,0,0,0,0,0,0,0
2,1,350296,0,0,0,0,0,0,0,0,0,0
3,1,350296,0,0,0,0,0,0,0,0,0,0
1,1,350297,0,0,0,0,0,0,0,0,0,0
2,1,350297,0,0,0,0,0,0,0,0,0,0
3,1,350297,0,0,0,0,0,0,0,0,0,0
0,1,350298,0,0,0,0,0,0,0,0,0,0
1,1,350298,0,0,0,0,0,0,0,0,0,0
2,1,350298,0,0,0,0,0,0,0,0,0,0
0,1,350299,0,0,0,0,0,0,0,0,0,0
1,1,350299,0,0,0,0,0,0,0,0,0,0
1,1,350300,21,35,32,26,20,14,7,5,21,5
1,1,350301,0,0,0,0,0,0,0,0,0,0
2,1,350301,0,0,0,0,0,0,0,0,0,0
1,1,350302,0,0,0,0,0,0,0,0,0,0
0,1,350303,0,0,0,0,0,0,0,0,0,0
1,1,350303,0,0,0,0,0,0,0,0,0,0
1,1,350304,25,25,25,25,25,25,25,25,25,25
1,1,350305,0,0,0,0,0,0,0,0,0,0
1,1,350306,0,0,0,0,0,0,0,0,0,0
2,1,350306,0,0,0,0,0,0,0,0,0,0
1,1,350307,0,0,0,0,0,0,0,0,0,0
2,1,350307,0,0,0,0,0,0,0,0,0,0
1,1,350308,19,19,19,19,19,19,19,19,19,19
0,1,350309,31,31,31,31,31,31,31,31,31,31
1,1,350309,0,0,0,0,0,0,0,0,0,0
1,1,350310,22,5,13,9,9,5,14,4,9,4
1,1,350311,19,0,4,15,15,18,13,16,19,8
2,1,350311,0,0,0,0,0,0,0,0,0,0
1,1,350312,21,21,21,21,21,21,21,21,21,21
1,1,350313,0,0,0,0,0,0,0,0,0,0
0,1,350314,18,12,22,0,17,22,19,18,0,0
1,1,350314,0,0,0,0,0,0,0,0,0,0
1,1,350315,0,0,0,0,0,0,0,0,0,3
1,1,350316,22,22,22,22,22,22,22,22,22,22
1,1,350317,0,0,0,0,0,0,0,0,0,0
2,1,350317,0,0,0,0,0,0,0,0,0,0
1,1,350318,27,27,27,27,27,27,27,27,27,27
1,1,350319,0,0,0,0,0,0,0,0,0,0
1,1,350320,5,10,19,11,10,13,20,11,6,13
1,1,350321,0,0,0,0,0,0,0,0,0,0
2,1,350321,0,0,0,0,0,0,0,0,0,0
1,1,350322,9,18,27,0,19,14,11,15,21,5
2,1,350322,0,0,0,0,0,0,0,0,0,0
1,1,360001,0,0,0,0,0,0,0,0,0,0
0,1,360002,24,24,24,24,24,24,24,24,24,24
1,1,360002,10,14,0,2,7,8,13,27,21,7
0,1,360004,19,19,19,19,19,19,19,19,19,19
1,1,360004,0,0,0,0,0,10,0,0,0,0
1,1,360005,15,15,15,15,15,15,15,15,15,15
2,1,360005,17,0,0,0,0,0,0,0,4,13
1,1,360006,0,0,0,0,0,0,0,6,0,0
2,1,360006,12,0,0,0,0,22,0,0,0,0
1,1,360007,0,0,0,0,0,0,0,0,0,0
1,1,360008,0,0,0,0,0,0,0,0,0,0
2,1,360008,0,0,4,0,0,0,0,0,0,0
1,1,360009,0,0,0,0,0,0,0,0,0,0
1,1,360010,0,0,0,0,0,0,0,0,0,0
2,1,360010,0,0,0,0,10,0,0,0,0,0
1,1,360011,0,0,0,0,0,0,0,0,0,0
2,1,360011,0,0,0,0,0,0,0,0,0,0
1,1,360012,11,11,11,11,11,11,11,11,11,11
0,1,360013,0,0,0,0,0,0,0,0,0,0
1,1,360013,0,0,0,17,0,0,0,0,0,0
1,1,360014,0,0,0,0,0,0,0,0,0,0
1,1,360015,0,0,0,0,0,0,0,0,0,0
2,1,360015,0,0,0,0,0,0,0,0,0,0
1,1,360016,13,13,13,13,13,13,13,13,13,13
2,1,360016,0,17,0,19,0,0,0,0,23,0
1,1,360017,0,0,0,0,0,0,0,0,0,0
2,1,360017,0,0,0,0,0,0,0,0,0,0
1,1,360018,23,23,23,23,23,23,23,23,23,23
1,1,360019,15,26,15,0,14,25,13,14,30,13
1,1,360020,0,0,0,0,0,0,0,0,0,0
1,1,360022,0,0,0,0,0,0,0,0,0,0
1,1,360023,0,0,0,0,0,0,0,0,0,0
2,1,360023,0,0,0,0,0,0,0,0,13,0
0,1,360024,0,0,0,0,0,0,0,0,0,0
1,1,360024,0,0,0,12,0,14,0,0,0,0
1,1,360025,0,0,0,0,6,0,0,0,0,0
2,1,360025,0,11,0,0,0,0,0,0,0,0
1,1,360026,0,0,0,0,0,0,0,0,0,0
2,1,360026,0,0,0,0,0,0,0,0,0,0
0,1,360027,0,0,0,0,0,0,0,0,0,0
1,1,360027,0,0,0,24,0,0,0,0,0,0
0,1,360028,0,0,0,0,0,0,0,0,0,0
1,1,360028,0,0,0,0,0,0,0,0,0,0
1,1,360029,0,0,0,14,9,0,0,0,0,0
2,1,360029,0,0,0,0,0,0,0,0,0,0
1,1,360030,0,0,0,0,0,0,0,0,0,0
1,1,360031,26,26,26,26,26,26,26,26,26,26
1,1,360032,0,0,0,18,7,0,0,0,0,0
2,1,360032,8,9,7,0,17,6,13,24,13,0
0,1,360033,0,0,0,0,0,0,0,0,0,0
1,1,360033,0,0,0,0,0,0,0,0,0,0
1,1,360034,0,0,0,0,0,0,0,0,0,0
0,1,360035,0,0,0,0,0,0,0,0,0,0
1,1,360035,0,0,0,15,0,0,0,0,0,0
0,1,360036,0,0,0,0,0,0,0,0,0,0
0,2,360036,0,0,0,29,6,0,0,14,0,13
1,1,360036,0,0,0,0,0,0,0,0,0,0
0,1,360037,0,0,0,0,0,0,0,0,0,0
0,2,360037,0,27,24,13,0,0,11,0,0,0
1,1,360037,12,12,12,12,12,12,12,12,12,12
1,1,360038,0,0,0,0,0,0,0,0,0,0
2,1,360038,0,0,0,0,0,6,0,0,0,0
1,1,360039,0,0,0,0,0,0,0,0,0,0
2,1,360039,0,0,0,0,0,0,0,0,0,0
1,1,360040,0,0,0,0,0,0,0,0,0,0
2,1,360040,0,0,0,0,0,0,0,0,0,0
3,1,360040,0,0,0,0,0,0,0,0,0,0
1,1,360042,17,17,17,17,17,17,17,17,17,17
0,1,360043,0,0,14,0,0,0,0,0,0,9
1,1,360043,0,0,0,0,0,8,0,0,0,0
1,1,360044,0,0,0,0,0,0,0,0,0,0
2,1,360044,0,0,0,0,0,0,0,0,0,0
1,1,360045,0,0,0,0,0,0,0,0,0,0
2,1,360045,0,0,0,0,0,0,0,0,0,0
3,1,360045,0,0,0,0,0,0,0,0,0,0
1,1,360046,0,0,0,0,0,0,0,0,0,0
2,1,360046,24,15,23,9,16,18,20,37,14,13
1,1,360047,20,20,20,20,20,20,20,20,20,20
1,1,360048,18,18,18,18,18,18,18,18,18,18
0,1,360049,24,24,24,24,24,24,24,24,24,24
1,1,360049,0,0,0,7,0,0,0,13,0,14
1,1,360050,2,2,2,2,2,2,2,2,2,2
1,1,360051,14,14,14,14,14,14,14,14,14,14
2,1,360051,9,13,0,0,12,0,6,14,23,0
1,1,360052,0,0,0,0,0,0,0,0,0,0
2,1,360052,0,0,0,0,0,0,0,0,0,0
1,1,360053,0,0,0,0,0,0,0,0,0,0
2,1,360053,0,0,0,0,0,0,0,0,0,0
1,1,360054,0,0,0,0,0,0,0,0,0,0
1,1,360055,0,0,0,0,0,0,0,0,0,0
2,1,360055,0,0,0,0,0,0,0,0,0,0
1,1,360056,0,0,0,0,0,0,0,0,0,0
0,1,360057,0,0,0,0,0,0,0,0,0,0
1,1,360057,0,0,0,0,0,0,0,0,0,0
1,1,360058,0,0,0,0,0,0,0,0,0,0
1,1,360059,0,0,0,0,0,0,0,0,0,0
0,1,360060,0,0,0,0,0,0,0,0,0,0
1,1,360060,0,0,0,0,0,0,0,0,0,21
1,1,360061,0,0,0,0,0,0,0,0,0,0
2,1,360061,0,0,7,0,0,0,0,0,0,0
3,1,360061,0,0,0,0,0,0,0,0,0,6
1,1,360062,0,0,0,0,0,0,0,0,0,0
2,1,360062,0,0,0,0,0,0,0,16,0,0
1,1,360063,0,17,0,0,16,0,0,0,0,0
1,1,360064,7,7,7,7,7,7,7,7,7,7
1,1,360065,0,0,0,0,0,0,0,0,0,0
2,1,360065,0,0,0,0,0,0,0,0,0,0
1,1,360066,14,14,14,14,14,14,14,14,14,14
0,1,360067,9,9,9,9,9,9,9,9,9,9
1,1,360067,0,0,0,0,0,0,0,0,0,0
1,1,360068,0,0,0,0,0,0,0,0,0,0
2,1,360068,0,0,0,0,0,0,0,0,0,7
1,1,360069,9,14,25,14,36,27,7,12,8,32
1,1,360070,0,0,0,0,0,0,0,0,0,0
2,1,360070,0,0,25,0,0,0,0,4,0,0
1,1,360071,0,0,0,0,0,0,0,0,0,0
2,1,360071,0,8,0,0,0,0,0,3,0,0
1,1,360072,21,0,0,0,0,0,0,0,0,0
2,1,360072,0,0,0,0,0,0,0,0,0,0
1,1,360073,0,0,0,0,0,0,0,0,0,0
1,1,360074,25,25,25,25,25,25,25,25,25,25
1,1,360075,0,0,0,0,0,0,0,0,0,0
1,1,360076,0,0,0,0,0,0,0,0,0,0
1,1,360077,0,0,0,0,0,0,0,0,0,0
2,1,360077,0,0,0,0,0,0,0,0,0,0
1,1,360078,0,0,0,14,0,0,0,24,0,0
1,1,360079,0,0,0,0,0,0,0,0,0,0
2,1,360079,0,0,0,0,0,0,0,0,0,0
0,1,360080,0,0,0,0,0,0,0,0,0,0
1,1,360080,0,0,0,0,0,0,0,0,0,0
0,1,360081,0,0,0,0,0,0,0,0,0,0
1,1,360081,0,0,4,0,0,0,22,0,5,0
1,1,360082,0,0,0,0,0,0,0,0,0,0
0,1,360083,0,0,0,0,0,0,0,0,0,0
1,1,360083,0,0,16,0,0,0,0,0,0,0
2,1,360083,0,0,0,0,11,0,0,0,0,0
1,1,360084,7,0,0,0,0,18,7,15,0,0
1,1,360085,0,6,0,16,11,5,19,7,0,0
2,1,360085,0,0,0,0,0,0,0,0,0,0
0,1,360086,8,8,8,8,8,8,8,8,8,8
1,1,360086,7,0,12,0,0,0,15,0,0,44
1,1,360087,9,21,13,21,13,27,12,20,9,29
2,1,360087,23,23,23,23,23,23,23,23,23,23
0,1,360088,1,1,1,1,1,1,1,1,1,1
1,1,360088,16,13,16,11,11,21,20,15,19,13
1,1,360089,0,0,0,0,0,0,0,0,0,0
2,1,360089,0,0,0,0,0,0,0,0,0,0
0,1,360090,14,14,14,14,14,14,14,14,14,14
1,1,360090,0,0,0,0,0,0,0,0,0,0
2,1,360090,0,0,0,0,0,0,0,0,0,0
1,1,360091,25,25,25,25,25,25,25,25,25,25
0,1,360092,0,0,0,0,0,0,0,0,0,0
1,1,360092,0,0,0,0,0,0,0,0,15,6
0,1,360093,0,0,0,0,0,0,0,0,0,0
1,1,360093,18,0,0,0,0,0,0,0,0,0
0,1,360094,17,17,17,17,17,17,17,17,17,17
1,1,360094,0,0,12,6,0,23,0,0,0,0
0,1,360095,0,0,0,0,0,0,0,0,0,0
1,1,360095,27,0,10,0,0,7,3,6,0,3
1,1,360096,0,5,0,16,9,0,0,0,0,6
0,1,360097,0,0,17,0,0,0,0,0,0,0
1,1,360097,0,0,0,0,0,0,0,0,0,0
1,1,360098,0,0,0,6,0,0,0,0,0,0
2,1,360098,2,2,2,2,2,2,2,2,2,2
1,1,360099,0,0,0,0,3,0,0,0,0,0
2,1,360099,0,0,0,0,0,0,0,0,0,0
1,1,360100,0,0,0,0,0,0,0,0,0,0
2,1,360100,0,0,0,0,0,0,0,0,0,0
1,1,360101,19,19,19,19,19,19,19,19,19,19
1,1,360102,0,0,0,0,0,0,0,0,0,0
1,1,360103,17,17,17,17,17,17,17,17,17,17
0,1,360104,0,0,0,42,17,0,0,0,31,24
1,1,360104,22,0,13,9,0,0,0,0,0,0
0,1,360105,0,0,0,0,0,0,0,0,0,0
1,1,360105,0,0,0,0,0,0,0,0,0,0
0,1,360106,0,0,0,0,0,0,0,0,0,0
1,1,360106,0,0,0,0,0,0,0,0,0,0
0,1,360107,0,0,0,0,0,0,0,0,0,0
1,1,360107,0,0,0,0,0,0,0,0,0,0
1,1,360108,0,0,0,0,0,0,0,0,0,0
2,1,360108,0,0,0,0,0,0,0,11,0,0
1,1,360109,12,12,12,12,12,12,12,12,12,12
1,1,360110,24,24,24,24,24,24,24,24,24,24
1,1,360111,24,24,24,24,24,24,24,24,24,24
2,1,360111,0,0,0,0,0,0,0,0,0,0
1,1,360112,10,10,10,10,10,10,10,10,10,10
1,1,360113,0,0,0,0,0,0,0,0,0,0
2,1,360113,0,0,0,23,0,0,0,11,0,0
1,1,360114,0,0,0,0,0,0,8,0,0,0
2,1,360114,0,0,0,0,0,0,0,0,0,0
3,1,360114,0,0,0,0,0,0,0,0,0,0
4,1,360114,0,0,0,0,0,0,0,0,0,0
5,1,360114,0,0,0,0,0,0,0,0,0,0
1,1,360115,18,18,18,18,18,18,18,18,18,18
0,1,360116,0,0,0,0,0,0,0,0,0,0
1,1,360116,13,0,0,0,0,0,0,0,0,0
0,1,360117,0,0,0,0,0,0,0,0,0,0
1,1,360117,0,4,0,6,0,13,0,0,0,0
0,1,360118,0,0,0,0,0,0,0,0,0,0
1,1,360118,0,0,0,21,0,0,0,0,0,0
1,1,360119,26,26,26,26,26,26,26,26,26,26
0,1,360120,0,0,0,0,0,0,0,0,0,0
0,2,360120,0,0,0,0,0,0,0,0,0,0
0,3,360120,0,0,0,0,0,0,0,0,0,0
0,1,360121,17,17,17,17,17,17,17,17,17,17
1,1,360121,13,11,8,12,0,3,0,9,0,23
0,1,360122,0,0,0,0,0,0,0,0,0,0
0,2,360122,0,0,0,0,0,0,0,0,0,0
1,1,360122,20,15,17,20,10,21,2,17,20,23
1,1,360123,8,8,8,8,8,8,8,8,8,8
0,1,360124,0,0,0,0,0,0,0,0,0,0
1,1,360124,0,0,0,0,0,0,0,0,0,0
0,1,360125,0,0,0,0,0,0,0,0,0,0
1,1,360125,4,0,0,0,0,0,0,0,0,0
1,1,360126,0,0,0,0,0,0,0,0,0,0
2,1,360126,0,0,0,0,0,0,0,0,0,0
1,1,360127,22,22,22,22,22,22,22,22,22,22
0,1,360128,0,0,0,0,0,0,0,0,0,0
1,1,360128,0,0,0,0,0,0,0,0,0,0
1,1,360129,18,21,16,8,13,18,2,10,11,15
1,1,360130,19,19,19,19,19,19,19,19,19,19
1,1,360131,0,0,0,0,0,0,0,0,0,0
1,1,360132,0,0,0,0,0,0,0,0,0,0
2,1,360132,0,0,0,0,0,0,0,0,0,0
1,1,360133,0,0,0,0,0,0,0,0,0,0
2,1,360133,20,20,20,20,20,20,20,20,20,20
1,1,360134,10,0,0,16,0,0,0,0,8,0
2,1,360134,0,0,13,0,0,0,0,0,0,0
1,1,360135,10,10,10,10,10,10,10,10,10,10
1,1,360136,0,0,0,0,0,0,0,0,0,0
0,1,360137,0,0,0,0,0,0,0,0,0,0
1,1,360137,0,0,0,0,9,0,0,0,0,4
1,1,360138,0,0,0,0,0,0,0,0,0,0
1,1,360139,13,9,8,11,8,9,10,11,7,32
1,1,360140,0,0,0,0,0,0,0,0,0,0
0,1,360141,3,3,3,3,3,3,3,3,3,3
1,1,360141,0,0,0,0,0,0,0,0,0,0
0,1,360142,0,0,0,0,0,0,0,0,0,0
1,1,360142,0,0,0,0,0,0,0,0,0,0
0,1,360143,0,0,0,0,0,0,0,0,0,0
1,1,360143,0,0,0,0,0,0,0,0,0,0
1,1,360144,0,0,6,0,0,0,0,0,0,0
2,1,360144,14,14,14,14,14,14,14,14,14,14
0,1,360145,0,0,0,0,0,0,0,0,0,0
1,1,360145,0,0,0,0,0,0,0,0,0,0
1,1,360146,0,17,0,19,21,0,0,0,0,0
1,1,360147,0,0,0,0,0,0,0,0,0,0
2,1,360147,0,0,6,0,0,0,0,0,0,0
1,1,360148,0,0,6,0,12,0,0,14,0,0
2,1,360148,0,0,0,0,0,0,0,0,0,0
1,1,360149,0,0,0,7,0,12,0,0,0,0
1,1,360150,0,12,0,0,0,0,9,0,0,0
2,1,360150,0,0,0,0,0,0,0,0,0,0
1,1,360151,3,3,3,3,3,3,3,3,3,3
0,1,360152,21,21,21,21,21,21,21,21,21,21
1,1,360152,27,1,0,0,0,0,0,0,0,0
0,1,360153,0,0,0,0,0,0,0,0,0,0
1,1,360153,0,9,0,0,0,15,0,0,0,0
1,1,360154,0,0,0,0,0,0,0,0,0,0
2,1,360154,0,0,0,19,0,0,0,0,0,0
1,1,360155,17,17,17,17,17,17,17,17,17,17
0,1,360156,4,4,4,4,4,4,4,4,4,4
1,1,360156,0,0,0,0,0,0,0,0,10,16
1,1,360157,21,21,21,21,21,21,21,21,21,21
1,1,360158,16,5,24,10,14,0,11,0,0,13
1,1,360160,0,0,0,0,0,0,0,0,0,0
2,1,360160,0,0,0,0,0,0,0,0,0,0
1,1,360161,11,11,11,11,11,11,11,11,11,11
0,1,360162,0,13,3,11,18,0,27,20,0,0
1,1,360162,0,0,0,0,0,0,0,14,22,0
1,1,360163,0,0,0,0,9,0,0,0,0,0
2,1,360163,0,0,0,0,0,0,0,0,0,0
1,1,360164,0,0,0,0,0,0,0,0,0,0
0,1,360165,20,20,20,20,20,20,20,20,20,20
0,2,360165,0,0,0,0,0,0,0,0,0,0
1,1,360165,15,35,13,13,17,14,11,23,15,11
1,1,360166,13,13,13,13,13,13,13,13,13,13
1,1,360167,0,0,0,0,0,0,0,0,0,0
2,1,360167,0,0,0,0,0,0,0,0,0,0
0,1,360168,0,0,0,0,0,0,0,0,0,0
1,1,360168,0,0,0,0,0,0,0,0,0,0
0,1,360169,36,36,36,36,36,36,36,36,36,36
1,1,360169,0,0,0,0,0,0,0,0,0,0
1,1,360170,0,0,0,0,0,0,0,0,0,0
0,1,360171,20,20,20,20,20,20,20,20,20,20
1,1,360171,7,0,0,0,14,6,0,2,0,18
1,1,360172,20,23,26,22,8,8,17,30,12,8
2,1,360172,0,0,0,0,0,0,0,0,0,0
0,1,360173,0,0,0,0,0,0,0,0,0,0
1,1,360173,17,0,0,9,0,0,0,10,0,0
2,1,360173,16,24,0,0,0,0,0,0,12,0
1,1,360174,0,0,0,13,0,0,0,0,0,0