VEH_NO,PER_NO,ST_CASE,P1,P2,P3,P4,P5,P6,P7,P8,P9,P10
2,1,360174,0,0,0,28,0,0,0,0,0,15
3,1,360174,0,0,0,0,0,0,7,13,0,0
1,1,360175,0,0,0,6,0,0,0,0,0,13
2,1,360175,0,0,0,12,0,0,0,0,0,9
0,1,360176,0,0,0,0,0,0,0,0,0,0
1,1,360176,0,0,0,0,0,0,0,0,0,0
1,1,360177,0,0,0,0,0,0,0,0,0,0
2,1,360177,0,0,0,0,0,0,0,0,0,0
1,1,360178,23,23,23,23,23,23,23,23,23,23
1,1,360179,0,0,0,0,0,0,0,0,0,0
1,1,360180,3,3,3,3,3,3,3,3,3,3
1,1,360181,0,0,0,0,0,0,0,0,0,0
2,1,360181,0,0,0,0,0,0,0,0,0,0
1,1,360182,14,14,14,14,14,14,14,14,14,14
1,1,360183,10,31,11,40,13,5,2,33,27,21
0,1,360184,0,0,0,0,0,0,0,0,0,0
1,1,360184,0,0,0,0,0,0,0,0,0,0
1,1,360185,0,0,0,0,0,0,0,0,0,0
1,1,360186,0,0,0,0,0,0,0,0,0,0
1,1,360187,25,25,25,25,25,25,25,25,25,25
1,1,360188,23,20,22,15,12,10,0,28,0,28
1,1,360189,23,23,23,23,23,23,23,23,23,23
0,1,360190,0,0,0,0,0,0,0,0,0,0
1,1,360190,0,0,0,8,0,0,0,19,0,0
1,1,360192,11,26,24,0,0,9,20,7,30,17
1,1,360193,24,17,0,0,18,14,15,14,33,0
1,1,360194,15,15,15,15,15,15,15,15,15,15
2,1,360194,0,0,0,0,0,0,0,0,10,0
0,1,360195,0,0,0,0,0,0,0,0,0,0
1,1,360195,0,0,0,0,0,0,0,0,0,0
1,1,360196,10,10,10,10,10,10,10,10,10,10
1,1,360197,0,0,13,0,0,0,0,0,0,0
1,1,360198,0,0,0,0,0,0,0,0,0,0
1,1,360199,0,0,0,3,0,0,0,7,0,0
2,1,360199,0,0,0,0,0,0,0,0,0,0
0,1,360200,0,0,6,0,0,0,0,0,0,0
1,1,360200,17,0,0,0,0,0,5,0,0,0
1,1,360201,14,14,14,14,14,14,14,14,14,14
1,1,360202,0,0,0,0,0,0,0,0,0,0
2,1,360202,21,15,9,8,26,12,7,11,0,20
0,1,360204,20,20,20,20,20,20,20,20,20,20
1,1,360204,0,0,0,0,0,0,0,0,0,6
1,1,360205,0,0,0,0,0,0,0,0,0,0
1,1,360206,0,0,0,0,0,0,0,0,0,0
0,1,360207,10,12,0,0,0,0,0,0,0,0
1,1,360207,0,0,0,0,0,0,0,0,0,0
0,1,360208,0,0,0,0,0,0,0,0,0,0
1,1,360208,0,0,0,0,0,0,0,0,16,0
0,1,360209,0,0,0,0,0,0,0,0,0,0
1,1,360209,0,0,0,0,0,0,0,0,0,0
0,1,360210,21,21,21,21,21,21,21,21,21,21
1,1,360210,23,0,0,0,0,0,0,0,6,0
1,1,360211,0,0,0,0,0,0,0,0,10,0
2,1,360211,0,0,0,0,0,0,0,0,0,10
1,1,360212,0,0,0,0,0,0,0,0,0,0
2,1,360212,0,0,0,0,0,0,0,0,0,0
1,1,360213,0,0,0,8,0,0,0,0,0,9
1,1,360214,0,0,0,0,0,0,0,0,0,0
2,1,360214,0,0,0,0,0,0,0,0,12,0
1,1,360215,0,0,0,0,0,0,0,0,0,0
2,1,360215,0,0,0,0,0,0,0,0,0,0
1,1,360216,16,0,0,0,6,15,0,0,14,0
2,1,360216,0,0,0,0,0,0,0,0,0,0
1,1,360217,0,0,0,11,0,0,0,0,0,0
2,1,360217,0,0,0,0,0,0,0,0,0,0
1,1,360218,0,0,0,0,0,19,0,0,0,0
2,1,360218,13,13,13,13,13,13,13,13,13,13
0,1,360219,0,0,0,0,0,0,0,0,0,0
1,1,360219,0,0,0,0,0,0,0,0,0,0
1,1,360220,0,0,0,8,0,0,0,0,0,0
1,1,360221,2,12,16,13,22,21,25,28,16,18
0,1,360222,0,0,0,0,0,0,0,0,0,0
1,1,360222,0,0,0,4,0,0,0,0,0,12
1,1,360223,0,0,31,0,8,30,0,0,12,14
0,1,360224,0,0,0,0,0,0,0,0,0,0
1,1,360224,0,0,0,0,0,0,0,0,0,0
1,1,360225,0,0,0,0,0,0,0,0,0,0
2,1,360225,0,0,0,0,0,0,0,0,0,0
1,1,360226,0,0,0,0,0,0,0,0,0,0
1,1,360227,0,0,0,0,0,0,0,0,0,0
2,1,360227,0,0,0,0,0,11,0,0,0,0
1,1,360228,0,0,0,0,0,0,0,0,0,0
1,1,360229,0,0,0,0,0,0,0,0,0,0
1,1,360230,0,0,0,0,0,0,0,0,0,0
2,1,360230,0,0,0,0,0,0,12,0,0,0
0,1,360231,0,0,0,0,0,0,0,0,0,0
1,1,360231,0,9,8,0,0,0,0,0,0,0
0,1,360232,0,0,0,0,0,0,0,0,0,0
1,1,360232,6,0,0,0,0,0,0,0,0,6
1,1,360233,0,0,0,0,0,0,0,0,0,0
1,1,360234,0,0,0,0,0,0,0,0,0,0
1,1,360235,0,0,0,0,0,0,0,0,0,0
1,1,360236,0,0,0,0,0,0,0,0,0,0
1,1,360237,0,0,0,0,0,0,0,0,0,0
2,1,360237,0,0,0,0,0,0,0,0,0,0
1,1,360238,0,19,0,0,12,0,0,0,13,0
2,1,360238,0,0,0,0,0,0,0,0,0,0
1,1,360239,0,0,0,0,0,0,0,0,0,0
2,1,360239,0,0,0,0,0,0,0,0,0,0
1,1,360240,20,20,20,20,20,20,20,20,20,20
2,1,360240,0,0,0,0,0,6,0,0,0,0
3,1,360240,0,0,0,9,11,0,0,0,0,0
1,1,360241,0,0,0,0,0,0,0,0,0,0
1,1,360242,18,30,20,9,27,16,34,19,32,13
0,1,360243,0,0,16,0,13,0,0,6,0,6
1,1,360243,0,0,0,12,0,0,0,0,0,0
0,1,360244,0,0,0,0,0,0,0,0,0,0
1,1,360244,0,0,0,0,0,0,0,0,0,0
1,1,360245,0,0,0,0,0,18,0,0,0,19
2,1,360245,0,0,0,0,0,0,0,0,0,0
0,1,360246,0,0,0,0,0,0,0,0,0,0
1,1,360246,9,0,0,0,0,21,0,0,0,0
1,1,360247,0,0,0,0,0,0,0,0,0,0
2,1,360247,3,7,11,11,4,18,10,14,17,19
1,1,360248,0,0,0,0,0,0,0,0,0,0
2,1,360248,9,21,5,13,0,0,15,19,13,3
1,1,360249,5,5,5,5,5,5,5,5,5,5
1,1,360250,10,0,3,0,0,0,0,0,9,0
1,1,360251,31,40,31,15,17,17,16,38,27,11
1,1,360252,28,28,28,28,28,28,28,28,28,28
2,1,360252,0,0,0,0,0,0,0,0,0,0
1,1,360253,0,0,0,0,0,0,0,0,0,0
2,1,360253,0,0,15,0,0,0,0,4,0,0
1,1,360254,8,8,8,8,8,8,8,8,8,8
1,1,360255,0,0,0,0,0,0,0,0,0,0
1,1,360256,0,0,0,0,0,0,9,0,0,0
1,1,360257,0,0,0,0,0,0,0,0,0,0
2,1,360257,0,0,0,0,0,0,0,9,0,0
1,1,360258,0,0,0,0,0,0,0,0,0,0
2,1,360258,0,0,0,0,0,0,0,0,0,0
1,1,360259,16,23,11,27,21,15,16,7,0,25
1,1,360260,12,12,12,12,12,12,12,12,12,12
1,1,360261,0,0,0,0,0,0,0,0,0,0
1,1,360262,0,0,0,17,0,7,11,15,0,11
2,1,360262,0,0,0,0,0,0,0,0,0,0
1,1,360263,17,17,17,17,17,17,17,17,17,17
0,1,360264,0,0,0,0,0,0,0,0,0,0
1,1,360264,0,0,0,0,0,7,0,0,10,0
2,1,360264,0,0,0,0,0,0,0,0,0,19
0,1,360266,0,0,0,0,0,0,0,0,0,0
1,1,360266,0,28,25,0,0,14,0,0,0,13
1,1,360267,0,0,0,0,0,0,0,0,0,0
2,1,360267,0,0,0,0,0,0,0,0,0,0
1,1,360268,0,0,0,0,0,0,0,0,0,0
2,1,360268,0,0,0,0,0,0,0,0,0,0
1,1,360269,0,0,0,0,0,0,0,0,0,0
2,1,360269,0,0,0,0,0,0,0,0,0,0
1,1,360270,17,17,17,17,17,17,17,17,17,17
1,1,360271,0,0,0,0,0,0,0,0,0,0
2,1,360271,4,0,0,0,0,0,0,0,0,0
1,1,360272,0,0,0,0,0,0,0,0,0,0
2,1,360272,0,0,0,0,0,0,0,0,0,0
0,1,360273,0,0,0,0,0,0,0,0,0,0
1,1,360273,13,14,24,0,15,6,6,0,0,14
0,1,360274,0,0,0,0,0,0,0,0,0,0
1,1,360274,0,14,0,0,0,0,0,0,0,0
0,1,360275,0,0,0,0,0,0,0,0,0,0
1,1,360275,0,0,0,0,0,0,7,0,0,0
1,1,360276,34,0,6,18,0,24,6,0,21,0
1,1,360277,0,0,0,0,0,0,0,0,0,0
2,1,360277,0,0,0,0,0,0,0,0,0,0
1,1,360278,0,0,0,0,0,0,0,0,0,0
1,1,360279,0,0,0,9,0,0,0,0,0,0
2,1,360279,0,0,0,0,0,0,0,0,0,0
1,1,360280,0,0,0,0,0,10,0,0,4,0
2,1,360280,16,16,16,16,16,16,16,16,16,16
1,1,360281,0,0,0,0,0,0,0,0,0,0
2,1,360281,0,0,0,0,0,0,0,0,0,0
1,1,360282,0,0,0,0,13,16,0,0,21,0
1,1,360283,24,24,24,24,24,24,24,24,24,24
1,1,360284,0,0,0,0,0,0,0,0,0,0
1,1,360285,29,29,29,29,29,29,29,29,29,29
0,1,360286,24,24,24,24,24,24,24,24,24,24
1,1,360286,0,25,0,24,0,0,0,0,0,30
1,1,360287,16,15,11,7,16,11,12,9,14,22
1,1,360288,12,12,12,12,12,12,12,12,12,12
2,1,360288,0,0,0,0,0,0,4,0,0,0
1,1,360289,13,13,13,13,13,13,13,13,13,13
2,1,360289,0,0,0,0,61,0,0,0,0,0
1,1,360290,0,0,0,0,0,10,0,0,0,0
2,1,360290,0,0,0,0,0,0,0,0,0,0
0,1,360291,0,23,27,20,25,0,22,40,25,2
1,1,360291,0,0,0,0,0,0,0,0,0,0
1,1,360292,0,0,0,0,0,0,0,0,0,0
1,1,360293,22,22,22,22,22,22,22,22,22,22
1,1,360294,0,0,0,0,0,0,0,0,0,0
1,1,360295,6,0,0,35,19,6,0,0,0,24
1,1,360296,0,0,0,0,0,0,0,0,0,0
1,1,360297,0,10,0,0,0,0,0,0,0,0
1,1,360298,0,0,0,0,0,0,0,0,0,0
2,1,360298,11,4,0,0,0,0,0,0,10,8
3,1,360298,0,0,0,10,0,0,0,0,0,0
1,1,360299,0,0,0,0,0,0,0,0,0,0
2,1,360299,0,0,13,0,0,0,0,0,0,0
1,1,360300,22,22,22,22,22,22,22,22,22,22
0,1,360301,24,24,24,24,24,24,24,24,24,24
1,1,360301,1,0,0,0,0,0,0,0,0,0
0,1,360302,25,25,25,25,25,25,25,25,25,25
1,1,360302,24,0,13,0,0,0,0,6,0,2
1,1,360303,0,0,0,0,0,0,0,0,0,0
2,1,360303,0,0,0,0,0,0,0,0,0,0
1,1,360304,0,0,0,0,0,0,0,0,0,0
1,1,360305,23,23,23,23,23,23,23,23,23,23
1,1,360306,0,0,0,0,0,0,0,0,0,0
0,1,360307,0,0,0,0,0,0,0,0,0,0
1,1,360307,0,0,0,0,12,0,0,0,0,0
1,1,360308,1,1,1,1,1,1,1,1,1,1
1,1,360309,0,0,0,0,0,0,0,0,0,7
1,1,360310,0,0,0,0,0,0,0,0,0,0
0,1,360311,26,26,26,26,26,26,26,26,26,26
1,1,360311,0,18,15,0,0,0,0,0,0,0
0,1,360312,0,0,0,0,0,0,0,0,0,0
1,1,360312,0,0,0,0,0,0,0,0,0,0
0,1,360313,18,18,18,18,18,18,18,18,18,18
1,1,360313,0,0,0,0,0,12,0,0,24,0
1,1,360314,0,0,0,0,0,0,0,0,0,0
2,1,360314,0,10,0,0,0,0,0,0,0,0
3,1,360314,0,0,0,0,0,0,0,0,0,0
1,1,360315,0,0,0,0,0,0,0,0,0,0
2,1,360315,0,0,0,0,0,0,0,0,0,0
1,1,360316,0,20,0,0,0,9,0,0,0,0
2,1,360316,0,0,0,0,0,0,0,0,0,0
1,1,360317,0,16,16,12,0,8,0,0,10,0
2,1,360317,15,13,24,8,14,19,8,13,0,14
0,1,360318,0,0,0,0,0,0,0,0,0,0
1,1,360318,0,0,0,0,0,0,0,8,0,0
2,1,360318,0,0,0,4,0,0,9,0,0,0
3,1,360318,0,0,0,0,0,0,0,4,0,0
1,1,360319,0,0,0,0,0,0,0,0,0,0
2,1,360319,0,0,0,0,0,0,0,0,0,0
1,1,360320,0,0,0,0,0,0,0,0,0,0
2,1,360320,15,34,24,17,7,14,12,12,26,11
1,1,360321,0,0,0,6,0,0,0,0,0,0
2,1,360321,2,0,0,0,0,0,0,0,0,0
3,1,360321,0,0,0,0,0,0,0,0,0,0
1,1,360322,11,0,0,0,0,0,0,0,0,0
2,1,360322,0,0,0,0,0,0,0,0,0,0
3,1,360322,0,0,0,0,0,0,0,0,0,0
1,1,360323,0,0,0,0,0,0,4,0,0,0
1,1,360324,0,0,0,0,0,0,0,0,0,0
1,1,360325,0,0,0,0,0,0,0,0,0,0
0,1,360326,6,23,19,0,0,0,0,11,23,8
1,1,360326,0,0,0,22,0,0,0,0,0,0
1,1,360327,0,0,0,0,0,0,0,0,0,0
2,1,360327,4,0,0,0,0,0,0,0,0,0
3,1,360327,0,0,0,0,0,9,0,0,0,0
1,1,360328,0,0,0,0,0,0,0,0,0,0
0,1,360329,0,0,0,0,0,0,0,0,0,0
0,2,360329,0,0,0,0,0,0,0,0,0,0
1,1,360329,15,15,15,15,15,15,15,15,15,15
0,1,360330,0,0,0,0,0,0,0,0,0,0
1,1,360330,0,0,6,0,17,0,12,0,0,0
1,1,360331,0,0,0,0,0,0,14,0,0,0
2,1,360331,0,0,0,0,0,0,0,0,0,0
1,1,360332,0,0,0,0,0,0,0,0,0,0
2,1,360332,0,0,0,0,0,0,0,0,0,0
3,1,360332,0,0,0,6,0,0,0,0,0,0
4,1,360332,0,0,0,0,0,0,0,0,0,0
0,1,360333,0,0,0,0,0,0,0,0,0,0
1,1,360333,0,0,0,0,0,0,0,0,0,0
1,1,360334,0,0,0,0,0,0,0,0,0,0
2,1,360334,0,0,0,0,0,0,0,0,0,0
1,1,360335,0,0,0,0,0,0,0,0,0,0
2,1,360335,0,0,0,0,0,0,0,0,0,0
1,1,360336,0,0,0,0,0,0,0,0,0,0
2,1,360336,0,0,0,0,0,0,0,0,0,0
1,1,360337,9,9,9,9,9,9,9,9,9,9
0,1,360338,12,12,12,12,12,12,12,12,12,12
1,1,360338,14,28,13,15,2,15,25,13,15,14
1,1,360339,0,0,0,0,0,0,0,0,0,0
2,1,360339,0,0,18,0,0,0,0,0,0,0
0,1,360340,0,0,0,0,0,0,0,0,0,0
1,1,360340,6,0,16,3,0,17,4,14,6,4
0,1,360341,32,0,0,0,0,30,0,0,0,18
1,1,360341,0,0,0,0,15,0,0,0,0,0
0,1,360342,0,0,0,0,0,0,0,0,0,0
1,1,360342,22,0,6,4,0,2,17,0,0,23
1,1,360343,0,0,0,0,0,0,9,0,0,0
1,1,360344,29,29,29,29,29,29,29,29,29,29
1,1,360345,0,0,0,0,0,0,0,0,0,0
1,1,360346,0,0,0,0,0,0,0,0,0,0
1,1,360347,17,17,17,17,17,17,17,17,17,17
1,1,360348,0,13,0,0,0,0,8,0,0,0
2,1,360348,0,0,0,0,0,0,0,0,0,0
1,1,360349,0,0,0,0,0,0,0,0,0,0
2,1,360349,0,0,0,0,0,0,0,0,0,0
1,1,360350,0,0,0,0,0,0,0,0,0,0
2,1,360350,0,0,0,0,0,0,0,0,0,0
1,1,360351,7,0,0,0,0,0,0,0,24,0
2,1,360351,0,0,0,0,0,0,0,0,0,0
1,1,360352,0,0,0,0,0,0,13,6,0,0
2,1,360352,0,0,0,0,0,0,0,0,0,0
3,1,360352,17,17,17,17,17,17,17,17,17,17
1,1,360353,25,25,25,25,25,25,25,25,25,25
1,1,360354,4,4,4,4,4,4,4,4,4,4
0,1,360355,0,0,0,0,0,0,0,0,0,0
1,1,360355,8,0,0,0,0,0,0,0,0,0
1,1,360356,0,0,0,0,30,0,0,0,0,0
2,1,360356,26,26,26,26,26,26,26,26,26,26
1,1,360357,0,0,0,0,0,0,0,0,0,0
2,1,360357,0,0,0,0,0,0,0,0,0,0
1,1,360358,0,0,0,0,0,0,0,0,0,0
2,1,360358,0,0,0,0,0,0,0,0,0,0
0,1,360359,0,0,0,0,0,0,0,0,0,0
1,1,360359,0,0,0,0,0,8,0,0,0,0
1,1,360360,6,0,13,0,0,0,0,0,0,0
1,1,360361,9,9,9,9,9,9,9,9,9,9
2,1,360361,0,0,0,0,0,0,0,15,0,0
3,1,360361,0,0,0,0,0,0,15,0,9,7
4,1,360361,0,0,0,0,0,0,6,0,0,0
1,1,360362,25,25,25,25,25,25,25,25,25,25
1,1,360363,0,0,0,0,0,0,0,0,0,0
1,1,360364,0,0,0,0,0,0,0,0,0,0
2,1,360364,0,0,0,0,0,0,0,0,0,0
1,1,360365,11,0,0,17,0,0,0,14,0,0
0,1,360366,0,0,0,0,0,0,0,0,0,0
1,1,360366,0,0,0,0,0,0,0,0,0,0
0,1,360367,0,0,0,0,0,0,0,0,0,0
1,1,360367,0,0,0,0,3,0,0,0,18,0
0,1,360368,41,41,41,41,41,41,41,41,41,41
1,1,360368,0,10,0,0,0,0,0,22,0,0
1,1,360369,0,16,5,0,0,0,0,0,0,0
2,1,360369,15,15,15,15,15,15,15,15,15,15
1,1,360370,9,0,0,0,0,0,0,11,25,0
1,1,360371,4,0,0,0,0,0,0,0,0,0
2,1,360371,0,0,0,0,0,0,0,0,0,0
0,1,360372,0,0,0,0,0,0,0,0,0,0
1,1,360372,0,0,8,0,0,0,0,0,0,0
1,1,360373,22,22,22,22,22,22,22,22,22,22
2,1,360373,12,12,12,12,12,12,12,12,12,12
0,1,360374,0,0,0,0,0,24,0,22,0,0
1,1,360374,0,0,0,0,0,14,0,0,0,0
1,1,360375,0,0,0,0,0,0,0,0,0,0
0,1,360376,0,0,0,0,0,0,0,0,0,0
1,1,360376,0,15,0,0,0,0,7,10,8,0
0,1,360377,27,27,27,27,27,27,27,27,27,27
1,1,360377,17,0,10,0,7,15,0,0,0,0
0,1,360378,0,0,0,0,0,0,0,0,0,0
1,1,360378,0,0,0,18,0,0,0,0,0,0
1,1,360379,0,0,0,0,0,0,0,0,0,0
1,1,360380,11,11,11,11,11,11,11,11,11,11
1,1,360381,0,5,0,7,9,0,0,0,21,0
0,1,360382,0,0,0,0,0,0,0,0,0,0
1,1,360382,15,0,12,6,0,16,8,7,16,0
1,1,360383,0,0,0,0,0,0,0,0,0,0
2,1,360383,4,4,4,4,4,4,4,4,4,4
1,1,360384,0,0,0,0,0,0,0,0,0,0
1,1,360385,0,0,0,0,0,0,0,0,0,0
2,1,360385,0,0,0,0,0,0,0,0,0,0
1,1,360386,0,0,0,0,0,0,0,0,0,0
0,1,360387,0,0,0,0,0,0,0,0,0,0
0,2,360387,16,0,0,0,0,0,0,0,0,0
1,1,360387,8,0,0,0,0,0,0,0,0,0
1,1,360388,11,11,11,11,11,11,11,11,11,11
1,1,360389,0,0,0,0,0,0,0,0,0,0
2,1,360389,20,0,0,0,0,0,0,0,0,0
1,1,360390,0,0,0,0,0,0,0,0,0,0
2,1,360390,0,0,0,0,0,0,0,0,0,0
1,1,360391,0,0,0,0,0,0,0,0,0,0
2,1,360391,0,0,0,0,0,0,0,0,0,0
1,1,360392,0,0,0,0,0,0,4,0,0,0
2,1,360392,14,16,21,7,21,17,7,5,13,14
1,1,360393,0,0,0,0,0,0,0,0,0,0
2,1,360393,16,21,20,10,18,23,15,0,18,4
0,1,360394,24,24,24,24,24,24,24,24,24,24
1,1,360394,2,0,0,0,0,0,0,0,0,0
0,1,360395,11,11,11,11,11,11,11,11,11,11
1,1,360395,0,0,0,0,0,0,0,0,0,0
0,1,360396,36,36,36,36,36,36,36,36,36,36
1,1,360396,0,3,0,0,3,36,6,8,0,8
0,1,360397,0,0,0,0,0,0,0,0,0,0
1,1,360397,0,0,0,0,0,0,0,0,0,0
0,1,360398,0,0,0,0,0,0,0,0,0,0
1,1,360398,0,0,0,0,0,0,0,0,0,0
0,1,360399,1,1,1,1,1,1,1,1,1,1
1,1,360399,9,0,0,9,0,0,0,5,3,0
0,1,360400,0,0,0,0,0,0,0,0,0,0
0,2,360400,0,0,0,0,0,0,0,0,0,0
1,1,360400,0,0,0,13,0,0,0,0,0,0
1,1,360401,0,0,0,11,0,13,0,0,0,0
2,1,360401,0,0,0,0,0,0,0,0,0,0
1,1,360402,0,0,0,0,0,0,0,0,0,0
2,1,360402,0,0,0,0,0,0,0,0,0,0
1,1,360403,0,0,0,0,0,0,0,0,0,0
2,1,360403,0,0,0,0,0,0,0,0,0,0
1,1,360404,13,0,0,0,0,0,0,0,0,0
1,1,360405,0,0,0,0,0,0,0,0,0,0
2,1,360405,0,0,0,0,0,0,0,0,0,0
1,1,360406,0,0,0,0,0,0,0,0,0,0
2,1,360406,0,0,0,0,0,0,0,0,0,0
1,1,360407,18,18,18,18,18,18,18,18,18,18
2,1,360407,18,0,18,19,0,9,0,0,0,0
3,1,360407,0,0,8,0,0,0,21,0,11,0
0,1,360408,26,26,26,26,26,26,26,26,26,26
1,1,360408,19,0,0,0,0,0,0,0,0,0
1,1,360409,0,0,0,0,0,22,0,0,0,0
2,1,360409,0,0,0,0,0,0,0,0,0,0
1,1,360410,20,20,20,20,20,20,20,20,20,20
2,1,360410,0,0,0,0,0,0,0,0,0,0
1,1,360411,14,14,14,14,14,14,14,14,14,14
2,1,360411,14,2,0,0,0,0,14,12,0,0
1,1,360412,0,0,0,0,0,0,0,0,0,0
1,1,360413,0,0,0,0,0,0,0,0,0,0
1,1,360414,0,0,0,0,0,0,0,0,0,0
2,1,360414,0,0,0,0,0,0,10,0,0,0
1,1,360415,0,0,0,0,0,15,18,0,15,0
2,1,360415,8,0,20,8,0,17,0,0,14,10
1,1,360416,0,0,0,0,0,0,0,0,0,0
2,1,360416,0,0,0,0,0,0,0,0,0,0
1,1,360417,0,0,0,0,0,0,0,0,0,0
2,1,360417,0,0,0,0,0,0,0,0,0,0
1,1,360418,0,0,0,0,0,0,0,0,0,0
2,1,360418,0,0,0,0,0,0,0,0,0,0
0,1,360419,0,0,0,0,0,0,0,0,0,0
1,1,360419,0,0,0,0,0,13,0,0,0,0
1,1,360420,0,0,0,0,0,0,0,0,0,0
1,1,360421,0,0,0,0,0,0,0,0,0,0
1,1,360422,0,0,11,0,0,0,0,0,0,0
1,1,360423,0,0,0,0,0,0,0,0,0,0
0,1,360424,22,22,22,22,22,22,22,22,22,22
1,1,360424,0,0,0,0,0,0,0,0,9,0
1,1,360425,0,0,0,0,0,0,0,0,0,0
2,1,360425,0,0,0,0,0,0,0,0,0,0
1,1,360426,0,0,0,0,0,0,0,0,0,0
2,1,360426,0,0,0,0,0,10,4,0,0,0
1,1,360427,0,0,0,0,0,0,0,0,0,0
2,1,360427,0,0,0,0,0,0,0,0,0,0
1,1,360428,0,0,0,0,0,12,9,0,0,0
2,1,360428,8,8,8,8,8,8,8,8,8,8
1,1,360429,0,0,0,0,0,0,0,0,0,0
2,1,360429,0,0,0,0,0,0,0,0,0,0
3,1,360429,0,11,0,0,0,0,0,0,0,0
0,1,360430,0,0,0,0,0,0,0,0,0,0
1,1,360430,0,0,0,0,0,0,0,0,0,0
1,1,360431,16,10,26,19,11,14,22,17,6,16
1,1,360432,0,0,0,0,0,0,0,0,0,0
2,1,360432,12,0,0,0,0,0,0,0,0,0
0,1,360433,0,0,0,0,0,0,0,0,0,0
1,1,360433,0,0,0,0,9,0,0,19,0,0
0,1,360434,8,26,10,24,0,23,32,36,0,23
1,1,360434,0,14,0,0,0,0,0,0,0,0
1,1,360435,19,19,19,19,19,19,19,19,19,19
2,1,360435,0,0,0,0,0,0,0,0,0,0
1,1,360436,0,0,0,0,0,0,0,0,0,0
1,1,360437,0,0,0,0,0,0,0,0,0,0
1,1,360438,0,0,0,0,0,0,0,0,0,0
1,1,360439,19,19,19,19,19,19,19,19,19,19
1,1,360440,0,0,0,0,0,0,0,0,0,0
2,1,360440,0,0,0,0,0,0,0,0,0,0
0,1,360441,0,0,0,0,0,0,0,0,0,0
1,1,360441,11,0,9,18,41,0,10,0,0,12
1,1,360442,0,0,0,0,0,0,0,0,0,0
1,1,360443,6,0,0,0,4,16,0,16,0,11
1,1,360444,0,0,0,0,0,0,0,0,0,0
0,1,360445,0,0,0,0,0,0,0,0,0,0
1,1,360445,0,0,0,0,0,0,0,0,0,0
1,1,360446,0,0,0,0,0,0,0,0,0,0
1,1,360447,10,10,10,10,10,10,10,10,10,10
1,1,360448,0,0,0,0,0,0,0,0,0,0
1,1,360449,0,0,0,0,4,0,0,0,0,0
0,1,360450,0,0,0,0,0,0,0,0,0,0
1,1,360450,0,0,0,0,0,0,0,0,0,0
1,1,360451,0,0,0,0,0,0,0,0,0,0
2,1,360451,0,0,0,0,0,0,0,0,0,0
1,1,360452,0,0,0,0,0,0,0,0,0,0
2,1,360452,0,0,0,0,0,0,0,0,0,0
1,1,360453,0,0,0,0,0,0,0,0,0,0
2,1,360453,0,28,0,10,0,0,0,0,0,0
1,1,360454,0,0,25,27,0,0,7,11,12,23
1,1,360455,11,11,11,11,11,11,11,11,11,11
0,1,360456,0,0,0,0,0,0,0,0,0,0
1,1,360456,0,0,0,0,0,0,0,0,0,0
1,1,360457,15,29,18,20,17,21,28,18,0,0
1,1,360458,12,12,12,12,12,12,12,12,12,12
1,1,360459,6,0,0,14,12,0,0,0,0,0
1,1,360460,0,0,0,0,0,0,0,0,0,0
1,1,360461,0,0,0,0,0,3,0,0,0,0
2,1,360461,0,0,0,0,0,0,0,0,0,0
0,1,360462,0,0,0,0,0,0,0,0,0,0
1,1,360462,12,0,0,0,0,0,0,0,0,0
0,1,360463,0,0,0,0,0,0,0,0,0,0
1,1,360463,0,0,0,0,0,0,0,0,0,0
1,1,360464,22,22,22,22,22,22,22,22,22,22
2,1,360464,0,0,0,0,0,0,0,0,0,0
0,1,360465,0,0,0,0,0,0,0,0,0,0
1,1,360465,0,0,0,0,0,0,0,0,0,0
0,1,360466,0,0,0,0,0,0,0,0,0,0
1,1,360466,21,0,0,0,0,10,0,0,18,5
0,1,360467,0,0,0,0,0,0,0,0,0,0
1,1,360467,0,0,0,0,0,5,0,0,0,0
0,1,360468,0,0,0,0,0,0,0,0,0,0
1,1,360468,0,0,0,0,0,0,0,0,0,0
0,1,360469,0,0,0,0,0,0,0,0,0,0
1,1,360469,0,0,0,0,0,0,8,0,0,0
0,1,360470,0,0,0,0,0,0,0,0,0,0
1,1,360470,8,13,13,0,0,0,0,0,18,0
0,1,360471,0,0,0,0,0,0,0,0,0,0
1,1,360471,0,0,0,0,0,0,0,0,17,0
1,1,360472,18,18,18,18,18,18,18,18,18,18
1,1,360473,0,0,0,0,0,0,0,0,0,0
2,1,360473,0,0,0,0,0,0,0,0,0,0
1,1,360474,0,0,0,0,0,0,0,0,0,0
1,1,360475,0,0,0,0,0,0,0,0,0,0
1,1,360476,0,0,0,0,15,0,0,0,0,0
1,1,360477,6,6,6,6,6,6,6,6,6,6
2,1,360477,10,23,19,0,13,24,27,12,14,11
3,1,360477,22,0,0,0,7,4,0,0,0,17
1,1,360478,0,0,0,0,0,0,0,0,14,1
0,1,360479,0,0,0,0,0,0,0,0,0,0
1,1,360479,27,11,17,17,13,9,12,17,21,13
1,1,360480,21,21,21,21,21,21,21,21,21,21
1,1,360481,0,0,0,0,0,0,0,0,0,0
2,1,360481,0,0,25,0,17,0,0,0,0,0
1,1,360482,16,16,16,16,16,16,16,16,16,16
1,1,360483,0,0,0,0,0,0,0,0,0,0
1,1,360484,0,0,0,0,0,0,0,0,0,0