VEH_NO,PER_NO,ST_CASE,P1,P2,P3,P4,P5,P6,P7,P8,P9,P10
1,1,360485,0,0,0,0,0,0,0,0,0,0
2,1,360485,0,0,0,0,0,0,0,0,0,0
1,1,360486,0,0,0,0,0,0,0,0,0,0
2,1,360486,0,0,0,0,0,0,0,0,0,0
0,1,360487,0,0,0,0,0,0,0,0,0,0
1,1,360487,0,0,0,17,0,0,0,12,0,0
0,1,360488,0,0,0,0,0,0,0,0,0,0
1,1,360488,0,0,0,0,28,8,0,0,0,0
1,1,360489,0,0,0,0,0,0,0,0,0,0
2,1,360489,0,0,0,0,0,0,0,0,0,0
1,1,360490,0,0,0,0,0,0,0,0,0,0
2,1,360490,18,18,18,18,18,18,18,18,18,18
1,1,360491,0,0,0,0,0,0,0,0,0,0
2,1,360491,0,0,27,0,0,0,0,8,0,0
1,1,360492,0,0,0,0,0,0,0,0,0,0
2,1,360492,0,0,0,0,0,0,0,0,0,0
1,1,360493,0,0,0,0,0,0,0,0,0,0
2,1,360493,0,0,0,0,0,0,0,0,0,0
1,1,360494,12,12,12,12,12,12,12,12,12,12
1,1,360495,1,1,1,1,1,1,1,1,1,1
1,1,360496,0,0,0,0,0,0,0,0,0,0
0,1,360497,2,2,2,2,2,2,2,2,2,2
1,1,360497,0,0,0,0,0,0,0,0,0,0
0,1,360498,4,4,4,4,4,4,4,4,4,4
1,1,360498,0,18,0,0,0,0,0,8,0,0
0,1,360499,0,0,0,0,0,0,0,0,0,0
1,1,360499,0,0,0,0,0,0,0,0,0,0
1,1,360500,0,0,0,0,0,0,0,0,0,0
0,1,360501,13,13,13,13,13,13,13,13,13,13
1,1,360501,0,0,11,0,0,0,7,0,2,6
0,1,360502,0,0,0,0,0,0,0,0,0,0
1,1,360502,0,0,0,0,0,0,0,0,0,0
0,1,360503,0,0,0,0,0,0,0,0,0,0
1,1,360503,0,0,0,0,0,0,0,0,0,0
0,1,360504,3,3,3,3,3,3,3,3,3,3
1,1,360504,0,0,0,0,0,0,9,0,0,0
1,1,360505,22,24,25,31,29,12,10,6,0,22
2,1,360505,2,2,2,2,2,2,2,2,2,2
1,1,360506,0,0,0,8,0,0,0,0,0,0
1,1,360507,0,0,0,0,0,0,0,0,0,0
2,1,360507,13,0,0,0,0,0,0,0,0,0
1,1,360508,0,0,0,0,0,0,0,0,0,0
2,1,360508,0,0,0,0,0,0,0,0,0,0
3,1,360508,0,0,0,0,0,0,0,0,0,0
1,1,360509,0,0,0,0,0,0,0,0,0,0
2,1,360509,15,0,0,0,0,0,0,0,23,0
1,1,360510,17,9,0,21,21,0,4,5,25,16
1,1,360511,24,24,24,24,24,24,24,24,24,24
1,1,360512,0,0,0,0,0,0,0,0,0,0
1,1,360513,25,25,25,25,25,25,25,25,25,25
1,1,360514,0,0,0,0,0,0,0,0,0,0
1,1,360515,0,0,0,0,0,0,0,0,0,0
0,1,360516,0,0,0,0,0,0,0,0,0,0
1,1,360516,0,0,0,0,0,0,0,0,0,0
1,1,360517,0,0,0,0,0,0,0,0,0,0
2,1,360517,0,0,0,0,0,0,0,0,0,0
1,1,360518,0,0,0,0,0,0,0,0,0,0
2,1,360518,0,0,0,0,0,0,15,0,0,0
1,1,360519,18,0,0,0,0,0,0,0,19,0
2,1,360519,0,0,0,0,0,0,0,0,0,0
1,1,360520,0,0,0,0,0,0,0,0,0,0
2,1,360520,0,0,0,0,0,0,0,0,0,0
1,1,360521,0,0,0,0,0,6,13,0,0,0
2,1,360521,0,0,10,0,2,4,0,0,0,0
1,1,360522,0,0,0,0,0,0,0,0,0,0
2,1,360522,0,0,0,0,0,0,0,0,0,0
3,1,360522,0,0,0,0,0,0,0,0,0,0
1,1,360523,20,20,20,20,20,20,20,20,20,20
0,1,360524,0,0,0,0,0,0,0,0,0,0
1,1,360524,0,0,0,0,0,0,0,0,0,0
0,1,360525,0,0,0,0,0,0,0,0,0,0
1,1,360525,0,0,0,3,0,0,0,0,0,0
1,1,360526,2,2,2,2,2,2,2,2,2,2
2,1,360526,16,27,22,11,14,28,17,16,25,15
1,1,360527,18,18,18,18,18,18,18,18,18,18
2,1,360527,0,0,0,0,0,0,7,0,0,0
1,1,360528,0,0,0,0,0,0,0,0,0,0
2,1,360528,0,0,0,0,0,0,0,0,16,0
0,1,360529,0,0,0,0,0,0,0,0,0,0
1,1,360529,0,29,0,0,0,0,4,0,18,0
1,1,360530,0,0,0,0,0,0,0,0,0,0
2,1,360530,0,0,0,0,0,0,0,32,0,0
1,1,360531,0,0,0,0,0,0,0,0,0,0
1,1,360532,0,0,0,0,0,0,0,0,0,0
1,1,360533,0,0,0,0,0,0,0,0,0,0
2,1,360533,0,0,0,0,0,0,0,0,0,0
0,1,360534,0,0,0,0,0,0,0,0,0,0
1,1,360534,0,0,0,0,0,0,0,0,0,0
1,1,360535,0,0,0,0,0,0,0,0,0,0
2,1,360535,0,0,0,0,0,0,0,0,0,0
1,1,360536,0,0,0,0,0,0,0,0,0,0
2,1,360536,0,0,0,0,4,0,0,0,0,0
1,1,360537,0,0,0,0,0,0,0,0,0,0
2,1,360537,0,0,0,0,0,0,0,0,0,0
1,1,360538,0,0,0,0,0,0,0,0,0,0
2,1,360538,0,0,0,0,0,0,0,0,0,0
1,1,360539,0,0,0,0,0,0,0,0,0,0
1,1,360540,4,4,4,4,4,4,4,4,4,4
2,1,360540,0,0,3,0,0,0,0,0,0,0
0,1,360541,6,6,6,6,6,6,6,6,6,6
1,1,360541,0,0,0,0,12,0,0,0,0,0
1,1,360542,0,0,0,0,0,6,0,6,0,12
1,1,360543,16,16,16,16,16,16,16,16,16,16
0,1,360544,0,0,0,0,0,0,0,0,0,0
1,1,360544,13,13,0,8,3,6,8,0,0,13
1,1,360545,26,12,13,0,21,34,14,12,10,8
2,1,360545,17,17,17,17,17,17,17,17,17,17
1,1,360546,0,0,0,0,0,0,0,0,0,0
2,1,360546,0,0,21,0,0,0,0,0,24,0
1,1,360547,15,7,31,0,21,10,13,18,6,24
2,1,360547,0,0,0,0,0,0,0,0,8,0
1,1,360548,0,0,0,0,0,0,0,0,0,0
2,1,360548,0,0,0,0,0,0,0,0,0,0
1,1,360549,4,4,4,4,4,4,4,4,4,4
2,1,360549,0,0,0,0,0,0,0,0,0,0
1,1,360550,0,0,0,0,0,0,0,0,0,0
1,1,360551,0,0,0,0,0,0,0,0,0,0
2,1,360551,0,0,0,0,0,0,0,0,0,0
1,1,360552,0,0,0,0,0,0,0,0,0,0
2,1,360552,0,0,0,0,0,0,0,0,0,0
0,1,360553,0,0,0,0,0,0,0,0,0,0
1,1,360553,0,0,0,0,0,0,0,0,0,0
0,1,360554,0,0,0,0,0,0,0,0,0,0
1,1,360554,20,16,26,18,10,8,15,0,10,0
0,1,360555,15,15,15,15,15,15,15,15,15,15
1,1,360555,0,0,0,0,0,0,0,0,0,0
2,1,360555,0,0,8,0,0,0,0,0,0,0
1,1,360556,0,0,0,0,0,0,0,0,0,0
2,1,360556,0,0,0,0,0,0,0,0,0,0
1,1,360557,0,0,0,0,0,0,0,0,0,0
1,1,360558,0,12,0,9,12,0,21,0,0,0
1,1,360559,0,0,0,0,0,0,0,0,0,0
1,1,360560,0,0,0,0,0,0,0,0,0,0
1,1,360561,0,0,0,0,0,0,0,0,0,0
2,1,360561,0,0,0,0,0,0,0,0,0,0
1,1,360562,0,0,0,0,0,0,8,0,0,0
2,1,360562,11,0,0,0,0,0,0,0,0,0
1,1,360563,19,19,19,19,19,19,19,19,19,19
1,1,360564,0,0,0,0,0,0,0,0,0,0
0,1,360565,9,9,9,9,9,9,9,9,9,9
1,1,360565,0,0,0,0,7,0,0,0,0,0
1,1,360566,0,0,0,0,0,0,0,0,0,0
2,1,360566,4,0,0,0,0,0,0,0,0,0
1,1,360567,8,0,14,7,24,5,13,10,0,11
1,1,360568,1,1,1,1,1,1,1,1,1,1
2,1,360568,0,0,0,0,0,0,0,12,0,0
1,1,360569,0,0,0,0,0,0,0,0,0,0
2,1,360569,0,0,0,0,0,0,0,0,0,0
1,1,360570,0,0,0,0,0,0,0,0,0,0
2,1,360570,0,0,0,0,0,0,0,0,0,0
3,1,360570,0,0,0,0,0,0,0,0,0,0
4,1,360570,0,0,0,0,0,0,0,0,0,0
0,1,360571,8,8,8,8,8,8,8,8,8,8
1,1,360571,8,0,4,0,0,0,0,0,0,0
0,1,360572,0,0,0,0,0,0,0,0,0,0
1,1,360572,6,0,4,0,0,0,0,0,0,7
0,1,360573,0,0,0,0,0,0,0,0,0,0
1,1,360573,4,4,4,4,4,4,4,4,4,4
1,1,360574,6,6,6,6,6,6,6,6,6,6
1,1,360575,14,14,14,14,14,14,14,14,14,14
0,1,360576,0,0,0,0,0,0,0,0,0,0
1,1,360576,0,0,0,0,0,0,0,21,0,0
1,1,360577,0,0,0,0,0,0,0,0,0,0
1,1,360578,0,0,0,0,0,0,0,0,0,0
2,1,360578,0,0,0,0,0,0,0,0,0,0
1,1,360579,0,0,0,0,0,0,0,0,0,0
1,1,360580,0,0,0,0,0,0,15,11,10,0
2,1,360580,0,0,0,4,0,0,0,10,0,9
0,1,360581,0,0,0,0,0,0,0,0,0,0
1,1,360581,0,0,0,0,0,0,0,0,0,0
1,1,360582,0,0,0,0,0,0,0,0,0,0
2,1,360582,0,0,0,0,0,0,0,0,0,0
1,1,360583,0,0,16,0,0,0,29,0,0,0
2,1,360583,0,0,0,0,0,0,0,0,0,0
3,1,360583,0,0,0,0,0,0,0,0,0,0
4,1,360583,0,0,0,0,0,0,0,0,0,0
1,1,360584,1,1,1,1,1,1,1,1,1,1
2,1,360584,0,0,0,0,0,0,0,0,0,0
1,1,360585,0,0,0,0,0,0,0,0,0,0
0,1,360586,0,0,0,0,0,0,0,0,0,0
1,1,360586,0,0,0,0,0,0,20,10,0,12
2,1,360586,6,31,15,10,25,0,20,6,29,9
0,1,360587,0,0,0,0,0,0,0,0,0,0
1,1,360587,0,0,0,0,0,0,0,0,4,0
1,1,360588,5,5,5,5,5,5,5,5,5,5
2,1,360588,0,0,0,0,0,0,0,0,0,0
3,1,360588,0,0,0,0,0,0,0,0,0,0
0,1,360589,0,0,0,0,0,0,0,0,0,0
1,1,360589,0,0,0,0,0,0,0,0,0,0
1,1,360590,0,0,0,0,0,0,0,0,0,0
2,1,360590,0,0,0,0,0,0,0,0,0,0
1,1,360591,0,0,0,0,0,0,0,0,0,0
3,1,360591,0,0,0,0,0,0,0,0,0,0
1,1,360592,20,20,20,20,20,20,20,20,20,20
1,1,360593,0,13,0,26,12,21,0,27,0,0
2,1,360593,0,0,0,0,0,13,0,0,0,11
3,1,360593,0,0,0,0,0,0,0,0,0,0
4,1,360593,0,0,0,0,0,0,0,0,16,0
0,1,360594,20,35,16,22,17,9,13,20,26,36
1,1,360594,10,13,13,9,14,22,11,16,0,5
0,1,360595,0,0,0,0,0,0,0,0,0,0
1,1,360595,0,0,0,0,0,0,0,0,0,0
1,1,360596,0,0,0,0,0,0,0,0,0,0
2,1,360596,0,0,0,0,0,0,0,0,0,0
0,1,360597,0,0,0,0,0,0,0,0,0,0
1,1,360597,0,0,0,0,0,0,0,0,0,0
2,1,360597,0,0,0,0,22,0,0,0,0,0
1,1,360598,0,0,0,0,0,0,0,0,0,0
2,1,360598,0,0,0,0,0,0,0,0,0,0
1,1,360599,29,29,29,29,29,29,29,29,29,29
0,1,360600,16,16,16,16,16,16,16,16,16,16
1,1,360600,0,0,0,0,0,0,0,0,0,0
1,1,360601,0,0,0,0,0,0,0,0,0,0
2,1,360601,0,5,0,10,0,0,5,0,2,0
0,1,360602,22,22,22,22,22,22,22,22,22,22
0,2,360602,33,0,0,41,21,0,0,0,0,18
0,3,360602,20,0,22,0,4,22,17,3,0,0
1,1,360602,0,0,0,0,0,0,0,0,0,0
1,1,360603,0,0,0,0,0,0,0,0,0,0
2,1,360603,0,0,0,0,0,0,0,8,0,0
1,1,360604,2,2,2,2,2,2,2,2,2,2
2,1,360604,0,0,0,0,0,0,0,0,0,0
1,1,360605,0,0,5,0,0,0,0,0,0,0
2,1,360605,5,0,0,0,0,0,0,0,0,0
1,1,360606,0,0,0,0,0,0,0,0,0,0
1,1,360607,17,17,17,17,17,17,17,17,17,17
0,1,360608,0,0,0,0,0,0,0,0,0,0
1,1,360608,0,0,0,0,0,0,0,16,0,0
1,1,360609,0,0,0,0,0,0,0,0,0,0
1,1,360610,0,0,0,0,0,0,0,0,21,0
1,1,360611,0,0,0,0,0,0,0,0,0,0
1,1,360612,0,0,9,0,23,0,0,0,0,0
2,1,360612,0,0,0,0,0,0,0,0,0,0
1,1,360613,0,0,0,0,0,0,0,0,0,0
1,1,360614,0,0,0,0,0,0,0,0,0,0
2,1,360614,19,19,19,19,19,19,19,19,19,19
1,1,360615,0,0,0,0,0,0,0,0,0,0
2,1,360615,0,0,0,0,0,0,0,0,0,0
1,1,360616,0,0,0,0,0,0,0,0,0,0
2,1,360616,0,0,0,0,0,0,13,0,0,0
0,1,360617,0,0,0,0,0,0,0,0,0,0
1,1,360617,0,10,0,0,0,0,0,0,0,0
2,1,360617,5,10,7,6,0,0,0,6,0,12
1,1,360618,0,0,0,0,0,0,0,0,0,0
2,1,360618,0,0,0,0,0,0,0,0,0,0
1,1,360619,0,0,0,0,0,0,0,0,0,0
2,1,360619,6,0,0,0,6,0,0,0,0,0
3,1,360619,0,0,0,0,0,0,12,14,16,0
4,1,360619,0,0,0,0,0,0,0,0,0,0
5,1,360619,0,0,0,0,0,0,0,0,0,5
6,1,360619,0,0,0,0,0,0,0,0,0,0
7,1,360619,0,0,0,0,0,25,0,0,0,0
1,1,360620,0,0,0,0,0,0,0,0,0,0
1,1,360621,12,12,12,12,12,12,12,12,12,12
1,1,360622,0,0,0,0,0,0,0,0,0,0
2,1,360622,0,0,0,0,18,12,0,0,0,0
1,1,360623,23,23,23,23,23,23,23,23,23,23
2,1,360623,0,0,0,0,0,0,0,0,0,0
1,1,360624,2,11,7,24,12,17,25,24,14,19
0,1,360625,12,12,12,12,12,12,12,12,12,12
1,1,360625,20,0,14,5,0,4,3,0,0,0
1,1,360626,0,0,0,0,0,0,0,0,0,0
0,1,360627,0,0,0,0,0,0,0,0,0,0
1,1,360627,0,0,0,0,0,8,0,0,0,0
0,1,360628,0,0,0,0,0,0,0,0,0,0
1,1,360628,5,0,11,0,0,0,6,23,0,0
0,1,360629,0,0,0,0,0,0,0,0,0,0
1,1,360629,0,0,0,0,0,10,0,0,0,0
1,1,360630,13,13,13,13,13,13,13,13,13,13
1,1,360631,0,0,0,0,0,0,0,20,0,0
1,1,360632,0,6,0,0,0,0,0,0,0,0
2,1,360632,0,0,0,0,0,0,0,0,0,0
0,1,360633,0,0,0,0,0,0,0,0,0,0
1,1,360633,0,0,0,0,0,0,7,0,0,0
1,1,360634,0,0,0,0,0,0,0,0,0,0
0,1,360635,0,0,0,0,0,0,0,0,0,0
1,1,360635,0,21,6,4,29,3,0,5,0,11
2,1,360635,0,0,0,0,0,0,0,0,0,0
1,1,360636,30,30,30,30,30,30,30,30,30,30
1,1,360637,0,0,0,0,0,0,0,0,0,0
2,1,360637,0,0,0,0,0,0,0,0,0,0
1,1,360638,21,21,21,21,21,21,21,21,21,21
1,1,360639,25,25,25,25,25,25,25,25,25,25
0,1,360640,33,33,33,33,33,33,33,33,33,33
1,1,360640,22,4,23,0,5,0,0,0,0,0
0,1,360641,18,18,18,18,18,18,18,18,18,18
1,1,360641,0,0,0,0,24,0,0,9,0,0
1,1,360642,9,13,10,0,4,17,4,0,0,9
2,1,360642,0,0,0,0,0,0,0,0,0,0
1,1,360643,0,0,0,0,16,0,0,0,14,19
2,1,360643,0,0,0,0,0,0,0,0,0,0
0,1,360644,15,0,23,16,0,33,0,24,34,22
1,1,360644,0,0,0,0,0,0,0,12,14,0
1,1,360645,0,0,0,0,0,0,12,0,0,0
1,1,360646,28,21,29,26,20,0,27,5,12,20
1,1,360647,0,0,0,0,0,0,0,0,8,0
0,1,360648,0,0,0,0,0,0,0,0,0,0
2,1,360648,12,14,3,30,0,0,13,11,0,0
1,1,360649,10,10,10,10,10,10,10,10,10,10
0,1,360650,0,0,0,0,0,0,0,0,0,0
1,1,360650,0,0,0,0,0,0,6,0,0,0
0,1,360651,0,0,0,0,0,0,0,0,0,0
1,1,360651,0,0,0,0,0,11,13,14,0,7
1,1,360652,0,0,0,0,0,0,0,0,0,0
2,1,360652,0,0,0,0,0,0,0,0,24,0
3,1,360652,0,0,0,0,0,0,0,0,0,0
1,1,360653,0,0,0,0,0,0,0,0,0,0
2,1,360653,0,0,0,0,9,0,0,4,0,0
0,1,360654,0,0,0,0,0,0,0,0,0,0
1,1,360654,0,0,0,0,0,0,0,0,0,0
1,1,360655,7,7,7,7,7,7,7,7,7,7
1,1,360656,0,0,0,0,0,0,0,0,0,0
1,1,360657,0,0,0,0,0,15,0,0,0,0
2,1,360657,0,10,0,0,0,8,0,25,19,0
1,1,360658,0,0,0,0,0,0,0,0,0,0
2,1,360658,0,0,0,0,0,0,0,6,0,0
1,1,360659,0,0,0,0,0,0,0,0,0,0
1,1,360660,0,0,0,0,0,0,0,0,0,0
1,1,360661,22,22,22,22,22,22,22,22,22,22
1,1,360662,14,14,14,14,14,14,14,14,14,14
0,1,360663,0,0,0,0,0,0,0,0,0,0
1,1,360663,9,0,21,14,17,0,0,13,0,9
2,1,360663,0,0,0,0,0,0,0,0,0,0
1,1,360664,20,20,20,20,20,20,20,20,20,20
1,1,360665,15,0,0,8,0,0,0,22,0,0
1,1,360666,0,0,0,0,0,0,0,0,0,0
0,1,360667,26,26,26,26,26,26,26,26,26,26
1,1,360667,0,0,0,0,12,0,0,0,0,13
1,1,360668,5,5,5,5,5,5,5,5,5,5
1,1,360669,12,12,12,12,12,12,12,12,12,12
1,1,360670,23,23,23,23,23,23,23,23,23,23
1,1,360671,0,0,0,0,0,0,0,0,0,0
2,1,360671,0,0,0,9,0,0,0,0,0,0
1,1,360672,0,0,0,0,0,0,0,0,0,0
2,1,360672,0,7,30,0,15,0,39,6,0,0
1,1,360673,0,7,0,22,0,26,16,0,24,0
2,1,360673,5,0,0,0,0,0,0,0,0,0
0,1,360674,0,0,0,0,0,0,0,0,0,0
1,1,360674,0,0,0,0,0,11,0,13,0,0
0,1,360675,0,0,0,0,0,0,0,0,0,0
1,1,360675,11,12,20,20,10,11,29,0,12,9
0,1,360676,0,0,0,0,0,0,0,0,0,0
1,1,360676,0,0,0,0,0,0,0,0,0,0
0,1,360677,0,0,0,0,0,0,0,0,0,0
1,1,360677,0,0,0,0,0,0,0,0,0,0
1,1,360678,0,0,14,19,1,0,12,0,17,13
1,1,360679,12,12,17,9,19,11,36,16,0,10
2,1,360679,0,0,0,0,0,0,0,0,0,0
0,1,360680,0,0,0,0,0,0,0,0,0,0
1,1,360680,19,14,25,20,0,28,12,14,14,12
1,1,360681,5,5,5,5,5,5,5,5,5,5
1,1,360682,0,0,0,0,0,0,0,0,8,0
2,1,360682,1,1,1,1,1,1,1,1,1,1
1,1,360683,0,0,0,0,0,0,0,0,0,0
2,1,360683,0,0,0,0,0,0,0,0,0,0
1,1,360684,37,0,19,24,15,17,37,27,22,9
2,1,360684,4,0,12,0,0,0,0,0,0,18
1,1,360685,0,0,0,2,0,13,14,10,16,10
2,1,360685,0,0,0,0,0,0,0,0,0,0
1,1,360686,29,29,29,29,29,29,29,29,29,29
2,1,360686,0,0,0,0,34,27,3,0,0,0
1,1,360687,0,0,0,0,0,0,0,0,0,0
2,1,360687,0,0,0,0,0,0,0,0,0,0
3,1,360687,0,0,0,0,0,0,0,0,0,0
0,1,360688,0,0,0,0,0,0,0,0,0,0
1,1,360688,0,0,8,0,0,0,0,0,0,0
2,1,360688,0,0,0,0,14,0,19,0,0,0
0,1,360689,0,0,0,0,0,0,0,0,0,0
1,1,360689,7,0,2,0,0,0,0,7,9,11
1,1,360690,0,0,0,0,0,0,0,0,0,0
0,1,360691,14,14,14,14,14,14,14,14,14,14
0,2,360691,16,16,16,16,16,16,16,16,16,16
1,1,360691,16,13,15,6,22,10,1,6,13,35
0,1,360692,20,20,20,20,20,20,20,20,20,20
1,1,360692,11,0,0,0,0,11,6,10,0,0
0,1,360693,21,21,21,21,21,21,21,21,21,21
0,2,360693,26,26,26,26,26,26,26,26,26,26
1,1,360693,0,9,0,0,0,0,0,0,0,4
1,1,360694,12,0,0,0,0,6,0,0,0,0
2,1,360694,0,0,0,0,0,0,0,0,0,0
1,1,360695,0,0,0,0,0,0,0,0,0,0
2,1,360695,0,0,0,0,0,0,0,0,0,0
2,1,360696,0,0,0,0,0,0,0,10,0,7
1,1,360697,0,0,0,0,0,0,0,0,0,0
2,1,360697,9,0,0,0,0,0,0,0,0,0
1,1,360698,28,28,28,28,28,28,28,28,28,28
1,1,360699,28,28,28,28,28,28,28,28,28,28
1,1,360700,19,19,19,19,19,19,19,19,19,19
2,1,360700,0,0,0,0,0,0,0,0,0,0
3,1,360700,0,0,0,0,13,0,0,0,0,0
1,1,360701,42,0,0,8,0,17,38,29,19,25
1,1,360702,0,0,0,0,0,0,0,0,0,0
2,1,360702,0,0,0,2,8,0,0,0,7,0
1,1,360703,0,0,0,0,0,0,0,0,0,0
1,1,360704,0,0,0,0,0,0,0,0,0,0
2,1,360704,0,0,0,0,0,0,0,0,0,18
1,1,360705,0,0,0,0,0,0,0,0,0,0
2,1,360705,0,0,0,0,0,0,0,0,0,0
1,1,360706,4,4,4,4,4,4,4,4,4,4
1,1,360707,0,0,0,0,0,0,0,0,0,0
2,1,360707,0,0,0,0,0,0,0,0,0,3
3,1,360707,0,21,8,0,0,0,6,0,0,0
1,1,360708,0,0,0,0,0,0,0,0,0,0
1,1,360709,9,9,9,9,9,9,9,9,9,9
1,1,360710,0,0,0,0,0,0,0,0,0,0
1,1,360711,0,0,0,0,0,4,0,0,0,0
0,1,360712,0,0,0,0,0,0,0,0,0,0
1,1,360712,0,0,0,0,0,0,0,0,9,0
1,1,360713,0,0,0,0,0,0,0,0,0,0
2,1,360713,0,0,0,0,0,0,0,0,0,0
1,1,360714,0,0,7,0,0,0,0,0,0,0
2,1,360714,19,19,19,19,19,19,19,19,19,19
0,1,360715,16,16,16,16,16,16,16,16,16,16
0,2,360715,11,18,31,12,21,30,0,0,23,13
1,1,360715,0,17,0,24,0,0,9,0,0,0
0,1,360716,0,0,0,0,0,0,0,0,0,0
1,1,360716,0,12,16,0,0,0,0,0,19,13
1,1,360717,6,6,6,6,6,6,6,6,6,6
1,1,360718,0,0,0,0,0,0,0,0,0,0
0,1,360719,25,25,25,25,25,25,25,25,25,25
1,1,360719,0,0,0,0,2,0,0,6,0,0
1,1,360720,0,15,12,4,22,0,0,8,18,14
1,1,360721,21,21,21,21,21,21,21,21,21,21
2,1,360721,19,0,3,4,0,13,7,0,0,0
3,1,360721,6,24,0,0,0,0,0,11,0,13
1,1,360722,0,0,11,0,0,0,0,0,0,0
2,1,360722,28,28,28,28,28,28,28,28,28,28
1,1,360723,0,0,0,0,0,0,0,0,0,0
2,1,360723,0,0,0,0,0,0,0,0,0,0
1,1,360724,5,0,0,0,0,0,0,0,0,0
2,1,360724,0,0,0,0,0,0,0,0,0,0
1,1,360725,0,0,0,0,20,0,0,0,0,0
2,1,360725,0,0,0,0,0,0,0,0,0,0
1,1,360726,18,18,18,18,18,18,18,18,18,18
1,1,360727,0,0,0,0,0,0,0,0,0,0
2,1,360727,0,2,0,0,0,0,0,0,0,0
1,1,360728,13,13,13,13,13,13,13,13,13,13
1,1,360729,0,0,0,7,0,0,0,0,0,0
2,1,360729,0,0,0,0,0,0,0,0,0,0
1,1,360730,0,0,0,0,0,0,0,0,0,0
2,1,360730,0,0,0,0,0,0,0,0,0,0
2,1,360731,0,0,0,0,0,0,0,0,0,0
0,1,360732,0,0,0,0,0,0,0,0,0,0
1,1,360732,0,0,0,0,0,0,0,0,0,0
1,1,360733,0,0,0,0,0,0,0,0,0,0
1,1,360734,20,20,20,20,20,20,20,20,20,20
1,1,360735,0,0,0,0,0,0,0,0,0,0
1,1,360736,0,0,7,21,8,0,0,6,13,0
1,1,360737,0,0,0,0,0,0,0,0,0,0
1,1,360738,0,0,0,0,0,0,0,0,0,0
1,1,360739,19,19,19,19,19,19,19,19,19,19
1,1,360740,6,0,13,16,0,26,18,13,7,11
0,1,360741,0,0,0,0,0,0,0,0,0,0
1,1,360741,0,0,0,0,0,0,0,0,0,0
0,1,360742,0,0,0,0,0,0,0,0,0,0
1,1,360742,0,0,0,0,0,0,0,0,0,0
1,1,360743,4,4,4,4,4,4,4,4,4,4
0,1,360744,23,23,23,23,23,23,23,23,23,23
1,1,360744,36,16,2,8,5,8,14,11,0,0
1,1,360745,0,0,0,0,0,0,0,0,0,0
0,1,360746,26,26,26,26,26,26,26,26,26,26
1,1,360746,0,0,9,0,17,5,0,0,0,0
2,1,360746,0,0,0,0,9,11,0,0,0,0
1,1,360747,0,0,0,0,0,0,0,0,0,0
2,1,360747,0,0,0,0,0,0,0,0,0,0
1,1,360748,0,0,0,0,0,0,0,0,0,0
2,1,360748,0,0,0,0,0,0,0,0,0,0
1,1,360749,0,0,0,0,0,0,0,0,0,0
2,1,360749,0,0,0,0,0,0,0,0,0,0
1,1,360750,0,0,0,0,0,0,0,0,0,0
2,1,360750,0,0,0,0,0,0,0,0,0,0
0,1,360751,0,0,0,0,0,0,0,0,0,0
1,1,360751,0,0,12,0,0,0,0,0,0,0
0,1,360752,0,0,0,0,0,0,0,0,0,0
1,1,360752,0,0,0,0,0,0,0,0,0,0
1,1,360753,0,0,24,0,0,0,0,0,0,0
2,1,360753,0,0,0,0,0,0,0,0,0,0
1,1,360754,0,0,0,0,0,0,0,0,0,0
2,1,360754,0,0,0,0,0,17,0,0,0,0
1,1,360755,7,21,23,16,16,18,11,0,24,2
2,1,360755,0,0,0,0,0,0,0,0,0,0
1,1,360756,0,0,0,0,0,0,0,0,0,0
3,1,360756,8,0,0,0,0,0,0,0,0,0
0,1,360757,29,29,29,29,29,29,29,29,29,29
1,1,360757,0,0,15,0,0,0,0,0,0,0
1,1,360758,0,0,0,0,0,0,0,0,0,0
2,1,360758,0,0,0,0,0,0,0,0,0,0
1,1,360759,0,0,0,0,0,0,0,0,0,0
1,1,360760,19,0,16,13,33,0,0,17,0,21
2,1,360760,30,30,30,30,30,30,30,30,30,30
1,1,360761,14,14,14,14,14,14,14,14,14,14
1,1,360762,1,1,1,1,1,1,1,1,1,1
1,1,360763,6,6,6,6,6,6,6,6,6,6
1,1,360764,12,12,12,12,12,12,12,12,12,12
1,1,360765,14,14,14,14,14,14,14,14,14,14
1,1,360766,0,2,21,0,0,14,0,17,0,0
2,1,360766,4,0,0,0,7,0,0,0,0,0
1,1,360767,0,0,0,0,0,0,0,0,0,0
0,1,360768,18,18,18,18,18,18,18,18,18,18
1,1,360768,0,0,0,0,0,0,0,0,0,0
0,1,360769,0,0,0,0,0,0,0,0,0,0
1,1,360769,0,0,0,0,0,0,0,0,0,0
0,1,360770,11,11,11,11,11,11,11,11,11,11
1,1,360770,0,0,9,19,0,0,0,0,0,17
1,1,360771,15,15,15,15,15,15,15,15,15,15
2,1,360771,0,0,0,0,0,0,0,0,0,0
1,1,360772,0,0,0,0,0,0,0,0,0,0
2,1,360772,0,0,0,0,0,0,0,0,0,0
1,1,360773,0,0,0,0,0,0,0,0,0,0
2,1,360773,0,8,0,12,0,0,0,0,0,0
1,1,360774,0,0,0,0,0,0,0,0,0,0
0,1,360775,0,0,0,0,0,0,0,0,0,0
1,1,360775,0,0,36,0,12,0,0,0,0,0
0,1,360776,0,0,0,0,0,0,0,0,0,0
1,1,360776,23,16,11,7,2,6,11,20,0,0