VEH_NO,PER_NO,ST_CASE,P1,P2,P3,P4,P5,P6,P7,P8,P9,P10
1,1,361064,0,0,0,3,0,0,0,0,0,0
2,1,361064,0,0,0,0,0,5,0,0,0,0
1,1,361065,0,0,0,0,0,0,0,0,0,0
1,1,361066,15,0,0,0,0,4,0,0,0,0
2,1,361066,0,0,0,0,0,0,0,0,0,0
1,1,361067,26,26,26,26,26,26,26,26,26,26
2,1,361067,0,0,0,0,0,0,0,0,0,0
1,1,361068,0,0,0,0,0,0,0,0,0,0
2,1,361068,0,0,0,0,0,0,0,0,0,0
3,1,361068,0,0,0,0,0,0,0,0,0,0
0,1,361069,0,0,0,0,0,0,0,0,0,0
1,1,361069,0,0,0,0,0,0,0,0,0,0
0,1,361071,0,0,0,0,0,0,0,0,0,0
1,1,361071,0,0,0,0,0,0,0,0,0,0
1,1,361072,0,9,0,0,0,0,0,0,0,0
2,1,361072,0,0,0,0,0,0,0,0,0,0
0,1,361073,0,0,0,0,0,0,0,0,0,0
1,1,361073,0,0,9,5,0,18,0,0,0,19
1,1,361074,0,18,0,8,0,0,0,10,0,0
2,1,361074,0,0,0,0,0,0,0,0,0,0
0,1,361075,0,0,0,0,0,0,0,0,0,0
1,1,361075,0,0,0,28,0,9,0,0,0,0
1,1,361076,0,0,0,0,0,0,0,0,0,0
2,1,361076,0,0,0,0,17,10,0,0,0,0
3,1,361076,0,0,0,0,0,0,0,0,17,0
1,1,361077,0,0,0,0,0,0,0,0,0,0
2,1,361077,0,0,0,0,0,0,0,0,0,0
0,1,361078,29,0,0,0,11,18,7,14,0,0
1,1,361078,30,0,0,9,0,14,0,0,0,0
0,1,361079,0,9,0,0,20,13,0,0,0,19
1,1,361079,14,0,8,16,20,3,3,13,0,4
1,1,370001,13,13,13,13,13,13,13,13,13,13
1,1,370002,0,0,0,0,0,0,0,0,0,0
1,1,370003,0,0,0,0,0,0,0,0,0,0
1,1,370004,0,0,0,0,0,0,0,0,0,0
1,1,370005,0,0,0,0,0,0,0,0,0,0
0,1,370006,20,20,20,20,20,20,20,20,20,20
1,1,370006,0,0,0,0,0,0,0,0,0,0
1,1,370007,0,0,0,0,0,0,0,0,0,0
1,1,370008,0,0,0,0,0,0,0,0,0,0
1,1,370009,14,14,14,14,14,14,14,14,14,14
1,1,370010,20,20,20,20,20,20,20,20,20,20
2,1,370010,3,0,0,0,0,0,0,3,0,0
1,1,370011,8,8,8,8,8,8,8,8,8,8
1,1,370012,24,24,24,24,24,24,24,24,24,24
1,1,370013,0,0,0,0,0,0,0,0,0,0
1,1,370014,0,0,0,0,0,0,0,0,0,0
1,1,370015,0,0,0,0,8,0,0,0,0,16
1,1,370016,0,0,0,0,0,0,0,0,0,0
1,1,370017,0,0,0,0,0,0,0,0,0,0
1,1,370018,0,0,0,0,0,0,0,0,0,0
1,1,370019,29,29,29,29,29,29,29,29,29,29
1,1,370020,27,27,27,27,27,27,27,27,27,27
1,1,370021,0,0,0,0,0,0,0,0,0,0
0,1,370022,0,0,0,0,0,0,0,0,0,0
1,1,370022,0,0,0,0,0,0,0,0,0,0
1,1,370023,0,0,0,0,0,0,0,0,0,0
2,1,370023,0,0,0,0,0,0,0,0,0,0
3,1,370023,0,0,0,0,0,0,0,0,0,0
4,1,370023,0,0,0,0,0,0,0,0,0,0
1,1,370024,0,0,0,0,0,0,0,0,0,0
2,1,370024,0,0,0,0,0,0,0,0,0,0
1,1,370025,20,20,20,20,20,20,20,20,20,20
1,1,370026,0,0,0,0,0,0,0,0,0,0
2,1,370026,0,0,0,0,0,0,0,0,0,0
1,1,370027,0,0,0,0,0,0,0,0,0,0
1,1,370028,21,21,21,21,21,21,21,21,21,21
1,1,370029,23,23,23,23,23,23,23,23,23,23
1,1,370030,0,0,0,0,0,0,0,0,0,0
2,1,370030,0,0,0,0,0,0,0,0,0,0
1,1,370031,0,0,0,0,0,0,0,0,0,0
2,1,370031,0,0,0,0,0,0,0,0,0,0
1,1,370032,18,18,18,18,18,18,18,18,18,18
0,1,370033,0,0,0,0,0,0,0,0,0,0
1,1,370033,0,0,0,0,0,0,0,0,0,0
1,1,370034,0,0,0,0,0,0,0,0,0,0
1,1,370035,8,8,8,8,8,8,8,8,8,8
1,1,370036,0,0,0,0,0,0,0,0,0,0
2,1,370036,0,0,0,6,0,0,0,0,0,0
3,1,370036,0,0,0,0,0,0,0,0,0,0
1,1,370037,0,0,0,0,0,0,0,0,0,0
2,1,370037,0,0,0,0,0,0,0,0,0,0
0,1,370038,0,0,0,0,0,0,0,0,0,0
1,1,370038,10,7,0,0,0,16,8,0,0,0
1,1,370039,15,5,13,23,19,13,0,16,12,16
2,1,370039,0,0,0,0,0,0,0,0,0,0
1,1,370040,0,0,0,0,0,0,0,0,0,0
0,1,370041,22,22,22,22,22,22,22,22,22,22
1,1,370041,0,0,0,0,0,0,0,0,0,0
0,1,370042,0,0,0,0,0,0,0,0,0,0
1,1,370042,0,0,0,0,0,0,0,0,0,0
1,1,370043,24,24,24,24,24,24,24,24,24,24
1,1,370044,0,0,6,0,0,0,0,0,0,0
2,1,370044,0,0,0,0,0,0,0,0,0,0
1,1,370045,0,0,0,0,0,0,0,0,0,0
2,1,370045,0,0,0,0,0,0,0,0,0,0
1,1,370046,0,0,0,0,0,0,0,0,0,12
2,1,370046,0,0,0,0,0,0,0,0,0,0
1,1,370047,0,0,0,0,0,0,0,0,0,0
1,1,370048,0,0,0,0,0,0,0,0,0,0
2,1,370048,0,0,0,0,0,0,0,0,0,0
1,1,370049,0,0,0,0,0,0,0,0,0,0
2,1,370049,0,0,0,0,0,0,0,0,0,0
1,1,370050,26,26,26,26,26,26,26,26,26,26
0,1,370051,0,0,0,0,0,0,0,0,0,0
1,1,370051,0,0,0,10,0,0,0,10,0,11
1,1,370052,0,0,0,0,0,0,0,0,0,0
2,1,370052,0,0,0,0,0,0,0,0,0,0
1,1,370053,11,11,11,11,11,11,11,11,11,11
1,1,370054,18,20,16,19,0,30,0,12,6,8
1,2,370055,15,0,17,20,0,20,0,0,21,26
1,1,370056,0,10,0,0,0,0,0,0,0,0
1,1,370057,0,0,0,0,0,20,0,0,0,0
1,1,370058,19,19,19,19,19,19,19,19,19,19
1,1,370059,0,0,0,0,0,0,0,0,0,0
1,1,370060,32,32,32,32,32,32,32,32,32,32
2,1,370060,0,0,0,0,0,0,0,0,0,0
1,1,370061,0,0,0,0,0,0,0,11,0,0
1,1,370062,0,0,0,0,0,0,0,0,0,0
1,1,370063,14,14,14,14,14,14,14,14,14,14
1,1,370064,7,7,7,7,7,7,7,7,7,7
1,1,370065,0,0,0,0,0,0,0,0,0,0
2,1,370065,0,0,0,0,0,0,0,0,0,0
1,1,370066,19,19,19,19,19,19,19,19,19,19
1,1,370067,0,0,0,0,0,0,0,0,0,0
2,1,370067,0,0,0,0,0,0,0,0,0,0
1,1,370068,77,77,77,77,77,77,77,77,77,77
1,1,370069,20,20,20,20,20,20,20,20,20,20
1,1,370070,0,0,0,0,0,0,0,0,0,0
2,1,370070,0,0,0,0,0,0,0,0,0,0
1,1,370071,0,0,0,0,0,0,0,0,0,0
1,1,370072,0,0,0,0,0,0,0,0,0,0
2,1,370072,0,0,0,0,0,0,0,0,0,0
1,1,370073,0,0,0,0,0,0,0,0,0,0
2,1,370073,0,0,0,0,0,0,0,0,0,0
3,1,370073,0,0,0,0,0,0,0,0,0,0
1,1,370074,0,0,0,0,0,0,0,0,0,0
2,1,370074,0,0,0,0,0,0,0,0,0,0
0,1,370075,0,0,0,0,0,0,0,0,0,0
1,1,370075,0,0,0,0,0,0,0,0,0,0
1,1,370076,26,26,26,26,26,26,26,26,26,26
1,1,370077,9,9,9,9,9,9,9,9,9,9
0,1,370078,23,23,23,23,23,23,23,23,23,23
1,1,370078,0,5,0,0,0,0,0,0,0,0
1,1,370079,0,0,0,0,0,0,0,0,0,0
2,1,370079,0,0,0,0,0,0,0,0,0,0
1,1,370080,0,0,0,0,0,0,0,0,0,0
2,1,370080,0,0,0,0,0,0,0,0,0,0
1,1,370081,8,0,0,0,0,0,0,0,0,8
0,1,370082,0,0,0,0,0,0,0,0,0,0
1,1,370082,0,0,7,0,0,4,0,0,0,0
1,1,370083,0,0,0,0,0,0,0,0,0,0
1,1,370084,26,26,26,26,26,26,26,26,26,26
1,1,370085,0,0,0,0,0,0,0,0,0,0
1,1,370086,0,0,0,0,0,0,0,0,0,0
1,1,370087,0,0,0,0,0,0,0,0,0,0
1,1,370088,0,0,0,0,0,0,0,0,0,0
0,1,370089,0,0,0,0,0,0,0,0,0,0
1,1,370089,0,0,0,0,0,0,0,0,0,0
1,1,370090,0,0,0,0,0,0,0,0,0,0
2,1,370090,0,0,0,0,0,0,0,0,0,0
1,1,370091,31,31,31,31,31,31,31,31,31,31
1,1,370092,0,0,0,0,0,0,0,0,0,0
2,1,370092,0,0,0,0,0,0,0,0,0,0
1,1,370093,0,0,0,0,0,0,0,0,0,0
1,1,370094,6,6,6,6,6,6,6,6,6,6
1,1,370095,19,19,19,19,19,19,19,19,19,19
2,1,370095,0,0,0,0,0,0,0,0,0,0
1,1,370096,0,0,0,0,0,0,0,0,0,0
1,1,370097,19,19,19,19,19,19,19,19,19,19
1,1,370098,0,0,0,0,0,0,0,0,0,0
1,1,370099,23,23,23,23,23,23,23,23,23,23
1,1,370100,0,0,0,0,0,0,0,0,0,0
1,1,370101,0,0,0,0,0,0,0,0,0,0
1,1,370102,0,0,0,0,0,0,0,0,0,0
2,1,370102,0,0,0,0,0,0,0,0,0,0
3,1,370102,0,0,0,0,0,0,0,0,0,0
4,1,370102,0,0,0,0,0,0,0,0,0,0
1,1,370103,0,0,0,0,0,0,0,0,7,0
1,1,370104,27,27,27,27,27,27,27,27,27,27
0,1,370105,34,34,34,34,34,34,34,34,34,34
1,1,370105,11,0,16,6,23,0,4,10,0,2
1,1,370106,0,0,0,0,0,0,0,0,0,0
2,1,370106,0,0,0,0,0,0,0,0,0,0
1,1,370107,0,0,0,0,0,0,0,0,0,0
1,1,370108,0,0,0,0,0,0,0,0,0,0
1,1,370109,0,0,0,0,0,0,0,0,0,0
2,1,370109,17,17,17,17,17,17,17,17,17,17
1,1,370110,0,0,0,0,0,0,0,0,0,0
2,1,370110,0,0,0,0,0,0,0,0,0,0
0,1,370111,0,0,0,0,0,0,0,0,0,0
1,1,370111,0,0,0,0,0,0,0,0,0,0
1,1,370112,17,17,17,17,17,17,17,17,17,17
1,1,370113,0,0,0,0,0,0,0,0,0,0
2,1,370113,0,0,0,0,0,0,0,0,0,0
1,1,370114,17,17,17,17,17,17,17,17,17,17
1,1,370115,0,0,0,0,0,0,0,0,0,0
2,1,370115,0,0,0,0,0,0,0,0,9,0
1,1,370116,0,0,0,0,0,0,0,0,0,0
1,1,370117,0,0,0,0,0,0,0,0,0,0
2,1,370117,0,0,0,0,0,0,0,0,0,6
1,1,370118,0,0,0,0,0,0,0,0,0,0
2,1,370118,0,0,0,0,0,0,0,0,0,0
1,1,370119,25,25,25,25,25,25,25,25,25,25
1,1,370120,0,0,0,0,0,0,0,0,0,0
2,1,370120,0,0,0,0,0,0,0,0,0,0
1,1,370121,0,0,4,0,0,0,0,0,0,0
2,1,370121,0,0,0,0,0,0,0,0,0,0
1,1,370122,18,25,10,10,33,0,0,15,9,0
1,1,370123,14,0,0,9,0,0,0,0,0,0
2,1,370123,6,6,6,6,6,6,6,6,6,6
0,1,370124,0,0,0,0,0,0,0,0,0,0
1,1,370124,0,0,0,0,0,0,0,0,0,18
0,1,370125,0,0,32,0,0,0,0,9,0,0
1,1,370125,0,0,0,0,0,0,0,0,0,0
1,1,370126,9,9,9,9,9,9,9,9,9,9
1,1,370127,38,38,38,38,38,38,38,38,38,38
1,1,370128,21,21,21,21,21,21,21,21,21,21
0,1,370129,0,0,0,0,0,0,0,0,0,0
1,1,370129,0,0,0,0,0,0,0,0,0,0
0,1,370130,0,0,0,0,0,0,0,0,0,0
1,1,370130,0,0,0,0,0,0,0,0,0,0
0,1,370131,0,0,0,0,0,0,0,0,0,0
1,1,370131,0,0,0,0,7,0,0,0,0,0
0,1,370132,0,0,0,0,0,0,0,0,0,0
1,1,370132,0,0,0,0,0,0,0,0,0,0
1,1,370133,11,2,8,19,14,3,13,18,0,31
1,1,370134,0,0,0,0,0,0,0,0,0,0
1,1,370135,0,0,0,0,0,0,0,0,0,0
1,1,370136,0,0,0,0,0,0,0,0,0,0
2,1,370136,0,0,0,0,0,0,0,0,0,0
1,1,370137,20,20,20,20,20,20,20,20,20,20
1,1,370138,0,0,0,0,0,0,0,0,0,0
2,1,370138,0,0,0,0,0,0,0,0,0,0
1,1,370139,0,0,0,0,0,0,0,0,0,0
1,1,370140,0,0,0,0,0,0,0,0,0,0
1,1,370141,0,0,0,0,0,0,0,0,0,0
1,1,370142,8,8,8,8,8,8,8,8,8,8
1,1,370143,19,19,19,19,19,19,19,19,19,19
1,1,370144,24,24,24,24,24,24,24,24,24,24
1,1,370145,0,0,0,0,0,0,0,0,0,0
1,1,370146,20,20,20,20,20,20,20,20,20,20
1,1,370147,19,19,19,19,19,19,19,19,19,19
2,1,370147,0,0,0,0,0,0,0,0,0,0
1,1,370148,6,6,6,6,6,6,6,6,6,6
1,1,370149,0,0,0,0,0,0,0,0,0,0
2,1,370149,0,0,0,0,0,0,0,0,0,0
1,1,370150,7,7,7,7,7,7,7,7,7,7
1,1,370151,0,0,0,0,0,0,0,0,0,0
1,1,370152,0,0,0,0,0,0,0,0,0,0
2,1,370152,0,0,0,0,0,0,0,0,0,0
1,1,370153,0,0,0,0,0,0,0,0,0,0
2,1,370153,0,0,0,0,0,0,0,18,0,0
1,1,370154,8,8,8,8,8,8,8,8,8,8
2,1,370154,0,0,0,0,0,0,0,0,0,0
1,1,370155,0,0,0,0,0,0,0,0,0,0
2,1,370155,0,0,16,0,0,0,0,0,0,0
3,1,370155,0,0,0,0,0,0,0,0,0,0
1,1,370156,0,0,0,0,0,0,0,0,0,0
2,1,370156,0,0,0,0,0,0,0,0,0,0
1,1,370157,16,16,16,16,16,16,16,16,16,16
0,1,370158,0,0,0,0,0,0,0,0,0,0
1,1,370158,0,0,0,0,0,0,0,0,0,0
1,1,370159,0,0,0,0,0,0,0,0,0,0
1,1,370160,9,9,9,9,9,9,9,9,9,9
1,1,370161,0,0,0,0,0,0,0,0,0,0
1,1,370162,4,4,4,4,4,4,4,4,4,4
2,1,370162,0,0,0,0,0,0,0,0,0,7
1,1,370163,0,0,0,0,0,0,0,0,0,0
2,1,370163,0,0,0,0,0,0,0,0,0,0
1,1,370164,0,0,0,0,0,0,0,0,0,0
2,1,370164,0,0,0,0,0,0,0,0,0,0
3,1,370164,0,0,0,0,0,0,0,0,0,0
1,1,370165,0,0,0,0,0,0,0,0,0,0
2,1,370165,0,0,0,0,0,0,0,0,0,0
0,1,370166,16,16,16,16,16,16,16,16,16,16
1,1,370166,0,0,0,6,0,0,0,0,0,13
1,1,370167,0,0,0,0,0,0,0,0,0,0
1,1,370168,0,0,0,0,0,0,0,0,0,0
2,1,370168,20,20,20,20,20,20,20,20,20,20
1,1,370169,11,11,11,11,11,11,11,11,11,11
1,1,370170,0,0,0,0,0,0,0,0,0,0
1,1,370171,5,5,5,5,5,5,5,5,5,5
1,1,370172,13,13,13,13,13,13,13,13,13,13
2,1,370172,0,0,0,0,0,0,0,0,0,0
0,1,370173,26,26,26,26,26,26,26,26,26,26
1,1,370173,0,0,18,0,0,20,5,15,32,33
1,1,370174,0,0,0,0,0,0,0,0,0,0
2,1,370174,15,15,15,15,15,15,15,15,15,15
1,1,370175,14,14,14,14,14,14,14,14,14,14
1,1,370176,0,0,0,0,0,0,0,0,0,0
1,1,370177,0,0,0,0,0,0,0,0,0,0
2,1,370177,30,30,30,30,30,30,30,30,30,30
1,1,370178,0,0,0,0,0,0,0,0,0,0
1,1,370179,0,0,0,0,0,0,0,0,0,0
2,1,370179,0,0,0,0,0,0,0,0,0,0
1,1,370180,18,18,18,18,18,18,18,18,18,18
1,1,370181,17,17,17,17,17,17,17,17,17,17
1,1,370182,0,0,0,0,0,0,0,0,0,0
2,1,370182,0,0,0,0,0,0,0,0,0,0
1,1,370183,15,15,15,15,15,15,15,15,15,15
0,1,370184,0,0,0,0,0,0,0,0,0,0
1,1,370184,0,0,0,0,0,0,0,0,5,0
1,1,370185,46,46,46,46,46,46,46,46,46,46
2,1,370185,0,0,0,0,0,0,0,0,0,0
1,1,370186,0,0,0,0,0,0,0,0,0,0
1,1,370187,0,0,0,0,0,0,0,0,0,0
2,1,370187,0,0,0,0,0,0,0,0,0,0
1,1,370188,0,0,0,0,0,0,0,0,0,0
2,1,370188,0,0,0,0,0,0,0,0,0,0
1,1,370189,12,12,12,12,12,12,12,12,12,12
0,1,370190,13,13,13,13,13,13,13,13,13,13
1,1,370190,0,6,0,0,0,0,0,0,0,0
1,1,370191,0,0,0,0,0,0,0,0,0,0
1,1,370192,2,2,2,2,2,2,2,2,2,2
2,1,370192,0,0,0,0,0,0,0,0,0,0
1,1,370193,8,8,8,8,8,8,8,8,8,8
1,1,370194,0,0,0,0,0,0,0,0,0,0
2,1,370194,0,0,0,0,0,0,0,0,0,0
1,1,370195,0,0,0,0,0,0,0,0,0,0
1,1,370196,0,0,0,0,0,0,0,0,0,0
1,1,370197,0,0,0,0,0,0,0,0,0,0
1,1,370198,0,0,0,0,0,0,0,0,0,0
1,1,370199,18,13,10,23,10,8,31,13,17,8
2,1,370199,0,0,0,0,0,0,0,0,0,0
1,1,370200,0,16,20,18,8,18,5,18,18,7
1,1,370201,0,0,0,0,0,0,0,0,0,0
1,1,370202,0,0,0,0,0,0,0,0,0,0
2,1,370202,0,0,0,0,0,0,0,0,0,0
1,1,370203,0,0,0,0,0,0,0,0,0,0
2,1,370203,0,0,0,0,0,0,0,0,0,0
3,1,370203,0,0,0,0,0,0,0,0,0,0
1,3,370204,6,23,16,33,13,0,6,10,0,4
1,1,370205,0,0,0,0,0,0,0,0,0,0
2,1,370205,0,0,0,0,0,0,0,0,0,0
1,1,370206,0,0,0,0,0,0,0,0,0,0
1,1,370207,0,0,0,0,14,2,13,0,0,20
1,1,370208,0,0,0,0,0,0,0,0,0,0
2,1,370208,0,0,0,0,0,0,0,0,0,0
1,1,370209,0,0,0,0,0,0,0,0,0,0
1,1,370210,0,0,0,0,0,0,0,0,0,0
1,1,370211,15,33,17,17,27,27,27,24,20,19
1,1,370212,4,4,4,4,4,4,4,4,4,4
2,1,370212,0,0,0,0,0,0,0,0,0,0
1,1,370213,0,0,0,0,0,0,0,0,0,0
2,1,370213,0,0,0,0,0,0,0,0,0,0
1,1,370214,0,0,0,0,0,0,0,0,0,0
2,1,370214,17,17,17,17,17,17,17,17,17,17
1,1,370215,0,0,0,0,0,0,0,0,0,0
2,1,370215,0,0,0,0,0,0,0,0,0,0
3,1,370215,0,0,0,0,0,0,17,0,0,0
1,1,370216,0,0,0,0,0,0,0,0,0,0
1,1,370217,27,27,27,27,27,27,27,27,27,27
1,1,370218,0,0,0,0,0,0,0,0,0,0
2,1,370218,0,0,0,0,0,0,0,0,0,0
1,1,370219,0,0,0,0,0,0,0,0,0,0
2,1,370219,0,0,0,0,0,0,0,0,0,0
3,1,370219,0,0,0,0,0,0,0,0,0,0
1,1,370220,0,0,0,0,0,0,0,0,0,0
1,1,370221,0,0,0,0,0,0,0,0,0,0
2,1,370221,0,0,0,0,0,0,0,0,0,0
1,1,370222,0,0,0,0,0,0,0,0,0,0
2,1,370222,0,0,0,0,0,0,0,0,0,0
1,1,370223,7,7,7,7,7,7,7,7,7,7
2,1,370223,0,0,0,0,0,0,0,0,0,0
1,1,370224,0,0,0,0,0,0,0,0,0,0
1,1,370226,16,16,16,16,16,16,16,16,16,16
2,1,370226,15,0,13,10,3,0,16,20,8,35
1,1,370227,18,18,18,18,18,18,18,18,18,18
1,1,370228,5,5,5,5,5,5,5,5,5,5
0,1,370229,0,0,0,0,0,0,0,0,0,0
1,1,370229,0,0,0,0,0,0,0,0,0,0
1,1,370230,0,0,0,0,0,0,0,0,0,0
2,1,370230,0,0,0,0,0,0,0,0,0,0
0,1,370231,0,0,0,0,0,0,0,0,0,0
1,1,370231,0,0,0,0,0,0,0,0,0,0
2,1,370231,0,0,0,0,0,0,0,0,0,0
3,1,370231,0,0,0,0,0,0,0,0,0,0
4,1,370231,0,0,0,0,0,0,0,0,0,0
5,1,370231,0,0,0,0,0,0,0,0,0,0
0,1,370232,0,0,0,0,0,0,0,0,0,0
1,1,370232,2,2,2,2,2,2,2,2,2,2
1,1,370233,0,0,0,0,0,0,0,0,0,0
2,1,370233,0,0,0,0,0,0,0,0,0,0
3,1,370233,0,0,19,0,0,0,0,0,0,0
1,1,370234,37,37,37,37,37,37,37,37,37,37
1,1,370235,0,0,0,0,0,0,0,0,0,0
2,1,370235,28,28,28,28,28,28,28,28,28,28
3,1,370235,0,0,0,0,0,0,0,0,0,0
1,1,370236,20,20,20,20,20,20,20,20,20,20
0,1,370237,0,0,0,0,0,0,0,0,0,0
1,1,370237,0,0,0,0,0,0,0,0,0,0
1,1,370238,0,0,0,0,0,0,0,0,0,0
0,1,370239,32,32,32,32,32,32,32,32,32,32
1,1,370239,14,0,0,0,0,0,0,0,0,0
1,1,370240,18,18,18,18,18,18,18,18,18,18
0,1,370241,26,26,26,26,26,26,26,26,26,26
1,1,370241,0,10,0,0,0,0,0,0,0,0
1,1,370242,0,0,0,0,0,0,0,0,0,0
2,1,370242,0,0,0,0,0,0,0,0,0,0
1,1,370243,19,19,19,19,19,19,19,19,19,19
1,1,370244,26,20,7,0,8,26,11,19,2,9
2,1,370244,0,0,0,0,0,0,0,8,0,16
1,1,370245,4,4,4,4,4,4,4,4,4,4
2,1,370245,0,0,0,0,0,0,0,0,0,0
3,1,370245,0,0,0,0,0,0,0,0,0,0
4,1,370245,0,0,0,0,0,0,0,0,14,0
1,1,370246,0,0,0,0,0,0,0,0,0,0
1,1,370247,0,0,0,0,0,0,0,0,0,0
2,1,370247,0,6,0,0,0,0,14,0,0,0
1,1,370248,0,0,0,0,0,0,0,0,0,0
2,1,370248,0,0,0,0,0,0,0,0,0,8
1,1,370249,0,0,0,0,0,0,0,0,0,0
2,1,370249,0,0,0,0,0,0,0,0,0,0
1,1,370250,0,0,0,0,0,0,0,0,0,0
2,1,370250,0,0,0,0,0,0,0,0,0,0
1,1,370251,0,0,0,0,0,0,0,0,0,0
2,1,370251,0,0,0,0,0,0,0,0,0,0
1,1,370252,0,0,0,0,0,0,0,0,0,0
0,1,370253,0,0,0,0,0,0,0,0,0,0
1,1,370253,0,0,0,8,0,0,0,0,0,0
1,1,370254,7,7,7,7,7,7,7,7,7,7
2,1,370254,0,0,0,0,0,0,0,0,0,0
1,1,370255,0,0,0,0,0,0,0,0,0,0
2,1,370255,0,0,0,0,0,0,0,0,0,0
1,1,370256,0,0,0,0,0,0,0,0,0,0
0,1,370257,27,27,27,27,27,27,27,27,27,27
1,1,370257,0,0,0,0,9,0,0,0,0,0
1,1,370258,0,0,11,0,0,0,0,0,0,0
2,1,370258,0,0,0,0,0,0,0,0,0,0
1,1,370259,24,24,24,24,24,24,24,24,24,24
2,1,370259,0,0,0,0,0,0,0,0,0,0
1,1,370260,10,10,10,10,10,10,10,10,10,10
1,1,370261,0,0,0,0,0,0,0,0,0,0
2,1,370261,22,22,22,22,22,22,22,22,22,22
1,1,370262,0,0,0,0,0,0,0,0,0,0
2,1,370262,0,0,0,0,0,0,0,0,0,0
1,1,370263,0,0,0,0,0,0,0,0,0,0
1,1,370264,0,0,0,0,0,0,0,0,0,0
2,1,370264,0,0,0,0,0,0,0,0,0,0
1,1,370265,5,5,5,5,5,5,5,5,5,5
1,1,370266,0,0,0,0,0,0,0,0,0,0
2,1,370266,0,0,0,0,0,0,0,0,0,0
0,1,370267,0,14,8,0,24,14,35,31,17,12
1,1,370267,0,0,0,0,0,0,0,0,0,0
1,1,370268,0,0,0,0,0,0,0,0,0,0
2,1,370268,0,0,0,0,0,0,0,0,0,0
1,1,370269,0,0,0,0,0,0,0,0,0,0
2,1,370269,0,0,0,0,0,0,0,0,0,0
1,1,370270,0,0,0,0,0,0,0,0,0,0
1,1,370271,12,12,12,12,12,12,12,12,12,12
2,1,370271,0,0,0,0,0,0,0,0,0,0
1,1,370272,0,0,0,0,0,0,0,0,0,0
1,1,370273,26,26,26,26,26,26,26,26,26,26
1,1,370274,34,34,34,34,34,34,34,34,34,34
0,1,370275,0,0,0,0,0,0,0,0,0,0
1,1,370275,0,0,0,0,0,0,0,0,0,0
1,1,370276,22,22,22,22,22,22,22,22,22,22
0,1,370277,0,0,0,0,0,0,0,0,0,0
1,1,370277,0,0,0,0,0,0,0,0,0,0
0,1,370278,12,16,27,28,25,32,25,31,17,0
1,1,370278,7,0,0,0,0,0,0,0,0,0
1,1,370279,3,3,3,3,3,3,3,3,3,3
1,1,370280,0,0,0,0,14,0,0,0,0,22
1,1,370282,0,0,0,0,0,0,0,0,0,0
2,1,370282,0,0,0,0,0,0,0,0,0,0
1,1,370283,0,0,0,0,0,0,0,0,0,0
1,1,370284,0,0,0,0,0,0,0,0,0,0
2,1,370284,0,0,0,0,0,0,0,0,0,0
1,1,370285,0,0,12,11,15,0,0,0,0,0
1,1,370286,0,0,15,12,0,0,0,0,0,0
1,1,370287,20,20,20,20,20,20,20,20,20,20
1,1,370288,0,0,0,0,0,0,0,0,0,0
1,1,370289,9,9,9,9,9,9,9,9,9,9
2,1,370289,0,0,0,0,0,0,0,0,0,0
1,1,370290,0,0,0,0,0,0,0,0,0,0
0,1,370291,18,18,18,18,18,18,18,18,18,18
1,1,370291,0,0,0,0,0,0,0,0,0,0
1,1,370292,16,16,16,16,16,16,16,16,16,16
2,1,370292,2,2,2,2,2,2,2,2,2,2
3,1,370292,0,0,0,0,0,0,0,0,0,0
4,1,370292,0,0,0,0,0,0,0,0,0,0
5,1,370292,0,0,0,0,0,0,0,0,0,0
1,1,370293,0,0,0,0,0,0,0,0,0,0
0,1,370294,4,4,4,4,4,4,4,4,4,4
1,1,370294,0,0,0,0,0,0,0,0,0,0
2,1,370294,0,0,0,0,0,0,0,0,0,0
1,1,370295,0,0,0,0,0,0,0,0,0,0
1,1,370296,9,22,20,18,0,17,27,0,20,0
2,1,370296,0,0,0,0,0,0,0,0,0,0
1,1,370297,0,0,0,0,0,0,0,0,0,0
2,1,370297,0,0,0,0,0,0,0,0,0,0
0,1,370298,24,24,24,24,24,24,24,24,24,24
1,1,370298,0,0,0,0,0,0,0,0,0,0
1,1,370299,0,0,0,0,0,0,0,0,0,0
1,1,370300,0,0,0,0,0,0,0,0,0,0
2,1,370300,0,0,0,0,0,0,0,0,0,0
0,1,370301,0,0,0,0,0,0,0,0,0,0
1,1,370301,0,0,0,0,0,0,0,0,0,6
1,1,370302,12,12,17,5,9,25,0,16,13,14
0,1,370303,0,0,0,0,0,0,0,0,0,0
1,1,370303,0,0,0,0,0,0,0,0,0,0
1,1,370304,0,0,0,0,0,0,0,0,0,0
1,1,370305,0,0,0,0,0,0,0,0,0,0
2,1,370305,0,0,0,0,0,0,0,0,0,0
1,1,370306,0,0,0,0,0,0,0,0,0,0
2,1,370306,0,0,0,0,0,0,0,0,0,0
1,1,370307,11,11,11,11,11,11,11,11,11,11
1,1,370308,0,0,0,0,0,0,0,0,0,0
1,1,370309,0,0,0,0,0,0,0,0,0,0
2,1,370309,0,0,0,0,0,0,0,0,0,0
3,1,370309,0,0,0,0,0,0,0,0,11,19
4,1,370309,0,0,0,0,0,0,0,0,0,0
1,1,370310,0,0,0,0,0,0,0,0,0,0
1,1,370311,22,22,22,22,22,22,22,22,22,22
1,1,370312,0,0,0,0,0,0,0,0,0,0