VEH_NO,PER_NO,ST_CASE,P1,P2,P3,P4,P5,P6,P7,P8,P9,P10
1,1,370313,20,17,7,19,8,0,0,15,28,0
2,1,370313,0,0,0,0,0,0,0,0,0,0
1,1,370314,6,0,0,0,0,0,0,0,0,0
2,1,370314,0,0,0,0,0,19,0,0,0,0
3,1,370314,0,0,2,10,9,0,8,9,0,0
0,1,370316,8,8,8,8,8,8,8,8,8,8
1,1,370316,0,0,0,0,0,0,0,0,0,0
2,1,370316,0,0,0,0,13,0,0,0,0,0
1,1,370317,26,26,26,26,26,26,26,26,26,26
1,1,370318,0,0,0,0,0,0,0,0,0,0
1,1,370319,0,0,0,0,0,0,0,0,0,0
2,1,370319,0,0,0,0,0,0,0,0,0,0
1,1,370320,0,0,0,0,0,0,0,0,0,0
2,1,370320,0,0,0,0,0,6,0,0,0,0
1,1,370321,0,0,0,0,0,0,0,0,0,0
1,1,370322,17,17,17,17,17,17,17,17,17,17
2,1,370322,0,0,0,0,0,0,0,0,0,0
1,1,370323,0,0,0,0,0,0,0,0,0,0
1,1,370324,0,0,0,0,0,0,0,0,0,0
2,1,370324,0,0,0,0,0,0,0,0,0,0
0,1,370325,22,22,22,22,22,22,22,22,22,22
1,1,370325,20,20,20,20,20,20,20,20,20,20
1,1,370326,14,14,14,14,14,14,14,14,14,14
1,1,370327,0,0,0,0,0,0,0,0,0,0
1,1,370328,9,9,9,9,9,9,9,9,9,9
1,1,370329,24,24,24,24,24,24,24,24,24,24
1,1,370330,10,10,10,10,10,10,10,10,10,10
1,1,370331,0,0,0,0,0,0,0,0,0,0
1,1,370332,0,0,0,0,0,0,0,0,0,0
2,1,370332,0,0,0,0,0,0,0,0,0,0
1,1,370333,0,0,0,0,0,0,0,0,0,0
2,1,370333,0,0,0,0,0,0,0,0,0,0
1,1,370334,0,0,0,0,0,0,0,0,0,21
2,1,370334,0,0,0,0,0,0,0,0,0,0
1,1,370335,0,0,0,0,0,0,0,0,0,0
2,1,370335,0,0,0,0,0,0,0,0,0,0
1,1,370336,0,0,0,0,0,0,0,0,0,0
2,1,370336,0,0,0,0,0,0,0,0,0,0
0,1,370337,37,37,37,37,37,37,37,37,37,37
1,1,370337,0,0,0,5,0,0,0,0,0,0
1,1,370338,19,19,19,19,19,19,19,19,19,19
1,1,370339,0,0,0,0,0,0,0,0,0,0
2,1,370339,0,0,0,0,0,0,0,0,0,0
3,1,370339,0,0,0,0,0,0,0,0,0,0
1,1,370340,0,0,0,0,0,0,0,0,0,0
2,1,370340,0,0,0,0,0,0,0,0,0,0
1,1,370341,0,0,0,0,0,0,0,0,0,0
1,1,370342,0,0,0,0,0,0,0,0,0,0
1,1,370343,19,19,19,19,19,19,19,19,19,19
0,1,370344,20,20,20,20,20,20,20,20,20,20
1,1,370344,0,0,0,0,0,0,0,0,0,0
1,1,370345,0,0,0,0,0,0,0,0,0,0
2,1,370345,0,0,0,0,0,0,0,0,0,0
1,1,370346,21,21,21,21,21,21,21,21,21,21
2,1,370346,0,9,0,0,0,0,0,0,6,0
1,1,370347,7,14,22,10,10,22,16,8,0,4
1,1,370348,0,0,0,0,0,0,0,0,0,0
2,1,370348,0,0,0,0,0,0,0,0,0,0
1,1,370349,5,5,13,25,4,10,12,3,2,3
1,1,370350,17,17,17,17,17,17,17,17,17,17
1,1,370351,0,0,0,0,0,0,0,0,0,0
1,1,370352,0,0,0,0,0,0,0,0,0,0
2,1,370352,0,0,0,0,0,6,0,6,0,0
1,1,370353,0,0,0,0,0,0,0,0,0,0
1,1,370354,0,0,0,0,0,0,0,0,0,0
2,1,370354,0,0,0,0,0,0,0,0,0,0
1,1,370355,0,0,0,0,0,0,0,0,0,0
1,1,370356,0,0,0,0,0,0,0,0,0,0
2,1,370356,0,0,0,0,0,0,0,0,0,0
1,1,370357,25,25,25,25,25,25,25,25,25,25
1,1,370358,0,0,0,0,0,0,0,0,0,0
1,1,370359,0,0,0,0,0,0,0,0,0,0
2,1,370359,0,0,0,0,0,0,0,0,0,0
1,1,370360,0,0,0,0,0,0,0,0,0,0
2,1,370360,0,0,0,0,0,0,0,0,0,0
3,1,370360,0,0,0,0,0,0,0,0,0,0
1,1,370361,0,0,0,0,0,0,0,0,0,0
2,1,370361,0,0,0,0,0,0,0,0,0,0
1,1,370362,0,0,0,0,0,0,0,0,0,0
2,1,370362,0,0,0,0,0,0,0,0,0,0
1,1,370363,13,13,13,13,13,13,13,13,13,13
1,1,370364,12,12,12,12,12,12,12,12,12,12
2,1,370364,0,0,0,0,0,0,0,0,0,0
1,1,370365,0,0,0,0,0,0,0,0,0,0
2,1,370365,0,0,0,0,0,0,0,0,0,0
1,1,370366,0,0,0,0,0,0,0,0,0,0
1,1,370367,0,0,0,0,0,0,0,0,0,0
2,1,370367,0,0,0,0,0,0,0,0,0,0
0,1,370368,26,26,26,26,26,26,26,26,26,26
1,1,370368,18,0,13,0,5,2,0,0,0,22
1,1,370369,0,17,0,0,0,0,0,0,0,0
1,1,370370,0,0,0,0,0,0,0,0,0,0
2,1,370370,0,0,0,0,0,0,0,0,0,0
3,1,370370,0,0,0,0,12,0,0,0,0,0
1,1,370371,0,14,0,0,0,0,0,0,3,0
2,1,370371,0,0,0,0,0,0,0,0,0,0
3,1,370371,0,0,0,0,0,0,0,0,0,0
1,1,370372,0,0,0,0,0,0,0,0,0,0
1,1,370373,0,0,0,0,0,0,0,0,0,0
0,1,370374,0,0,0,0,0,0,0,0,0,0
0,2,370374,0,15,0,21,0,0,0,0,19,30
1,1,370374,9,0,0,0,0,0,0,0,0,0
1,1,370375,0,0,0,0,0,0,0,7,0,0
1,1,370376,0,0,0,0,0,0,0,0,0,0
1,1,370377,0,0,0,0,0,0,0,0,0,0
1,1,370378,0,0,0,0,0,0,0,0,0,0
2,1,370378,0,0,0,21,0,0,0,0,0,0
1,1,370379,22,22,22,22,22,22,22,22,22,22
0,1,370380,0,0,17,0,14,0,23,34,17,23
1,1,370380,0,0,0,0,0,0,0,0,0,0
1,1,370381,0,0,0,0,0,0,0,0,0,0
2,1,370381,0,0,0,0,0,0,0,0,0,0
0,1,370382,4,4,4,4,4,4,4,4,4,4
1,1,370382,0,0,0,8,0,0,0,0,0,0
1,1,370383,0,0,0,0,0,0,0,0,0,0
1,1,370384,0,0,0,0,0,0,0,0,0,0
2,1,370384,0,0,0,0,0,0,0,0,0,0
1,1,370385,0,0,0,0,0,0,0,0,0,0
2,1,370385,0,0,0,0,0,0,0,0,0,0
1,1,370386,35,35,35,35,35,35,35,35,35,35
0,1,370387,24,24,24,24,24,24,24,24,24,24
1,1,370387,7,7,0,11,4,11,24,21,0,14
1,1,370388,0,0,0,0,0,0,0,0,0,0
2,1,370388,0,0,0,0,0,0,0,0,0,0
1,1,370389,0,0,0,0,0,0,0,0,0,0
2,1,370389,0,0,0,0,0,0,0,0,0,0
3,1,370389,0,0,0,0,0,0,0,0,0,0
4,1,370389,0,0,0,0,0,0,0,0,0,0
5,1,370389,22,0,0,0,0,0,0,0,0,0
1,1,370390,6,6,6,6,6,6,6,6,6,6
1,1,370391,0,0,0,0,0,0,0,0,0,0
2,1,370391,0,0,0,0,0,0,0,0,0,0
0,1,370392,13,13,13,13,13,13,13,13,13,13
1,1,370392,6,6,6,6,6,6,6,6,6,6
1,1,370393,0,0,0,0,0,0,0,0,0,0
1,1,370394,0,0,0,0,0,0,0,0,0,0
2,1,370394,0,0,0,0,0,0,0,0,0,0
0,1,370395,0,0,0,0,0,0,0,0,0,0
1,1,370395,0,0,0,0,0,0,0,0,0,0
0,1,370396,0,0,0,0,0,0,0,0,0,0
1,1,370396,0,0,0,0,0,0,0,0,0,0
1,1,370397,0,0,0,0,0,0,0,0,0,0
2,1,370397,0,0,0,0,0,0,0,0,0,0
1,1,370398,10,0,0,0,0,12,0,0,0,0
1,1,370399,0,0,0,0,0,0,0,0,0,0
2,1,370399,0,0,0,0,0,0,0,0,0,0
1,1,370400,0,0,0,0,0,0,0,0,0,0
1,1,370401,2,2,2,2,2,2,2,2,2,2
1,1,370402,0,0,0,0,0,0,0,0,0,0
0,1,370403,0,0,0,0,0,0,0,0,0,0
1,1,370403,0,0,0,0,0,0,0,0,0,0
1,1,370404,0,0,0,0,0,0,0,0,0,0
1,1,370405,0,0,0,0,0,0,0,0,0,0
1,1,370407,0,0,0,0,0,0,0,0,0,0
1,1,370408,36,36,36,36,36,36,36,36,36,36
1,1,370409,0,0,0,0,0,0,0,0,0,0
2,1,370409,0,0,0,0,0,0,0,0,0,0
1,1,370410,0,0,0,0,0,0,0,0,0,0
1,1,370411,0,0,14,0,0,0,0,5,0,0
2,1,370411,0,0,0,0,0,0,0,0,0,0
3,1,370411,0,0,0,0,0,0,0,0,0,0
1,1,370412,0,0,0,0,0,0,0,0,0,0
2,1,370412,0,0,0,0,0,0,0,0,0,0
1,1,370413,0,0,0,0,0,0,0,0,0,0
2,1,370413,0,0,0,0,0,0,0,0,0,0
1,1,370414,13,13,13,13,13,13,13,13,13,13
1,1,370415,0,0,0,0,0,0,0,0,0,0
2,1,370415,0,0,0,0,0,0,0,0,0,0
3,1,370415,0,0,0,0,0,0,0,0,0,0
4,1,370415,0,0,0,0,0,0,0,0,0,0
1,1,370416,0,0,0,0,0,0,0,0,0,0
1,1,370417,0,0,11,0,0,0,0,0,0,0
2,1,370417,0,0,0,0,0,0,0,0,0,0
1,1,370418,0,0,0,0,0,0,0,0,0,0
1,1,370419,17,17,17,17,17,17,17,17,17,17
1,1,370420,0,0,0,0,0,0,0,0,0,0
2,1,370420,0,0,0,0,0,0,0,0,0,0
1,1,370421,0,0,0,0,0,0,0,0,0,0
1,1,370422,0,0,0,0,0,0,0,0,0,0
1,1,370423,0,0,0,0,0,0,0,0,0,0
2,1,370423,0,0,0,0,0,0,0,0,0,0
3,1,370423,0,0,0,0,0,0,0,0,0,0
1,1,370424,0,0,0,0,0,0,0,0,0,0
1,1,370425,0,0,0,0,0,0,0,0,0,0
1,1,370426,0,0,0,0,0,0,0,0,0,0
2,1,370426,0,0,0,0,0,0,0,0,0,0
1,1,370427,0,0,0,0,0,0,0,0,0,0
1,1,370428,0,0,0,0,0,0,0,0,0,0
2,1,370428,0,0,0,0,0,0,0,0,0,0
1,1,370429,32,32,32,32,32,32,32,32,32,32
0,1,370430,0,0,0,0,0,0,0,0,0,0
1,1,370430,17,9,7,12,18,12,7,19,22,16
1,1,370431,0,0,0,0,0,0,0,0,9,0
1,1,370432,0,0,0,0,0,0,0,0,0,0
0,1,370433,7,7,7,7,7,7,7,7,7,7
1,1,370433,0,0,0,0,0,0,0,0,0,0
0,1,370434,0,0,0,0,0,0,0,0,0,0
1,1,370434,0,0,0,0,0,0,2,0,0,0
1,1,370435,17,0,10,14,0,12,16,14,22,32
1,1,370436,0,0,0,0,0,0,0,0,0,0
2,1,370436,0,0,0,0,0,0,0,0,12,0
1,1,370437,33,33,33,33,33,33,33,33,33,33
1,1,370438,0,0,0,0,0,0,0,0,0,0
1,1,370439,0,0,0,0,0,0,0,0,0,0
1,1,370440,0,6,18,0,0,10,0,15,0,11
2,1,370440,0,0,0,0,0,0,0,0,0,0
1,1,370441,0,0,0,0,0,0,0,0,0,0
0,1,370442,22,22,22,22,22,22,22,22,22,22
1,1,370442,0,0,0,0,0,0,0,0,0,0
1,1,370443,6,6,6,6,6,6,6,6,6,6
1,1,370444,0,0,0,0,0,0,0,0,0,0
2,1,370444,0,0,0,0,0,0,0,0,0,0
1,1,370445,0,0,0,0,0,0,0,0,0,0
1,1,370446,0,0,0,0,0,0,0,0,0,0
2,1,370446,0,0,0,0,0,0,0,0,0,0
3,1,370446,0,0,0,0,0,0,0,0,0,0
1,1,370447,0,0,0,0,0,0,0,0,0,0
1,1,370448,6,0,0,0,0,0,0,0,0,0
1,1,370449,0,0,0,0,0,0,0,0,0,0
2,1,370449,35,35,35,35,35,35,35,35,35,35
1,1,370450,0,0,0,0,0,0,0,0,0,0
1,1,370451,0,0,0,22,9,11,12,35,21,10
1,1,370452,0,0,0,0,0,0,0,0,0,0
2,1,370452,12,34,10,16,30,0,11,18,16,13
3,1,370452,0,0,0,0,0,0,0,9,0,0
1,1,370453,0,0,0,0,0,0,0,0,0,0
2,1,370453,0,0,0,0,0,0,0,0,0,0
1,1,370454,0,0,0,0,0,0,0,0,0,0
1,1,370455,0,0,0,0,0,0,0,0,0,0
1,1,370456,0,0,0,0,0,0,0,0,0,0
2,1,370456,0,0,0,0,0,0,0,0,0,0
1,1,370457,3,3,3,3,3,3,3,3,3,3
2,1,370457,0,0,0,0,0,0,0,0,0,0
1,1,370458,0,0,0,0,0,0,0,0,0,0
2,1,370458,0,0,0,0,0,0,0,0,0,0
1,1,370459,0,0,0,0,0,0,0,0,0,0
1,1,370460,0,0,0,0,0,0,0,0,0,0
2,1,370460,0,0,0,0,0,0,0,0,0,0
1,1,370461,0,0,0,0,0,0,0,13,0,0
2,1,370461,0,0,0,0,0,0,0,0,0,0
3,1,370461,0,0,0,0,0,0,0,0,0,0
1,1,370462,0,0,0,0,0,0,0,0,0,0
1,1,370463,0,0,0,0,0,0,0,0,0,0
2,1,370463,2,2,2,2,2,2,2,2,2,2
3,1,370463,0,0,0,0,0,0,0,0,0,0
1,1,370464,15,15,15,15,15,15,15,15,15,15
1,1,370465,15,15,15,15,15,15,15,15,15,15
2,1,370465,23,23,23,23,23,23,23,23,23,23
1,1,370466,0,0,0,0,0,0,0,0,0,0
1,1,370467,0,0,0,0,0,0,0,0,0,0
2,1,370467,0,0,0,0,0,0,0,0,0,0
1,1,370468,9,9,9,9,9,9,9,9,9,9
1,1,370469,0,0,0,0,0,0,0,0,0,0
2,1,370469,0,0,0,0,0,0,0,0,0,0
1,1,370470,0,0,0,0,0,0,0,0,0,0
1,1,370471,0,0,0,0,0,0,14,0,0,0
1,1,370472,37,37,37,37,37,37,37,37,37,37
0,1,370473,0,0,0,0,0,0,0,0,0,0
1,1,370473,0,0,0,0,0,0,0,0,0,0
1,1,370474,0,0,0,0,0,0,0,0,0,0
1,1,370475,0,0,0,0,0,0,0,0,0,0
2,1,370475,0,0,0,0,0,0,0,0,0,0
3,1,370475,0,0,0,0,0,0,0,0,0,0
1,1,370476,19,19,19,19,19,19,19,19,19,19
1,1,370477,0,0,0,0,0,14,0,13,0,0
2,1,370477,0,0,0,0,0,0,0,0,0,0
1,1,370478,0,0,0,0,0,0,0,0,0,0
2,1,370478,0,0,0,0,0,0,0,0,0,0
1,1,370479,0,0,0,0,0,0,0,0,0,0
2,1,370479,8,0,12,18,12,26,0,17,31,10
0,1,370480,12,12,12,12,12,12,12,12,12,12
1,1,370480,0,0,0,14,0,0,0,0,0,0
1,1,370481,0,0,0,0,0,0,6,0,0,0
2,1,370481,0,0,0,0,0,0,0,0,0,0
1,1,370482,0,0,18,0,0,0,0,0,0,0
2,1,370482,0,0,0,0,0,0,0,0,0,0
1,1,370483,30,30,30,30,30,30,30,30,30,30
1,1,370484,26,26,26,26,26,26,26,26,26,26
2,1,370484,0,0,4,0,0,6,0,0,0,0
1,1,370485,0,0,0,0,0,0,0,0,0,0
2,1,370485,0,0,0,0,0,0,0,0,0,0
0,1,370486,0,0,0,0,0,0,0,0,0,0
1,1,370486,0,0,0,0,0,0,0,0,0,0
1,1,370487,20,20,20,20,20,20,20,20,20,20
0,1,370488,0,0,0,0,0,0,0,0,0,0
1,1,370488,0,0,0,0,0,0,0,0,0,0
1,1,370489,13,13,13,13,13,13,13,13,13,13
1,1,370490,20,20,20,20,20,20,20,20,20,20
2,1,370490,0,0,0,0,0,0,0,0,0,0
1,1,370491,0,0,0,0,0,0,0,0,0,0
1,1,370492,14,7,10,21,8,0,9,9,0,14
1,1,370493,0,0,0,0,0,0,0,0,0,0
2,1,370493,0,0,0,0,0,0,0,0,0,0
3,1,370493,17,0,0,0,0,0,19,0,0,0
1,1,370494,0,0,0,0,0,0,0,0,0,0
2,1,370494,0,0,0,0,0,0,0,0,0,0
1,1,370495,0,0,0,0,0,0,0,0,0,0
2,1,370495,0,0,0,0,0,0,0,0,0,0
3,1,370495,0,0,0,0,0,0,0,0,0,0
1,1,370496,5,5,5,5,5,5,5,5,5,5
0,1,370497,28,28,28,28,28,28,28,28,28,28
1,1,370497,0,0,0,0,0,0,0,0,0,7
1,1,370498,0,0,0,0,0,0,8,0,0,0
2,1,370498,0,0,0,0,0,0,0,0,0,0
1,1,370499,16,16,16,16,16,16,16,16,16,16
1,1,370500,0,0,0,0,0,0,0,0,0,0
1,1,370501,0,0,0,0,0,0,0,0,0,0
1,1,370502,0,0,0,0,0,0,0,0,0,0
1,1,370503,0,0,0,0,0,0,0,0,0,0
1,1,370504,7,7,7,7,7,7,7,7,7,7
1,1,370505,0,0,0,0,0,0,0,0,0,0
1,1,370506,18,18,18,18,18,18,18,18,18,18
2,1,370506,0,0,0,0,0,0,0,0,0,0
1,1,370507,0,0,0,0,0,0,0,0,0,0
2,1,370507,0,0,0,0,0,0,0,0,0,0
1,1,370508,0,0,0,0,0,0,0,0,0,0
2,1,370508,0,0,0,0,0,0,0,0,0,0
1,1,370509,0,0,0,0,0,0,0,0,0,0
2,1,370509,0,0,0,0,0,0,0,0,0,0
1,1,370510,0,0,0,0,0,0,0,0,0,0
2,1,370510,0,0,0,0,0,0,0,0,0,0
1,1,370511,24,24,24,24,24,24,24,24,24,24
1,1,370512,0,0,0,0,0,0,0,13,11,0
2,1,370512,0,0,0,0,0,0,0,0,0,0
1,1,370513,0,0,0,0,0,0,0,0,0,0
1,1,370514,0,0,0,0,0,0,0,0,0,0
1,1,370515,22,22,22,22,22,22,22,22,22,22
1,1,370516,14,14,14,14,14,14,14,14,14,14
1,1,370517,0,0,0,0,0,0,0,0,0,0
2,1,370517,0,5,0,3,10,0,6,34,9,18
1,1,370518,0,0,0,0,0,0,0,0,0,0
2,1,370518,0,0,0,0,0,0,15,0,0,0
3,1,370518,0,0,0,0,0,0,0,0,0,0
4,1,370518,0,0,0,0,0,0,0,16,0,0
1,1,370519,20,20,20,20,20,20,20,20,20,20
1,1,370520,0,0,0,0,0,0,0,0,0,0
1,1,370521,15,15,15,15,15,15,15,15,15,15
1,1,370522,12,15,18,20,24,11,22,9,4,16
1,1,370523,0,0,0,0,0,0,0,0,0,0
2,1,370523,0,0,0,0,0,0,0,0,0,0
1,1,370524,0,0,0,0,0,0,0,0,0,0
2,1,370524,0,0,0,0,0,0,0,0,0,0
1,1,370525,0,0,0,0,0,0,0,0,0,0
2,1,370525,0,0,0,0,0,0,0,0,0,0
1,1,370526,0,0,0,0,0,0,0,0,0,0
1,1,370527,0,0,0,0,0,0,0,0,0,0
2,1,370527,0,0,0,0,0,0,0,0,0,0
1,1,370528,0,0,0,0,0,0,0,0,0,0
1,1,370529,0,0,0,0,0,0,0,0,0,0
0,1,370530,24,24,24,24,24,24,24,24,24,24
1,1,370530,19,26,17,12,6,11,14,18,25,10
1,1,370531,25,21,16,16,22,12,25,19,21,22
1,1,370532,0,0,0,0,0,0,0,0,0,0
1,1,370533,0,0,0,0,0,0,0,0,0,0
0,1,370534,0,0,0,0,0,0,0,0,0,0
1,1,370534,0,0,0,0,0,0,0,0,0,0
1,1,370535,0,0,0,0,0,0,0,0,0,0
2,1,370535,0,0,0,0,0,0,0,0,0,0
1,1,370536,0,0,0,0,0,0,0,0,0,0
2,1,370536,0,0,0,0,0,0,0,0,0,0
1,1,370537,24,24,24,24,24,24,24,24,24,24
1,1,370538,0,0,0,0,0,0,0,0,0,0
0,1,370539,0,0,0,0,0,0,0,0,0,0
1,1,370539,0,0,0,0,0,0,0,0,0,0
0,1,370540,26,26,26,26,26,26,26,26,26,26
1,1,370540,0,0,0,0,0,0,0,0,0,0
1,1,370541,0,0,0,0,0,0,0,0,0,0
2,1,370541,0,0,0,0,0,0,0,0,0,0
1,1,370542,8,8,8,8,8,8,8,8,8,8
2,1,370542,0,0,0,0,0,0,0,0,0,0
1,1,370543,15,15,15,15,15,15,15,15,15,15
1,1,370544,0,0,0,0,0,0,0,0,0,0
2,1,370544,0,0,0,0,0,0,0,0,0,0
1,1,370545,32,32,32,32,32,32,32,32,32,32
1,1,370546,0,0,0,0,0,0,0,0,0,0
2,1,370546,10,10,10,10,10,10,10,10,10,10
1,1,370547,0,0,0,0,0,0,0,0,0,0
1,1,370548,0,0,0,0,0,0,0,0,0,0
1,1,370549,0,0,0,0,0,0,0,0,0,0
1,1,370550,0,0,0,0,0,0,0,0,0,0
2,1,370550,0,0,0,0,0,0,0,0,0,0
1,1,370551,0,0,0,0,0,0,0,0,0,0
1,1,370552,0,0,0,0,0,0,0,0,0,0
1,1,370553,0,0,0,0,0,0,0,0,0,0
1,1,370554,0,0,0,0,0,0,0,0,0,0
1,1,370555,0,0,0,0,0,0,0,0,0,0
2,1,370555,0,0,0,0,0,0,0,0,0,0
1,1,370556,0,0,0,0,0,0,0,0,0,0
2,1,370556,0,0,0,0,0,0,0,0,0,0
1,1,370557,9,9,9,9,9,9,9,9,9,9
2,1,370557,0,0,0,0,0,6,0,0,0,0
1,1,370558,13,13,13,13,13,13,13,13,13,13
1,1,370559,0,0,0,0,0,0,0,0,0,0
2,1,370559,0,0,0,0,0,0,0,0,0,0
1,1,370560,0,0,0,0,0,0,0,0,0,0
2,1,370560,0,0,0,0,0,0,0,0,0,0
1,1,370561,0,0,0,0,0,0,0,0,0,0
2,1,370561,17,17,17,17,17,17,17,17,17,17
1,1,370562,0,0,0,0,0,0,0,0,0,0
1,1,370563,0,0,0,0,0,0,0,0,0,0
2,1,370563,0,0,0,0,0,0,0,0,0,0
3,1,370563,0,0,0,0,0,0,0,0,0,0
1,1,370564,0,0,0,0,0,0,0,0,0,0
2,1,370564,0,15,6,10,15,15,0,9,0,0
1,1,370565,0,0,0,0,0,0,0,0,0,0
1,1,370566,0,0,0,0,0,0,0,0,0,0
1,1,370567,0,0,0,0,0,0,0,0,0,0
2,1,370567,0,0,0,0,0,0,0,0,0,0
3,1,370567,0,0,0,0,0,0,0,0,5,0
1,1,370568,3,0,0,0,0,0,0,6,0,0
2,1,370568,0,0,0,0,0,0,0,0,0,0
1,1,370569,0,0,0,0,0,0,0,0,0,0
1,1,370570,0,0,0,0,0,0,0,0,0,0
1,1,370571,0,0,0,0,0,0,0,0,0,14
2,1,370571,0,0,6,0,0,0,0,0,0,0
1,1,370572,0,0,0,0,0,0,0,0,0,0
2,1,370572,0,0,0,0,0,0,0,0,0,0
1,1,370573,0,0,0,0,0,0,0,0,0,0
2,1,370573,0,0,0,0,0,0,0,0,0,0
3,1,370573,0,0,0,0,0,0,0,0,0,0
4,1,370573,0,0,0,0,0,0,0,0,0,0
1,1,370574,0,0,0,0,0,0,0,0,0,0
1,1,370575,0,0,0,0,0,0,0,0,0,0
1,1,370576,0,0,0,0,0,0,0,0,0,0
2,1,370576,0,0,0,0,0,0,0,0,0,0
3,1,370576,0,0,0,0,0,0,0,0,0,0
1,1,370577,0,0,0,0,0,0,0,0,0,0
2,1,370577,0,0,0,0,0,0,0,0,0,0
3,1,370577,0,14,0,0,0,0,0,0,0,0
1,1,370578,25,25,25,25,25,25,25,25,25,25
1,1,370579,0,0,0,0,0,0,0,0,0,0
2,1,370579,0,0,0,0,0,0,0,0,0,0
1,1,370580,17,17,17,17,17,17,17,17,17,17
1,1,370581,17,17,17,17,17,17,17,17,17,17
1,1,370582,0,0,0,0,0,0,0,0,0,0
1,1,370583,20,20,20,20,20,20,20,20,20,20
0,1,370584,25,25,25,25,25,25,25,25,25,25
1,1,370584,0,0,0,0,0,0,0,0,0,0
2,1,370584,0,0,0,0,0,0,0,0,0,0
1,1,370585,5,5,5,5,5,5,5,5,5,5
0,1,370586,15,15,15,15,15,15,15,15,15,15
1,1,370586,0,0,0,0,5,0,0,0,0,0
1,1,370587,0,0,0,0,0,0,0,0,0,0
2,1,370587,0,0,0,0,0,0,0,0,0,0
0,1,370588,0,0,0,0,0,0,0,0,0,0
1,1,370588,0,0,0,8,0,0,0,0,0,0
1,1,370589,18,18,18,18,18,18,18,18,18,18
1,1,370590,0,0,0,0,0,0,0,0,0,0
1,1,370591,0,0,0,0,0,0,0,0,0,0
1,1,370592,13,13,13,13,13,13,13,13,13,13
2,1,370592,0,0,0,0,0,0,0,0,0,0
1,1,370593,18,18,18,18,18,18,18,18,18,18
1,1,370594,0,0,0,0,0,0,0,0,0,0
2,1,370594,0,0,0,0,0,0,0,0,0,0
1,1,370595,0,0,0,0,0,0,0,0,0,0
2,1,370595,0,0,0,0,0,0,0,0,0,0
1,1,370596,0,0,0,0,0,0,0,0,0,0
1,1,370597,0,0,0,0,0,0,0,0,0,0
2,1,370597,0,0,0,0,0,0,0,14,0,0
3,1,370597,0,0,0,0,0,0,0,0,0,0
1,1,370598,0,0,0,0,0,0,0,0,0,0
2,1,370598,0,0,0,0,0,0,0,0,0,0
1,1,370599,29,0,10,15,22,10,20,6,6,2
1,1,370600,0,0,0,0,0,0,0,0,0,0
1,1,370601,0,0,0,0,0,0,0,0,0,0
2,1,370601,0,0,0,0,0,0,0,0,0,0
1,1,370602,0,0,0,0,0,0,0,0,0,0
1,1,370603,0,0,0,0,0,0,0,0,0,0
1,1,370604,0,0,0,0,0,0,0,0,0,0
2,1,370604,13,0,0,0,20,0,0,0,0,0
3,1,370604,19,0,0,17,0,0,0,0,0,0
4,1,370604,0,0,0,0,0,0,0,0,0,0
1,1,370605,0,0,0,0,0,0,0,0,0,0
1,1,370606,0,0,0,0,0,0,0,0,0,0
2,1,370606,0,0,0,0,0,0,0,0,0,0
1,1,370607,0,0,0,0,0,0,0,0,0,0
1,1,370608,0,0,0,0,0,0,0,0,0,0
1,1,370609,25,25,25,25,25,25,25,25,25,25
1,1,370610,0,0,0,0,0,0,0,0,0,0
2,1,370610,8,8,8,8,8,8,8,8,8,8
1,1,370611,0,0,0,0,0,0,0,0,0,0
2,1,370611,11,0,0,0,0,0,0,0,0,0
0,1,370612,32,32,32,32,32,32,32,32,32,32
1,1,370612,0,0,0,0,0,23,0,0,0,0
1,1,370613,0,0,0,0,0,0,0,0,0,0
1,1,370614,36,36,36,36,36,36,36,36,36,36
1,1,370615,11,11,11,11,11,11,11,11,11,11
1,1,370616,0,0,0,0,0,0,0,0,0,0
1,1,370617,10,0,27,0,13,6,0,0,9,0
1,1,370618,0,0,0,0,0,0,0,0,0,0
1,1,370619,0,0,0,0,0,0,0,0,0,0
2,1,370619,0,0,0,0,0,0,0,0,0,0
1,1,370620,4,4,4,4,4,4,4,4,4,4
1,1,370621,0,0,0,0,0,0,0,0,0,0
1,1,370622,0,0,0,0,0,0,0,0,0,0
2,1,370622,0,0,0,0,0,0,0,0,0,0
3,1,370622,0,0,0,0,0,0,0,0,0,0
4,1,370622,0,0,0,0,0,0,0,0,0,0
5,1,370622,0,0,0,0,0,0,0,0,0,0
1,1,370623,0,0,0,0,0,0,0,0,0,0
1,1,370624,21,21,21,21,21,21,21,21,21,21
1,1,370625,29,29,29,29,29,29,29,29,29,29
1,1,370626,15,15,15,15,15,15,15,15,15,15
1,1,370627,0,0,0,0,0,0,0,0,0,0
2,1,370627,0,0,0,0,0,0,0,0,0,0
3,1,370627,0,0,0,0,0,0,0,0,0,0
4,1,370627,0,0,0,0,0,0,0,0,0,0
1,1,370628,0,0,0,0,0,0,0,0,0,0
2,1,370628,0,0,0,0,20,0,0,0,0,0
1,1,370629,0,0,0,0,0,0,0,0,0,0
2,1,370629,0,0,0,0,0,0,0,0,0,0
0,1,370630,0,0,0,0,0,0,0,0,0,0
1,1,370630,0,0,0,0,0,0,0,0,0,0
1,1,370631,0,0,0,0,0,0,0,0,0,0
1,1,370632,0,0,11,0,0,27,0,0,0,0
2,1,370632,0,0,0,0,0,0,0,0,0,0
3,1,370632,0,0,8,0,0,0,0,0,0,0
0,1,370633,13,13,13,13,13,13,13,13,13,13