VEH_NO,PER_NO,ST_CASE,P1,P2,P3,P4,P5,P6,P7,P8,P9,P10
1,1,370950,0,0,0,0,0,0,0,0,0,0
1,1,370951,0,0,0,0,0,0,0,0,0,0
1,1,370952,10,10,10,10,10,10,10,10,10,10
1,1,370953,0,0,0,0,0,0,0,0,0,0
1,1,370954,20,20,20,20,20,20,20,20,20,20
1,1,370955,0,0,0,0,0,0,0,0,0,0
1,1,370956,25,25,25,25,25,25,25,25,25,25
1,1,370957,19,19,19,19,19,19,19,19,19,19
1,1,370958,8,8,8,8,8,8,8,8,8,8
1,1,370959,0,0,0,0,0,0,0,0,0,0
1,1,370960,0,0,0,0,0,0,0,0,0,0
1,1,370961,0,0,0,0,0,0,0,0,0,0
1,1,370962,0,0,0,0,0,0,26,0,0,0
2,1,370962,0,0,0,0,0,0,0,0,0,0
1,1,370963,0,0,0,0,0,0,0,0,0,0
1,1,370964,0,0,0,0,0,0,0,0,0,0
1,1,370965,0,0,0,0,0,0,0,0,0,0
2,1,370965,0,0,0,0,0,0,0,0,0,0
1,1,370966,25,25,25,25,25,25,25,25,25,25
1,1,370967,17,17,17,17,17,17,17,17,17,17
1,1,370968,22,22,22,22,22,22,22,22,22,22
1,1,370969,0,0,0,0,0,0,0,0,0,0
2,1,370969,0,0,0,0,0,0,0,0,0,0
3,1,370969,0,0,0,0,0,0,0,0,0,0
1,1,370970,0,0,0,0,0,0,0,0,0,0
2,1,370970,0,0,0,0,0,0,0,0,0,0
1,1,370971,0,0,0,0,0,0,0,0,0,0
0,1,370972,0,0,0,0,0,0,0,0,0,0
1,1,370972,0,0,0,0,0,0,0,0,0,0
1,1,370973,2,2,2,2,2,2,2,2,2,2
2,1,370973,0,0,0,0,0,0,0,0,0,0
1,1,370974,0,0,0,0,0,0,0,0,0,0
2,1,370974,0,0,0,0,0,0,0,0,0,0
1,1,370975,15,15,15,15,15,15,15,15,15,15
2,1,370975,0,0,0,0,0,17,0,0,0,0
3,1,370975,0,0,0,0,0,0,0,0,0,0
1,1,370976,17,17,17,17,17,17,17,17,17,17
2,1,370976,0,0,0,0,0,0,0,0,0,0
1,1,370977,0,0,0,0,0,0,0,0,0,0
2,1,370977,0,0,0,0,0,0,0,0,0,0
1,1,370978,0,0,0,0,0,0,48,0,0,0
2,1,370978,0,0,0,0,0,0,0,0,0,0
1,1,370979,0,0,0,0,0,0,0,0,0,0
2,1,370979,24,24,24,24,24,24,24,24,24,24
1,1,370980,0,0,0,0,0,0,0,0,0,0
1,1,370981,0,0,0,0,0,0,0,0,0,0
0,1,370982,0,0,0,0,0,0,0,0,0,0
1,1,370982,0,0,0,0,0,0,0,0,0,0
1,1,370983,12,12,12,12,12,12,12,12,12,12
1,1,370984,0,0,0,0,0,0,0,0,0,0
1,1,370985,9,9,9,9,9,9,9,9,9,9
1,1,370986,14,18,10,14,15,21,0,0,6,12
1,1,370987,0,0,0,0,0,0,0,0,0,0
2,1,370987,0,0,0,4,0,0,0,0,0,0
3,1,370987,0,0,0,0,0,0,0,0,0,0
4,1,370987,0,8,0,0,0,0,0,0,0,0
5,1,370987,0,0,0,0,0,0,0,0,0,0
6,1,370987,0,0,0,0,0,0,0,0,0,0
1,1,370988,0,0,0,0,0,0,0,0,0,0
2,1,370988,0,0,0,0,0,0,0,0,0,0
0,1,370989,23,23,23,23,23,23,23,23,23,23
1,1,370989,0,0,0,0,0,0,0,0,0,0
1,1,370990,17,17,17,17,17,17,17,17,17,17
1,1,370991,0,0,0,0,0,0,0,0,0,0
2,1,370991,0,0,0,0,0,0,0,0,0,0
3,1,370991,0,0,0,0,0,0,0,0,0,0
1,1,370992,0,0,0,0,0,0,0,0,0,0
2,1,370992,0,0,0,0,0,0,0,0,0,0
1,1,370993,0,0,0,0,0,0,0,0,0,0
1,1,370994,0,0,0,0,0,0,0,0,0,0
0,1,370995,2,2,2,2,2,2,2,2,2,2
1,1,370995,0,0,0,0,0,0,0,0,0,0
1,1,370996,0,0,0,0,0,0,0,0,0,0
2,1,370996,0,0,0,0,0,0,0,0,0,0
1,1,370997,19,19,19,19,19,19,19,19,19,19
1,1,370998,0,0,0,0,0,0,0,0,0,0
1,1,370999,0,0,0,0,0,0,0,0,0,0
2,1,370999,0,0,0,11,3,0,9,0,0,0
0,1,371000,0,0,0,0,0,0,0,0,0,0
1,1,371000,0,0,0,0,0,0,0,0,0,0
0,1,371001,0,0,0,0,0,0,0,0,0,0
1,1,371001,0,0,0,0,0,0,0,0,0,0
1,1,371002,0,0,0,0,0,0,0,0,0,0
2,1,371002,0,0,0,0,0,0,0,0,0,0
1,1,371003,0,0,0,0,0,0,0,0,0,0
1,1,371004,0,0,0,0,0,0,0,0,0,0
2,1,371004,0,0,0,0,0,0,0,0,0,0
1,1,371005,17,9,28,28,8,7,20,6,16,14
1,1,371006,0,0,0,0,0,0,0,0,0,0
1,1,371007,0,0,0,2,0,0,0,0,0,0
2,1,371007,0,0,0,0,0,0,0,0,0,0
1,1,371008,0,0,0,0,0,0,0,0,0,0
1,1,371009,0,0,0,0,0,0,0,0,0,0
2,1,371009,0,0,0,0,0,0,0,0,0,0
1,1,371010,0,0,0,0,0,0,0,0,0,0
2,1,371010,0,0,0,0,0,0,0,0,0,0
1,1,371011,12,12,12,12,12,12,12,12,12,12
1,1,371012,0,0,0,0,0,0,0,0,0,0
2,1,371012,0,0,0,0,0,0,0,0,0,0
0,1,371013,0,0,0,0,0,0,0,0,0,0
1,1,371013,0,0,0,0,0,0,0,0,0,0
1,1,371014,0,0,0,0,0,0,0,0,0,0
1,1,371015,0,0,0,0,0,0,0,0,0,0
2,1,371015,0,0,0,0,0,0,0,0,0,0
3,1,371015,0,0,0,0,0,0,0,0,0,0
0,1,371016,0,0,0,0,0,0,0,0,0,0
1,1,371016,0,0,0,14,0,0,0,0,0,0
0,1,371017,0,0,0,0,0,0,0,0,0,0
1,1,371017,0,0,0,0,0,0,0,0,0,0
1,1,371018,0,0,0,0,0,0,0,0,0,0
2,1,371018,0,0,0,0,0,0,0,0,0,0
1,1,371019,8,0,13,0,0,0,0,0,0,0
2,1,371019,0,0,0,0,0,0,0,0,0,0
1,1,371020,0,0,0,0,0,0,0,0,0,0
2,1,371020,0,0,0,0,0,0,0,0,0,0
1,1,371021,0,0,0,0,0,0,0,0,0,0
2,1,371021,0,0,0,0,0,0,0,0,0,0
0,1,371022,0,0,0,0,0,0,0,0,0,0
1,1,371022,0,0,0,0,0,0,0,0,0,0
1,1,371023,0,0,0,0,0,0,0,0,0,0
2,1,371023,0,0,0,0,0,23,0,0,0,0
3,1,371023,0,0,0,0,0,0,0,0,0,0
4,1,371023,0,0,0,0,0,0,0,0,0,0
1,1,371024,0,0,0,0,0,0,0,0,0,0
2,1,371024,0,0,0,0,0,0,0,0,0,0
1,1,371025,14,14,14,14,14,14,14,14,14,14
1,1,371026,0,0,0,0,0,0,0,0,0,0
2,1,371026,0,0,0,0,0,0,0,0,0,0
1,1,371027,17,17,17,17,17,17,17,17,17,17
0,1,371028,0,0,0,0,0,0,0,0,0,0
1,1,371028,0,8,0,0,0,0,0,0,0,0
1,1,371029,0,0,0,0,0,0,0,0,0,0
2,1,371029,0,0,0,0,0,0,0,0,0,0
1,1,371030,0,0,0,0,0,0,0,0,0,0
2,1,371030,0,0,0,0,0,0,0,0,0,0
1,1,371031,22,22,22,22,22,22,22,22,22,22
1,1,371032,16,16,16,16,16,16,16,16,16,16
1,1,371033,0,0,0,0,0,0,0,0,0,0
2,1,371033,9,9,9,9,9,9,9,9,9,9
1,1,371034,0,0,0,0,0,0,0,0,0,0
2,1,371034,0,0,0,0,0,0,0,0,0,0
1,1,371035,16,16,16,16,16,16,16,16,16,16
1,1,371036,0,26,0,0,0,16,10,0,13,0
1,1,371037,0,0,0,0,0,0,0,0,0,0
1,1,371038,0,0,0,0,0,0,0,0,0,0
1,1,371039,16,16,16,16,16,16,16,16,16,16
1,1,371040,0,0,0,0,0,0,0,0,0,0
2,1,371040,0,0,0,0,0,0,0,0,0,0
1,1,371041,0,0,0,0,0,0,0,0,0,0
1,1,371042,0,0,0,0,0,0,0,0,0,0
2,1,371042,15,15,15,15,15,15,15,15,15,15
1,1,371043,65,65,65,65,65,65,65,65,65,65
1,1,371044,0,0,0,9,0,0,12,0,5,0
1,1,371045,0,0,0,0,0,0,0,0,0,0
2,1,371045,0,0,0,0,0,0,0,0,0,0
0,1,371046,26,26,26,26,26,26,26,26,26,26
1,1,371046,8,0,0,0,0,0,0,0,0,0
1,1,371047,0,0,0,0,0,0,0,0,0,0
2,1,371047,0,0,0,0,0,0,0,0,0,0
1,1,371048,0,0,0,0,0,0,0,0,0,0
2,1,371048,0,0,0,0,0,0,0,0,0,0
1,1,371049,0,0,0,0,0,0,0,0,0,0
2,1,371049,0,0,0,0,0,0,0,0,0,0
2,1,371050,0,0,0,0,0,0,0,0,0,0
1,1,371051,0,0,0,0,0,0,0,0,0,0
2,1,371051,0,0,0,0,0,0,0,0,0,0
1,1,371052,0,0,0,0,0,0,0,0,0,0
2,1,371052,0,0,0,0,0,0,0,0,0,0
0,1,371053,21,21,21,21,21,21,21,21,21,21
1,1,371053,0,0,0,0,0,0,0,0,0,0
1,1,371054,0,0,0,0,0,0,0,0,0,0
2,1,371054,0,0,0,0,0,0,0,0,0,0
1,1,371055,0,0,0,0,0,0,0,0,10,0
2,1,371055,28,28,28,28,28,28,28,28,28,28
1,1,371056,10,9,16,13,10,0,13,10,17,9
1,1,371057,0,0,0,0,0,0,0,0,0,0
1,1,371058,0,0,0,0,0,0,0,6,0,0
2,1,371058,0,0,0,0,0,0,0,0,0,0
1,1,371059,0,0,0,0,0,0,0,0,0,0
2,1,371059,0,0,0,0,0,0,0,0,0,0
0,1,371060,17,17,17,17,17,17,17,17,17,17
1,1,371060,0,0,0,0,0,0,0,0,0,4
1,1,371061,0,0,0,0,0,0,0,0,0,0
1,1,371062,9,9,9,9,9,9,9,9,9,9
1,1,371063,0,0,0,0,0,0,0,0,0,0
1,1,371064,0,0,0,0,0,0,13,0,0,21
2,1,371064,21,0,5,0,0,0,0,0,0,0
3,1,371064,21,21,21,21,21,21,21,21,21,21
0,1,371065,24,24,24,24,24,24,24,24,24,24
1,1,371065,0,0,0,0,0,0,0,0,0,0
1,1,371066,0,0,0,0,0,0,0,0,0,0
1,1,371067,0,0,0,0,0,0,0,0,0,0
2,1,371067,0,0,0,0,0,0,0,0,0,0
3,1,371067,0,0,0,0,0,0,0,0,0,0
1,1,371068,0,0,0,0,0,0,0,0,0,0
1,1,371069,0,0,0,0,0,0,0,0,0,0
2,1,371069,0,0,0,0,0,0,0,0,0,0
1,1,371070,0,0,0,0,0,0,0,0,0,0
1,1,371071,0,0,0,0,0,0,0,0,0,0
1,3,371072,0,0,3,30,0,0,11,0,10,14
1,1,371073,0,0,0,0,0,0,0,0,0,0
0,1,371074,0,0,0,0,0,0,0,0,0,0
1,1,371074,11,0,0,0,0,0,0,0,0,0
1,1,371075,2,0,0,0,0,0,0,0,0,0
2,1,371075,0,0,0,0,0,0,0,0,0,0
0,1,371076,21,21,21,21,21,21,21,21,21,21
1,1,371076,0,0,0,0,0,0,0,0,0,0
1,1,371077,0,0,0,0,0,0,0,0,0,0
2,1,371077,0,0,0,0,0,0,0,0,0,0
1,1,371078,14,14,14,14,14,14,14,14,14,14
1,1,371079,0,0,0,0,0,0,0,0,0,0
1,1,371080,0,0,0,0,0,0,0,0,0,0
2,1,371080,0,0,0,11,16,0,10,0,0,5
1,1,371081,0,0,0,0,0,0,0,0,0,0
0,1,371082,13,13,13,13,13,13,13,13,13,13
1,1,371082,0,0,0,0,0,0,0,0,0,0
1,1,371083,9,9,9,9,9,9,9,9,9,9
1,1,371084,0,0,0,0,0,0,0,0,0,0
2,1,371084,0,0,0,0,0,0,7,0,0,0
1,1,371085,0,0,0,0,0,0,0,0,0,0
2,1,371085,0,0,0,0,0,0,0,0,0,0
3,1,371085,0,0,0,0,0,0,0,0,0,0
1,1,371086,0,0,0,0,0,0,0,0,0,0
1,1,371087,2,2,2,2,2,2,2,2,2,2
1,1,371088,28,28,28,28,28,28,28,28,28,28
2,1,371088,0,0,0,0,0,0,0,0,14,0
1,1,371089,0,0,0,0,0,0,0,0,0,0
2,1,371089,0,0,0,0,0,0,0,0,0,0
1,1,371090,0,0,0,0,0,0,0,0,0,0
2,1,371090,0,0,0,0,0,0,0,0,0,0
1,1,371091,0,0,0,0,0,0,0,0,0,0
2,1,371091,0,0,0,0,0,0,0,0,0,0
3,1,371091,0,0,0,0,0,0,0,0,0,0
1,1,371092,2,2,2,2,2,2,2,2,2,2
2,1,371092,0,0,0,0,0,0,0,0,0,0
1,1,371093,0,0,0,0,0,0,0,0,0,0
2,1,371093,0,0,0,0,0,0,0,0,0,0
1,1,371094,17,17,17,17,17,17,17,17,17,17
1,1,371095,3,16,3,25,12,16,15,15,0,4
2,1,371095,0,0,0,0,0,0,0,0,0,0
1,1,371096,0,0,0,0,0,0,0,0,0,0
2,1,371096,0,0,0,0,0,0,0,0,0,0
1,1,371097,0,0,0,0,0,0,0,0,0,0
0,1,371098,0,0,0,0,0,0,0,0,0,0
1,1,371098,0,0,0,0,0,0,0,0,0,0
1,1,371099,5,5,5,5,5,5,5,5,5,5
2,1,371099,0,0,0,0,0,0,0,0,0,0
1,1,371100,0,0,0,0,0,0,0,0,0,0
1,1,371101,0,0,0,0,0,0,0,0,0,0
2,1,371101,0,14,0,0,0,0,0,0,0,0
1,1,371102,0,0,0,0,0,0,0,0,0,0
0,1,371103,0,0,0,0,0,0,0,0,0,0
1,1,371103,0,0,0,0,0,0,0,0,0,0
2,1,371103,0,0,0,0,0,0,0,0,0,0
1,1,371104,0,0,0,0,0,0,0,0,0,0
2,1,371104,0,0,0,0,0,0,0,0,0,0
3,1,371104,0,0,0,0,0,0,0,0,0,0
1,1,371105,0,0,0,0,0,0,0,0,0,0
2,1,371105,0,0,0,0,0,0,0,0,0,0
1,1,371106,0,0,0,0,0,0,0,0,0,0
2,1,371106,0,0,0,0,0,0,0,0,0,0
1,1,371107,0,0,0,0,0,0,6,0,0,0
1,1,371108,0,0,0,0,0,0,0,0,0,0
1,1,371109,0,0,0,0,0,0,0,0,0,0
2,1,371109,0,0,0,0,0,0,0,0,0,0
1,1,371110,21,21,21,21,21,21,21,21,21,21
1,1,371111,0,0,0,0,0,0,0,0,0,0
1,1,371112,0,0,0,0,0,0,0,0,0,0
2,1,371112,0,0,0,0,0,0,0,0,0,0
0,1,371113,28,28,28,28,28,28,28,28,28,28
1,1,371113,0,0,0,0,0,0,0,0,0,0
2,1,371113,0,0,0,0,0,0,0,0,0,0
1,1,371114,0,0,0,0,0,0,0,0,0,0
2,1,371114,0,0,0,0,0,0,0,0,0,0
1,1,371115,0,0,0,0,0,0,0,0,0,0
2,1,371115,0,0,0,0,0,0,0,0,0,0
1,1,371116,0,0,0,0,0,0,0,0,0,0
1,1,371117,8,8,8,8,8,8,8,8,8,8
1,1,371118,0,0,0,0,0,0,0,0,0,0
2,1,371118,0,0,0,0,0,0,0,0,0,0
1,1,371119,0,0,0,0,0,0,0,0,0,0
1,1,371120,0,0,0,0,0,0,0,0,0,0
2,1,371120,0,0,0,0,0,0,0,0,0,0
1,1,371121,28,28,28,28,28,28,28,28,28,28
0,1,371122,40,40,40,40,40,40,40,40,40,40
1,1,371122,10,0,0,0,0,0,0,0,0,0
0,1,371123,2,2,2,2,2,2,2,2,2,2
1,1,371123,0,0,0,0,0,0,0,0,0,0
1,1,371124,0,0,0,0,0,0,0,0,0,0
2,1,371124,0,0,0,0,0,0,0,0,0,0
0,1,371125,0,0,0,0,0,0,0,0,0,0
1,1,371125,0,0,0,0,0,0,0,0,0,0
1,1,371126,0,0,0,0,0,0,0,0,0,0
2,1,371126,0,0,0,0,0,0,0,0,0,0
1,1,371127,0,0,0,0,0,0,0,0,0,0
1,1,371128,26,26,26,26,26,26,26,26,26,26
1,1,371129,0,0,0,0,0,0,0,0,0,0
2,1,371129,0,0,0,0,0,0,0,0,0,0
3,1,371129,0,0,0,0,0,0,0,0,0,0
1,1,371130,17,17,17,17,17,17,17,17,17,17
2,1,371130,0,0,0,0,0,0,0,0,0,0
1,1,371131,49,49,49,49,49,49,49,49,49,49
1,1,371132,0,0,0,0,0,0,0,0,0,0
2,1,371132,13,0,0,0,0,0,0,0,0,0
0,1,371133,14,14,14,14,14,14,14,14,14,14
1,1,371133,0,21,0,0,0,14,0,0,0,15
1,1,371134,0,8,0,0,0,0,0,0,0,0
2,1,371134,0,0,0,0,0,0,0,0,0,0
0,1,371135,0,0,0,0,0,0,0,0,0,0
1,1,371135,0,12,13,3,0,24,5,0,6,0
1,1,371136,0,0,0,0,0,0,0,0,0,0
1,1,371137,20,20,20,20,20,20,20,20,20,20
1,1,371138,0,0,0,0,0,0,0,0,0,0
1,1,371139,4,15,14,0,0,9,19,8,18,30
1,1,371140,0,0,0,0,0,0,0,0,0,0
1,1,371141,0,0,0,0,0,0,0,0,0,0
0,1,371142,0,0,0,0,0,0,0,0,0,0
1,1,371142,0,0,0,0,0,0,0,0,0,0
1,1,371143,16,16,16,16,16,16,16,16,16,16
0,1,371144,0,0,0,0,0,0,0,0,0,0
1,1,371144,0,0,0,0,0,0,0,0,0,0
1,1,371145,0,0,0,0,0,0,0,0,0,0
1,1,371146,0,0,0,0,0,0,0,0,0,0
2,1,371146,0,0,0,0,0,0,0,0,0,0
1,1,371147,0,0,0,0,0,0,0,0,0,0
2,1,371147,0,0,0,0,0,11,0,0,0,0
0,1,371148,30,30,30,30,30,30,30,30,30,30
1,1,371148,0,0,0,0,3,11,0,0,0,0
1,1,371149,0,0,0,0,0,0,0,0,0,0
2,1,371149,0,0,0,0,0,0,0,0,0,0
0,1,371150,0,0,0,0,0,0,0,0,0,0
1,1,371150,0,0,0,0,0,0,0,0,0,0
1,1,371151,0,0,0,0,0,0,0,0,0,0
2,1,371151,0,0,0,0,0,0,0,0,0,0
3,1,371151,0,0,0,0,0,0,0,0,0,0
4,1,371151,0,0,0,0,0,0,0,0,0,0
1,1,371152,10,10,10,10,10,10,10,10,10,10
1,1,371153,9,9,9,9,9,9,9,9,9,9
1,1,371154,11,11,11,11,11,11,11,11,11,11
0,1,371155,0,0,0,0,0,0,0,0,0,0
1,1,371155,0,0,0,0,0,0,0,0,0,0
2,1,371156,0,0,0,0,0,0,0,0,0,0
1,1,371157,0,0,0,0,0,0,0,14,0,0
2,1,371157,0,0,0,0,0,0,0,0,0,0
1,1,371158,23,23,23,23,23,23,23,23,23,23
1,1,371159,0,0,0,0,0,0,0,0,0,0
1,1,371160,10,5,13,7,14,22,6,6,12,15
2,1,371160,20,20,20,20,20,20,20,20,20,20
1,1,371161,0,0,0,0,0,0,0,0,0,0
2,1,371161,0,0,0,0,0,0,0,0,0,0
1,1,371162,13,13,13,13,13,13,13,13,13,13
1,1,371163,0,0,0,0,0,0,0,0,0,0
0,1,371164,36,36,36,36,36,36,36,36,36,36
1,1,371164,0,0,0,0,0,0,0,0,0,0
1,1,371165,0,0,0,0,0,0,0,0,0,0
1,1,371166,0,0,0,0,0,0,0,0,0,0
0,1,371167,0,0,0,0,0,0,0,0,0,0
1,1,371167,0,0,0,0,12,0,0,0,0,0
1,1,371168,8,8,8,8,8,8,8,8,8,8
2,1,371168,21,0,0,0,0,0,0,0,0,0
1,1,371169,0,0,0,0,0,0,0,0,0,0
1,1,371170,0,0,0,0,6,0,0,0,0,0
1,1,371171,0,6,0,0,0,0,0,0,0,0
2,1,371171,0,0,0,0,0,0,0,0,0,0
0,1,371172,0,0,0,0,0,0,0,0,0,0
1,1,371172,0,12,15,7,16,6,4,0,15,7
1,1,371173,0,0,0,0,0,0,0,0,0,8
2,1,371173,0,0,0,0,0,0,0,0,0,0
1,1,371174,0,0,0,0,0,0,0,0,0,0
1,1,371175,0,0,0,0,0,0,0,0,0,0
1,1,371176,0,0,0,0,0,0,0,0,0,0
1,1,371177,0,0,0,0,0,0,0,0,0,0
2,1,371177,0,0,0,0,0,0,0,0,0,0
1,1,371178,24,25,15,27,30,27,24,15,12,11
2,1,371178,0,0,9,0,0,0,0,0,0,0
1,1,371179,0,0,0,0,0,0,0,0,0,0
0,1,371180,22,22,22,22,22,22,22,22,22,22
1,1,371180,0,0,0,0,0,0,0,0,0,0
1,1,371181,21,0,12,22,35,6,12,14,18,17
1,1,371182,7,7,7,7,7,7,7,7,7,7
2,1,371182,3,8,24,20,7,6,0,0,12,28
1,1,371183,12,0,0,0,0,0,0,0,0,0
2,1,371183,0,0,0,0,0,0,0,0,0,0
1,1,371184,27,30,18,17,16,18,8,8,18,10
1,1,371185,0,0,0,0,0,0,0,0,0,0
2,1,371185,0,0,0,0,0,0,0,0,0,0
1,1,371186,0,0,0,0,0,0,0,0,0,0
0,1,371187,22,22,22,22,22,22,22,22,22,22
1,1,371187,0,0,0,0,0,0,0,9,14,0
1,1,371188,0,0,0,0,0,0,0,0,0,0
1,1,371189,0,0,0,0,0,0,0,0,0,0
1,1,371190,20,20,20,20,20,20,20,20,20,20
0,1,371191,0,0,0,0,0,0,0,0,0,0
1,1,371191,0,5,0,0,0,0,0,0,0,0
0,1,371192,32,32,32,32,32,32,32,32,32,32
1,1,371192,0,0,0,0,0,0,0,0,0,0
1,1,371193,9,9,9,9,9,9,9,9,9,9
1,1,371194,10,10,10,10,10,10,10,10,10,10
2,1,371194,0,0,0,0,0,0,0,0,0,0
1,1,371195,9,18,21,11,17,0,10,17,22,12
0,1,371196,0,0,0,0,0,0,0,0,0,0
1,1,371196,0,0,0,0,0,0,0,0,0,0
1,1,371197,0,0,0,0,0,0,0,0,0,0
1,1,371198,3,3,3,3,3,3,3,3,3,3
2,1,371198,0,6,0,0,0,0,0,0,0,0
0,1,371199,0,0,0,0,0,0,0,0,0,0
1,1,371199,0,0,0,0,0,0,0,0,0,0
1,1,371200,5,5,5,5,5,5,5,5,5,5
1,1,371201,21,0,10,17,21,19,10,13,24,3
0,1,371202,0,0,0,0,0,0,0,0,0,0
1,1,371202,0,0,0,0,0,0,0,0,0,0
1,1,371203,0,0,0,0,0,0,0,0,0,0
1,1,371204,0,0,0,0,0,0,0,0,0,0
1,1,371205,16,10,16,17,19,3,13,8,15,11
1,1,371206,0,0,0,0,0,0,0,0,0,0
2,1,371206,0,0,0,0,0,0,0,0,0,0
3,1,371206,0,0,0,0,0,0,0,0,0,0
1,1,371208,0,0,0,0,0,0,0,0,0,0
1,1,371209,31,31,31,31,31,31,31,31,31,31
2,1,371209,11,11,11,11,11,11,11,11,11,11
3,1,371209,0,0,0,0,0,0,0,0,0,0
1,1,371210,0,0,0,0,0,0,0,0,0,3
2,1,371210,0,0,0,0,0,0,0,0,0,0
1,1,371211,0,0,0,0,0,0,0,0,0,0
2,1,371211,0,0,0,0,0,0,0,0,0,0
1,1,371212,0,0,0,0,0,0,0,0,0,0
2,1,371212,0,0,0,0,0,0,0,0,0,0
1,1,371213,2,2,2,2,2,2,2,2,2,2
1,1,371214,0,0,0,0,0,0,0,0,0,0
2,1,371214,0,0,0,0,0,0,0,0,0,0
1,1,380001,14,14,14,14,14,14,14,14,14,14
1,1,380002,32,32,32,32,32,32,32,32,32,32
1,1,380003,0,0,0,0,0,0,0,0,0,0
1,1,380004,18,18,18,18,18,18,18,18,18,18
2,1,380004,0,0,0,0,0,0,0,0,20,0
1,1,380005,0,0,0,0,0,0,0,0,0,0
1,1,380006,9,9,9,9,9,9,9,9,9,9
2,1,380006,0,0,0,0,0,0,0,0,0,0
1,1,380007,20,20,20,20,20,20,20,20,20,20
1,1,380008,0,0,21,0,0,12,0,0,25,18
2,1,380008,0,0,0,0,0,0,0,0,0,0
1,1,380009,30,30,30,30,30,30,30,30,30,30
1,1,380010,0,0,0,0,0,0,0,0,0,0
2,1,380010,0,0,0,0,0,0,0,0,0,0
1,1,380011,6,6,6,6,6,6,6,6,6,6
1,1,380012,35,35,35,35,35,35,35,35,35,35
2,1,380012,9,12,10,8,16,21,6,4,17,13
1,1,380013,0,0,0,0,0,0,0,0,0,22
0,1,380014,0,0,0,0,0,0,0,0,0,0
1,1,380014,0,0,0,0,0,0,0,0,0,0
3,1,380014,0,0,0,0,10,0,0,0,0,0
1,1,380015,0,0,0,0,0,0,0,0,0,0
2,1,380015,0,0,0,0,0,0,0,0,0,0
1,1,380016,0,0,0,0,0,0,0,0,0,0
2,1,380016,0,0,0,0,0,0,0,0,0,0
1,1,380017,0,0,0,0,0,0,0,0,0,0
1,1,380018,10,10,10,10,10,10,10,10,10,10
1,1,380019,0,0,0,0,0,0,0,0,0,0
1,1,380020,0,0,0,0,0,0,0,0,0,0
1,1,380021,29,29,29,29,29,29,29,29,29,29
2,1,380021,17,0,0,2,6,0,0,0,0,0
1,1,380022,0,0,0,0,0,0,0,0,0,0
1,1,380023,0,0,0,0,0,0,0,0,0,0
2,1,380023,0,0,0,0,0,0,0,0,0,0
1,1,380024,21,21,21,21,21,21,21,21,21,21
1,1,380025,0,0,0,0,0,0,0,0,0,0
2,1,380025,0,0,0,0,0,0,0,0,0,0
1,1,380026,0,0,0,0,0,0,0,0,0,0
2,1,380026,0,0,0,0,0,0,0,5,0,0
1,1,380027,0,0,0,0,0,0,0,0,0,0
2,1,380027,0,0,0,0,0,0,0,0,0,0
1,1,380028,0,0,0,0,0,0,0,0,0,0
1,1,380029,0,0,0,0,0,0,0,0,0,0
1,1,380030,13,13,13,13,13,13,13,13,13,13
0,1,380031,0,0,0,0,0,0,0,0,0,0
1,1,380031,0,0,0,0,0,0,0,0,0,0
1,1,380032,19,19,19,19,19,19,19,19,19,19
1,1,380033,2,2,2,2,2,2,2,2,2,2
1,1,380034,0,0,0,0,0,0,0,0,0,0
1,1,380035,23,23,23,23,23,23,23,23,23,23
1,1,380036,25,25,25,25,25,25,25,25,25,25
2,1,380036,0,0,0,0,0,0,0,7,0,0
1,1,380037,9,9,9,9,9,9,9,9,9,9
1,1,380038,30,30,30,30,30,30,30,30,30,30
1,1,380039,10,10,10,10,10,10,10,10,10,10
1,1,380040,10,0,0,25,0,0,0,8,26,23
1,1,380041,0,0,0,0,0,0,0,0,0,0
2,1,380041,0,0,0,0,0,0,0,0,0,0
1,1,380042,14,45,32,13,17,14,19,18,9,8
1,1,380043,12,12,12,12,12,12,12,12,12,12
2,1,380043,0,0,0,0,0,0,0,0,0,0
0,1,380044,9,9,9,9,9,9,9,9,9,9
1,1,380044,0,0,22,6,0,0,0,12,0,11
1,1,380045,0,0,0,0,0,0,0,0,0,0
2,1,380045,0,0,0,0,0,0,0,0,0,0
1,1,380046,0,0,0,0,0,0,0,0,0,0
1,1,380047,18,18,18,18,18,18,18,18,18,18
1,1,380048,17,17,17,17,17,17,17,17,17,17
1,1,380049,15,15,15,15,15,15,15,15,15,15
1,1,380050,0,0,0,0,0,0,0,0,0,0
1,1,380051,0,0,0,0,0,0,0,0,0,0
1,1,380052,0,0,0,0,0,0,0,0,0,0
1,1,380053,21,20,13,12,19,16,37,13,18,41
1,1,380054,24,24,24,24,24,24,24,24,24,24
1,1,380055,16,16,16,16,16,16,16,16,16,16
1,1,380056,0,0,0,0,3,0,0,0,0,0
1,1,380057,0,0,0,0,0,0,0,0,0,0
2,1,380057,0,0,0,0,0,0,0,0,0,0
1,1,380058,0,0,0,0,0,0,0,0,0,0
2,1,380058,0,0,10,0,0,0,0,0,0,0
1,1,380059,31,31,31,31,31,31,31,31,31,31
1,1,380060,0,0,0,0,0,0,0,0,0,0
2,1,380060,0,0,0,0,0,0,0,0,0,0
1,1,380061,0,14,28,0,0,0,0,0,0,0
2,1,380061,0,0,0,0,0,0,0,0,0,0
1,1,380062,0,0,0,0,0,0,0,0,0,0