VEH_NO,PER_NO,ST_CASE,P1,P2,P3,P4,P5,P6,P7,P8,P9,P10
2,1,380062,0,0,0,0,0,0,0,0,0,0
1,1,380063,0,0,0,0,0,0,0,0,0,0
1,1,380064,18,18,18,18,18,18,18,18,18,18
1,1,380065,26,26,26,26,26,26,26,26,26,26
1,1,380066,23,23,23,23,23,23,23,23,23,23
1,1,380067,0,0,0,0,0,0,0,0,0,0
1,1,380068,0,0,0,0,0,0,0,0,0,0
2,1,380068,0,0,0,0,0,0,0,0,0,0
1,1,380069,0,0,0,0,0,0,0,0,0,0
2,1,380069,19,19,19,19,19,19,19,19,19,19
1,1,380070,20,20,20,20,20,20,20,20,20,20
2,1,380070,0,9,0,0,0,0,0,6,0,0
1,1,380071,0,0,0,0,0,0,0,0,0,0
2,1,380071,0,0,0,0,0,0,0,0,0,0
0,1,380072,0,0,0,0,0,0,0,0,0,0
1,1,380072,0,0,0,0,0,0,0,0,0,0
1,1,380073,0,0,0,0,0,0,0,0,0,0
2,1,380073,0,0,0,0,0,0,0,0,0,0
3,1,380073,0,0,0,0,0,0,0,0,0,0
1,1,380074,0,0,0,0,0,0,0,0,4,0
2,1,380074,27,27,27,27,27,27,27,27,27,27
1,1,380075,0,0,0,0,0,0,0,0,0,0
1,1,380076,27,27,27,27,27,27,27,27,27,27
1,1,380077,0,0,0,0,0,0,0,0,0,0
2,1,380077,0,0,0,0,0,0,0,0,0,0
1,1,380078,0,0,0,0,0,0,0,0,0,0
2,1,380078,0,0,0,0,0,0,0,0,0,0
3,1,380078,0,0,0,0,0,0,0,0,0,0
1,1,380079,18,18,18,18,18,18,18,18,18,18
2,1,380079,16,16,16,16,16,16,16,16,16,16
1,1,380080,0,0,0,0,0,0,0,0,0,0
1,1,380081,29,29,29,29,29,29,29,29,29,29
1,1,380082,0,0,0,0,0,0,0,0,0,0
2,1,380082,0,0,0,0,0,0,0,0,0,0
0,1,380083,0,0,0,0,0,0,0,0,0,0
1,1,380083,12,4,11,6,0,0,0,10,0,8
1,1,380084,0,0,0,0,0,0,0,0,0,0
2,1,380084,0,0,0,0,0,0,0,0,0,0
1,1,380085,0,0,0,0,0,0,0,0,0,0
2,1,380085,0,0,0,0,0,0,0,0,0,0
1,1,380086,0,0,0,0,0,0,0,0,0,0
2,1,380086,0,0,0,0,0,0,0,0,0,0
3,1,380086,0,0,0,17,0,0,0,0,0,0
1,1,380087,0,0,0,0,0,0,0,0,0,0
2,1,380087,0,0,0,0,0,0,0,0,0,0
1,1,380088,0,0,0,0,0,0,0,0,0,0
1,1,380089,19,19,19,19,19,19,19,19,19,19
1,1,380090,0,0,0,0,0,0,0,0,0,0
1,1,380091,0,0,0,0,0,0,0,0,0,0
1,1,380092,0,0,0,0,0,0,0,0,0,0
1,1,380093,0,0,0,0,0,0,0,0,0,0
1,1,380094,0,0,0,0,0,0,0,0,0,0
2,1,380094,0,0,0,0,0,0,0,0,0,0
1,1,380095,0,0,0,0,0,0,0,0,0,0
2,1,380095,0,0,0,0,0,0,0,0,0,0
1,1,380096,0,0,0,0,0,0,0,0,0,0
1,1,380097,0,0,0,0,0,0,0,0,0,0
1,1,380098,0,0,0,0,0,0,0,0,0,0
2,1,380098,0,0,0,0,0,0,0,0,0,0
1,1,380099,18,18,18,18,18,18,18,18,18,18
1,1,380100,0,0,0,0,0,0,0,0,0,9
1,1,380101,26,26,26,26,26,26,26,26,26,26
1,1,380102,0,0,0,0,0,0,0,0,0,0
2,1,380102,0,0,0,0,0,0,0,0,0,0
1,1,380103,0,0,0,0,0,0,0,0,0,0
2,1,380103,0,0,0,0,0,0,0,0,0,0
1,1,380104,0,0,0,0,0,0,0,0,0,0
1,1,380105,26,26,26,26,26,26,26,26,26,26
2,1,380105,0,0,0,0,0,0,0,0,0,0
1,1,380106,14,14,14,14,14,14,14,14,14,14
1,1,380107,0,0,0,0,0,0,0,0,0,0
2,1,380107,0,0,0,0,0,0,0,0,0,0
1,1,380108,8,8,8,8,8,8,8,8,8,8
1,1,380109,0,0,0,0,7,0,0,0,0,0
2,1,380109,0,0,0,0,0,0,0,0,0,0
3,1,380109,0,0,0,0,0,0,0,0,0,0
1,1,380110,20,20,20,20,20,20,20,20,20,20
1,1,380111,2,2,2,2,2,2,2,2,2,2
2,1,380111,0,0,0,0,0,0,0,0,0,0
1,1,380112,0,0,0,0,0,0,0,0,0,0
2,1,380112,0,0,0,0,0,0,0,0,0,6
1,1,380113,0,0,0,0,0,0,0,0,0,0
1,1,380114,0,0,0,0,0,0,0,0,0,21
1,1,380115,0,0,0,0,0,0,0,0,0,0
2,1,380115,0,0,0,0,0,0,0,0,0,0
1,1,380116,10,10,10,10,10,10,10,10,10,10
2,1,380116,0,0,0,0,0,0,0,0,0,0
1,1,390001,11,11,11,11,11,11,11,11,11,11
0,1,390002,15,15,15,15,15,15,15,15,15,15
1,1,390002,10,15,17,0,19,4,5,20,16,0
1,1,390003,0,0,0,0,0,0,0,0,0,0
2,1,390003,0,0,0,0,0,0,0,0,0,0
0,1,390004,0,0,0,0,0,0,0,0,0,0
1,1,390004,0,0,0,0,0,0,0,0,0,0
1,1,390005,0,0,0,0,0,0,0,0,0,0
1,1,390006,28,28,28,28,28,28,28,28,28,28
1,1,390007,0,0,0,0,0,0,0,0,0,0
1,1,390008,24,24,24,24,24,24,24,24,24,24
0,1,390009,14,14,14,14,14,14,14,14,14,14
1,1,390009,0,0,0,0,0,0,0,0,0,0
1,1,390010,0,0,0,0,0,0,0,0,0,0
2,1,390010,0,0,0,0,0,0,0,0,0,0
1,1,390011,19,19,19,19,19,19,19,19,19,19
1,1,390012,25,25,25,25,25,25,25,25,25,25
1,1,390013,0,0,0,0,0,0,0,0,0,0
1,1,390015,0,0,0,0,0,0,0,0,0,0
2,1,390015,0,0,0,0,0,0,0,0,0,0
1,1,390016,17,17,17,17,17,17,17,17,17,17
0,1,390017,22,22,22,22,22,22,22,22,22,22
1,1,390017,0,0,0,0,0,0,0,0,0,0
1,1,390018,4,4,4,4,4,4,4,4,4,4
0,1,390019,0,0,0,0,0,0,0,0,0,0
0,2,390019,0,0,0,0,0,0,0,0,0,0
1,1,390019,0,0,0,0,0,0,0,0,0,0
1,1,390020,0,0,0,0,0,0,0,0,0,0
2,1,390020,0,0,0,0,0,0,0,0,0,0
1,1,390021,0,0,0,0,0,0,0,0,0,0
2,1,390021,0,0,0,0,0,0,0,0,0,0
1,1,390022,4,4,4,4,4,4,4,4,4,4
1,1,390023,0,0,0,0,0,0,0,0,0,0
2,1,390023,0,0,0,0,0,0,0,0,0,0
1,1,390024,0,0,0,0,0,0,0,0,0,0
2,1,390024,0,0,0,0,0,0,0,0,0,0
3,1,390024,0,0,0,0,0,0,0,0,0,0
1,1,390025,0,0,0,0,0,0,0,0,0,0
2,1,390025,0,0,0,0,0,0,0,0,0,0
0,1,390026,0,0,0,0,0,0,0,0,0,0
1,1,390026,0,0,0,0,0,0,0,0,0,0
1,1,390027,0,0,0,0,0,0,0,0,0,0
0,1,390028,0,0,0,0,0,0,0,0,0,0
1,1,390028,0,0,0,0,0,0,0,0,0,0
1,1,390029,0,0,0,0,0,0,0,0,0,0
2,1,390029,0,0,0,0,0,0,0,0,0,0
1,1,390030,0,0,0,0,0,0,0,0,0,0
1,1,390031,0,0,0,0,0,0,0,0,0,0
2,1,390031,0,0,0,0,0,0,0,0,0,0
1,1,390032,12,12,12,12,12,12,12,12,12,12
0,1,390033,42,42,42,42,42,42,42,42,42,42
1,1,390033,13,13,13,13,13,13,13,13,13,13
1,1,390034,0,0,0,0,0,0,0,0,0,0
2,1,390034,0,0,0,0,0,0,0,0,11,0
1,1,390035,0,0,0,0,0,0,0,0,0,0
1,1,390036,0,0,0,0,0,0,0,0,0,0
2,1,390036,0,0,0,0,0,0,0,0,0,0
1,1,390037,0,0,0,0,0,0,0,0,0,0
2,1,390037,0,0,0,0,0,0,0,0,0,0
1,1,390038,9,9,9,9,9,9,9,9,9,9
1,1,390039,0,0,0,0,0,0,0,0,0,0
1,1,390040,10,10,10,10,10,10,10,10,10,10
1,1,390041,0,0,0,0,0,0,0,0,0,0
2,1,390041,4,0,0,0,0,0,0,0,0,0
3,1,390041,0,0,0,0,0,0,0,0,0,0
1,1,390042,0,0,0,0,0,0,0,0,0,0
2,1,390042,0,0,0,0,0,0,0,0,0,0
1,1,390043,0,0,0,0,0,0,0,0,0,0
1,1,390044,0,0,0,0,0,0,0,0,0,0
1,1,390045,0,0,0,0,0,0,0,0,0,0
1,1,390046,0,0,0,0,0,0,0,0,0,0
2,1,390046,0,0,0,0,0,0,0,0,0,0
1,1,390047,11,11,11,11,11,11,11,11,11,11
1,1,390048,10,10,10,10,10,10,10,10,10,10
1,1,390049,0,0,0,0,0,0,0,0,0,0
2,1,390049,0,0,0,0,0,0,0,0,0,0
1,1,390050,0,0,0,0,0,0,0,0,0,0
2,1,390050,0,0,0,0,0,0,0,0,0,0
1,1,390051,0,0,0,0,0,0,0,0,0,0
2,1,390051,0,0,0,0,0,0,0,0,0,0
1,1,390052,0,0,0,0,0,0,0,0,0,0
2,1,390052,0,0,0,0,0,0,0,0,0,0
1,1,390053,22,22,22,22,22,22,22,22,22,22
0,1,390054,5,0,0,0,0,0,0,0,0,0
1,1,390054,0,0,0,0,0,0,0,0,0,0
1,1,390055,0,0,0,0,0,0,0,0,0,0
2,1,390055,0,0,0,0,0,0,0,0,0,0
1,1,390056,27,27,27,27,27,27,27,27,27,27
1,1,390057,0,0,0,0,0,0,0,0,0,0
2,1,390057,13,13,13,13,13,13,13,13,13,13
1,1,390059,12,12,12,12,12,12,12,12,12,12
2,1,390059,0,0,0,0,0,0,0,0,0,0
0,1,390060,0,0,0,0,0,0,0,46,0,0
0,2,390060,4,4,4,4,4,4,4,4,4,4
1,1,390060,0,0,0,0,0,0,0,0,6,0
1,1,390061,26,26,26,26,26,26,26,26,26,26
1,1,390062,0,0,0,0,0,0,0,0,0,0
2,1,390062,0,0,0,0,0,0,0,0,0,0
1,1,390063,0,0,0,0,0,0,0,0,0,0
1,1,390064,0,0,0,0,0,0,0,0,0,0
2,1,390064,0,0,0,0,0,0,0,0,0,0
1,1,390065,7,7,7,7,7,7,7,7,7,7
1,1,390066,0,0,0,0,0,0,0,0,0,0
1,1,390067,0,0,0,0,0,0,0,0,0,0
1,1,390068,21,21,21,21,21,21,21,21,21,21
1,1,390069,0,0,0,0,0,0,0,0,0,0
1,1,390070,0,0,0,0,0,0,0,0,0,0
1,1,390071,15,15,15,15,15,15,15,15,15,15
1,1,390072,0,0,0,0,0,0,0,0,0,0
2,1,390072,0,0,0,0,0,0,0,0,0,0
1,1,390073,0,0,0,0,0,0,0,0,0,0
1,1,390074,0,0,0,0,0,0,0,0,0,0
2,1,390074,0,0,0,0,10,0,0,0,0,0
0,1,390075,16,16,16,16,16,16,16,16,16,16
1,1,390075,13,33,15,16,16,16,19,0,18,8
1,1,390077,0,0,0,0,0,0,0,0,0,0
2,1,390077,23,23,23,23,23,23,23,23,23,23
1,1,390078,0,0,0,0,0,0,0,0,0,0
1,1,390079,0,0,0,0,0,0,0,0,0,0
1,1,390080,0,0,0,0,0,0,0,0,0,0
2,1,390080,0,0,0,0,0,0,0,0,0,0
0,1,390081,0,0,0,0,0,0,0,0,0,0
1,1,390081,0,0,0,0,0,0,0,0,0,0
1,1,390082,0,0,0,0,0,0,0,0,0,0
2,1,390082,0,0,0,0,0,0,0,0,0,0
1,1,390083,28,28,28,28,28,28,28,28,28,28
1,1,390084,7,7,7,7,7,7,7,7,7,7
2,1,390084,0,0,6,0,0,0,0,0,0,0
3,1,390084,0,0,0,0,0,0,0,0,0,0
1,1,390085,24,24,24,24,24,24,24,24,24,24
0,1,390086,0,0,0,0,0,0,0,0,0,0
1,1,390086,0,0,10,5,3,3,4,1,0,12
1,1,390087,16,16,16,16,16,16,16,16,16,16
1,1,390088,0,0,0,0,0,0,0,0,0,0
2,1,390088,0,0,0,0,0,0,0,0,0,0
0,1,390089,0,0,0,16,0,0,0,0,0,0
1,1,390089,0,0,0,0,0,0,0,0,0,0
1,1,390090,0,0,0,0,0,0,0,0,0,0
1,1,390091,0,0,0,0,0,0,0,0,0,0
2,1,390091,0,0,0,0,0,0,0,0,0,0
1,1,390092,15,15,15,15,15,15,15,15,15,15
2,1,390092,25,25,14,15,22,19,7,21,10,12
1,1,390093,0,0,0,0,0,0,0,0,0,0
1,1,390094,0,0,0,0,0,0,0,0,0,0
1,1,390095,0,0,0,0,0,0,0,0,0,0
2,1,390095,0,0,0,0,0,0,0,0,0,0
1,1,390096,0,0,0,0,0,0,0,0,0,0
1,1,390097,11,11,11,11,11,11,11,11,11,11
2,1,390097,13,13,13,13,13,13,13,13,13,13
3,1,390097,0,0,0,0,0,0,0,0,0,0
0,1,390098,0,0,0,0,0,0,0,0,0,0
1,1,390098,0,0,0,0,4,0,0,0,0,0
1,1,390099,0,0,0,0,0,0,0,0,0,0
1,1,390100,0,0,0,0,0,0,0,0,0,0
1,1,390102,15,15,15,15,15,15,15,15,15,15
1,1,390103,13,13,13,13,13,13,13,13,13,13
1,1,390104,0,0,0,0,0,0,0,0,0,0
2,1,390104,0,0,0,0,0,0,0,0,0,0
1,1,390105,0,0,0,0,0,0,0,0,0,0
1,1,390106,0,0,0,0,0,0,0,0,0,0
2,1,390106,0,0,0,0,0,0,0,0,0,0
1,1,390107,15,15,15,15,15,15,15,15,15,15
1,1,390108,16,16,16,16,16,16,16,16,16,16
1,1,390109,9,9,9,9,9,9,9,9,9,9
2,1,390109,0,0,0,0,0,0,0,0,0,0
1,1,390110,0,0,0,0,0,0,0,0,0,0
2,1,390110,0,0,0,0,0,0,0,0,0,0
1,1,390111,19,19,19,19,19,19,19,19,19,19
0,1,390112,0,0,0,0,0,0,0,0,0,0
0,2,390112,0,0,0,0,0,0,0,0,0,14
1,1,390112,0,0,0,0,0,0,0,0,0,0
1,1,390113,0,0,0,0,0,0,0,0,0,0
2,1,390113,0,0,0,0,0,0,0,0,0,0
1,1,390114,12,12,12,12,12,12,12,12,12,12
0,1,390116,0,0,0,0,0,0,0,0,0,0
1,1,390116,17,0,6,21,23,11,25,12,14,14
1,1,390117,17,17,17,17,17,17,17,17,17,17
1,1,390118,0,0,0,0,0,0,0,0,0,0
1,1,390119,0,0,0,0,0,0,0,0,0,0
1,1,390120,24,24,24,24,24,24,24,24,24,24
2,1,390120,0,0,0,0,0,0,0,0,0,0
1,1,390121,0,0,0,0,0,0,0,0,0,0
1,1,390123,0,0,0,0,0,0,0,0,0,0
2,1,390123,0,0,0,0,0,0,0,0,0,0
3,1,390123,0,0,0,0,0,0,0,0,0,0
1,1,390125,13,13,13,13,13,13,13,13,13,13
1,1,390126,0,0,0,0,0,0,0,0,0,0
2,1,390126,0,0,0,0,0,0,0,0,0,0
1,1,390128,11,11,11,11,11,11,11,11,11,11
1,1,390129,13,13,13,13,13,13,13,13,13,13
1,1,390130,0,0,0,0,0,0,0,0,0,0
2,1,390130,0,0,0,0,0,0,0,0,0,0
1,1,390131,0,0,0,0,0,0,0,0,0,0
2,1,390131,0,0,0,0,0,0,0,0,0,0
0,1,390132,12,11,12,7,0,10,0,0,20,28
1,1,390132,0,0,0,0,0,0,0,0,0,6
1,1,390133,0,0,0,0,0,0,0,0,0,0
1,1,390134,0,0,0,0,0,0,0,0,0,0
2,1,390134,1,1,1,1,1,1,1,1,1,1
1,1,390135,1,1,1,1,1,1,1,1,1,1
1,1,390136,0,0,0,0,0,0,0,0,0,0
1,1,390137,20,20,20,20,20,20,20,20,20,20
0,1,390138,25,25,25,25,25,25,25,25,25,25
1,1,390138,28,25,12,2,14,3,0,5,0,9
1,1,390139,6,6,6,6,6,6,6,6,6,6
2,1,390139,3,0,0,0,0,0,0,0,29,0
1,1,390140,28,11,0,0,23,0,0,0,17,0
2,1,390140,11,0,0,0,0,0,0,0,0,0
1,1,390141,18,18,18,18,18,18,18,18,18,18
1,1,390142,0,0,0,0,0,0,0,0,0,0
1,1,390143,13,13,13,13,13,13,13,13,13,13
1,1,390144,0,0,0,0,0,0,0,0,0,0
2,1,390144,0,0,0,0,0,0,0,0,0,0
1,1,390145,0,0,0,0,0,0,0,0,0,0
0,1,390146,0,0,0,0,0,0,0,0,0,0
1,1,390146,2,0,0,12,0,0,2,0,11,0
1,1,390147,27,27,27,27,27,27,27,27,27,27
1,1,390148,11,11,11,11,11,11,11,11,11,11
2,1,390148,2,0,0,0,0,0,0,0,0,0
1,1,390149,23,23,23,23,23,23,23,23,23,23
1,1,390150,12,12,12,12,12,12,12,12,12,12
1,1,390151,0,0,0,0,0,0,0,0,0,0
2,1,390151,0,0,0,0,0,0,0,0,0,0
1,1,390153,0,0,0,0,0,0,0,0,0,0
2,1,390153,0,0,0,0,0,0,0,0,0,0
0,1,390154,23,31,19,10,0,27,18,12,0,11
1,1,390154,5,0,0,20,20,0,0,0,0,18
0,1,390155,32,32,32,32,32,32,32,32,32,32
1,1,390155,0,0,0,0,0,0,0,0,0,0
1,1,390157,0,0,0,0,0,0,0,0,0,0
2,1,390157,0,0,0,0,0,0,0,0,0,0
1,1,390158,0,0,0,0,0,0,0,0,0,0
2,1,390158,0,0,0,0,0,0,0,0,0,0
3,1,390158,0,9,0,12,0,0,0,0,0,0
1,1,390159,29,29,29,29,29,29,29,29,29,29
0,1,390160,19,19,19,19,19,19,19,19,19,19
1,1,390160,4,0,0,0,0,0,0,0,0,0
0,1,390161,21,21,21,21,21,21,21,21,21,21
1,1,390161,0,0,0,0,0,0,0,0,0,11
2,1,390161,0,0,0,0,0,0,0,0,0,0
1,1,390162,10,10,10,10,10,10,10,10,10,10
1,1,390163,15,15,15,15,15,15,15,15,15,15
1,1,390165,0,0,0,0,0,0,0,0,0,0
1,1,390166,2,2,2,2,2,2,2,2,2,2
2,1,390166,0,0,0,0,0,0,0,0,0,0
1,1,390167,10,10,10,10,10,10,10,10,10,10
1,1,390168,0,0,0,0,0,0,0,0,0,0
1,1,390169,0,0,0,0,0,0,0,0,0,0
1,1,390170,0,0,0,0,0,0,0,0,0,0
2,1,390170,0,0,0,0,0,0,0,0,0,0
1,1,390171,0,0,0,0,0,0,0,0,0,0
2,1,390171,4,4,4,4,4,4,4,4,4,4
1,1,390172,0,0,0,0,0,0,0,0,0,0
2,1,390172,0,0,0,0,0,0,0,0,0,0
1,1,390173,0,0,0,0,0,0,0,0,0,0
1,1,390174,20,20,20,20,20,20,20,20,20,20
1,1,390175,14,14,14,14,14,14,14,14,14,14
0,1,390176,0,0,0,0,0,0,0,0,0,0
1,1,390176,0,0,0,0,0,0,0,0,0,0
1,1,390177,0,0,0,0,0,0,0,0,0,0
2,1,390177,0,0,0,0,0,0,0,0,0,0
1,1,390178,0,0,0,0,0,0,0,0,0,0
1,1,390179,0,0,0,0,0,0,0,0,0,0
2,1,390179,0,0,0,0,0,0,0,0,0,0
1,1,390180,0,0,0,0,0,0,0,0,0,0
2,1,390180,0,0,0,0,0,0,0,0,0,0
3,1,390180,0,0,0,0,0,0,0,0,0,0
1,1,390181,40,40,40,40,40,40,40,40,40,40
1,1,390182,19,19,19,19,19,19,19,19,19,19
1,1,390183,0,0,0,0,0,0,0,0,0,0
1,1,390184,0,0,0,0,0,0,0,0,0,0
2,1,390184,0,0,0,0,0,0,0,0,0,0
1,1,390185,18,18,18,18,18,18,18,18,18,18
1,1,390186,0,0,0,0,0,0,0,0,0,0
1,1,390187,0,0,0,0,0,0,0,0,0,0
2,1,390187,0,0,0,0,0,0,0,0,0,0
3,1,390187,0,0,0,0,0,0,0,0,0,0
1,1,390188,0,0,0,0,0,0,0,0,0,0
1,1,390189,0,0,0,0,0,0,0,0,0,0
2,1,390189,1,1,1,1,1,1,1,1,1,1
1,1,390190,11,11,11,11,11,11,11,11,11,11
1,1,390191,0,0,0,0,0,0,0,0,0,0
2,1,390191,0,0,0,0,0,0,0,0,0,0
1,1,390192,0,0,0,0,0,0,0,0,0,0
2,1,390192,0,0,0,0,0,0,0,0,0,0
3,1,390192,0,0,0,0,0,0,0,0,0,0
1,1,390193,0,0,0,0,0,0,0,0,0,0
2,1,390193,0,0,0,0,0,0,0,0,0,0
1,1,390194,3,3,3,3,3,3,3,3,3,3
2,1,390194,0,0,0,0,0,0,0,0,0,0
1,1,390195,26,26,26,26,26,26,26,26,26,26
2,1,390195,6,6,6,6,6,6,6,6,6,6
1,1,390196,0,0,0,0,0,0,0,0,0,0
2,1,390196,0,0,0,0,0,0,0,0,0,0
1,1,390197,0,0,0,0,0,0,0,0,0,0
1,1,390198,13,13,13,13,13,13,13,13,13,13
1,1,390199,0,0,0,0,0,0,0,0,0,0
2,1,390199,0,0,0,0,0,0,0,0,0,0
3,1,390199,0,0,0,0,0,0,0,0,0,0
1,1,390200,15,15,15,15,15,15,15,15,15,15
1,1,390201,0,0,0,0,0,0,0,0,0,0
2,1,390201,0,0,0,0,0,0,0,0,0,0
1,1,390202,0,0,0,0,0,0,0,0,0,0
1,1,390203,30,30,30,30,30,30,30,30,30,30
2,1,390203,0,0,0,0,0,0,0,0,0,0
1,1,390204,0,0,0,2,0,0,0,0,0,0
2,1,390204,14,14,14,14,14,14,14,14,14,14
1,1,390205,0,0,0,0,0,0,0,0,0,0
2,1,390205,0,0,0,0,0,0,0,0,0,0
1,1,390206,8,17,14,22,8,17,12,5,8,16
1,1,390207,0,0,0,0,0,0,0,0,0,0
2,1,390207,0,0,0,0,0,0,0,0,0,0
1,1,390208,0,0,0,0,0,0,0,0,0,0
1,1,390209,28,28,28,28,28,28,28,28,28,28
2,1,390209,0,0,0,0,0,0,0,0,0,0
0,1,390210,16,16,16,16,16,16,16,16,16,16
1,1,390210,0,0,0,0,0,0,0,0,0,0
1,1,390211,0,0,0,0,0,0,0,0,0,0
2,1,390211,0,0,0,0,0,0,0,0,0,0
1,1,390212,0,0,0,0,0,0,0,0,0,0
1,1,390213,0,0,0,0,0,0,0,0,0,0
1,1,390214,0,0,0,0,0,0,17,0,0,0
1,1,390215,0,0,0,0,0,0,0,0,0,0
2,1,390215,0,0,0,0,0,0,0,0,0,0
1,1,390216,0,0,0,0,0,0,0,0,0,0
2,1,390216,0,3,0,0,0,0,0,0,0,0
3,1,390216,0,19,0,0,0,0,0,0,0,0
1,1,390217,0,0,0,0,0,0,0,0,0,0
2,1,390217,0,0,0,0,0,0,0,0,0,0
1,1,390218,0,0,0,0,0,0,0,0,0,0
2,1,390218,0,0,0,0,0,0,0,0,0,0
1,1,390219,0,0,0,0,0,0,0,0,0,0
2,1,390219,0,0,0,0,0,0,0,0,0,0
0,1,390220,0,0,0,0,0,0,0,8,0,0
1,1,390220,0,0,0,0,0,0,0,0,0,0
0,1,390221,24,24,24,24,24,24,24,24,24,24
1,1,390221,2,2,2,2,2,2,2,2,2,2
1,1,390222,0,0,0,0,0,0,0,0,0,0
2,1,390222,0,0,0,0,0,0,0,0,0,0
3,1,390222,0,0,0,0,0,0,0,0,0,0
1,1,390223,10,10,10,10,10,10,10,10,10,10
1,1,390224,0,0,0,0,0,0,0,0,0,0
2,1,390224,0,0,0,0,0,0,0,0,0,0
1,1,390225,0,12,0,0,0,0,0,0,9,12
2,1,390225,0,0,0,0,0,0,0,0,0,0
3,1,390225,0,0,0,0,0,0,0,0,0,0
1,1,390226,0,0,0,0,0,0,0,0,0,0
1,1,390227,0,0,0,0,0,0,0,0,15,0
1,1,390228,9,9,9,9,9,9,9,9,9,9
2,1,390228,0,0,0,0,0,0,0,0,0,0
1,1,390230,0,0,0,0,0,0,0,0,0,0
2,1,390230,0,0,0,0,0,0,0,0,0,0
1,1,390231,0,0,0,0,0,0,0,0,0,0
2,1,390231,0,0,0,0,0,0,0,0,0,0
1,1,390232,0,0,0,0,0,0,0,0,0,0
2,1,390232,0,0,0,0,0,0,0,0,0,0
1,1,390233,0,0,0,0,0,0,0,0,0,0
1,1,390234,22,22,22,22,22,22,22,22,22,22
1,1,390235,0,0,0,0,0,0,0,0,0,0
2,1,390235,0,0,0,0,0,19,0,0,0,0
1,1,390236,6,6,6,6,6,6,6,6,6,6
1,1,390238,19,19,19,19,19,19,19,19,19,19
1,1,390239,0,0,0,0,0,0,0,0,0,0
1,1,390240,0,0,0,0,0,0,0,0,0,0
2,1,390240,0,0,0,0,0,0,0,0,0,0
1,1,390241,0,0,0,0,0,0,0,0,0,0
1,1,390242,0,0,0,0,0,0,0,0,0,0
1,1,390243,0,0,0,0,0,0,0,0,0,0
0,1,390244,0,0,0,0,0,0,0,0,0,0
1,1,390244,0,0,0,25,0,0,0,0,0,0
1,1,390245,2,2,2,2,2,2,2,2,2,2
2,1,390245,0,0,0,0,0,0,0,0,0,0
3,1,390245,0,0,0,0,0,0,0,0,0,0
1,1,390246,0,0,0,0,0,0,0,0,0,0
1,1,390247,27,27,27,27,27,27,27,27,27,27
2,1,390247,0,0,14,0,0,0,0,0,0,0
3,1,390247,0,0,0,0,0,10,6,0,11,0
1,1,390248,18,18,18,18,18,18,18,18,18,18
1,1,390249,0,0,0,0,0,0,0,0,0,0
1,1,390250,0,0,0,0,0,0,0,0,0,0
1,1,390251,17,17,17,17,17,17,17,17,17,17
1,1,390252,15,15,15,15,15,15,15,15,15,15
1,1,390253,2,2,2,2,2,2,2,2,2,2
1,1,390254,0,0,0,0,0,0,0,0,0,0
1,1,390255,0,0,0,0,13,0,0,10,8,0
2,1,390255,3,3,3,3,3,3,3,3,3,3
1,1,390256,3,3,3,3,3,3,3,3,3,3
2,1,390256,0,0,0,0,0,15,0,0,0,2
0,1,390259,0,0,0,0,0,0,0,0,0,0
1,1,390259,0,16,5,3,0,0,0,9,9,0
2,1,390259,0,0,0,0,0,0,0,0,0,0
3,1,390259,0,0,0,0,0,0,0,0,0,0
1,1,390260,9,9,9,9,9,9,9,9,9,9
1,1,390262,0,0,0,0,0,0,0,0,0,0
2,1,390262,19,19,19,19,19,19,19,19,19,19
1,1,390263,0,0,0,0,0,0,0,0,0,0
2,1,390263,0,0,0,0,0,0,0,0,0,0
1,1,390264,7,7,7,7,7,7,7,7,7,7
1,1,390265,8,8,8,8,8,8,8,8,8,8
1,1,390266,26,26,26,26,26,26,26,26,26,26
1,1,390267,0,0,0,0,0,0,0,0,0,0
2,1,390267,0,0,0,0,0,0,0,0,0,0
1,1,390268,0,0,0,0,0,0,0,0,0,0
1,1,390269,31,31,31,31,31,31,31,31,31,31
2,1,390269,0,0,0,6,0,0,0,0,0,0
1,1,390270,17,17,17,17,17,17,17,17,17,17
1,1,390271,0,0,0,0,0,0,0,0,0,0
1,1,390272,16,16,16,16,16,16,16,16,16,16
1,1,390273,0,0,0,0,0,0,0,0,0,0
1,1,390274,0,0,0,0,0,0,0,0,0,0
2,1,390274,0,0,0,0,0,0,0,0,0,0
1,1,390275,0,0,0,0,0,0,0,0,0,0
1,1,390276,0,0,0,0,0,0,0,0,0,0
2,1,390276,0,0,0,0,0,0,0,0,0,0
1,1,390277,0,0,0,0,0,0,0,0,0,0
2,1,390277,0,0,0,0,0,0,0,0,0,0
1,1,390278,0,0,0,0,0,0,0,0,0,0
2,1,390278,0,0,0,0,0,0,0,0,0,0
0,1,390279,17,0,17,0,18,0,0,0,35,34
1,1,390279,0,0,0,0,0,0,0,0,21,0
1,1,390280,9,0,0,0,0,0,17,0,16,10
1,1,390281,0,0,0,0,0,0,0,0,0,0
2,1,390281,0,0,0,0,0,0,0,0,0,0
1,1,390282,0,0,0,0,0,0,0,0,0,0
2,1,390282,0,0,0,0,0,0,0,0,0,0