VEH_NO,PER_NO,ST_CASE,P1,P2,P3,P4,P5,P6,P7,P8,P9,P10
1,1,390283,0,0,0,0,0,0,0,0,0,0
2,1,390283,23,23,23,23,23,23,23,23,23,23
1,1,390284,43,43,43,43,43,43,43,43,43,43
1,1,390285,0,0,0,0,0,0,0,0,0,0
2,1,390285,0,0,0,0,0,0,0,0,0,0
1,1,390286,14,14,14,14,14,14,14,14,14,14
1,1,390287,0,0,0,0,0,0,0,0,0,0
2,1,390287,0,0,0,0,0,0,0,0,0,0
1,1,390288,0,0,0,0,0,0,0,0,0,0
1,1,390289,0,0,0,0,0,0,0,0,0,0
1,1,390290,17,17,17,17,17,17,17,17,17,17
1,1,390291,23,23,23,23,23,23,23,23,23,23
1,1,390292,0,0,0,0,0,0,0,0,0,0
2,1,390292,0,0,0,0,0,0,0,0,0,0
3,1,390292,0,0,0,0,0,0,0,0,0,0
4,1,390292,0,0,0,0,0,0,0,0,6,0
5,1,390292,19,19,19,19,19,19,19,19,19,19
1,1,390293,0,0,0,0,0,0,0,0,0,0
2,1,390293,0,0,0,0,0,0,0,0,0,0
1,1,390294,0,0,0,0,0,0,0,0,0,0
2,1,390294,0,0,0,0,0,0,0,3,0,0
1,1,390295,0,0,0,0,0,0,0,0,0,0
1,1,390296,15,15,15,15,15,15,15,15,15,15
1,1,390297,0,0,0,0,0,0,0,0,0,0
2,1,390297,0,0,0,0,0,0,0,0,0,0
3,1,390297,0,0,0,0,0,0,0,0,0,0
1,1,390298,0,0,0,0,0,0,0,0,0,0
2,1,390298,0,0,0,0,0,0,0,0,0,0
1,1,390299,0,0,0,0,0,0,0,0,0,0
2,1,390299,0,0,0,0,0,0,0,0,0,0
1,1,390300,0,0,0,0,0,0,0,0,0,0
2,1,390300,0,0,0,0,0,0,0,0,0,0
1,1,390301,0,0,0,0,0,0,0,0,0,0
2,1,390301,0,0,0,0,0,0,0,0,0,0
1,1,390302,0,0,0,0,0,0,0,0,0,0
2,1,390302,0,0,0,0,0,0,0,0,0,0
1,1,390303,0,0,0,0,0,0,0,0,0,0
2,1,390303,0,0,0,0,0,0,0,0,0,0
1,1,390304,24,24,24,24,24,24,24,24,24,24
0,1,390305,0,0,0,0,0,0,0,0,0,0
1,1,390305,0,0,0,0,0,0,0,0,0,0
1,1,390306,0,0,0,0,0,0,0,0,0,0
2,1,390306,0,0,0,0,0,0,0,0,0,0
1,1,390307,16,20,18,12,13,28,20,0,0,0
1,1,390308,16,16,16,16,16,16,16,16,16,16
1,1,390309,17,17,17,17,17,17,17,17,17,17
1,1,390310,0,0,0,0,0,0,0,0,0,0
2,1,390310,0,0,0,0,0,0,0,0,0,0
1,1,390311,17,17,17,17,17,17,17,17,17,17
1,1,390312,0,0,0,0,0,0,0,0,0,0
1,1,390313,0,0,0,0,0,0,0,0,0,0
1,1,390314,22,22,22,22,22,22,22,22,22,22
1,1,390315,17,17,17,17,17,17,17,17,17,17
2,1,390315,0,0,0,0,0,0,0,0,0,0
1,1,390316,0,0,0,0,0,0,0,0,0,0
2,1,390316,0,0,0,0,0,0,0,0,0,0
1,1,390317,28,28,28,28,28,28,28,28,28,28
0,1,390318,17,17,17,17,17,17,17,17,17,17
1,1,390318,0,0,0,0,0,0,0,0,0,0
1,1,390319,22,22,22,22,22,22,22,22,22,22
1,1,390320,30,30,30,30,30,30,30,30,30,30
1,1,390321,8,8,8,8,8,8,8,8,8,8
1,1,390322,0,0,0,0,0,0,0,0,0,0
2,1,390322,0,0,0,0,0,0,0,0,0,0
0,1,390323,0,0,0,0,0,0,0,0,0,0
1,1,390323,17,17,17,17,17,17,17,17,17,17
1,1,390324,0,0,0,0,0,0,0,0,0,0
1,1,390325,0,0,0,0,0,0,0,0,0,0
2,1,390325,0,0,0,0,0,0,0,0,0,0
3,1,390325,0,0,0,0,0,0,0,0,0,0
1,1,390326,27,27,27,27,27,27,27,27,27,27
1,1,390327,0,0,0,0,0,0,0,0,0,0
2,1,390327,0,0,0,0,0,0,0,0,0,0
1,1,390328,0,0,0,0,0,0,0,0,0,0
2,1,390328,0,0,0,0,0,0,0,0,0,0
1,1,390329,10,10,10,10,10,10,10,10,10,10
1,1,390330,1,1,1,1,1,1,1,1,1,1
1,1,390331,0,0,0,0,0,0,0,0,0,0
1,1,390332,17,17,17,17,17,17,17,17,17,17
1,1,390333,15,15,15,15,15,15,15,15,15,15
1,1,390334,0,0,0,0,0,0,0,5,0,0
1,1,390335,0,0,0,0,0,0,0,0,0,0
2,1,390335,0,0,0,0,0,0,0,0,0,0
1,1,390336,0,0,0,0,0,0,0,0,0,0
1,1,390337,0,0,0,0,0,0,0,0,0,0
2,1,390337,0,0,0,0,0,0,0,0,0,0
1,1,390338,16,16,16,16,16,16,16,16,16,16
1,1,390339,8,8,8,8,8,8,8,8,8,8
2,1,390339,0,0,0,0,0,0,0,9,0,0
1,1,390340,0,0,0,0,0,0,0,0,0,0
2,1,390340,0,0,0,0,0,0,0,0,0,0
1,1,390341,16,7,13,8,14,6,7,34,27,5
1,1,390342,23,23,23,23,23,23,23,23,23,23
2,1,390342,0,0,0,0,0,0,0,0,0,0
1,1,390344,15,15,15,15,15,15,15,15,15,15
1,1,390345,0,0,0,0,0,0,0,0,0,0
2,1,390345,0,0,0,0,0,0,0,0,0,0
1,1,390346,28,28,28,28,28,28,28,28,28,28
1,1,390347,4,4,4,4,4,4,4,4,4,4
1,1,390348,0,0,0,0,0,14,0,0,0,0
2,1,390348,0,0,0,0,0,0,0,0,0,0
1,1,390349,0,0,0,0,0,0,0,0,0,0
2,1,390349,0,0,0,0,0,0,0,0,0,0
0,1,390350,0,0,0,0,0,0,0,0,0,0
1,1,390350,0,0,0,0,0,0,0,0,0,0
1,1,390351,0,0,0,0,0,0,0,0,0,0
1,1,390352,0,0,0,0,0,0,0,0,0,0
2,1,390352,0,0,0,0,0,0,0,0,0,0
1,1,390353,16,16,16,16,16,16,16,16,16,16
1,1,390354,0,0,0,0,0,0,0,0,0,0
1,1,390355,9,9,9,9,9,9,9,9,9,9
1,1,390356,0,0,0,0,0,0,0,0,0,0
0,1,390357,0,0,0,0,0,0,0,0,0,0
1,1,390357,0,25,0,0,0,0,0,0,0,0
1,1,390358,21,21,21,21,21,21,21,21,21,21
0,1,390359,2,2,2,2,2,2,2,2,2,2
1,1,390359,0,0,0,3,0,9,0,0,0,0
1,1,390360,0,0,0,0,0,0,0,0,0,0
2,1,390360,0,0,0,0,0,0,0,0,0,0
1,1,390361,0,0,0,0,0,0,0,0,0,0
2,1,390361,0,0,0,0,0,13,0,35,0,0
1,1,390362,0,0,0,0,0,0,0,0,0,0
2,1,390362,0,0,0,0,0,0,0,0,0,0
1,1,390363,0,0,0,0,0,0,0,0,0,0
2,1,390363,0,0,0,0,0,0,0,0,0,0
3,1,390363,0,0,0,0,0,0,0,0,0,0
4,1,390363,0,0,0,0,0,9,0,0,0,0
1,1,390364,0,0,0,0,0,0,0,0,0,0
2,1,390364,0,0,0,0,0,0,0,0,0,0
1,1,390365,0,0,0,0,0,0,0,0,0,0
2,1,390365,0,0,0,0,0,0,0,0,0,0
1,1,390366,0,0,0,0,0,0,0,0,0,0
2,1,390366,0,0,0,0,0,0,0,0,0,0
1,1,390367,0,0,0,0,0,0,0,0,0,0
1,1,390368,0,0,0,0,0,0,0,0,0,0
2,1,390368,0,0,0,0,0,0,0,0,0,0
1,1,390369,0,0,0,0,0,0,0,0,0,0
2,1,390369,0,0,0,0,0,0,0,0,0,0
1,1,390370,0,0,0,0,0,0,0,0,0,0
2,1,390370,0,0,0,0,0,0,0,0,0,0
1,1,390371,0,0,0,0,0,0,0,0,0,0
1,1,390372,0,0,0,0,0,0,0,0,0,0
1,1,390373,0,0,0,0,0,0,0,0,0,0
1,1,390374,15,10,33,17,16,19,15,0,22,13
0,1,390375,0,0,0,0,0,0,0,0,0,0
1,1,390375,0,0,0,0,0,0,0,0,0,0
1,1,390376,26,26,26,26,26,26,26,26,26,26
1,1,390377,14,14,14,14,14,14,14,14,14,14
2,1,390377,0,0,13,0,0,0,0,0,0,0
1,1,390378,18,18,18,18,18,18,18,18,18,18
1,1,390379,33,33,33,33,33,33,33,33,33,33
1,1,390380,0,0,0,0,13,0,0,0,0,0
2,1,390380,0,0,0,0,0,0,0,0,0,0
1,1,390381,20,20,20,20,20,20,20,20,20,20
1,1,390382,7,9,16,15,11,0,32,11,0,15
1,1,390383,0,0,0,0,0,0,0,0,0,0
1,1,390384,0,0,0,0,0,0,0,0,0,0
1,1,390385,0,0,0,0,0,0,0,0,0,0
1,1,390386,9,0,0,0,0,0,0,0,0,0
2,1,390386,0,0,0,0,0,0,0,0,0,0
1,1,390387,0,0,0,0,0,0,0,0,0,0
2,1,390387,0,0,0,0,0,12,0,0,0,0
1,1,390388,1,1,1,1,1,1,1,1,1,1
2,1,390388,0,0,0,0,0,0,0,0,0,0
1,1,390389,14,14,14,14,14,14,14,14,14,14
1,1,390390,0,0,0,0,0,0,0,0,0,0
1,1,390391,0,0,0,0,0,0,0,0,0,0
2,1,390391,0,0,0,0,0,0,0,0,0,0
1,1,390392,22,22,22,22,22,22,22,22,22,22
1,1,390393,0,0,0,0,0,0,0,0,0,0
2,1,390393,0,0,0,0,0,0,0,0,0,0
1,1,390394,23,23,23,23,23,23,23,23,23,23
1,1,390395,24,24,24,24,24,24,24,24,24,24
1,1,390396,16,16,16,16,16,16,16,16,16,16
1,1,390397,14,14,14,14,14,14,14,14,14,14
1,1,390398,13,13,13,13,13,13,13,13,13,13
1,1,390399,13,13,13,13,13,13,13,13,13,13
0,1,390400,0,0,0,0,0,0,0,0,0,0
0,2,390400,21,18,0,0,0,0,0,0,0,0
1,1,390400,0,0,0,0,0,0,0,0,0,0
1,1,390401,0,0,0,0,0,0,0,0,0,0
1,1,390402,5,5,5,5,5,5,5,5,5,5
1,1,390403,0,0,0,0,0,0,0,0,0,0
2,1,390403,0,0,0,0,0,0,0,0,0,0
1,1,390404,0,0,0,0,0,0,0,0,0,0
1,1,390405,0,0,0,0,0,0,0,4,0,0
2,1,390405,0,0,0,0,0,0,0,0,0,0
1,1,390406,0,0,0,0,0,0,0,0,0,0
2,1,390406,0,0,0,0,0,0,0,0,0,0
1,1,390407,0,0,0,0,0,0,0,0,0,0
1,1,390408,0,0,0,0,0,0,0,0,0,6
2,1,390408,0,0,0,0,0,0,0,0,0,0
0,1,390409,0,0,0,0,0,0,0,0,0,0
1,1,390409,0,0,0,0,0,0,0,0,0,0
1,1,390410,0,0,0,0,0,0,0,0,0,0
1,1,390411,0,0,0,0,0,0,0,0,0,0
2,1,390411,0,0,0,0,0,0,0,0,0,0
1,1,390412,0,0,0,0,0,0,0,0,0,0
2,1,390412,0,0,0,0,0,0,0,0,0,0
3,1,390412,0,0,0,0,4,0,0,0,0,0
0,1,390413,0,0,0,0,0,0,0,0,0,0
1,1,390413,0,0,0,0,0,0,0,0,0,0
1,1,390414,0,0,0,0,0,0,0,0,0,0
2,1,390414,0,0,0,0,0,0,0,0,0,0
1,1,390415,0,0,0,0,0,0,0,0,0,0
2,1,390415,0,0,0,0,0,0,0,0,0,0
1,1,390416,0,0,0,0,0,0,0,0,0,0
1,1,390418,1,1,1,1,1,1,1,1,1,1
0,1,390419,0,14,0,0,0,18,0,0,16,0
1,1,390419,0,0,0,0,0,0,0,0,0,0
1,1,390420,21,21,21,21,21,21,21,21,21,21
1,1,390421,0,0,0,0,0,0,0,0,0,0
0,1,390422,0,0,0,0,0,0,0,0,0,0
1,1,390422,10,10,10,10,10,10,10,10,10,10
1,1,390423,0,0,0,0,0,0,0,0,0,0
0,1,390424,17,17,17,17,17,17,17,17,17,17
1,1,390424,0,0,0,0,0,0,0,0,0,0
1,1,390425,0,0,0,0,0,0,0,0,0,0
2,1,390425,0,0,0,0,0,0,0,0,0,0
1,1,390426,14,14,14,14,14,14,14,14,14,14
1,1,390427,0,0,0,0,0,0,0,0,0,0
2,1,390427,0,0,0,0,0,0,0,0,0,0
3,1,390427,4,0,0,9,11,0,0,0,0,0
1,1,390429,16,0,0,0,0,0,0,0,0,5
2,1,390429,0,0,0,0,0,0,0,0,0,0
3,1,390429,0,0,0,0,0,0,0,0,0,0
1,1,390430,0,0,0,0,6,0,7,0,0,0
1,1,390431,16,16,16,16,16,16,16,16,16,16
2,1,390431,0,0,0,0,0,0,0,0,0,0
1,1,390432,0,0,0,0,0,0,0,0,0,0
2,1,390432,0,0,0,0,0,0,0,0,0,0
3,1,390432,0,0,0,0,0,0,0,0,0,0
4,1,390432,0,0,0,0,0,0,0,0,0,0
1,1,390433,0,0,0,0,0,0,0,0,0,0
1,1,390434,0,0,0,0,0,0,0,0,0,0
2,1,390434,0,0,0,0,0,0,0,0,0,0
1,1,390435,0,0,0,0,0,0,0,0,0,0
1,1,390436,4,4,4,4,4,4,4,4,4,4
2,1,390436,0,13,0,10,0,0,0,0,2,0
1,1,390437,0,0,0,0,0,0,0,0,0,0
1,1,390438,0,0,0,0,0,0,0,0,0,0
2,1,390438,0,0,0,0,0,0,0,0,0,0
1,1,390440,0,0,0,0,0,0,0,0,0,0
2,1,390440,0,0,0,0,0,0,0,0,0,0
3,1,390440,0,0,0,0,0,0,0,0,0,0
1,1,390441,0,0,0,0,0,0,0,0,0,0
2,1,390441,0,0,0,0,0,0,0,0,0,0
3,1,390441,0,0,0,0,0,0,0,0,0,0
4,1,390441,7,0,0,0,0,0,8,0,0,0
1,1,390442,0,0,0,0,0,0,0,0,0,0
2,1,390442,0,0,0,0,0,0,0,0,0,9
1,1,390443,0,0,0,0,0,0,0,0,0,0
2,1,390443,0,0,0,0,0,0,0,0,0,0
1,1,390444,0,0,0,0,0,0,0,0,0,0
1,1,390445,0,0,0,0,0,0,0,0,0,0
2,1,390445,0,0,0,7,0,0,0,0,0,0
1,1,390446,0,0,0,0,0,0,0,0,0,0
2,1,390446,0,0,0,0,0,0,0,0,0,0
1,1,390447,31,31,31,31,31,31,31,31,31,31
1,1,390448,0,0,0,0,0,0,0,0,0,0
2,1,390448,0,0,0,0,0,0,0,0,0,0
1,1,390449,0,0,0,0,0,0,0,0,0,0
1,1,390450,0,0,0,0,0,0,0,0,0,0
2,1,390450,0,0,0,0,0,0,0,0,0,0
1,1,390451,0,0,0,0,0,0,0,0,0,0
1,1,390452,17,17,17,17,17,17,17,17,17,17
2,1,390452,12,12,12,12,12,12,12,12,12,12
1,1,390453,0,0,0,0,0,0,0,0,0,0
1,1,390454,0,0,0,0,0,0,0,0,0,0
1,1,390455,0,0,0,0,0,0,0,0,0,0
2,1,390455,7,7,7,7,7,7,7,7,7,7
1,1,390456,0,0,0,0,0,0,0,0,0,0
0,1,390457,18,18,18,18,18,18,18,18,18,18
0,2,390457,21,4,0,0,23,6,0,22,13,13
1,1,390457,0,0,0,0,0,0,0,0,0,0
1,1,390458,7,7,7,7,7,7,7,7,7,7
1,1,390459,17,17,17,17,17,17,17,17,17,17
1,1,390460,25,25,25,25,25,25,25,25,25,25
1,1,390461,0,0,0,0,0,0,0,0,0,0
1,1,390462,20,20,20,20,20,20,20,20,20,20
1,1,390463,0,0,0,0,0,0,0,0,0,0
1,1,390465,0,0,0,0,0,0,0,0,0,0
1,1,390466,0,0,0,0,0,0,0,0,0,0
2,1,390466,0,0,0,0,0,0,0,0,0,0
1,1,390467,0,0,0,0,0,0,0,0,0,0
2,1,390467,0,0,0,0,0,0,0,0,0,0
1,1,390468,0,0,0,0,0,0,0,0,0,0
2,1,390468,0,0,0,0,0,0,0,0,0,0
3,1,390468,0,0,0,0,0,0,0,0,0,0
1,1,390469,0,0,0,0,0,0,0,0,0,0
2,1,390469,17,17,17,17,17,17,17,17,17,17
1,1,390470,0,0,0,0,0,0,0,0,0,0
2,1,390470,0,0,0,0,0,0,0,0,0,0
1,1,390471,0,9,0,0,0,0,0,0,0,0
2,1,390471,0,0,0,0,0,0,0,0,0,0
1,1,390472,15,15,15,15,15,15,15,15,15,15
1,1,390473,0,0,0,0,0,0,0,0,0,0
2,1,390473,0,0,0,0,0,0,0,0,0,0
1,1,390474,0,0,0,0,0,0,0,0,0,0
2,1,390474,0,0,0,0,0,0,0,0,0,0
1,1,390475,20,20,20,20,20,20,20,20,20,20
1,1,390476,9,9,9,9,9,9,9,9,9,9
0,1,390477,0,0,0,0,0,0,0,0,0,0
1,1,390477,0,0,2,0,0,0,0,0,0,0
1,1,390478,0,0,0,0,0,0,0,0,0,0
2,1,390478,0,0,0,0,0,0,0,0,0,0
1,1,390479,29,29,29,29,29,29,29,29,29,29
0,1,390480,0,0,0,0,0,0,0,0,0,0
1,1,390480,10,10,10,10,10,10,10,10,10,10
0,1,390481,0,0,0,0,0,0,0,0,0,0
1,1,390481,0,0,0,0,0,0,0,0,0,0
1,1,390482,9,9,9,9,9,9,9,9,9,9
0,1,390483,0,0,0,0,0,0,0,0,0,0
2,1,390483,0,0,0,0,0,0,0,0,0,0
1,1,390484,0,0,0,0,0,0,0,0,0,0
2,1,390484,0,0,0,0,0,2,0,0,22,0
1,1,390485,0,0,0,0,0,0,0,0,0,0
2,1,390485,0,0,0,0,0,0,0,0,0,0
1,1,390486,0,0,0,0,0,0,0,0,0,0
0,1,390487,0,0,0,0,0,0,0,0,0,0
1,1,390487,0,0,0,0,0,0,0,0,0,0
1,1,390488,15,9,16,8,7,22,8,32,13,24
1,1,390489,0,0,0,0,0,0,0,0,0,0
2,1,390489,0,0,0,0,0,0,0,0,0,0
1,1,390490,19,19,19,19,19,19,19,19,19,19
1,1,390491,23,23,23,23,23,23,23,23,23,23
2,1,390492,17,17,17,17,17,17,17,17,17,17
1,1,390493,0,0,0,0,0,0,0,0,0,0
2,1,390493,0,0,0,0,0,0,0,0,0,0
1,1,390494,37,37,37,37,37,37,37,37,37,37
1,1,390495,0,0,0,0,0,0,0,0,0,0
1,1,390496,0,0,0,0,0,0,0,0,0,0
1,1,390498,0,0,0,0,0,0,0,0,0,0
2,1,390498,0,0,17,14,0,0,0,0,0,0
1,1,390499,0,0,0,0,0,0,0,0,0,0
0,1,390500,0,0,0,0,0,0,0,0,0,0
1,1,390500,0,0,0,0,11,0,0,0,0,0
1,1,390501,18,8,17,10,15,16,23,22,16,15
2,1,390501,0,0,0,0,0,0,0,0,0,0
1,1,390502,0,0,0,0,0,0,0,0,0,0
1,1,390503,0,0,0,0,0,0,0,0,0,0
1,1,390504,0,0,0,0,0,0,0,0,0,0
2,1,390504,0,0,0,0,0,0,0,0,0,0
1,1,390505,0,0,0,0,0,0,0,0,0,0
2,1,390505,0,0,0,0,0,0,0,0,0,0
1,1,390506,12,12,12,12,12,12,12,12,12,12
1,1,390507,0,0,0,0,0,0,0,0,0,0
1,1,390508,0,0,0,0,0,0,0,0,0,0
0,1,390509,0,0,0,0,0,0,35,0,0,0
1,1,390509,0,0,0,0,0,0,0,0,0,0
1,1,390510,0,0,0,0,0,0,0,0,0,0
1,1,390511,0,0,0,0,0,0,0,0,0,0
2,1,390511,0,0,0,0,0,0,0,0,0,0
1,1,390512,0,0,0,0,0,0,0,0,0,0
2,1,390512,7,7,7,7,7,7,7,7,7,7
1,1,390513,0,0,0,0,0,0,0,0,0,0
1,1,390514,0,7,0,0,9,0,0,0,0,0
2,1,390514,0,0,0,0,0,0,0,0,0,0
1,1,390515,10,10,10,10,10,10,10,10,10,10
1,1,390516,0,0,0,0,0,4,0,0,0,0
2,1,390516,15,15,15,15,15,15,15,15,15,15
1,1,390517,0,0,0,0,0,0,0,0,0,0
2,1,390517,0,0,0,0,0,0,0,0,0,0
3,1,390517,0,0,0,0,0,0,0,0,0,0
4,1,390517,0,12,0,0,10,0,0,0,0,0
5,1,390517,0,0,0,0,0,0,0,0,0,0
6,1,390517,0,0,0,0,0,0,0,0,0,0
7,1,390517,0,0,0,0,9,0,0,0,0,0
8,1,390517,0,0,0,0,0,0,0,0,0,0
9,1,390517,0,0,0,0,0,0,0,0,0,0
10,1,390517,0,0,0,0,0,0,0,0,0,0
1,1,390518,0,6,0,5,7,17,4,9,14,0
1,1,390519,0,0,0,0,0,0,0,0,0,0
2,1,390519,0,0,0,0,0,0,0,0,0,0
1,1,390520,0,0,0,0,0,0,0,0,0,0
2,1,390520,0,0,0,0,0,0,0,0,0,0
1,1,390521,29,29,29,29,29,29,29,29,29,29
2,1,390521,0,0,0,0,0,0,0,0,0,0
1,1,390522,15,15,15,15,15,15,15,15,15,15
1,1,390523,0,0,0,0,0,0,0,0,0,0
2,1,390523,0,0,0,0,0,0,0,0,0,0
1,1,390524,0,0,0,0,0,0,0,0,0,0
2,1,390524,0,0,0,0,0,0,0,0,0,0
1,1,390525,14,14,14,14,14,14,14,14,14,14
1,1,390526,2,2,2,2,2,2,2,2,2,2
2,1,390526,0,0,0,0,0,0,0,0,8,0
1,1,390527,0,0,0,0,0,0,0,0,0,0
2,1,390527,0,0,0,0,0,0,0,0,0,0
1,1,390528,11,11,11,11,11,11,11,11,11,11
0,1,390529,0,0,0,0,0,0,0,0,0,0
1,1,390529,0,0,0,0,0,0,0,0,0,0
1,1,390530,0,0,0,0,0,0,0,0,0,0
2,1,390530,0,0,0,0,0,0,0,0,0,0
1,1,390531,0,0,0,0,0,0,0,0,0,0
1,1,390532,5,5,5,5,5,5,5,5,5,5
2,1,390532,4,4,4,4,4,4,4,4,4,4
1,1,390533,0,0,0,0,0,0,0,0,0,0
2,1,390533,0,0,0,0,0,0,0,0,0,0
1,1,390534,20,20,20,20,20,20,20,20,20,20
1,1,390535,0,0,0,0,0,0,0,0,0,0
2,1,390535,0,0,0,0,0,0,0,0,0,0
1,1,390536,21,21,21,21,21,21,21,21,21,21
1,1,390537,0,0,0,0,0,0,0,0,0,0
2,1,390537,0,0,0,0,0,0,0,0,0,0
3,1,390537,0,0,0,0,0,0,0,0,0,0
1,1,390538,12,12,12,12,12,12,12,12,12,12
1,1,390539,0,0,0,0,0,0,0,0,0,0
2,1,390539,0,0,0,0,0,0,0,0,0,0
1,1,390540,0,0,0,0,0,0,0,0,0,0
2,1,390540,0,0,0,0,0,0,0,0,0,0
1,1,390541,1,1,1,1,1,1,1,1,1,1
1,1,390542,0,0,0,0,0,0,0,0,0,0
2,1,390542,0,0,0,0,0,0,0,0,0,0
3,1,390542,0,0,0,0,0,0,0,0,0,0
2,1,390543,0,0,0,0,0,0,0,0,0,0
1,1,390544,0,0,0,0,0,0,0,0,0,0
2,1,390544,0,0,0,0,0,0,0,0,0,0
1,1,390545,0,0,0,0,0,0,0,0,0,0
2,1,390545,0,0,0,0,0,0,0,0,0,0
1,1,390546,0,0,0,0,0,0,0,0,0,0
1,1,390547,0,0,0,0,0,0,0,0,0,0
2,1,390547,0,0,0,0,0,0,0,0,0,0
0,1,390548,0,17,0,0,0,0,0,16,0,0
1,1,390548,0,0,0,0,0,0,0,0,0,0
1,1,390549,0,0,0,0,0,0,0,0,0,0
2,1,390549,0,0,0,0,0,0,0,0,0,0
1,1,390550,0,0,0,0,0,0,0,0,0,0
2,1,390550,0,0,0,0,0,20,8,0,0,0
1,1,390551,12,12,12,12,12,12,12,12,12,12
1,1,390552,0,0,0,0,0,0,0,0,0,0
1,1,390553,0,0,0,0,0,0,0,0,0,0
1,1,390554,0,0,0,0,0,0,0,0,0,0
2,1,390554,0,0,0,0,0,0,0,0,0,0
1,1,390555,0,0,0,0,0,0,0,0,0,0
2,1,390555,0,0,0,0,0,0,0,0,0,0
1,1,390556,22,22,22,22,22,22,22,22,22,22
2,1,390556,0,0,0,0,0,0,0,0,0,0
3,1,390556,0,0,0,0,0,0,0,0,0,0
4,1,390556,0,0,0,0,0,0,0,0,0,0
1,1,390557,0,0,0,0,0,0,0,14,0,0
2,1,390557,0,0,0,0,0,0,0,0,0,0
1,1,390558,0,0,0,0,0,0,0,0,0,0
2,1,390558,0,0,0,0,0,0,0,0,0,0
1,1,390559,10,10,10,10,10,10,10,10,10,10
2,1,390559,14,0,0,0,0,0,0,0,0,0
1,1,390560,14,14,14,14,14,14,14,14,14,14
2,1,390560,0,0,0,0,0,0,0,0,0,0
1,1,390561,0,0,0,0,0,0,0,0,0,0
1,1,390562,0,0,0,0,0,0,0,0,0,0
2,1,390562,0,0,0,0,0,0,0,0,0,0
1,1,390563,26,26,26,26,26,26,26,26,26,26
1,1,390564,0,0,0,0,0,0,0,0,0,0
2,1,390564,0,0,0,0,0,0,0,0,0,0
1,1,390565,0,0,0,0,0,0,0,0,0,0
2,1,390565,0,0,0,0,0,0,0,0,0,0
3,1,390565,0,0,0,0,0,0,0,0,0,0
4,1,390565,0,0,0,0,0,0,0,0,0,0
1,1,390566,0,0,0,0,0,0,0,0,0,0
2,1,390566,0,12,0,0,0,0,0,0,15,0
1,1,390567,0,0,6,0,0,0,0,0,0,0
2,1,390567,0,0,0,0,0,0,0,0,0,0
1,1,390568,11,11,11,11,11,11,11,11,11,11
1,1,390570,0,0,0,0,0,0,14,4,0,0
1,1,390571,0,0,0,0,0,0,0,0,0,0
2,1,390571,0,0,0,0,0,0,0,0,0,0
1,1,390572,0,0,0,0,0,0,0,0,0,0
2,1,390572,13,13,13,13,13,13,13,13,13,13
1,1,390573,5,5,5,5,5,5,5,5,5,5
2,1,390573,0,0,0,0,0,0,0,0,0,0
1,1,390574,0,0,0,0,0,0,0,0,0,0
1,1,390575,0,0,0,0,0,0,0,0,0,0
2,1,390575,0,0,0,0,0,0,0,0,0,0
1,1,390576,29,29,29,29,29,29,29,29,29,29
2,1,390576,0,0,0,0,17,0,0,0,0,0
0,1,390577,22,22,22,22,22,22,22,22,22,22
1,1,390577,22,22,22,22,22,22,22,22,22,22
1,1,390578,10,10,10,10,10,10,10,10,10,10
1,1,390579,0,0,0,0,0,0,0,0,0,0
2,1,390579,21,0,21,0,0,0,0,0,0,0
1,1,390580,16,16,16,16,16,16,16,16,16,16
1,1,390581,0,0,0,0,0,0,0,0,0,0
2,1,390581,0,0,0,0,0,0,0,0,0,0
1,1,390582,0,0,0,0,0,0,0,0,0,0
2,1,390582,0,0,0,0,0,0,0,0,0,0
1,1,390583,0,0,0,0,0,0,0,0,0,0
2,1,390583,0,0,0,0,0,0,0,0,0,0
1,1,390584,0,0,0,0,0,0,0,0,0,0
1,1,390585,13,13,13,13,13,13,13,13,13,13
1,1,390586,9,9,9,9,9,9,9,9,9,9
1,1,390587,9,9,9,9,9,9,9,9,9,9
1,1,390588,25,25,25,25,25,25,25,25,25,25
1,1,390589,14,14,14,14,14,14,14,14,14,14
1,1,390590,0,0,0,0,0,0,0,0,0,0
1,1,390591,21,9,45,16,3,17,7,23,14,13
2,1,390591,0,0,0,0,0,0,0,0,0,0
3,1,390591,0,0,0,0,0,0,0,0,0,0
1,1,390592,0,0,0,0,0,0,0,0,0,0
1,1,390593,2,2,2,2,2,2,2,2,2,2
1,1,390594,0,0,0,0,0,0,0,0,0,0
2,1,390594,0,0,0,0,0,0,0,0,0,0
1,1,390595,0,0,0,0,0,0,0,0,0,0
1,1,390596,13,13,13,13,13,13,13,13,13,13
1,1,390597,19,19,19,19,19,19,19,19,19,19
1,1,390598,0,0,0,0,0,0,0,0,0,0
2,1,390598,0,0,0,0,0,0,0,0,0,0
1,1,390599,34,34,34,34,34,34,34,34,34,34
1,1,390600,0,0,0,0,0,0,0,0,0,0
1,1,390601,0,0,0,0,0,0,0,0,0,0
0,1,390603,0,0,0,0,0,0,0,0,0,0
0,2,390603,0,0,0,0,0,0,0,0,0,0
0,3,390603,0,0,0,0,0,0,0,0,0,0
1,1,390603,0,0,0,0,0,0,0,0,0,0
1,1,390604,0,0,0,0,0,0,0,0,0,0
2,1,390604,0,0,0,0,0,0,0,0,0,0
1,1,390605,0,0,0,0,0,0,0,0,0,0