VEH_NO,PER_NO,ST_CASE,P1,P2,P3,P4,P5,P6,P7,P8,P9,P10
2,1,400274,0,0,0,0,0,0,0,0,0,0
1,1,400275,0,0,0,0,0,0,0,0,0,0
2,1,400275,0,0,0,0,0,0,0,0,0,0
1,1,400276,0,0,0,0,0,0,0,0,0,0
1,1,400277,0,0,0,0,0,0,0,0,0,0
2,1,400277,0,0,0,0,0,0,0,0,0,0
1,1,400278,20,20,20,20,20,20,20,20,20,20
1,1,400279,29,29,29,29,29,29,29,29,29,29
1,1,400280,16,16,16,16,16,16,16,16,16,16
2,1,400280,0,0,0,0,0,0,0,0,0,0
1,1,400281,0,0,0,0,0,0,0,0,0,0
2,1,400281,0,0,0,0,0,0,0,0,0,0
1,1,400282,16,16,16,16,16,16,16,16,16,16
1,1,400283,33,33,33,33,33,33,33,33,33,33
1,1,400284,0,0,0,0,0,0,0,0,0,0
2,1,400284,0,0,0,0,0,0,0,0,0,0
1,1,400286,8,8,8,8,8,8,8,8,8,8
1,1,400287,0,18,0,0,0,0,0,15,0,0
1,1,400289,0,0,0,0,0,0,0,0,0,0
2,1,400289,0,0,0,0,0,0,0,0,0,0
1,1,400290,0,0,0,0,0,0,0,0,0,0
2,1,400290,0,0,0,0,0,0,0,0,0,0
1,1,400291,13,13,13,13,13,13,13,13,13,13
1,1,400292,0,0,0,0,0,0,0,0,0,0
1,1,400293,0,0,0,0,0,0,0,0,0,0
2,1,400293,30,30,30,30,30,30,30,30,30,30
1,1,400294,34,34,34,34,34,34,34,34,34,34
1,1,400295,0,0,0,0,0,0,0,0,0,0
2,1,400295,12,0,6,0,0,8,0,0,0,0
1,1,400296,0,0,0,0,0,0,0,0,0,0
1,1,400298,0,0,0,0,0,0,0,0,0,0
2,1,400298,0,0,0,0,0,0,0,0,0,0
1,1,400299,21,21,21,21,21,21,21,21,21,21
1,1,400300,0,0,0,0,0,0,0,0,0,0
1,1,400301,0,0,0,0,0,0,0,0,0,0
1,1,400302,0,0,0,0,0,0,0,0,0,0
1,1,400303,0,0,0,0,0,0,0,0,0,0
1,1,400304,16,16,16,16,16,16,16,16,16,16
1,1,400305,25,25,25,25,25,25,25,25,25,25
1,1,400306,0,0,0,0,0,0,0,0,0,0
1,1,400307,18,18,18,18,18,18,18,18,18,18
1,1,400308,0,0,0,0,0,0,0,0,0,0
1,1,400309,18,18,18,18,18,18,18,18,18,18
1,1,400310,0,0,0,0,0,0,0,0,0,0
1,1,400311,0,0,0,0,0,0,0,0,0,0
1,1,400312,0,0,0,0,0,0,0,0,0,0
2,1,400312,0,0,0,0,0,0,0,0,0,0
1,1,400313,0,0,0,0,0,0,0,0,0,0
2,1,400313,0,0,0,0,0,0,0,0,0,0
3,1,400313,0,0,0,0,0,0,0,0,0,0
4,1,400313,0,0,0,0,0,0,0,0,0,0
5,1,400313,0,0,0,0,0,0,0,0,0,0
6,1,400313,0,0,0,0,0,0,0,0,0,0
7,1,400313,0,0,0,0,0,0,0,0,0,0
1,1,400315,21,21,21,21,21,21,21,21,21,21
1,1,400316,0,0,0,0,0,0,0,0,0,0
1,1,400317,13,13,13,13,13,13,13,13,13,13
1,1,400318,0,0,0,0,0,0,0,0,0,0
2,1,400318,0,0,0,0,0,0,0,0,0,0
1,1,400319,20,20,20,20,20,20,20,20,20,20
1,1,400320,0,0,0,0,0,0,0,0,0,0
1,1,400321,16,16,16,16,16,16,16,16,16,16
1,1,400322,0,0,0,0,0,0,0,0,0,0
1,1,400323,0,0,0,0,0,0,0,0,0,0
2,1,400323,0,0,0,0,0,0,0,0,0,0
1,1,400324,0,0,0,0,0,0,0,0,0,0
1,1,400325,0,0,0,0,0,0,0,0,0,0
1,1,400326,9,9,9,9,9,9,9,9,9,9
1,1,400327,0,0,0,0,0,0,0,0,0,0
2,1,400327,0,0,0,0,13,0,0,0,0,0
1,1,400328,0,0,0,0,0,0,0,0,0,0
1,1,400329,0,0,0,0,0,0,0,0,0,0
2,1,400329,8,8,8,8,8,8,8,8,8,8
1,1,400330,0,0,0,0,0,0,0,0,0,0
2,1,400330,0,0,0,0,0,0,0,0,0,0
1,1,400331,0,0,0,0,0,0,0,0,0,0
2,1,400331,0,0,0,0,0,0,0,0,0,0
1,1,400332,0,0,0,0,0,0,0,0,0,0
2,1,400332,0,0,0,0,0,0,0,0,0,0
1,1,400333,0,0,0,0,0,0,0,0,0,0
1,1,400334,11,11,11,11,11,11,11,11,11,11
1,1,400335,0,0,0,0,0,0,0,0,0,0
2,1,400335,0,0,0,0,0,0,0,0,0,0
1,1,400336,0,0,0,0,0,0,0,0,0,0
1,1,400337,28,28,28,28,28,28,28,28,28,28
1,1,400338,0,0,0,0,0,0,0,0,0,0
1,1,400339,0,0,0,0,0,0,0,0,0,0
1,1,400340,14,14,14,14,14,14,14,14,14,14
0,1,400341,0,0,0,0,0,0,0,0,0,0
1,1,400341,0,0,0,0,0,0,0,0,0,0
1,1,400342,0,0,0,0,0,0,0,0,0,0
1,1,400343,5,5,5,5,5,5,5,5,5,5
1,1,400344,0,0,0,0,0,0,0,0,0,0
1,1,400345,0,0,0,0,0,0,0,0,0,0
1,1,400346,31,31,31,31,31,31,31,31,31,31
0,1,400347,0,0,0,0,0,0,0,0,0,0
1,1,400347,0,0,0,0,0,0,0,0,0,0
1,1,400348,0,0,0,12,0,0,0,0,0,0
1,1,400349,0,0,0,0,0,0,0,0,0,0
2,1,400349,0,0,0,0,0,0,0,0,0,0
1,1,400350,0,0,0,0,0,0,0,0,0,0
2,1,400350,16,16,16,16,16,16,16,16,16,16
1,1,400352,0,0,0,0,0,0,0,0,0,0
2,1,400352,0,0,0,0,0,0,0,0,0,0
3,1,400352,0,0,0,0,0,0,0,0,0,0
4,1,400352,0,0,0,7,0,0,0,0,0,0
1,1,400353,0,0,0,0,0,0,0,0,0,0
1,1,400354,29,29,29,29,29,29,29,29,29,29
1,1,400355,23,23,23,23,23,23,23,23,23,23
1,1,400356,19,19,19,19,19,19,19,19,19,19
1,1,400357,0,0,0,0,0,0,0,0,0,0
1,1,400358,0,0,0,0,0,0,0,0,0,0
1,1,400359,20,20,20,20,20,20,20,20,20,20
1,1,400360,16,16,16,16,16,16,16,16,16,16
1,1,400361,0,0,0,0,0,0,0,0,0,0
2,1,400361,0,0,0,0,0,0,0,0,0,0
1,1,400362,0,0,0,0,0,0,0,0,0,0
2,1,400362,0,0,0,0,0,0,0,0,0,0
1,1,400363,0,0,0,0,0,0,0,0,0,0
2,1,400363,0,0,0,0,0,0,0,0,0,0
1,1,400364,0,0,0,0,0,0,0,0,0,0
2,1,400364,8,8,8,8,8,8,8,8,8,8
1,1,400365,29,29,29,29,29,29,29,29,29,29
1,1,400366,20,20,20,20,20,20,20,20,20,20
2,1,400366,0,0,0,0,0,0,0,0,0,0
1,1,400367,0,0,0,0,0,0,0,0,0,0
1,1,400368,0,0,0,0,0,0,0,0,0,0
1,1,400369,0,0,0,0,0,0,0,0,0,0
1,1,400370,0,0,0,0,0,0,0,0,0,0
2,1,400370,0,0,0,0,0,0,0,0,12,0
1,1,400371,26,26,26,26,26,26,26,26,26,26
1,1,400372,0,0,0,0,0,0,0,0,0,0
1,1,400373,0,0,0,0,0,0,0,0,0,0
0,1,400374,0,0,0,0,0,0,0,0,0,0
1,1,400374,0,0,0,0,0,0,0,0,0,0
1,1,400375,14,14,14,14,14,14,14,14,14,14
1,1,400376,0,0,0,0,0,0,0,0,0,0
2,1,400376,0,0,0,0,0,0,0,0,0,0
1,1,400377,0,0,0,0,0,0,0,0,0,0
1,1,400378,0,0,0,0,0,0,0,0,0,0
2,1,400378,0,0,0,0,0,0,0,0,0,0
1,1,400379,0,0,0,0,0,0,0,0,0,0
2,1,400379,0,0,0,0,0,0,0,0,0,0
1,1,400380,0,0,0,0,0,0,0,0,0,0
1,1,400381,0,0,0,0,0,0,0,0,0,0
1,1,400382,14,14,14,14,14,14,14,14,14,14
1,1,400383,0,0,0,0,0,18,0,14,14,0
2,1,400383,0,0,0,0,0,0,0,0,0,0
3,1,400383,0,0,0,0,0,0,0,0,3,0
1,1,400384,8,8,8,8,8,8,8,8,8,8
1,1,400385,0,0,0,0,0,0,0,0,0,0
2,1,400385,0,0,0,0,0,0,0,0,0,0
1,1,400386,0,0,0,0,0,0,0,0,0,0
2,1,400386,0,0,0,0,0,0,0,0,0,0
1,1,400387,0,0,0,0,0,0,0,0,0,0
0,1,400388,0,0,0,0,0,0,0,0,0,0
1,1,400388,0,0,0,0,0,0,0,0,0,0
1,1,400389,0,0,0,0,0,0,0,0,0,0
2,1,400389,0,0,0,0,0,0,0,0,0,0
1,1,400390,22,22,22,22,22,22,22,22,22,22
1,1,400391,0,0,0,0,0,0,0,0,0,0
1,1,400392,23,23,23,23,23,23,23,23,23,23
2,1,400392,4,4,4,4,4,4,4,4,4,4
3,1,400392,0,10,0,7,0,0,0,0,0,0
1,1,400393,14,21,16,11,27,13,27,32,23,12
1,1,400394,0,0,0,0,0,0,0,0,0,0
1,1,400396,2,2,2,2,2,2,2,2,2,2
1,1,400397,4,4,4,4,4,4,4,4,4,4
1,1,400398,0,0,0,0,0,0,0,0,0,0
1,1,400399,0,0,0,0,0,0,0,0,0,0
1,1,400400,0,0,0,0,0,0,0,0,0,0
2,1,400400,0,0,0,0,0,0,0,0,0,0
1,1,400401,0,0,0,0,0,0,0,0,0,0
2,1,400401,0,0,0,0,0,0,0,0,0,0
1,1,400402,0,0,0,0,0,0,0,0,0,0
1,1,400403,34,34,34,34,34,34,34,34,34,34
1,1,400404,0,0,0,0,0,0,0,0,0,0
1,1,400405,22,22,22,22,22,22,22,22,22,22
1,1,400406,16,16,16,16,16,16,16,16,16,16
1,1,400407,0,0,0,0,0,0,0,0,0,0
1,1,400408,0,0,0,2,2,0,0,11,0,0
1,1,400409,27,27,27,27,27,27,27,27,27,27
2,1,400409,13,13,13,13,13,13,13,13,13,13
1,1,400410,19,19,19,19,19,19,19,19,19,19
1,1,400411,15,15,15,15,15,15,15,15,15,15
1,1,400412,0,0,0,0,0,0,0,0,0,0
2,1,400412,0,0,0,0,0,0,0,0,0,0
1,1,400413,0,0,0,0,0,0,0,0,0,0
2,1,400413,0,0,0,0,0,0,0,0,0,0
3,1,400413,0,0,0,0,0,0,0,0,0,0
1,1,400414,7,0,0,0,0,0,0,0,0,0
2,1,400414,0,0,0,0,0,0,0,0,0,0
1,1,400415,0,0,0,0,0,0,0,0,0,0
0,1,400416,0,0,0,0,0,0,0,0,0,0
1,1,400416,0,0,0,0,4,0,0,0,10,0
1,1,400417,11,11,11,11,11,11,11,11,11,11
1,1,400418,35,35,35,35,35,35,35,35,35,35
1,1,400419,15,15,15,15,15,15,15,15,15,15
1,1,400420,0,0,0,0,0,0,0,0,0,0
1,1,400421,0,0,0,0,0,0,0,0,0,0
2,1,400421,0,0,0,0,0,0,0,0,0,19
1,1,400422,0,0,0,0,0,0,0,0,0,0
2,1,400422,0,0,0,0,0,0,0,0,0,0
1,1,400423,14,14,14,14,14,14,14,14,14,14
1,1,400424,17,17,17,17,17,17,17,17,17,17
2,1,400424,0,0,0,0,0,0,0,0,0,0
1,1,400425,0,0,0,0,0,0,0,0,0,0
2,1,400425,0,0,0,0,0,0,0,0,0,0
1,1,400426,17,22,12,11,18,20,0,24,17,23
1,1,400427,10,10,10,10,10,10,10,10,10,10
1,1,400428,18,18,18,18,18,18,18,18,18,18
2,1,400428,0,0,0,0,0,0,0,0,0,0
1,1,400429,25,16,22,10,0,15,18,24,5,0
1,1,400430,0,0,0,0,0,0,0,0,0,0
1,1,400431,12,12,12,12,12,12,12,12,12,12
0,1,400432,0,0,0,0,0,0,0,0,0,0
1,1,400432,0,0,0,0,0,0,0,0,0,0
1,1,400433,20,20,20,20,20,20,20,20,20,20
1,1,400434,0,0,0,0,0,0,0,0,0,0
1,1,400435,0,0,0,0,0,0,0,0,0,0
1,1,400436,0,0,0,0,12,0,0,0,0,0
2,1,400436,28,28,28,28,28,28,28,28,28,28
1,1,400437,13,13,13,13,13,13,13,13,13,13
1,1,400438,0,0,0,0,0,0,0,0,0,0
2,1,400438,0,0,25,13,0,0,0,0,0,8
1,1,400439,0,0,0,0,0,0,0,0,0,0
1,1,400440,0,0,0,0,0,0,0,0,0,0
1,1,400441,0,0,0,0,0,0,0,0,0,0
1,1,400442,24,24,24,24,24,24,24,24,24,24
0,1,400443,0,0,0,0,0,0,0,0,0,0
1,1,400443,0,0,0,0,0,0,0,0,0,0
1,1,400444,0,0,0,0,0,0,0,0,0,0
2,1,400444,0,0,0,0,0,0,0,0,0,0
1,1,400445,15,15,15,15,15,15,15,15,15,15
2,1,400445,0,0,0,0,0,0,0,0,0,0
1,1,400446,43,43,43,43,43,43,43,43,43,43
1,1,400447,10,10,10,10,10,10,10,10,10,10
2,1,400447,0,0,0,0,0,0,0,0,0,0
1,1,400448,0,0,0,0,0,0,0,0,0,0
1,1,400449,0,0,0,0,0,0,0,0,0,0
2,1,400449,20,20,20,20,20,20,20,20,20,20
1,1,400450,19,19,19,19,19,19,19,19,19,19
1,1,400451,0,0,0,0,0,0,0,0,0,0
2,1,400451,0,0,0,0,0,0,0,0,0,0
1,1,400452,0,0,0,0,0,0,0,0,0,0
1,1,400453,0,0,0,0,0,0,0,0,0,0
1,1,400454,0,0,0,0,0,0,0,0,0,0
1,1,400455,22,22,22,22,22,22,22,22,22,22
1,1,400456,0,0,0,0,0,0,0,0,0,0
0,1,400457,31,31,31,31,31,31,31,31,31,31
1,1,400457,0,0,0,0,0,0,0,0,0,0
2,1,400457,0,23,17,17,0,0,32,0,0,0
1,1,400458,18,18,18,18,18,18,18,18,18,18
0,1,400459,0,0,0,0,0,0,0,0,0,0
1,1,400459,0,0,0,0,0,0,0,0,0,0
1,1,400460,0,0,0,0,9,0,0,0,0,9
2,1,400460,18,18,18,18,18,18,18,18,18,18
1,1,400461,0,0,0,0,0,0,0,0,0,0
2,1,400461,0,0,0,0,0,0,0,0,0,0
1,1,400462,9,9,9,9,9,9,9,9,9,9
1,1,400463,0,0,0,0,0,0,0,0,0,0
1,1,400464,13,13,13,13,13,13,13,13,13,13
1,1,400465,25,25,25,25,25,25,25,25,25,25
1,1,400467,0,0,0,0,0,0,0,0,0,2
2,1,400467,0,0,0,0,0,0,0,0,0,0
1,1,400468,0,0,0,0,0,0,0,0,0,0
2,1,400468,0,0,0,0,0,0,0,0,0,0
1,1,400469,17,17,17,17,17,17,17,17,17,17
1,1,400470,0,0,0,0,0,0,0,0,0,0
2,1,400470,3,3,3,3,3,3,3,3,3,3
1,1,400471,0,0,0,0,0,0,0,0,0,0
2,1,400471,0,0,0,0,0,0,0,0,0,0
1,1,400472,0,0,0,0,0,0,0,0,0,0
1,1,400473,7,7,7,7,7,7,7,7,7,7
1,1,400474,0,0,0,0,0,0,0,0,0,0
2,1,400474,0,0,0,0,0,0,18,0,0,0
1,1,400475,10,10,10,10,10,10,10,10,10,10
1,1,400476,18,18,18,18,18,18,18,18,18,18
1,1,400477,20,31,0,0,0,13,0,38,7,23
1,1,400478,15,15,15,15,15,15,15,15,15,15
1,1,400479,0,0,0,0,0,0,0,0,0,0
1,1,400480,21,0,12,12,14,4,0,0,0,0
1,1,400481,28,28,28,28,28,28,28,28,28,28
1,1,400482,0,0,0,0,0,0,0,0,0,0
1,1,400483,7,7,7,7,7,7,7,7,7,7
1,1,400484,0,0,0,0,0,0,0,0,0,0
1,1,400485,2,2,2,2,2,2,2,2,2,2
1,1,400486,0,0,0,0,0,0,0,0,0,0
1,1,400487,0,0,0,0,0,0,0,0,0,0
0,1,400488,0,0,0,0,0,0,0,0,0,0
1,1,400488,0,0,0,0,0,0,0,0,0,0
1,1,400489,11,11,11,11,11,11,11,11,11,11
2,1,400489,0,0,0,0,0,0,0,0,0,0
1,1,400490,0,0,0,0,0,0,0,0,0,0
1,1,400491,8,8,8,8,8,8,8,8,8,8
1,1,400492,17,17,17,17,17,17,17,17,17,17
2,1,400492,0,0,0,0,0,0,0,0,0,0
1,1,400493,0,0,0,0,0,0,0,0,0,0
1,1,400494,0,0,0,0,0,0,0,0,0,0
2,1,400494,0,0,0,0,0,0,0,0,0,0
3,1,400494,0,0,0,0,0,0,0,0,0,0
1,1,400495,38,38,38,38,38,38,38,38,38,38
1,1,400496,0,0,0,0,0,0,0,0,0,0
1,1,400497,20,20,20,20,20,20,20,20,20,20
1,1,400498,0,0,0,0,0,0,0,0,0,0
2,1,400498,0,0,0,0,0,0,0,0,0,0
1,1,400499,0,0,0,0,0,0,0,0,0,0
2,1,400499,0,0,0,0,0,0,0,0,0,0
1,1,400500,18,18,18,18,18,18,18,18,18,18
1,1,400501,0,0,0,0,0,0,0,0,0,0
2,1,400501,0,0,0,0,0,0,0,0,0,0
3,1,400501,0,0,0,0,0,0,0,0,0,0
1,1,400502,0,0,0,0,0,0,0,0,0,0
2,1,400502,0,0,0,0,0,0,0,0,0,0
1,1,400503,0,0,0,0,0,0,0,0,0,0
2,1,400503,0,0,0,0,0,0,0,0,0,0
1,1,400504,0,0,0,0,0,0,0,0,0,0
2,1,400504,0,0,0,0,0,0,0,0,0,0
1,1,400505,29,29,29,29,29,29,29,29,29,29
1,1,400506,19,19,19,19,19,19,19,19,19,19
1,1,400507,0,0,0,0,0,0,0,0,0,0
1,1,400508,0,0,0,0,0,0,0,0,0,0
2,1,400508,0,0,0,0,0,0,0,0,0,0
1,1,400509,0,0,0,0,0,0,0,0,0,0
1,1,400510,0,0,0,0,0,0,0,0,0,0
2,1,400510,0,0,0,0,0,0,0,0,0,0
1,1,400511,0,0,0,0,0,0,0,0,0,0
2,1,400511,0,0,0,0,0,0,0,0,0,0
1,1,400512,0,0,0,0,0,0,0,0,0,0
2,1,400512,0,0,0,0,0,0,0,0,0,0
1,1,400513,0,0,0,0,0,0,0,0,0,0
2,1,400513,0,0,0,0,0,0,0,0,0,0
1,1,400514,36,36,36,36,36,36,36,36,36,36
2,1,400514,0,0,0,0,0,0,0,0,0,0
1,1,400515,0,0,0,0,0,0,0,0,0,0
2,1,400515,0,0,0,0,0,0,0,0,6,0
1,1,400516,18,18,18,18,18,18,18,18,18,18
1,1,400517,15,15,15,15,15,15,15,15,15,15
2,1,400517,0,0,0,0,0,0,0,0,0,0
3,1,400517,0,0,0,0,0,0,0,0,0,0
4,1,400517,0,0,0,0,0,0,0,0,0,0
5,1,400517,0,0,0,0,0,0,0,0,0,0
1,1,400518,0,0,0,0,0,0,0,0,0,0
1,1,400519,0,0,0,0,0,0,0,0,0,0
1,1,400520,0,0,0,0,0,0,0,0,0,0
2,1,400520,0,0,0,0,0,0,0,0,0,0
1,1,400521,0,0,0,0,0,0,0,0,0,0
1,1,400522,0,0,0,0,0,0,0,0,0,0
2,1,400522,0,0,0,0,0,0,0,0,0,0
1,1,400523,13,13,13,13,13,13,13,13,13,13
2,1,400523,0,0,0,0,0,0,0,0,0,0
3,1,400523,0,0,0,0,0,0,0,0,0,0
1,1,400524,0,0,0,0,0,0,0,0,0,0
2,1,400524,0,0,0,0,0,0,0,0,0,0
1,1,400525,0,0,0,0,0,0,0,0,0,0
2,1,400525,0,0,0,0,0,0,0,0,0,0
0,1,400526,0,0,0,0,15,4,16,0,0,0
0,2,400526,3,8,14,0,0,0,0,0,0,0
1,1,400526,21,21,21,21,21,21,21,21,21,21
1,1,400527,17,17,17,17,17,17,17,17,17,17
2,1,400527,0,0,0,0,0,0,0,0,0,0
1,1,400528,19,19,19,19,19,19,19,19,19,19
1,1,400529,18,21,28,23,23,23,14,9,11,18
1,1,400530,24,48,14,6,25,14,18,12,21,32
1,1,400531,16,14,6,21,5,20,8,17,17,0
1,1,400533,0,0,0,0,0,0,0,0,0,0
2,1,400533,0,0,0,0,0,0,0,0,0,0
3,1,400533,0,0,0,0,0,0,0,0,0,0
1,1,400534,0,0,0,0,0,0,0,0,0,0
1,1,400535,0,0,0,0,0,0,0,0,0,0
2,1,400535,0,0,0,0,0,0,0,0,0,0
1,1,400536,0,0,0,0,0,0,0,0,0,0
1,1,400537,0,0,0,0,0,0,0,0,0,0
2,1,400537,0,0,0,0,0,0,0,0,0,0
1,1,400538,0,0,5,0,0,0,0,7,0,0
2,1,400538,0,0,0,0,0,0,0,0,0,0
1,1,400539,11,11,11,11,11,11,11,11,11,11
2,1,400539,0,0,0,0,0,0,0,0,0,0
1,1,400540,0,0,0,0,0,0,0,0,0,0
1,1,400541,0,0,0,0,0,0,0,0,0,0
1,1,400542,0,0,0,0,0,0,0,0,0,0
1,1,400543,0,0,0,0,0,0,0,0,0,0
1,1,400544,17,17,17,17,17,17,17,17,17,17
1,1,400545,0,0,0,0,0,0,0,0,0,0
1,1,400546,0,0,0,0,0,0,0,0,0,0
2,1,400546,0,0,0,0,0,0,0,0,0,0
0,1,400547,0,0,0,0,0,0,0,0,0,0
1,1,400547,0,0,0,0,0,0,0,0,0,0
1,1,400548,9,9,9,9,9,9,9,9,9,9
1,1,400549,22,22,22,22,22,22,22,22,22,22
1,1,400550,0,0,0,0,0,0,0,0,0,0
1,1,400551,0,0,0,0,0,0,0,0,0,0
2,1,400551,0,0,0,0,0,0,0,0,0,0
1,1,400552,0,0,15,0,0,0,0,0,0,0
2,1,400552,0,0,0,0,0,0,0,0,0,0
1,1,400553,0,0,0,0,0,0,0,0,0,0
1,1,400554,0,0,0,0,0,0,0,0,0,0
2,1,400554,0,0,0,0,0,0,0,0,0,0
1,1,400555,0,0,0,0,0,0,0,0,0,0
2,1,400555,0,0,0,18,34,0,0,0,0,0
1,1,400556,0,0,0,0,0,0,0,0,0,0
2,1,400556,0,0,0,0,0,0,0,0,0,0
1,1,400557,0,0,0,0,0,0,0,0,0,0
2,1,400557,0,0,0,0,0,0,0,0,0,0
1,1,400558,26,26,26,26,26,26,26,26,26,26
2,1,400558,0,0,0,0,0,0,0,0,0,0
1,1,400559,5,0,11,9,11,24,17,0,0,32
1,1,400560,22,22,22,22,22,22,22,22,22,22
1,1,400561,0,0,0,0,0,0,0,0,0,0
2,1,400561,0,0,0,0,0,0,0,0,0,0
1,1,400562,11,11,11,11,11,11,11,11,11,11
1,1,400563,0,0,0,0,0,0,0,0,0,0
2,1,400563,0,0,0,0,0,0,0,0,0,0
0,1,400564,0,0,0,0,0,0,0,0,0,0
1,1,400564,0,0,0,0,0,0,0,0,0,0
1,1,400565,0,0,0,0,0,0,0,0,0,0
2,1,400565,3,3,3,3,3,3,3,3,3,3
1,1,400566,0,0,0,0,0,0,0,0,0,0
2,1,400566,1,1,1,1,1,1,1,1,1,1
1,1,400567,0,0,0,0,0,0,0,0,0,0
2,1,400567,0,0,0,0,0,0,0,0,0,0
3,1,400567,0,0,0,0,0,0,0,0,0,0
1,1,400568,0,0,0,0,0,0,0,0,0,0
2,1,400568,0,0,0,0,0,0,0,0,0,0
1,1,400569,30,27,16,34,33,42,26,14,17,0
0,1,400570,0,0,0,0,0,0,0,0,0,0
1,1,400570,0,0,0,0,0,0,0,0,0,0
2,1,400570,0,0,0,0,0,0,0,0,0,0
1,1,400571,3,3,3,3,3,3,3,3,3,3
1,1,400572,12,12,12,12,12,12,12,12,12,12
0,1,400573,12,12,12,12,12,12,12,12,12,12
1,1,400573,0,0,0,0,0,0,7,0,23,0
1,1,400574,0,0,0,7,16,0,0,0,0,0
1,1,400575,0,0,0,0,0,0,0,0,0,0
2,1,400575,0,0,0,0,0,0,0,0,0,0
1,1,400576,28,28,28,28,28,28,28,28,28,28
2,1,400576,0,0,0,0,0,0,0,0,0,0
3,1,400576,0,0,0,0,0,0,0,0,0,0
1,1,400577,0,0,0,0,0,0,0,0,0,0
1,1,400579,16,16,16,16,16,16,16,16,16,16
0,1,400580,33,33,33,33,33,33,33,33,33,33
1,1,400580,0,0,0,0,0,0,0,0,0,0
1,1,400581,0,0,0,0,0,0,0,0,0,0
1,1,400582,0,0,0,0,0,0,0,0,0,0
1,1,400583,7,11,8,4,14,12,11,8,6,14
1,1,400584,0,0,0,0,0,0,0,0,0,0
2,1,400584,0,0,0,0,0,0,0,0,0,0
1,1,400585,0,0,0,0,0,0,0,0,0,0
2,1,400585,0,0,0,0,0,0,0,0,0,0
1,1,400586,1,1,1,1,1,1,1,1,1,1
2,1,400586,0,0,0,0,0,0,0,0,0,0
1,1,400587,0,0,0,0,0,0,0,0,0,0
1,1,400588,0,0,0,0,0,0,0,0,0,0
2,1,400588,0,0,0,0,0,0,0,0,0,0
1,1,400589,0,0,0,0,0,0,0,0,0,0
1,1,400590,13,13,13,13,13,13,13,13,13,13
2,1,400590,0,0,0,0,0,0,0,0,0,0
1,1,400591,0,0,0,0,0,0,0,0,0,0
1,1,400592,6,0,0,0,0,0,0,0,0,0
1,1,400593,2,2,2,2,2,2,2,2,2,2
1,1,400594,11,11,11,11,11,11,11,11,11,11
1,1,400595,0,0,0,0,0,0,0,0,0,0
1,1,400597,0,0,0,0,0,0,0,0,0,0
1,1,400598,0,0,0,0,0,0,0,0,0,0
2,1,400598,0,0,0,0,0,0,0,0,0,0
3,1,400598,0,0,0,0,0,0,0,0,0,0
1,1,400599,0,0,0,0,0,0,0,0,0,0
2,1,400599,0,0,0,0,0,0,0,0,0,0
3,1,400599,0,0,0,0,0,0,0,0,0,0
1,1,400600,24,24,24,24,24,24,24,24,24,24
0,1,400601,0,0,0,0,0,0,0,0,0,0
1,1,400601,0,0,0,0,0,0,0,0,0,0
1,1,400602,0,0,0,0,0,0,0,0,0,0
2,1,400602,0,0,0,0,0,0,0,0,0,0
0,1,400603,0,0,0,0,0,0,0,0,0,0
1,1,400603,0,0,0,0,0,0,0,0,0,0
1,1,400604,0,0,0,0,0,0,0,0,0,0
1,1,400605,0,0,0,0,0,0,0,0,0,0
2,1,400605,0,0,0,0,0,0,0,0,0,0
1,1,400606,0,0,0,0,0,0,0,0,0,0
1,1,400607,23,23,23,23,23,23,23,23,23,23
1,1,400608,0,0,0,0,0,0,0,0,0,0
1,1,400609,20,20,20,20,20,20,20,20,20,20
1,1,400610,0,0,0,0,0,0,0,0,0,0
1,1,400611,0,0,0,0,0,0,0,0,0,0
2,1,400611,0,0,0,0,0,0,0,0,0,0
1,1,400612,15,0,0,14,30,0,0,0,0,0
1,1,400613,0,0,0,0,0,0,0,0,0,0
1,1,400614,0,0,0,0,0,0,0,0,0,0
2,1,400614,0,0,0,0,0,0,0,0,0,0
1,1,400615,0,0,13,9,0,0,0,0,0,0
1,1,400616,0,0,0,0,0,0,0,0,0,0
2,1,400616,0,0,0,0,0,0,0,0,0,0
1,1,400617,0,0,0,0,0,0,0,0,0,0
2,1,400617,14,14,14,14,14,14,14,14,14,14
1,1,400618,0,0,0,0,0,0,0,0,0,0
1,1,400619,0,0,0,0,0,0,0,0,0,0
2,1,400619,0,0,0,0,0,0,0,0,0,0
1,1,400620,29,29,29,29,29,29,29,29,29,29
1,1,400621,15,15,15,15,15,15,15,15,15,15
1,1,400622,11,11,11,11,11,11,11,11,11,11
2,1,400622,4,0,0,0,0,0,0,0,0,0
3,1,400622,0,0,0,0,0,0,0,0,0,0
1,1,400623,29,29,29,29,29,29,29,29,29,29
0,1,400624,22,22,22,22,22,22,22,22,22,22
1,1,400624,0,0,0,10,0,10,0,0,0,0
2,1,400624,0,0,0,0,0,2,0,3,0,0
1,1,400625,0,0,0,0,0,0,0,0,0,0
2,1,400625,0,0,0,0,0,0,0,0,0,0