VEH_NO,PER_NO,ST_CASE,P1,P2,P3,P4,P5,P6,P7,P8,P9,P10
3,1,400625,0,0,0,0,0,0,0,0,0,0
1,1,400626,32,32,32,32,32,32,32,32,32,32
1,1,400627,0,0,0,0,0,0,0,0,0,0
0,1,400628,0,0,0,0,0,0,0,0,0,0
1,1,400628,0,0,0,0,0,0,0,0,0,0
2,1,400628,0,0,0,0,0,0,0,0,0,0
1,1,400629,0,0,0,0,0,0,0,0,0,0
0,1,400630,26,26,26,26,26,26,26,26,26,26
1,1,400630,0,0,0,0,0,0,0,0,0,0
2,1,400630,0,0,0,0,0,0,0,0,0,0
1,1,400631,0,0,0,0,0,0,0,0,0,0
2,1,400631,0,0,0,0,0,0,0,0,0,0
3,1,400631,0,0,0,0,0,0,0,0,0,0
1,1,400632,0,0,0,0,0,0,0,0,0,0
1,1,400633,18,18,18,18,18,18,18,18,18,18
1,1,400634,0,0,0,0,0,0,0,0,0,0
2,1,400634,0,0,0,0,0,0,0,0,18,0
3,1,400634,0,0,0,0,0,0,0,0,0,0
4,1,400634,0,0,0,0,0,0,0,0,0,0
1,1,400635,18,18,18,18,18,18,18,18,18,18
1,1,400636,0,0,0,0,0,0,0,0,0,0
1,1,400637,0,0,0,0,0,0,0,0,0,0
1,1,400638,0,0,0,0,0,0,0,0,0,0
1,1,400639,0,0,0,0,0,0,0,0,0,0
2,1,400639,0,0,0,0,0,0,0,0,0,0
1,1,400640,0,0,0,0,0,0,0,0,0,0
1,1,400641,0,0,0,0,0,0,0,0,0,0
2,1,400641,0,0,0,0,13,0,0,0,0,0
0,1,400642,0,0,0,0,0,0,0,0,0,0
1,1,400642,0,0,5,0,3,17,3,5,7,11
1,1,400643,0,0,0,0,0,0,0,0,0,0
2,1,400643,0,0,0,0,0,0,0,0,0,0
1,1,400644,16,16,16,16,16,16,16,16,16,16
1,1,400645,0,0,0,0,0,0,0,0,0,0
2,1,400645,0,0,0,0,0,0,0,0,0,0
1,1,400646,0,0,0,0,0,14,0,0,0,0
2,1,400646,0,0,0,0,0,0,0,0,0,0
1,1,400647,5,5,5,5,5,5,5,5,5,5
0,1,400648,0,0,0,0,0,0,0,0,0,0
1,1,400648,0,0,0,0,0,0,0,0,0,0
1,1,400649,6,6,6,6,6,6,6,6,6,6
1,1,400650,0,0,0,0,0,0,0,0,0,0
2,1,400650,0,0,0,0,0,0,0,0,0,0
1,1,400651,14,14,14,14,14,14,14,14,14,14
1,1,400652,13,0,0,0,0,0,0,0,0,0
1,1,400653,0,0,0,0,0,0,0,0,0,0
2,1,400653,0,0,0,0,0,0,0,0,0,0
1,1,400654,10,10,10,10,10,10,10,10,10,10
1,1,400655,0,0,0,0,0,0,0,0,0,0
2,1,400655,0,0,0,0,0,0,0,0,0,0
1,1,400656,0,0,0,0,0,0,0,0,0,0
2,1,400656,0,0,0,0,0,0,0,0,0,0
1,1,400657,0,0,0,0,0,0,0,0,0,0
1,1,400658,0,0,0,0,0,0,0,0,0,0
2,1,400658,0,0,0,0,0,0,0,0,0,0
1,1,400659,0,0,0,0,0,0,0,0,0,0
2,1,400659,0,0,0,0,0,0,0,0,0,0
0,1,400660,0,0,0,0,0,0,0,0,0,0
1,1,400660,0,0,0,0,0,0,0,0,0,0
1,1,410001,0,0,0,0,0,0,0,0,0,0
2,1,410001,0,0,0,0,0,0,0,0,0,0
1,1,410002,0,0,0,0,0,0,0,0,0,0
2,1,410002,0,0,0,0,0,0,0,0,0,0
3,1,410002,0,0,0,0,0,0,0,0,0,0
1,1,410003,0,0,0,0,0,0,0,0,0,0
2,1,410003,4,0,0,0,0,0,0,12,0,0
3,1,410003,0,0,0,0,0,0,0,0,0,0
4,1,410003,0,0,0,0,0,0,0,0,0,0
1,1,410004,19,19,19,19,19,19,19,19,19,19
0,1,410005,0,0,0,0,0,0,0,0,0,0
0,2,410005,0,0,0,0,0,0,0,0,0,0
1,1,410005,0,0,0,0,0,0,0,0,0,0
1,1,410006,0,0,0,0,0,0,0,0,0,0
2,1,410006,0,0,0,0,0,0,0,0,0,0
1,1,410007,0,0,0,0,0,0,0,0,0,0
2,1,410007,0,0,0,0,0,0,0,0,0,0
1,1,410008,0,0,0,0,0,0,0,0,0,0
2,1,410008,0,0,0,0,0,0,0,0,0,0
1,1,410009,0,0,0,0,0,0,0,0,0,0
2,1,410009,0,0,0,0,0,0,0,0,0,0
0,1,410010,33,33,33,33,33,33,33,33,33,33
1,1,410010,0,0,0,0,0,0,0,0,0,0
1,1,410011,0,0,0,0,0,0,0,0,0,0
1,1,410012,12,12,12,12,12,12,12,12,12,12
2,1,410012,0,0,0,0,0,0,0,0,0,0
1,1,410013,0,0,0,0,0,0,0,0,0,0
1,1,410014,15,15,15,15,15,15,15,15,15,15
1,1,410015,0,0,0,0,0,0,0,0,0,0
1,1,410016,0,0,0,0,0,0,0,0,0,0
2,1,410016,0,0,0,0,0,0,0,0,0,0
1,1,410017,0,0,0,0,0,0,0,0,0,0
1,1,410018,0,12,0,0,0,0,0,0,0,0
2,1,410018,0,0,0,0,0,0,0,0,0,0
1,1,410019,0,0,0,0,0,0,0,0,0,0
1,1,410020,0,0,0,0,0,0,0,0,0,0
2,1,410021,0,0,0,0,0,0,0,0,0,0
1,1,410022,0,0,0,0,0,0,0,0,0,0
2,1,410022,0,0,0,0,0,0,0,0,0,0
1,1,410023,22,22,22,22,22,22,22,22,22,22
1,1,410024,0,0,0,0,0,0,0,0,0,0
2,1,410024,0,0,0,0,0,0,0,0,0,0
1,1,410025,0,0,0,0,0,19,0,0,0,0
2,1,410025,0,0,0,0,0,0,0,0,0,0
1,1,410026,25,25,25,25,25,25,25,25,25,25
1,1,410027,15,15,15,15,15,15,15,15,15,15
1,1,410028,0,0,0,0,0,0,0,0,0,0
1,1,410029,0,0,0,0,0,0,0,0,0,0
2,1,410029,0,0,0,0,0,0,0,0,0,0
1,1,410030,15,15,15,15,15,15,15,15,15,15
1,1,410031,0,0,0,0,0,41,0,8,0,18
1,1,410032,0,0,0,0,0,0,0,0,0,0
2,1,410032,0,0,0,0,0,0,0,0,0,0
1,1,410033,1,1,1,1,1,1,1,1,1,1
2,1,410033,0,0,0,0,0,0,0,0,0,0
0,1,410034,0,0,0,0,0,0,0,0,0,0
1,1,410034,0,0,0,0,0,0,0,0,0,0
1,1,410035,0,25,12,21,16,18,11,24,23,36
1,1,410036,17,17,17,17,17,17,17,17,17,17
2,1,410036,0,0,0,0,0,0,0,0,0,0
1,1,410037,16,16,16,16,16,16,16,16,16,16
1,1,410038,15,15,15,15,15,15,15,15,15,15
0,1,410039,0,0,19,0,0,0,0,27,4,0
1,1,410039,0,0,0,0,0,0,0,0,0,0
2,1,410039,0,0,0,0,0,0,0,0,0,0
0,1,410040,19,19,19,19,19,19,19,19,19,19
1,1,410040,0,0,0,0,0,0,0,0,0,0
1,1,410041,0,0,0,0,0,0,0,0,0,0
2,1,410041,0,0,0,0,0,0,0,0,0,0
1,1,410042,21,21,21,21,21,21,21,21,21,21
1,1,410043,21,21,21,21,21,21,21,21,21,21
1,1,410044,21,21,21,21,21,21,21,21,21,21
1,1,410045,0,0,0,0,0,0,0,0,0,0
1,1,410046,0,0,0,0,0,0,0,0,0,0
2,1,410046,0,0,0,0,0,0,0,0,0,0
1,1,410047,14,14,14,14,14,14,14,14,14,14
1,1,410048,10,10,10,10,10,10,10,10,10,10
2,1,410048,18,18,18,18,18,18,18,18,18,18
1,1,410049,28,28,28,28,28,28,28,28,28,28
1,1,410050,28,28,28,28,28,28,28,28,28,28
1,1,410051,0,0,0,0,0,0,0,0,0,0
2,1,410051,0,0,0,0,0,0,0,0,0,0
0,1,410052,30,30,30,30,30,30,30,30,30,30
1,1,410052,4,7,5,10,19,0,0,0,0,5
1,1,410053,0,0,0,0,0,0,0,0,0,0
2,1,410053,16,16,16,16,16,16,16,16,16,16
1,1,410054,10,10,10,10,10,10,10,10,10,10
1,1,410055,4,4,4,4,4,4,4,4,4,4
1,1,410056,11,11,11,11,11,11,11,11,11,11
1,1,410057,0,0,0,0,0,0,0,0,0,0
2,1,410057,0,0,0,0,0,0,0,0,0,0
1,1,410058,0,0,0,0,0,0,0,0,0,0
2,1,410058,0,0,0,0,0,0,0,0,0,0
0,1,410059,0,0,0,0,0,0,0,0,0,0
1,1,410059,0,0,0,0,0,0,0,0,0,0
1,1,410060,0,0,0,0,0,0,0,0,0,0
1,1,410062,0,0,0,0,0,0,0,0,0,0
1,1,410063,0,0,0,0,0,0,0,0,0,0
1,1,410064,0,0,0,0,0,0,0,0,0,0
1,1,410065,0,0,0,0,0,0,0,0,0,0
2,1,410065,0,0,5,0,0,0,10,0,0,0
3,1,410065,9,9,9,9,9,9,9,9,9,9
1,1,410066,20,20,20,20,20,20,20,20,20,20
1,1,410067,0,0,0,0,0,0,0,0,0,0
1,1,410068,16,16,16,16,16,16,16,16,16,16
1,1,410069,0,0,0,0,0,0,0,0,0,0
2,1,410069,0,0,0,0,0,0,0,0,0,0
1,1,410070,0,0,0,0,0,0,0,0,0,0
2,1,410070,0,0,0,0,0,0,0,0,0,0
1,1,410071,17,17,17,17,17,17,17,17,17,17
1,1,410072,0,0,0,0,0,0,0,0,0,0
2,1,410072,0,0,0,0,0,0,0,0,0,0
0,1,410073,38,38,38,38,38,38,38,38,38,38
1,1,410073,14,0,14,0,0,6,4,10,0,17
0,1,410074,0,0,0,0,0,0,0,0,0,0
1,1,410074,0,0,0,0,0,0,0,0,0,0
2,1,410074,0,0,0,0,0,0,0,0,0,0
0,1,410075,0,0,0,0,0,0,0,0,0,0
1,1,410075,0,0,0,0,0,0,0,0,0,0
0,1,410076,33,33,33,33,33,33,33,33,33,33
1,1,410076,0,3,0,0,0,0,0,0,0,0
0,1,410077,0,0,0,0,0,0,0,0,0,0
1,1,410077,0,0,0,0,0,0,0,0,0,0
1,1,410078,0,0,0,0,0,0,0,0,0,0
2,1,410078,0,0,0,0,0,0,0,0,0,0
1,1,410079,2,2,2,2,2,2,2,2,2,2
2,1,410079,0,0,0,0,0,0,0,0,0,0
1,1,410080,20,20,20,20,20,20,20,20,20,20
1,1,410081,15,15,15,15,15,15,15,15,15,15
1,1,410082,0,0,0,0,0,0,0,0,0,0
0,1,410083,0,0,0,0,0,0,0,0,0,0
1,1,410083,0,0,0,0,0,0,0,0,0,0
1,1,410084,0,0,0,0,0,0,0,0,0,5
1,1,410085,13,13,13,13,13,13,13,13,13,13
2,1,410085,9,9,9,9,9,9,9,9,9,9
3,1,410085,0,0,0,0,0,0,0,0,0,0
1,1,410086,0,0,0,0,0,0,0,0,0,0
1,1,410087,0,0,0,0,0,0,0,0,0,0
1,1,410088,0,0,0,0,0,0,0,0,0,0
1,1,410089,16,16,16,16,16,16,16,16,16,16
1,1,410090,0,0,0,18,0,0,7,0,16,13
2,1,410090,0,0,0,0,0,0,0,0,0,0
1,1,410091,21,21,21,21,21,21,21,21,21,21
1,1,410092,0,0,0,0,0,0,0,0,0,0
1,1,410094,0,0,0,0,0,0,0,0,0,0
1,1,410095,0,0,0,0,0,0,0,0,0,0
0,1,410096,0,0,0,0,0,0,0,0,0,0
1,1,410096,0,0,0,0,0,0,0,0,0,0
1,1,410097,0,0,0,0,0,0,0,0,0,0
1,1,410098,10,0,4,7,14,11,0,0,20,0
1,1,410099,0,0,0,0,0,0,0,0,0,0
1,1,410100,0,0,0,0,0,0,0,0,0,0
1,1,410101,0,0,0,0,0,0,0,0,0,0
1,1,410102,20,20,20,20,20,20,20,20,20,20
1,1,410103,0,8,2,0,0,0,0,6,0,0
1,1,410104,0,0,0,0,0,0,0,0,0,0
1,1,410105,21,21,21,21,21,21,21,21,21,21
1,1,410106,0,0,0,0,0,0,0,0,0,0
1,1,410107,0,0,0,0,0,0,0,0,0,0
2,1,410107,0,0,0,0,0,0,0,0,0,0
1,1,410108,0,0,0,0,0,0,0,0,0,0
1,1,410109,0,0,0,0,0,0,0,0,0,0
1,1,410110,3,3,3,3,3,3,3,3,3,3
1,1,410111,0,0,0,0,0,0,0,0,0,0
1,1,410112,0,0,0,0,0,0,0,0,0,0
2,1,410112,2,2,2,2,2,2,2,2,2,2
1,1,410113,0,0,0,0,0,0,0,0,0,0
1,1,410114,1,1,1,1,1,1,1,1,1,1
1,1,410115,0,0,0,0,0,0,0,0,0,0
2,1,410115,0,0,0,11,0,0,18,2,0,0
0,1,410116,0,0,0,0,0,0,0,0,0,0
1,1,410116,0,0,0,0,0,0,0,0,0,0
1,1,410117,15,15,15,15,15,15,15,15,15,15
2,1,410117,0,0,0,0,0,0,0,0,0,0
1,1,410118,0,0,0,0,0,0,0,0,0,0
2,1,410118,0,0,0,0,0,0,0,0,0,0
1,1,410119,18,18,18,18,18,18,18,18,18,18
1,1,410121,16,16,16,16,16,16,16,16,16,16
1,1,410122,0,0,0,0,0,0,0,0,0,0
2,1,410122,0,0,7,0,0,4,0,0,0,0
3,1,410122,0,0,0,0,0,0,0,0,0,0
4,1,410122,0,0,0,0,0,0,0,0,0,0
1,1,410123,0,0,0,0,0,0,0,0,0,0
1,1,410124,0,0,0,0,0,0,0,0,0,0
1,1,410125,0,0,18,0,0,0,0,0,0,0
2,1,410125,0,0,0,0,0,0,0,0,0,0
3,1,410125,0,5,8,0,0,0,3,0,0,0
1,1,410126,0,0,0,0,0,0,0,0,0,0
2,1,410126,0,0,0,0,0,0,0,0,0,0
1,1,410128,4,4,4,4,4,4,4,4,4,4
0,1,410129,19,19,19,19,19,19,19,19,19,19
1,1,410129,21,0,0,10,6,9,2,14,0,0
1,1,410130,0,0,0,0,0,0,0,0,0,0
1,1,410131,0,0,0,0,0,0,0,0,0,0
2,1,410131,0,0,0,0,0,0,0,0,0,0
3,1,410131,0,0,0,0,0,0,0,0,0,0
1,1,410132,11,11,11,11,11,11,11,11,11,11
2,1,410132,0,0,0,0,0,0,0,0,0,0
1,1,410133,0,0,0,14,0,0,0,23,0,0
1,1,410134,0,0,0,0,0,0,0,0,0,0
2,1,410134,0,0,0,0,0,0,0,0,0,0
0,1,410135,0,0,0,0,0,0,0,0,0,0
1,1,410135,0,0,0,0,0,0,0,0,0,0
1,1,410136,15,15,15,15,15,15,15,15,15,15
1,1,410137,14,14,14,14,14,14,14,14,14,14
1,1,410138,0,0,0,0,0,0,0,0,0,0
1,1,410139,29,29,29,29,29,29,29,29,29,29
1,1,410140,0,0,10,0,0,0,0,0,0,0
2,1,410140,18,0,0,0,0,0,0,0,0,0
1,1,410141,5,5,5,5,5,5,5,5,5,5
1,1,410142,0,0,0,0,0,0,0,0,0,0
2,1,410142,0,0,0,0,0,0,0,0,0,0
1,1,410143,0,0,0,0,0,0,0,0,0,28
2,1,410143,0,0,0,0,0,0,0,0,0,0
1,1,410144,0,0,0,0,0,0,0,0,0,0
2,1,410144,0,0,0,0,0,0,0,0,0,0
0,1,410145,28,28,28,28,28,28,28,28,28,28
1,1,410145,0,0,0,0,0,0,0,7,0,0
1,1,410146,0,0,0,0,0,0,0,0,0,0
1,1,410147,18,18,18,18,18,18,18,18,18,18
1,1,410148,15,15,15,15,15,15,15,15,15,15
0,1,410149,14,14,14,14,14,14,14,14,14,14
1,1,410149,9,9,9,9,9,9,9,9,9,9
1,1,410150,18,18,18,18,18,18,18,18,18,18
2,1,410150,0,0,0,0,0,0,0,0,0,0
1,1,410151,9,0,0,17,0,0,0,0,0,0
1,1,410152,15,15,15,15,15,15,15,15,15,15
1,1,410153,0,0,0,0,0,0,0,0,0,0
2,1,410153,0,0,0,0,0,0,0,0,0,0
1,1,410154,32,13,14,18,4,13,17,27,15,0
1,1,410155,24,24,24,24,24,24,24,24,24,24
1,1,410156,0,0,0,0,0,0,0,0,0,0
2,1,410156,0,0,0,0,0,0,0,0,0,0
1,1,410157,0,0,0,0,0,0,0,0,0,0
1,1,410158,0,0,0,0,0,0,0,0,0,0
2,1,410158,0,0,0,0,0,0,0,0,0,0
0,1,410159,0,0,0,0,0,0,0,0,0,0
1,1,410159,0,0,6,0,0,0,0,0,0,10
1,1,410160,0,0,0,0,0,0,0,0,0,0
2,1,410160,0,0,0,0,0,0,0,0,0,0
1,1,410161,15,15,15,15,15,15,15,15,15,15
1,1,410162,15,11,19,10,53,6,8,4,18,21
1,1,410164,3,3,3,3,3,3,3,3,3,3
1,1,410165,0,0,0,0,0,0,0,0,0,0
2,1,410165,0,0,0,0,0,0,0,0,0,0
1,1,410166,34,34,34,34,34,34,34,34,34,34
1,1,410167,0,0,0,0,0,0,0,0,0,0
1,1,410168,0,0,0,0,0,0,0,0,0,0
2,1,410168,0,0,0,0,0,0,0,0,0,0
1,1,410169,0,0,0,0,0,0,0,0,0,0
2,1,410169,0,0,0,0,0,0,0,0,0,4
3,1,410169,0,0,0,0,0,0,0,0,0,0
1,1,410170,0,0,0,0,0,0,0,0,0,0
2,1,410170,0,0,0,0,0,0,0,0,0,0
3,1,410170,0,0,0,0,0,0,0,0,0,0
1,1,410171,26,26,26,26,26,26,26,26,26,26
2,1,410171,0,0,0,0,0,0,0,0,0,0
1,1,410172,35,35,35,35,35,35,35,35,35,35
1,1,410173,26,26,26,26,26,26,26,26,26,26
1,1,410174,37,37,37,37,37,37,37,37,37,37
1,1,410175,0,0,0,0,0,0,0,0,0,0
2,1,410175,0,0,0,0,0,0,0,0,0,0
1,1,410176,0,0,0,0,0,0,0,0,0,0
2,1,410176,0,0,0,0,0,0,0,0,0,0
1,1,410177,0,0,0,0,0,0,0,0,0,0
2,1,410177,0,0,0,0,0,0,0,0,0,0
1,1,410178,13,13,13,13,13,13,13,13,13,13
1,1,410179,15,15,15,15,15,15,15,15,15,15
2,1,410179,0,0,0,0,0,0,0,0,0,0
3,1,410179,0,0,0,0,0,0,0,0,0,0
1,1,410180,12,0,0,0,0,0,0,0,0,0
1,1,410181,0,0,0,0,0,0,0,16,0,0
1,1,410182,0,0,0,0,0,0,0,0,0,0
1,1,410183,0,0,0,0,0,0,0,0,0,0
2,1,410183,0,0,0,0,0,0,0,0,0,0
0,1,410184,0,0,0,0,0,0,0,0,0,0
1,1,410184,0,0,0,0,0,0,0,0,0,0
0,1,410185,42,42,42,42,42,42,42,42,42,42
1,1,410185,0,0,0,0,0,0,0,0,0,0
1,1,410186,0,0,0,0,0,0,0,0,0,0
2,1,410186,0,0,0,0,0,0,0,0,0,0
1,1,410187,0,0,0,0,0,0,0,0,0,0
2,1,410187,0,0,0,0,0,0,0,0,0,0
1,1,410188,23,23,23,23,23,23,23,23,23,23
1,1,410189,0,0,0,0,0,0,0,0,0,0
2,1,410189,0,0,0,0,0,0,0,0,0,0
1,1,410190,0,0,0,0,0,0,0,0,0,0
2,1,410190,0,0,0,0,0,0,0,0,0,0
1,1,410191,0,0,0,0,0,0,0,0,0,0
2,1,410191,0,0,0,0,0,0,0,0,0,0
3,1,410191,0,0,0,0,0,0,0,0,0,0
1,1,410192,28,28,28,28,28,28,28,28,28,28
1,1,410193,17,17,17,17,17,17,17,17,17,17
1,1,410194,0,0,0,0,0,0,0,0,0,0
2,1,410194,0,0,0,0,0,0,0,0,0,0
3,1,410194,0,16,0,0,0,0,0,0,0,0
1,1,410195,0,0,0,0,0,0,0,0,0,0
1,1,410196,0,0,0,0,0,0,0,0,0,0
1,1,410197,0,0,0,0,0,0,0,0,0,0
1,1,410198,17,17,17,17,17,17,17,17,17,17
2,1,410198,0,0,0,0,0,0,0,0,0,0
1,1,410199,0,0,0,0,0,0,0,0,0,0
2,1,410199,0,0,0,0,0,0,0,0,0,0
1,1,410200,0,0,0,0,6,0,0,0,0,11
1,1,410201,0,0,0,0,0,0,0,0,0,0
1,1,410202,0,0,0,0,0,0,0,0,0,0
2,1,410202,0,0,0,0,0,0,0,0,0,0
1,1,410203,0,0,0,0,10,0,0,0,0,0
2,1,410203,0,0,0,0,0,0,0,0,0,0
1,1,410204,0,0,0,0,0,0,0,0,0,0
1,1,410205,0,0,0,0,0,0,0,0,0,0
2,1,410205,0,0,0,0,0,0,0,0,0,0
0,1,410206,21,21,21,21,21,21,21,21,21,21
1,1,410206,0,0,18,0,0,0,0,0,12,0
1,1,410207,0,0,0,0,0,0,0,0,0,0
1,1,410208,0,0,0,0,0,0,0,0,0,0
1,1,410209,0,0,0,0,0,0,0,0,0,0
1,1,410210,7,7,7,7,7,7,7,7,7,7
1,1,410211,0,0,0,0,0,15,0,0,0,2
1,1,410212,18,18,18,18,18,18,18,18,18,18
1,1,410213,0,0,0,0,0,0,0,0,0,0
1,1,410214,0,0,0,0,0,0,0,0,0,0
1,1,410215,0,0,0,0,0,0,0,0,0,0
1,1,410216,0,0,0,0,0,0,0,0,0,0
1,1,410217,0,10,9,0,0,0,0,0,0,11
2,1,410217,39,11,12,4,8,7,14,15,11,24
0,1,410218,0,0,0,0,0,0,0,0,17,0
1,1,410218,0,8,0,0,0,0,0,0,0,0
1,1,410219,7,7,7,7,7,7,7,7,7,7
1,1,410220,25,20,6,36,26,6,16,15,14,12
1,1,410221,0,0,0,0,0,0,0,0,0,0
2,1,410221,0,0,0,0,0,0,0,0,0,0
3,1,410221,0,0,0,0,0,0,0,0,0,0
1,1,410222,0,0,0,0,0,0,0,0,0,0
1,1,410223,21,21,21,21,21,21,21,21,21,21
2,1,410223,0,0,0,0,0,0,0,0,0,0
1,1,410224,0,0,0,0,0,0,0,0,0,0
1,1,410225,21,21,21,21,21,21,21,21,21,21
1,1,410226,0,0,0,0,0,0,0,0,0,0
1,1,410227,0,0,0,0,0,0,0,0,0,0
1,1,410228,24,24,24,24,24,24,24,24,24,24
1,1,410229,10,10,10,10,10,10,10,10,10,10
1,1,410230,22,22,22,22,22,22,22,22,22,22
1,1,410231,0,0,0,0,0,0,0,0,0,0
1,1,410232,0,0,0,0,0,0,0,0,0,0
1,1,410233,0,0,0,0,0,0,0,0,0,0
1,1,410234,0,0,0,0,0,0,0,0,0,0
1,1,410235,7,7,7,7,7,7,7,7,7,7
2,1,410235,12,0,0,0,0,0,0,13,6,0
1,1,410236,0,0,0,0,0,0,14,0,0,0
1,1,410237,0,0,0,0,0,0,0,0,0,0
2,1,410237,0,0,0,0,0,0,0,10,0,0
1,1,410238,0,0,0,0,0,0,0,0,0,0
2,1,410238,0,0,0,0,0,0,0,0,0,0
1,1,410239,0,22,0,0,0,0,20,0,0,0
1,1,410240,0,0,0,0,0,0,0,0,0,0
0,1,410241,0,0,0,0,0,0,0,0,0,0
0,2,410241,0,0,0,0,0,0,0,0,0,0
1,1,410241,0,0,0,0,0,0,0,0,0,0
1,1,410242,0,0,0,0,0,0,0,0,0,0
1,1,410243,0,0,0,0,0,0,0,0,0,0
1,1,410244,24,24,24,24,24,24,24,24,24,24
2,1,410244,0,0,0,0,0,0,0,0,0,0
1,1,410245,9,9,9,9,9,9,9,9,9,9
1,1,410246,0,0,0,0,0,0,0,0,0,0
0,1,410247,0,0,0,0,9,0,0,0,0,0
1,1,410247,0,0,0,0,0,0,0,0,0,0
1,1,410248,18,18,18,18,18,18,18,18,18,18
1,1,410249,20,20,20,20,20,20,20,20,20,20
2,1,410249,0,0,0,0,0,0,0,0,0,0
1,1,410250,0,0,0,0,0,0,0,0,0,0
2,1,410250,0,0,0,0,0,0,0,0,0,0
3,1,410250,0,0,0,0,0,0,0,0,0,0
4,1,410250,0,0,0,7,0,0,0,0,0,0
5,1,410250,0,0,13,0,0,0,0,0,0,0
6,1,410250,0,0,0,0,9,0,0,0,0,0
7,1,410250,0,0,0,0,0,5,9,0,0,0
8,1,410250,0,0,0,0,0,0,0,0,15,0
9,1,410250,0,0,0,0,0,0,0,0,0,0
10,1,410250,0,0,0,0,0,0,0,13,0,0
11,1,410250,0,0,0,0,0,0,10,0,0,0
12,1,410250,0,0,0,0,0,0,0,0,0,0
13,1,410250,0,0,0,0,0,0,0,0,0,0
14,1,410250,0,0,0,0,0,0,0,0,0,0
15,1,410250,0,0,0,0,0,0,0,0,0,0
16,1,410250,0,0,0,0,0,0,2,17,0,0
17,1,410250,2,0,0,0,0,0,0,0,0,17
18,1,410250,0,0,0,17,0,0,0,0,4,0
19,1,410250,0,0,0,7,0,0,0,0,0,0
20,1,410250,0,0,0,0,0,0,0,0,0,0
21,1,410250,0,6,0,6,0,0,0,0,0,20
22,1,410250,0,0,0,5,0,0,0,0,0,0
23,1,410250,0,0,0,0,0,0,0,0,0,0
24,1,410250,0,0,0,0,0,0,0,0,0,0
25,1,410250,0,0,0,0,0,0,0,0,0,6
26,1,410250,0,0,10,8,0,0,0,0,0,0
27,1,410250,0,0,0,0,11,0,0,0,0,0
1,1,410251,21,21,21,21,21,21,21,21,21,21
1,1,410252,20,20,20,20,20,20,20,20,20,20
1,1,410253,32,32,32,32,32,32,32,32,32,32
1,1,410254,0,0,0,0,0,0,0,0,12,0
2,1,410254,0,0,0,0,0,0,0,0,0,0
3,1,410254,0,0,0,0,0,0,0,0,0,0
1,1,410255,19,19,19,19,19,19,19,19,19,19
2,1,410255,0,0,0,0,0,0,0,0,0,0
1,1,410256,17,17,17,17,17,17,17,17,17,17
1,1,410257,6,6,6,6,6,6,6,6,6,6
2,1,410257,0,0,0,0,0,0,0,0,0,0
1,1,410258,0,0,0,0,0,0,0,0,0,0
2,1,410258,0,0,0,0,0,0,0,0,0,0
0,1,410259,11,11,11,11,11,11,11,11,11,11
1,1,410259,0,0,0,0,0,0,0,0,0,0
1,1,410260,2,2,2,2,2,2,2,2,2,2
2,1,410260,1,1,1,1,1,1,1,1,1,1
1,1,410261,20,20,20,20,20,20,20,20,20,20
1,1,410262,19,19,19,19,19,19,19,19,19,19
1,1,410263,28,28,28,28,28,28,28,28,28,28
1,1,410264,0,0,0,0,0,0,0,0,0,0
2,1,410264,0,0,0,0,0,0,0,0,0,0
0,1,410265,18,18,18,18,18,18,18,18,18,18
1,1,410265,0,0,0,0,0,0,0,0,0,0
0,1,410266,11,11,11,11,11,11,11,11,11,11
1,1,410266,0,0,0,0,0,5,0,0,11,0
0,1,410267,28,28,28,28,28,28,28,28,28,28
1,1,410267,0,0,0,0,0,0,0,0,0,0
1,1,410268,12,12,12,12,12,12,12,12,12,12
1,1,410269,0,0,0,0,0,0,0,0,0,0
1,1,410270,14,14,14,14,14,14,14,14,14,14
0,1,410271,0,0,0,0,0,0,0,0,0,0
1,1,410271,0,0,14,0,6,12,0,0,0,0
1,1,410272,0,0,0,0,0,0,0,0,0,0
2,1,410272,0,0,0,0,0,0,0,0,0,0
0,1,410273,0,0,0,0,0,0,0,0,0,0
1,1,410273,0,0,17,0,0,0,17,0,0,4
0,1,410274,18,18,18,18,18,18,18,18,18,18
1,1,410274,0,0,0,0,0,0,0,0,0,0
1,1,410275,0,0,0,0,0,0,0,0,0,0
1,1,410276,5,5,5,5,5,5,5,5,5,5
2,1,410276,0,0,0,0,0,0,0,0,0,0
1,1,410277,29,29,29,29,29,29,29,29,29,29
2,1,410277,0,0,0,0,0,0,0,0,0,0
0,1,410278,1,1,1,1,1,1,1,1,1,1
0,2,410278,0,0,0,18,0,13,0,25,0,0
1,1,410278,0,0,0,0,0,0,0,0,0,0
0,1,410279,0,0,0,0,0,0,0,0,0,0
1,1,410279,0,0,0,0,0,0,0,0,0,0
0,1,410280,13,13,13,13,13,13,13,13,13,13
1,1,410280,13,13,13,13,13,13,13,13,13,13
2,1,410280,8,8,8,8,8,8,8,8,8,8
1,1,410281,24,24,24,24,24,24,24,24,24,24
1,1,410282,0,7,0,0,0,0,0,0,0,0
1,1,410283,0,0,0,0,0,0,0,0,0,0