VEH_NO,PER_NO,ST_CASE,P1,P2,P3,P4,P5,P6,P7,P8,P9,P10
2,1,410283,0,0,0,0,0,0,0,0,0,0
1,1,410284,17,0,7,0,0,0,0,0,0,8
1,1,410285,15,15,15,15,15,15,15,15,15,15
1,1,410286,0,0,0,0,0,0,0,0,0,0
2,1,410286,0,0,0,0,0,0,0,0,0,0
1,1,410287,7,7,7,7,7,7,7,7,7,7
1,1,410288,0,0,12,16,0,0,19,21,18,10
2,1,410288,0,0,0,0,0,0,0,0,0,0
1,1,410289,0,0,0,0,0,0,0,0,0,0
1,1,410290,12,12,12,12,12,12,12,12,12,12
1,1,410291,12,12,12,12,12,12,12,12,12,12
1,1,410292,0,0,0,0,0,0,0,0,0,0
1,1,410293,0,0,0,0,0,0,0,0,0,0
2,1,410293,0,0,0,0,0,0,0,0,0,0
1,1,410294,18,18,18,18,18,18,18,18,18,18
2,1,410294,0,0,0,0,0,0,0,0,0,0
1,1,410295,0,0,0,0,0,0,0,0,0,0
1,1,410296,0,0,0,0,0,0,0,0,0,0
2,1,410296,0,0,0,0,0,0,0,0,0,0
3,1,410296,0,0,0,0,0,0,0,0,0,0
1,1,410297,3,3,3,3,3,3,3,3,3,3
1,1,410298,0,0,0,0,0,0,0,0,0,0
2,1,410298,0,0,0,0,0,0,0,0,0,0
1,1,410299,13,13,13,13,13,13,13,13,13,13
2,1,410299,20,20,20,20,20,20,20,20,20,20
0,1,410300,0,0,0,0,0,0,0,0,0,0
1,1,410300,0,0,0,0,0,0,0,0,0,0
1,1,410301,0,0,0,0,0,0,0,0,0,0
1,1,410302,0,0,0,0,0,0,0,0,0,0
2,1,410302,0,0,0,0,0,0,0,0,0,0
1,1,410303,12,12,12,12,12,12,12,12,12,12
1,1,410304,0,0,0,0,0,0,0,0,0,0
2,1,410304,0,0,0,0,0,0,0,0,0,0
1,1,410305,0,0,0,0,0,0,0,0,0,0
2,1,410305,0,0,0,0,0,0,0,0,0,0
1,1,410306,0,0,0,0,0,0,0,0,0,0
2,1,410306,0,0,0,0,0,0,0,0,0,0
1,1,410307,0,0,17,0,0,0,0,0,0,0
1,1,410308,24,24,24,24,24,24,24,24,24,24
1,1,410309,0,0,0,0,0,0,0,0,0,0
2,1,410309,10,10,10,10,10,10,10,10,10,10
0,1,410310,0,0,0,0,0,0,0,0,0,0
1,1,410310,0,0,0,0,0,0,0,0,0,0
1,1,410311,12,12,12,12,12,12,12,12,12,12
1,1,410312,11,11,11,11,11,11,11,11,11,11
1,1,410313,0,0,0,0,0,0,22,0,0,0
0,1,410314,0,0,0,0,0,0,0,0,0,0
1,1,410314,0,0,0,0,0,0,0,0,0,0
0,1,410316,5,0,0,17,0,0,0,0,22,0
0,2,410316,0,19,0,0,0,0,0,0,0,0
1,1,410316,0,0,0,0,0,0,0,0,0,0
0,1,410317,24,24,24,24,24,24,24,24,24,24
1,1,410317,11,0,0,13,0,0,0,0,8,19
0,1,410318,0,0,0,0,0,0,0,0,0,0
1,1,410318,0,0,0,0,0,0,0,0,0,0
1,1,410319,0,0,0,0,0,0,0,0,0,0
1,1,410320,0,0,0,0,0,0,0,0,0,0
2,1,410320,0,0,0,0,0,0,0,0,0,0
1,1,410321,0,9,0,0,0,0,0,0,0,0
2,1,410321,0,0,0,0,0,0,0,0,0,0
3,1,410321,0,0,0,0,0,0,0,20,0,0
0,1,410322,0,0,0,0,0,0,0,0,0,0
1,1,410322,0,0,0,0,0,0,0,0,0,0
1,1,410323,11,11,11,11,11,11,11,11,11,11
1,1,410324,0,0,0,0,0,0,0,0,0,0
0,1,410325,0,0,0,0,0,0,0,0,0,0
1,1,410325,0,0,0,0,0,0,0,0,0,0
1,1,410326,0,0,0,0,0,0,0,0,0,0
1,1,410327,0,0,0,0,0,0,0,0,0,0
2,1,410327,0,0,0,0,0,0,0,0,0,0
1,1,410328,0,0,0,0,0,0,0,0,0,0
2,1,410328,0,0,0,0,0,0,0,0,0,0
3,1,410328,0,0,0,0,0,0,0,0,0,0
4,1,410328,0,0,0,0,0,0,0,0,0,0
1,1,410329,0,0,0,0,0,0,0,0,0,0
0,1,410330,0,0,8,0,0,0,0,0,0,12
1,1,410330,15,15,15,15,15,15,15,15,15,15
1,1,410331,0,0,0,0,0,0,0,0,0,0
1,1,410332,23,23,23,23,23,23,23,23,23,23
1,1,410333,0,0,0,0,0,0,0,0,0,0
1,1,410334,0,0,0,0,0,0,0,0,0,0
1,1,410335,0,0,0,0,0,0,0,0,0,0
1,1,410336,0,0,0,10,18,0,17,0,0,0
1,1,410337,0,0,0,0,0,0,0,0,0,0
2,1,410337,0,0,0,0,0,0,0,0,0,0
1,1,420001,0,0,0,0,0,0,0,0,0,0
1,1,420002,25,25,25,25,25,25,25,25,25,25
1,1,420003,27,27,27,27,27,27,27,27,27,27
0,1,420004,0,0,0,0,0,0,0,0,0,0
1,1,420004,0,0,0,0,0,0,0,0,0,0
1,1,420005,17,17,17,17,17,17,17,17,17,17
1,1,420006,17,17,17,17,17,17,17,17,17,17
1,1,420007,29,29,29,29,29,29,29,29,29,29
0,1,420008,0,0,0,0,0,0,0,0,0,0
1,1,420008,0,0,0,0,0,0,0,0,0,0
1,1,420009,32,32,32,32,32,32,32,32,32,32
1,1,420010,0,0,0,0,0,0,0,0,0,0
1,1,420011,0,0,6,0,0,0,0,0,0,0
2,1,420011,0,0,0,0,0,0,0,0,0,0
1,1,420012,30,30,30,30,30,30,30,30,30,30
2,1,420012,0,0,0,0,7,0,0,0,0,0
1,1,420013,25,25,25,25,25,25,25,25,25,25
0,1,420014,17,17,17,17,17,17,17,17,17,17
1,1,420014,0,0,0,0,0,0,0,0,0,0
0,1,420015,0,0,0,9,0,33,0,9,0,0
1,1,420015,0,0,0,0,0,0,0,0,0,0
1,1,420016,0,0,0,0,0,0,0,0,0,0
1,1,420017,0,15,30,9,33,0,14,6,0,11
1,1,420018,0,0,0,0,0,0,0,0,0,0
1,1,420019,0,0,0,0,0,0,0,0,0,0
1,1,420020,9,9,9,9,9,9,9,9,9,9
1,1,420021,16,16,16,16,16,16,16,16,16,16
1,1,420022,0,0,0,0,0,0,0,0,0,0
1,1,420023,2,2,2,2,2,2,2,2,2,2
2,1,420023,9,5,0,0,0,0,0,10,0,8
0,1,420024,0,0,0,0,0,0,0,0,0,0
1,1,420024,0,0,0,0,0,0,0,0,0,0
1,1,420025,5,5,5,5,5,5,5,5,5,5
1,1,420026,0,0,0,0,0,0,0,0,0,0
1,1,420027,0,0,0,0,0,0,0,0,0,0
2,1,420027,0,0,0,0,0,0,0,0,0,0
1,1,420028,9,9,9,9,9,9,9,9,9,9
1,1,420029,0,0,0,0,0,0,0,0,0,0
2,1,420029,0,0,0,0,0,0,0,0,0,0
1,1,420030,0,0,0,0,0,0,0,0,0,0
2,1,420030,0,0,0,0,0,0,0,0,0,0
1,1,420031,0,0,0,0,0,0,0,0,0,0
2,1,420031,0,0,0,0,0,0,0,0,0,0
0,1,420032,0,0,0,0,0,0,0,0,0,0
1,1,420032,0,0,0,0,9,0,0,0,0,0
1,1,420033,0,0,0,0,0,0,0,0,0,0
1,1,420034,0,0,0,0,0,0,0,0,0,0
2,1,420034,0,0,0,0,16,15,0,0,0,0
0,1,420035,0,0,0,0,0,0,0,0,0,0
1,1,420035,0,0,0,0,0,0,0,0,0,0
1,1,420036,0,0,0,0,0,0,0,0,0,0
2,1,420036,0,0,0,0,0,0,0,0,0,0
1,1,420037,0,0,0,0,0,0,0,0,0,0
2,1,420037,0,0,0,0,0,0,0,0,0,0
1,1,420038,0,0,0,0,0,0,0,0,0,0
1,1,420039,0,0,0,0,0,0,0,0,0,0
0,1,420040,11,0,9,0,0,0,0,4,0,0
1,1,420040,0,0,0,0,0,0,0,0,0,0
1,1,420041,0,0,0,0,0,0,0,0,0,0
2,1,420041,0,0,0,0,0,0,0,0,0,0
1,1,420042,0,0,0,0,0,0,0,0,0,0
2,1,420042,0,0,0,0,0,0,0,0,0,0
3,1,420042,0,0,0,0,0,0,0,0,0,0
4,1,420042,0,0,0,0,0,0,0,0,0,0
5,1,420042,0,0,11,0,0,0,0,0,0,0
6,1,420042,0,0,0,0,0,0,0,0,0,0
1,1,420043,11,8,23,0,17,0,25,11,10,6
2,1,420043,0,0,0,0,0,0,0,0,0,0
3,1,420043,0,0,0,0,0,0,0,0,0,0
0,1,420044,0,0,0,0,0,0,0,0,0,0
1,1,420044,0,0,0,0,0,0,0,0,0,0
2,1,420044,0,0,0,0,0,0,0,0,0,0
1,1,420045,0,0,0,0,0,0,0,0,0,0
2,1,420045,0,0,0,0,0,0,0,0,0,0
1,1,420046,22,22,22,22,22,22,22,22,22,22
1,1,420047,20,20,20,20,20,20,20,20,20,20
1,1,420048,24,24,24,24,24,24,24,24,24,24
1,1,420049,0,0,0,0,0,0,0,0,0,25
2,1,420049,0,0,0,0,0,0,0,0,0,0
1,1,420050,0,0,0,0,0,0,0,0,0,0
2,1,420050,0,0,0,0,0,0,0,0,0,0
1,1,420051,0,0,0,0,0,0,0,0,0,0
2,1,420051,0,0,0,0,0,0,0,0,0,0
1,1,420052,0,0,9,18,0,0,0,13,8,4
1,1,420053,0,0,0,0,0,0,0,0,0,0
2,1,420053,0,0,0,0,0,0,0,0,0,0
1,1,420054,0,0,0,0,0,0,0,0,0,0
2,1,420054,0,0,0,0,0,0,0,0,0,0
1,1,420055,0,0,0,0,0,0,0,0,0,0
2,1,420055,0,0,0,0,0,0,0,0,0,0
3,1,420055,0,0,0,0,0,0,0,0,0,0
1,1,420056,0,0,0,0,0,0,0,0,0,0
2,1,420056,0,0,0,0,0,0,0,0,0,0
1,1,420057,0,0,0,0,0,0,0,0,0,0
2,1,420057,22,0,5,0,0,14,7,25,0,14
1,1,420058,27,27,27,27,27,27,27,27,27,27
0,1,420059,44,28,11,10,58,28,58,23,5,18
1,1,420059,0,0,0,0,0,0,0,0,0,0
1,1,420060,32,32,32,32,32,32,32,32,32,32
1,1,420061,10,10,10,10,10,10,10,10,10,10
1,1,420062,0,0,0,0,0,0,0,0,0,0
2,1,420062,0,0,0,0,0,0,0,0,0,0
3,1,420062,0,0,0,0,0,0,0,0,0,0
0,1,420063,18,25,19,20,0,0,0,0,22,0
1,1,420063,0,0,0,0,0,0,0,0,0,0
1,1,420064,0,0,0,0,0,0,0,0,0,0
1,1,420065,0,0,0,0,0,0,0,0,0,0
1,1,420066,0,0,0,0,0,0,0,0,0,0
1,1,420067,7,0,0,0,0,0,10,0,0,0
0,1,420068,0,0,0,0,0,0,0,0,0,0
1,1,420068,8,0,0,18,0,0,0,0,0,4
2,1,420068,0,7,0,0,0,0,0,0,0,0
3,1,420068,0,0,0,0,0,0,0,0,0,0
0,1,420069,0,0,0,0,0,0,0,0,0,0
1,1,420069,0,0,0,0,0,0,0,0,0,0
1,1,420070,0,0,0,0,0,0,0,0,0,0
2,1,420070,0,0,0,0,0,0,0,0,0,0
1,1,420071,0,0,0,0,0,0,0,0,0,0
1,1,420072,19,19,19,19,19,19,19,19,19,19
1,1,420073,0,0,0,0,0,0,0,0,0,0
1,1,420074,22,22,22,22,22,22,22,22,22,22
1,1,420075,19,19,19,19,19,19,19,19,19,19
1,1,420076,0,0,0,0,0,0,0,0,0,0
2,1,420076,0,0,0,0,0,0,0,0,0,0
1,1,420077,0,0,0,0,0,0,0,0,0,0
2,1,420077,10,10,10,10,10,10,10,10,10,10
1,1,420078,0,0,0,0,0,0,0,0,0,0
2,1,420078,0,0,0,0,0,0,0,0,0,0
0,1,420079,0,0,0,29,0,0,0,0,0,0
1,1,420079,0,8,0,7,0,12,0,0,0,0
1,1,420080,0,0,0,19,0,0,0,0,0,0
1,1,420081,0,0,0,0,0,0,0,0,0,0
2,1,420081,0,0,0,0,0,0,0,0,0,0
1,1,420082,0,0,0,0,0,0,0,0,0,0
1,1,420083,20,20,20,20,20,20,20,20,20,20
2,1,420083,0,0,0,0,0,0,0,0,0,0
1,1,420084,16,16,16,16,16,16,16,16,16,16
1,1,420085,0,5,0,0,0,0,0,0,0,0
2,1,420085,0,0,0,0,10,0,0,0,0,0
1,1,420086,1,1,1,1,1,1,1,1,1,1
2,1,420086,0,0,0,0,0,0,0,0,0,0
3,1,420086,0,0,0,0,0,0,0,0,0,0
1,1,420087,0,0,0,0,0,0,0,0,0,0
1,1,420088,24,24,24,24,24,24,24,24,24,24
2,1,420088,0,0,0,0,0,0,0,0,0,0
1,1,420089,0,0,0,0,0,0,0,0,0,0
2,2,420089,0,0,0,0,0,0,0,0,0,0
3,1,420089,0,0,0,0,0,0,0,0,0,0
1,1,420090,0,0,0,0,0,0,0,0,0,0
1,1,420091,32,32,32,32,32,32,32,32,32,32
2,1,420091,0,0,0,8,0,0,0,0,0,0
1,1,420092,0,0,0,0,0,0,0,0,0,0
1,1,420093,0,0,0,0,0,0,0,0,0,0
2,1,420093,0,0,0,0,0,0,0,0,0,0
1,1,420094,0,0,0,0,0,0,0,0,0,0
1,1,420095,0,0,0,0,0,0,0,0,0,0
1,1,420096,13,13,13,13,13,13,13,13,13,13
1,1,420097,0,0,0,0,0,0,0,0,0,0
2,1,420097,0,0,0,0,0,0,0,0,0,0
1,1,420098,0,0,0,0,0,0,0,0,0,0
2,1,420098,0,0,0,0,0,0,0,0,0,0
3,1,420098,0,0,0,0,0,0,0,0,0,0
4,1,420098,0,0,0,0,0,0,0,0,0,0
1,1,420099,22,22,22,22,22,22,22,22,22,22
1,1,420100,37,24,16,11,8,18,7,24,14,42
1,1,420101,0,0,0,0,0,0,0,0,0,0
0,1,420102,0,0,0,0,0,0,0,0,0,0
1,1,420102,0,0,0,0,0,0,0,0,11,0
1,1,420103,13,13,13,13,13,13,13,13,13,13
1,1,420104,11,11,11,11,11,11,11,11,11,11
0,1,420105,15,25,14,19,26,17,0,30,31,0
1,1,420105,0,0,0,0,0,0,0,0,0,0
1,1,420106,16,16,16,16,16,16,16,16,16,16
0,1,420107,0,0,0,0,0,0,0,0,0,0
1,1,420107,0,0,0,0,0,0,10,0,0,0
1,1,420108,0,0,0,0,0,0,0,0,0,0
2,1,420108,0,0,0,0,0,0,0,0,0,0
1,1,420109,26,26,26,26,26,26,26,26,26,26
2,1,420109,0,0,0,0,0,0,0,0,0,0
1,1,420110,0,10,0,0,0,0,0,0,0,0
1,1,420111,0,0,0,0,0,0,0,0,0,0
2,1,420111,0,0,0,0,0,0,0,0,0,0
0,1,420112,0,0,0,0,0,0,0,0,0,0
1,1,420112,0,0,0,0,0,0,0,0,0,0
1,1,420113,0,0,0,0,0,0,0,0,0,0
2,1,420113,0,0,0,0,0,0,0,0,0,0
1,1,420114,0,0,0,0,0,0,0,0,0,0
2,1,420114,0,0,0,0,0,0,0,0,0,0
1,1,420115,0,0,0,0,0,0,0,0,0,0
2,1,420115,0,0,0,0,0,0,0,0,0,0
1,1,420116,0,0,0,0,0,0,0,0,0,0
1,1,420117,15,15,15,15,15,15,15,15,15,15
1,1,420118,15,15,20,22,34,14,17,18,4,30
1,1,420119,19,19,19,19,19,19,19,19,19,19
1,1,420120,0,0,0,0,0,0,0,0,0,0
2,1,420120,0,0,0,0,0,0,0,0,0,0
1,1,420121,0,0,0,0,0,0,0,0,0,0
2,1,420121,9,9,9,9,9,9,9,9,9,9
1,1,420122,0,0,0,0,0,0,0,0,0,0
0,1,420123,14,14,14,14,14,14,14,14,14,14
1,1,420123,0,0,0,0,0,0,0,0,0,0
1,1,420124,0,8,0,14,10,21,0,0,0,0
1,1,420125,0,0,0,0,0,0,0,0,0,0
1,1,420126,29,29,29,29,29,29,29,29,29,29
0,1,420127,14,14,14,14,14,14,14,14,14,14
1,1,420127,0,0,0,0,0,0,0,0,0,0
1,1,420128,22,22,22,22,22,22,22,22,22,22
1,1,420129,16,16,16,16,16,16,16,16,16,16
0,1,420130,34,34,34,34,34,34,34,34,34,34
1,1,420130,0,0,0,0,0,0,0,0,0,0
0,1,420131,25,25,25,25,25,25,25,25,25,25
1,1,420131,0,0,0,0,0,0,0,0,0,0
1,1,420132,16,16,16,16,16,16,16,16,16,16
1,1,420133,0,0,0,0,0,0,0,0,0,0
0,1,420134,11,0,0,7,0,0,0,0,0,0
1,1,420134,0,0,0,0,0,0,0,0,0,0
2,1,420134,0,0,0,0,0,0,0,0,0,0
1,1,420135,0,0,0,0,0,0,0,0,0,0
2,1,420135,9,9,9,9,9,9,9,9,9,9
1,1,420136,22,22,22,22,22,22,22,22,22,22
1,1,420138,0,0,0,0,0,0,0,0,0,0
2,1,420138,0,0,0,0,0,0,0,0,0,0
0,1,420139,0,0,0,0,0,0,0,0,0,0
1,1,420139,0,0,0,0,0,0,0,0,0,0
1,1,420140,0,0,0,0,0,0,0,0,0,0
1,1,420141,15,15,15,15,15,15,15,15,15,15
1,1,420142,0,0,0,0,0,0,0,0,0,0
1,1,420143,21,21,21,21,21,21,21,21,21,21
2,1,420143,0,0,0,0,0,0,0,0,0,0
1,1,420144,0,0,0,0,0,0,0,0,0,0
2,1,420144,0,0,0,0,0,0,0,0,0,0
3,1,420144,0,0,0,0,0,0,0,0,0,0
1,1,420145,0,0,0,0,0,0,0,0,0,0
2,1,420145,0,0,0,0,0,0,0,0,0,0
1,1,420146,0,0,10,0,0,0,0,0,0,0
2,1,420146,0,0,0,0,0,0,0,0,0,0
1,1,420147,0,0,0,0,0,0,0,0,0,0
2,1,420147,0,0,0,0,0,0,0,0,0,0
0,1,420148,0,0,0,0,0,0,0,0,0,0
1,1,420148,9,9,9,9,9,9,9,9,9,9
1,1,420149,24,24,24,24,24,24,24,24,24,24
0,1,420150,0,0,0,0,0,0,0,0,0,0
1,1,420150,0,0,0,0,0,0,0,0,0,0
2,1,420150,0,0,0,0,0,0,0,0,0,0
0,1,420151,30,30,30,30,30,30,30,30,30,30
1,1,420151,0,0,0,0,0,0,0,0,0,0
1,1,420152,0,0,0,0,0,0,0,0,0,0
1,1,420153,16,15,2,10,0,0,13,16,4,12
1,1,420154,13,13,13,13,13,13,13,13,13,13
1,1,420155,22,22,22,22,22,22,22,22,22,22
1,1,420156,0,0,0,0,0,0,0,0,0,0
1,1,420157,0,0,0,0,0,0,0,0,0,0
2,1,420157,0,0,0,5,0,0,0,0,0,0
1,1,420158,0,0,0,0,0,0,0,0,0,0
2,1,420158,0,0,0,0,0,0,0,0,0,0
1,1,420159,0,0,0,0,0,0,0,0,0,0
1,1,420160,13,13,13,13,13,13,13,13,13,13
1,1,420161,6,6,6,6,6,6,6,6,6,6
1,1,420162,5,5,5,5,5,5,5,5,5,5
1,1,420163,0,0,0,0,0,0,0,0,0,0
0,1,420164,25,25,25,25,25,25,25,25,25,25
1,1,420164,13,13,13,13,13,13,13,13,13,13
1,1,420165,0,0,0,0,0,0,0,0,0,0
2,1,420165,0,0,0,0,0,0,0,0,0,0
3,1,420165,0,0,0,0,0,0,0,0,0,0
4,1,420165,0,0,0,0,0,0,0,0,0,0
5,1,420165,0,0,0,0,0,0,0,0,0,0
6,1,420165,0,0,0,0,0,0,0,0,0,0
7,1,420165,0,0,0,0,0,0,0,0,0,0
1,1,420166,28,28,28,28,28,28,28,28,28,28
1,1,420167,0,0,0,7,0,2,0,0,0,2
2,1,420167,0,0,0,0,0,0,0,0,0,0
1,1,420168,0,0,0,0,0,0,0,0,0,0
2,1,420168,10,0,0,0,0,3,0,0,16,0
1,1,420169,12,12,12,12,12,12,12,12,12,12
2,1,420169,0,0,0,0,0,0,0,0,0,0
1,1,420170,19,19,19,19,19,19,19,19,19,19
1,1,420171,20,20,20,20,20,20,20,20,20,20
1,1,420172,19,19,19,19,19,19,19,19,19,19
1,1,420173,0,0,0,0,0,0,0,0,0,0
1,1,420174,0,0,0,0,0,0,0,0,0,0
1,1,420175,0,0,0,0,0,0,0,0,0,0
1,1,420176,0,0,0,0,0,0,0,0,0,0
1,1,420177,0,0,0,0,0,0,0,0,0,0
2,1,420177,4,4,4,4,4,4,4,4,4,4
3,1,420177,0,0,0,0,0,0,0,0,0,0
1,1,420178,25,25,25,25,25,25,25,25,25,25
1,1,420179,0,0,0,0,0,0,0,0,0,0
2,1,420179,0,0,0,0,0,0,0,0,0,0
1,1,420180,0,0,0,0,0,0,0,0,0,0
2,1,420180,0,0,0,0,0,0,0,0,0,0
1,1,420181,0,0,0,0,0,0,0,0,0,0
2,1,420181,0,0,0,0,0,0,0,0,0,0
1,1,420182,0,12,8,10,17,27,12,18,4,29
0,1,420183,0,0,0,0,0,0,0,0,0,0
0,2,420183,0,25,0,20,0,0,0,26,16,3
1,1,420183,0,0,0,0,0,0,10,0,0,0
2,1,420183,0,0,0,0,0,0,0,0,0,0
1,1,420184,12,12,12,12,12,12,12,12,12,12
2,1,420184,0,0,0,0,0,0,0,0,0,0
1,1,420185,0,0,0,0,0,0,0,0,0,0
2,1,420185,0,0,0,9,0,0,0,0,0,0
1,1,420186,21,21,21,21,21,21,21,21,21,21
1,1,420187,0,0,0,0,0,0,0,0,0,0
1,1,420188,0,0,0,0,0,0,0,0,0,0
2,1,420188,0,0,0,0,0,0,0,0,0,0
1,1,420189,0,0,0,0,0,0,0,0,0,0
1,1,420190,0,0,0,0,0,0,0,0,0,0
1,1,420191,0,0,0,0,0,0,0,0,0,0
2,1,420191,0,0,0,0,0,0,0,0,0,0
1,1,420192,0,0,0,0,0,0,0,0,0,0
2,1,420192,0,0,0,0,0,0,0,0,0,0
1,1,420193,0,0,0,0,0,0,0,0,0,0
2,1,420193,0,0,0,0,0,0,0,0,0,0
1,1,420194,0,0,0,0,0,0,0,0,0,0
2,1,420194,0,0,0,0,0,0,0,0,0,0
3,1,420194,0,0,0,0,0,0,0,0,0,0
4,1,420194,0,0,0,0,0,0,0,0,0,0
1,1,420195,24,24,24,24,24,24,24,24,24,24
1,1,420196,0,0,0,0,0,0,0,0,0,0
0,1,420197,0,0,0,0,0,0,0,0,0,0
1,1,420197,0,0,0,0,0,0,0,0,0,0
1,1,420198,0,0,0,0,0,0,0,0,0,0
1,1,420199,0,0,0,0,0,0,0,0,0,0
2,1,420199,0,0,0,0,0,0,0,0,0,0
1,1,420200,21,21,21,21,21,21,21,21,21,21
1,1,420201,0,0,0,0,0,0,0,0,0,0
1,1,420202,1,1,1,1,1,1,1,1,1,1
1,1,420203,3,3,3,3,3,3,3,3,3,3
0,1,420204,0,0,0,0,0,0,0,0,0,0
1,1,420204,0,0,0,0,0,0,0,0,0,0
0,1,420205,0,0,0,0,0,0,0,0,0,9
1,1,420205,0,0,0,0,0,0,0,0,0,0
1,1,420206,13,13,13,13,13,13,13,13,13,13
0,1,420207,0,0,0,0,0,0,0,0,0,0
1,1,420207,0,0,15,0,0,13,0,0,0,0
1,1,420208,0,0,0,0,0,0,0,0,0,0
2,1,420208,0,0,0,0,0,0,0,0,0,0
1,1,420209,0,0,0,0,0,0,0,0,0,0
2,1,420209,14,14,14,14,14,14,14,14,14,14
1,1,420210,0,0,0,0,0,0,0,0,0,0
2,1,420210,0,0,0,0,0,0,0,0,0,0
1,1,420211,0,0,0,0,0,0,0,0,0,0
2,1,420211,0,0,0,0,0,0,0,0,0,0
1,1,420212,24,24,24,24,24,24,24,24,24,24
2,1,420212,0,0,0,0,0,0,0,0,0,0
1,1,420213,0,0,0,0,0,0,0,0,0,0
2,1,420213,0,0,0,0,0,0,0,0,0,0
1,1,420214,8,8,8,8,8,8,8,8,8,8
2,1,420214,0,0,0,0,0,0,0,0,0,0
1,1,420215,0,0,0,0,0,0,0,0,0,0
2,1,420215,0,0,0,0,0,0,0,0,0,0
1,1,420216,17,17,17,17,17,17,17,17,17,17
1,1,420217,0,0,0,0,0,0,0,0,0,0
2,1,420217,0,0,0,0,0,0,0,0,0,0
3,1,420217,0,0,0,0,0,0,0,0,0,0
1,1,420218,0,0,0,0,0,0,0,0,0,0
2,1,420218,0,0,0,0,0,0,0,0,0,0
1,1,420219,0,0,0,0,0,0,0,0,0,0
2,1,420219,0,0,0,0,0,0,0,0,0,0
1,1,420220,14,14,14,14,14,14,14,14,14,14
1,1,420221,0,0,0,0,0,2,0,0,0,0
2,1,420221,0,0,0,0,0,0,9,0,0,0
1,1,420222,0,0,0,0,0,0,0,0,0,0
1,1,420223,0,0,0,0,0,0,0,0,0,0
2,1,420223,0,0,0,11,0,0,0,0,0,0
1,1,420224,27,27,27,27,27,27,27,27,27,27
1,1,420225,20,20,20,20,20,20,20,20,20,20
1,1,420226,24,24,24,24,24,24,24,24,24,24
2,1,420226,0,0,0,0,0,0,0,0,0,0
1,1,420227,0,0,0,0,0,0,0,0,0,4
2,1,420227,0,0,0,0,0,0,0,0,0,0
1,1,420228,0,0,0,0,0,18,0,14,0,0
2,1,420228,0,0,0,0,0,0,0,0,0,0
1,1,420229,21,21,21,21,21,21,21,21,21,21
1,1,420230,24,24,24,24,24,24,24,24,24,24
1,1,420231,0,0,0,0,0,0,0,0,0,0
2,1,420231,0,0,0,0,0,0,0,0,0,0
1,1,420233,19,19,19,19,19,19,19,19,19,19
2,1,420233,0,0,0,0,0,0,0,0,0,0
3,1,420233,0,0,0,0,0,0,0,0,0,0
1,1,420234,0,0,0,0,11,0,0,10,0,0
2,1,420234,0,0,0,0,0,0,0,0,0,0
3,1,420234,0,0,0,0,0,0,0,0,0,0
0,1,420235,15,21,23,0,0,0,0,0,0,19
1,1,420235,18,19,0,16,7,0,19,4,7,0
1,1,420236,0,0,0,0,0,0,0,0,0,0
2,1,420236,0,0,0,0,0,0,0,0,0,0
1,1,420237,0,0,0,0,0,0,0,0,0,0
1,1,420238,0,0,0,0,0,0,0,0,0,0
1,1,420239,0,0,0,0,0,0,0,0,0,0
0,1,420240,0,0,0,0,0,0,0,0,0,0
1,1,420240,0,0,5,4,0,0,0,0,0,0
0,1,420241,0,0,0,0,0,0,0,0,0,0
1,1,420241,0,0,0,0,0,0,0,0,0,0
2,1,420241,0,0,0,0,0,0,0,0,16,0
1,1,420242,0,0,0,0,0,0,0,0,0,0
1,1,420243,14,14,14,14,14,14,14,14,14,14
1,1,420244,0,0,0,0,0,8,0,0,0,0
2,1,420244,0,0,0,0,0,0,0,0,0,0
1,1,420245,0,0,0,0,0,0,0,0,0,0
1,1,420246,23,23,23,23,23,23,23,23,23,23
1,1,420247,0,0,0,0,0,0,0,0,0,0
2,1,420247,0,0,0,0,0,0,0,0,0,0
1,1,420248,13,13,13,13,13,13,13,13,13,13
2,1,420248,0,0,0,0,0,0,0,0,0,0
1,1,420249,20,20,20,20,20,20,20,20,20,20
1,1,420250,22,22,22,22,22,22,22,22,22,22
1,1,420251,0,0,0,0,0,0,0,0,0,0
1,1,420252,0,0,0,0,0,0,0,0,0,0
2,1,420252,0,0,9,0,0,0,0,0,0,0
1,1,420253,0,0,0,0,0,0,0,0,0,0
2,1,420253,0,0,0,0,0,0,0,0,0,0
1,1,420254,15,15,15,15,15,15,15,15,15,15
0,1,420255,0,0,0,0,0,0,0,0,0,0
1,1,420255,0,0,0,0,0,0,0,0,0,0
1,1,420256,0,0,0,0,0,0,0,0,0,0
1,1,420257,0,0,0,0,0,0,0,0,0,0
2,1,420257,0,0,0,0,0,0,0,0,0,0
1,1,420258,0,0,0,0,0,0,0,0,0,0
1,1,420259,12,0,14,17,0,20,12,12,0,15
2,1,420259,0,0,0,0,0,0,0,0,0,0
1,1,420260,0,0,0,0,0,0,0,0,0,0
0,1,420261,0,0,0,0,0,0,0,0,0,0
1,1,420261,0,0,0,0,4,0,0,0,0,0
1,1,420262,0,0,0,0,0,0,0,0,0,0
1,1,420263,20,20,20,20,20,20,20,20,20,20