VEH_NO,PER_NO,ST_CASE,P1,P2,P3,P4,P5,P6,P7,P8,P9,P10
1,1,420264,0,0,0,0,0,0,0,0,0,0
1,1,420265,18,18,18,18,18,18,18,18,18,18
1,1,420266,18,18,18,18,18,18,18,18,18,18
1,1,420267,0,0,0,15,0,0,0,0,0,26
1,1,420268,0,0,0,0,0,0,0,0,0,0
2,1,420268,0,0,0,0,0,0,0,0,0,0
1,1,420269,20,20,20,20,20,20,20,20,20,20
2,1,420269,0,0,0,0,0,0,0,0,0,0
1,1,420270,0,0,0,0,0,0,0,0,0,0
2,1,420270,0,0,0,0,0,0,0,0,0,0
1,1,420271,0,0,0,0,0,0,0,0,0,0
1,1,420272,0,0,0,0,0,0,0,0,0,0
1,1,420273,31,31,31,31,31,31,31,31,31,31
1,1,420274,0,0,0,0,0,0,0,0,0,0
2,1,420274,0,0,0,0,0,0,0,0,0,0
1,1,420275,0,0,0,0,0,0,0,0,0,0
2,1,420275,0,0,0,0,0,0,0,0,0,0
1,1,420276,0,0,0,0,0,0,0,0,0,0
2,1,420276,0,0,0,0,0,0,0,0,0,0
1,1,420277,0,0,0,0,0,0,0,0,0,0
1,1,420278,5,5,5,5,5,5,5,5,5,5
2,1,420278,0,0,6,0,0,0,0,0,0,0
1,1,420279,0,0,0,0,0,0,0,0,0,0
2,1,420279,0,0,0,0,0,0,0,0,0,0
1,1,420280,0,28,0,0,0,0,0,0,0,0
1,1,420281,0,0,0,0,0,0,0,0,0,0
1,1,420282,0,0,0,0,0,0,14,0,6,0
2,1,420282,0,0,0,0,0,0,0,0,0,0
1,1,420283,15,15,15,15,15,15,15,15,15,15
1,1,420284,16,16,16,16,16,16,16,16,16,16
1,1,420285,0,0,0,0,0,0,0,0,0,0
2,1,420285,0,0,0,0,0,0,0,0,0,0
1,1,420286,0,0,0,0,0,0,0,0,0,0
2,1,420286,0,0,0,0,0,0,0,0,0,0
1,1,420287,24,24,24,24,24,24,24,24,24,24
2,1,420287,0,0,0,0,0,0,0,0,0,0
1,1,420288,21,21,21,21,21,21,21,21,21,21
1,1,420290,0,0,0,0,0,0,0,0,0,0
2,1,420290,0,0,0,0,0,0,0,0,0,0
1,1,420291,19,0,0,0,0,0,0,0,0,0
2,1,420291,0,0,0,0,0,0,0,0,0,0
1,1,420292,0,0,0,0,0,0,0,0,0,0
2,1,420292,0,0,0,0,0,0,0,0,9,0
1,1,420293,15,15,15,15,15,15,15,15,15,15
2,1,420293,14,14,14,14,14,14,14,14,14,14
1,1,420294,0,0,0,0,0,0,0,0,0,0
2,1,420294,0,0,0,0,0,0,0,0,0,0
3,1,420294,0,0,0,0,0,0,0,0,0,0
1,1,420295,12,12,12,12,12,12,12,12,12,12
2,1,420295,0,0,0,0,0,0,0,0,0,7
1,1,420296,15,15,15,15,15,15,15,15,15,15
0,1,420297,18,0,0,5,4,6,0,9,0,0
1,1,420297,29,29,29,29,29,29,29,29,29,29
0,1,420298,41,13,2,22,13,60,44,21,28,30
1,1,420298,28,0,13,0,0,0,0,11,0,0
1,1,420299,18,18,18,18,18,18,18,18,18,18
2,1,420299,0,0,0,0,0,0,0,0,0,0
1,1,420300,21,21,21,21,21,21,21,21,21,21
1,1,420301,25,25,25,25,25,25,25,25,25,25
1,1,420302,0,0,0,0,0,0,0,0,0,0
1,1,420303,18,18,18,18,18,18,18,18,18,18
1,1,420304,0,0,0,0,0,0,0,0,0,0
2,1,420304,0,0,0,0,0,0,0,0,0,0
1,1,420305,0,0,0,0,0,0,0,0,0,0
2,1,420305,0,0,0,0,0,0,0,0,0,0
1,1,420306,0,0,0,0,0,0,0,0,0,0
2,1,420306,0,0,0,0,0,0,0,0,0,0
1,1,420307,0,0,0,0,0,0,0,0,0,0
2,1,420307,0,0,0,0,0,0,0,0,0,0
1,1,420308,0,0,0,0,0,0,0,0,0,0
2,1,420308,0,0,0,0,0,0,0,0,0,0
3,1,420308,0,0,0,0,0,0,0,0,0,0
1,1,420309,9,9,9,9,9,9,9,9,9,9
2,1,420309,0,0,0,0,0,0,0,0,0,0
3,1,420309,0,0,0,0,0,0,0,0,0,0
1,1,420310,21,21,21,21,21,21,21,21,21,21
2,1,420310,0,0,0,0,0,0,0,0,0,0
3,1,420310,1,1,1,1,1,1,1,1,1,1
1,1,420311,10,10,10,10,10,10,10,10,10,10
1,1,420312,22,22,22,22,22,22,22,22,22,22
1,1,420313,23,23,23,23,23,23,23,23,23,23
1,1,420314,1,24,12,20,28,0,22,26,9,3
1,1,420315,0,0,0,0,0,0,0,0,0,0
1,1,420316,0,0,0,0,0,0,0,0,0,0
2,1,420316,0,0,0,0,0,0,0,0,0,0
0,1,420317,0,0,0,0,0,0,0,0,0,0
1,1,420317,0,0,0,0,0,0,0,0,0,0
1,1,420318,0,0,0,0,0,0,0,0,0,0
1,1,420319,21,21,21,21,21,21,21,21,21,21
1,1,420320,1,1,1,1,1,1,1,1,1,1
2,1,420320,0,0,0,0,0,0,0,0,0,0
0,1,420321,35,35,35,35,35,35,35,35,35,35
1,1,420321,0,0,0,0,0,0,0,0,0,0
1,1,420322,0,0,0,0,0,0,0,0,0,0
1,1,420323,0,0,0,0,0,0,0,0,0,0
2,1,420323,0,0,0,0,0,0,0,0,0,0
1,1,420324,0,0,0,0,0,0,0,0,0,0
1,1,420325,13,13,13,13,13,13,13,13,13,13
1,1,420326,0,0,0,0,0,0,0,0,0,0
1,1,420327,26,26,26,26,26,26,26,26,26,26
2,2,420327,0,0,0,0,0,0,0,0,0,0
1,1,420328,13,13,13,13,13,13,13,13,13,13
1,1,420329,0,0,0,0,0,0,0,0,0,0
2,1,420329,0,0,0,0,0,0,0,0,0,0
1,1,420330,0,0,0,0,0,8,0,0,0,0
2,1,420330,0,0,0,0,0,0,0,0,0,0
1,1,420331,0,0,0,0,0,0,0,0,0,0
1,1,420332,0,0,0,0,0,0,0,0,0,0
2,1,420332,0,0,0,0,0,0,0,0,0,0
1,1,420333,0,0,0,12,0,0,10,6,13,17
1,1,420334,0,0,0,0,0,0,0,0,0,0
2,1,420334,0,0,0,0,0,0,0,0,0,0
1,1,420335,20,11,0,15,14,5,9,18,14,8
0,1,420336,0,0,0,0,0,0,0,0,0,0
1,1,420336,0,0,0,0,0,0,0,0,0,0
1,1,420337,0,0,0,0,0,0,0,0,0,0
2,1,420337,0,0,0,0,0,0,0,0,0,0
1,1,420338,0,0,0,0,0,0,0,0,0,0
2,1,420338,0,0,0,0,0,0,0,0,0,0
1,1,420339,0,0,0,0,0,0,0,0,0,0
0,1,420340,0,0,0,0,0,0,0,0,0,0
1,1,420340,0,0,0,0,0,0,0,0,0,0
2,1,420340,0,0,8,0,0,5,0,0,0,0
3,1,420340,0,0,0,0,0,9,0,0,0,0
1,1,420341,3,0,8,19,4,0,0,6,0,0
1,1,420342,20,20,20,20,20,20,20,20,20,20
1,1,420343,0,0,0,0,0,0,0,0,0,0
2,1,420343,0,0,0,0,0,0,0,0,0,0
1,1,420344,0,0,0,0,0,0,0,0,0,0
1,1,420345,9,9,9,9,9,9,9,9,9,9
1,1,420346,0,0,0,0,0,0,3,0,0,0
2,1,420346,0,0,0,0,0,0,0,0,0,0
1,1,420347,23,23,23,23,23,23,23,23,23,23
1,1,420348,0,0,0,0,0,0,0,0,0,0
2,1,420348,0,0,0,0,0,0,0,0,0,0
1,1,420349,13,13,13,13,13,13,13,13,13,13
2,1,420349,0,0,0,8,0,0,0,0,0,13
1,1,420350,0,0,0,0,0,0,0,0,0,0
2,1,420350,0,0,0,0,0,0,0,0,0,0
0,1,420351,22,9,26,14,0,12,32,41,29,26
1,1,420351,0,0,0,0,0,0,0,0,0,0
1,1,420352,0,0,0,0,0,0,0,0,0,0
2,1,420352,0,0,0,0,0,0,0,0,0,0
1,1,420353,0,0,0,0,0,0,0,0,0,0
1,1,420354,0,0,0,0,0,0,0,0,0,0
2,1,420354,0,0,0,0,0,0,0,0,0,0
1,1,420355,0,0,0,0,0,0,0,0,0,0
2,1,420355,0,0,0,0,0,0,0,0,0,0
1,1,420356,0,0,0,5,0,0,0,0,0,0
0,1,420357,0,0,0,0,0,0,0,0,0,0
1,1,420357,0,0,0,0,0,0,0,0,0,0
1,1,420358,27,27,27,27,27,27,27,27,27,27
1,1,420359,23,23,23,23,23,23,23,23,23,23
1,1,420360,32,32,32,32,32,32,32,32,32,32
1,1,420361,27,27,27,27,27,27,27,27,27,27
1,1,420362,0,0,0,0,0,0,0,0,0,0
2,1,420362,0,0,0,0,0,0,0,0,0,0
1,1,420363,34,34,34,34,34,34,34,34,34,34
1,1,420364,0,0,0,0,0,0,0,0,0,0
1,1,420365,0,0,0,0,0,0,0,0,0,0
2,1,420365,0,0,0,0,0,0,0,0,0,0
1,1,420366,0,0,0,0,0,0,0,0,0,0
2,1,420366,0,0,0,0,0,0,0,0,0,0
0,1,420367,0,0,0,0,0,0,0,0,0,0
1,1,420367,0,0,0,0,0,0,0,0,0,0
1,1,420368,21,25,15,11,21,10,12,12,31,25
0,1,420369,0,0,0,0,0,0,0,0,0,0
1,1,420369,0,0,0,0,0,0,0,0,0,0
1,1,420370,9,9,9,9,9,9,9,9,9,9
0,1,420371,0,0,0,0,0,0,0,0,0,0
1,1,420371,0,0,0,0,0,0,0,0,0,0
1,1,420372,1,1,1,1,1,1,1,1,1,1
1,1,420373,0,0,0,0,0,0,0,0,0,0
2,1,420373,0,0,0,0,0,0,0,0,0,0
1,1,420374,0,0,0,0,0,0,0,0,0,0
2,1,420374,0,0,0,0,0,0,0,0,0,0
1,1,420375,26,26,26,26,26,26,26,26,26,26
0,1,420376,0,0,0,0,0,0,0,0,0,0
1,1,420376,6,15,15,7,32,16,20,10,37,19
1,1,420377,0,0,0,0,0,0,0,0,0,0
0,1,420378,32,32,32,32,32,32,32,32,32,32
1,1,420378,0,8,0,0,38,0,0,0,0,0
1,1,420379,21,21,21,21,21,21,21,21,21,21
0,1,420380,24,35,23,20,34,6,25,38,0,10
1,1,420380,0,0,0,0,0,0,0,0,0,0
1,1,420381,0,0,0,0,0,0,0,0,0,0
2,1,420381,0,0,0,0,0,0,0,0,0,0
3,1,420381,0,0,0,0,0,0,0,0,0,0
1,1,420382,0,0,0,0,0,0,0,0,0,0
2,1,420382,0,0,0,0,0,0,0,0,0,0
1,1,420383,18,18,18,18,18,18,18,18,18,18
1,1,420384,0,0,0,0,0,0,0,0,0,0
2,1,420384,0,0,0,0,0,0,0,0,0,0
3,1,420384,0,0,0,0,0,0,0,0,0,0
0,1,420385,0,22,13,9,12,17,39,31,6,26
0,2,420385,17,5,27,8,11,20,17,14,5,20
1,1,420385,0,0,8,9,9,0,0,0,18,5
1,1,420386,0,0,0,0,0,0,0,0,0,0
2,1,420386,0,0,0,0,0,12,0,0,0,14
0,1,420387,0,0,0,0,0,0,0,0,0,0
1,1,420387,0,0,0,0,0,0,0,0,0,0
2,1,420387,0,0,0,0,0,0,0,0,0,0
3,1,420387,0,0,0,0,0,0,0,0,0,0
4,1,420387,0,0,0,0,0,0,0,0,0,0
0,1,420388,0,0,18,0,0,0,0,0,0,0
0,2,420388,0,0,0,0,0,0,0,0,0,0
1,1,420388,0,0,0,0,0,0,0,0,0,0
1,1,420389,18,18,18,18,18,18,18,18,18,18
1,1,420390,0,0,0,0,0,0,0,0,0,0
1,1,420391,0,0,0,0,0,0,0,0,0,0
2,1,420391,0,0,0,0,0,0,0,0,0,0
0,1,420392,7,27,24,31,29,15,18,20,16,21
1,1,420392,0,0,0,0,0,0,0,0,0,0
1,1,420393,0,0,0,0,0,0,0,0,0,0
2,1,420393,0,0,0,0,0,0,0,0,0,0
1,1,420394,0,0,0,0,0,0,0,0,0,0
2,1,420394,0,0,0,0,0,0,0,0,0,0
1,1,420395,17,15,13,13,25,20,14,16,24,23
1,1,420396,3,3,3,3,3,3,3,3,3,3
1,1,420397,23,23,23,23,23,23,23,23,23,23
1,1,420398,9,9,9,9,9,9,9,9,9,9
0,1,420399,0,0,0,0,0,0,0,0,0,0
1,1,420399,0,0,0,0,0,0,0,0,0,0
1,1,420400,27,27,27,27,27,27,27,27,27,27
0,1,420401,0,0,0,0,0,0,0,0,0,0
1,1,420401,0,0,0,0,0,9,0,0,0,0
0,1,420402,0,0,0,0,0,0,0,0,0,0
1,1,420402,0,0,0,16,0,0,0,24,0,0
1,1,420403,17,17,17,17,17,17,17,17,17,17
2,1,420403,0,0,0,0,0,0,9,0,0,0
1,1,420404,12,12,12,12,12,12,12,12,12,12
2,1,420404,0,0,0,0,0,0,0,0,0,0
1,1,420405,0,0,0,0,0,0,0,0,0,0
1,1,420406,30,30,30,30,30,30,30,30,30,30
1,1,420407,0,0,0,0,0,0,0,0,0,0
2,1,420407,0,0,0,0,0,0,0,0,0,0
1,1,420408,0,0,0,0,0,0,0,0,0,0
2,1,420408,0,0,0,0,0,0,0,0,0,0
3,1,420408,0,0,0,0,0,0,0,0,0,0
1,1,420409,0,0,0,0,0,0,0,0,0,0
2,1,420409,0,0,0,0,0,0,0,0,0,0
1,1,420410,20,20,20,20,20,20,20,20,20,20
2,1,420410,0,0,0,0,0,0,0,0,0,0
3,1,420410,0,0,0,0,0,0,0,0,0,0
1,1,420411,0,0,0,0,0,0,0,0,0,0
1,1,420412,24,24,24,24,24,24,24,24,24,24
1,1,420413,0,0,0,0,0,0,0,0,0,0
1,1,420414,21,21,21,21,21,21,21,21,21,21
1,1,420415,0,0,0,0,0,0,0,0,0,0
1,1,420416,0,0,0,0,0,0,0,0,0,0
2,1,420416,0,0,0,0,0,0,0,0,0,0
1,1,420417,0,0,0,0,0,0,0,0,0,0
1,1,420418,22,22,22,22,22,22,22,22,22,22
1,1,420419,0,0,0,0,0,0,0,0,0,0
1,1,420420,0,0,0,0,0,0,0,0,0,0
1,1,420421,12,12,12,12,12,12,12,12,12,12
2,1,420421,0,0,0,0,0,0,0,0,0,0
3,1,420421,0,0,0,0,0,0,0,0,0,0
1,1,420422,0,0,0,0,0,0,0,0,0,0
2,1,420422,0,0,0,0,0,0,0,0,0,0
1,1,420423,25,0,0,0,0,0,0,0,0,0
2,1,420423,0,0,0,0,0,0,0,0,0,0
1,1,420424,0,0,0,0,0,0,0,0,0,0
2,1,420424,15,7,0,0,0,0,1,0,0,0
1,1,420425,0,0,0,0,0,0,0,0,0,0
2,1,420425,0,0,0,0,0,0,0,0,0,0
1,1,420426,12,12,12,12,12,12,12,12,12,12
2,1,420426,0,0,0,0,0,0,0,0,0,0
1,1,420427,0,0,0,0,0,0,0,0,0,0
1,1,420428,0,0,0,0,0,0,0,0,0,0
1,1,420429,0,0,0,0,0,0,0,0,0,0
2,1,420429,0,0,0,0,0,0,0,0,0,0
1,1,420430,0,0,0,0,0,0,0,0,0,0
2,1,420430,0,0,0,0,0,0,0,0,0,0
0,1,420431,0,0,0,0,0,0,0,0,0,0
1,1,420431,0,0,0,0,0,0,0,0,0,0
1,1,420432,20,20,20,20,20,20,20,20,20,20
1,1,420433,17,17,17,17,17,17,17,17,17,17
2,1,420433,0,0,0,0,0,0,0,0,0,0
1,1,420434,24,24,24,24,24,24,24,24,24,24
2,1,420434,0,0,0,0,0,0,0,0,0,0
1,1,420435,12,12,12,12,12,12,12,12,12,12
1,1,420436,0,0,0,0,0,0,0,0,0,0
2,1,420436,0,0,0,0,0,0,0,0,0,0
0,1,420437,0,0,0,0,0,0,0,0,0,0
1,1,420437,0,0,0,7,0,0,0,0,0,0
1,1,420438,0,0,0,0,0,0,0,0,0,0
0,1,420439,0,0,0,0,0,0,0,0,0,0
1,1,420439,0,0,0,0,0,0,0,0,0,0
1,1,420440,7,22,15,14,23,5,19,18,6,10
1,1,420441,0,0,0,0,0,0,0,0,0,0
2,1,420441,0,0,0,0,0,0,0,0,0,0
1,1,420442,2,2,2,2,2,2,2,2,2,2
2,1,420442,24,24,24,24,24,24,24,24,24,24
1,1,420443,13,13,13,13,13,13,13,13,13,13
1,1,420444,0,0,0,0,0,0,0,0,0,0
0,1,420445,0,17,37,0,8,0,22,11,29,20
1,1,420445,1,1,1,1,1,1,1,1,1,1
0,1,420446,0,0,0,0,0,0,0,0,0,0
1,1,420446,0,0,0,0,0,0,0,0,0,0
1,1,420447,0,0,0,0,0,0,0,0,0,0
0,1,420448,14,0,32,0,31,0,0,0,12,0
0,2,420448,0,22,0,0,25,10,40,4,17,0
0,3,420448,0,0,0,0,0,0,0,0,0,0
1,1,420448,5,5,5,5,5,5,5,5,5,5
1,1,420449,23,23,23,23,23,23,23,23,23,23
2,1,420449,16,11,20,22,0,19,13,16,8,0
1,1,420450,28,28,28,28,28,28,28,28,28,28
1,1,420451,0,0,0,0,0,0,0,0,0,0
2,1,420451,0,0,0,0,0,0,0,0,0,0
1,1,420452,0,0,0,0,0,0,0,0,0,0
2,1,420452,0,0,0,0,0,0,0,0,0,0
3,1,420452,0,0,0,0,0,0,0,0,0,0
1,1,420453,0,0,6,0,0,0,2,0,0,0
0,1,420454,0,0,0,0,0,0,0,0,0,0
1,1,420454,11,11,11,11,11,11,11,11,11,11
1,1,420455,0,0,0,0,0,13,0,28,0,22
1,1,420456,0,0,0,0,0,0,0,0,0,0
2,1,420456,0,0,0,0,0,0,0,0,0,0
1,1,420457,0,0,0,0,0,0,0,0,0,0
2,1,420457,0,0,0,0,0,0,0,0,0,0
3,1,420457,0,0,0,0,0,0,0,0,0,0
1,1,420458,0,0,0,0,0,0,0,0,0,0
2,1,420458,0,0,0,0,0,0,0,0,0,0
3,1,420458,0,0,0,0,0,0,0,0,0,0
0,1,420459,0,0,0,3,0,9,8,0,0,17
1,1,420459,16,10,25,0,10,11,14,20,21,0
1,1,420460,0,0,0,0,0,0,0,0,0,0
1,1,420461,0,0,0,0,0,0,0,0,0,0
2,1,420461,7,7,7,7,7,7,7,7,7,7
1,1,420462,0,0,0,0,0,0,0,0,0,0
2,1,420462,0,0,0,0,0,0,0,0,0,0
0,1,420463,0,16,17,9,10,18,19,14,30,0
1,1,420463,0,0,0,10,0,0,0,0,0,0
1,1,420464,0,0,0,0,0,0,0,0,0,0
2,1,420464,0,0,0,0,0,0,0,0,0,0
1,1,420465,26,26,26,26,26,26,26,26,26,26
0,1,420466,0,0,0,0,0,0,0,0,0,0
1,1,420466,0,0,0,0,0,0,0,0,0,0
1,1,420467,14,16,0,26,24,0,13,16,0,23
1,1,420468,0,0,0,0,0,0,0,0,0,0
2,1,420468,0,0,0,0,0,0,0,0,0,0
1,1,420469,0,0,0,0,0,0,0,0,0,0
2,1,420469,1,1,1,1,1,1,1,1,1,1
1,1,420470,0,0,0,0,0,0,0,0,0,0
1,1,420471,0,0,0,0,0,0,0,0,0,0
0,1,420472,0,0,0,0,0,0,0,0,0,0
1,1,420472,0,0,0,0,0,0,0,0,0,0
1,1,420473,6,6,6,6,6,6,6,6,6,6
0,1,420474,0,0,0,0,0,0,0,0,0,0
1,1,420474,0,0,0,0,0,0,0,5,0,0
1,1,420475,0,0,0,0,0,0,0,0,0,0
2,1,420475,10,10,10,10,10,10,10,10,10,10
1,1,420476,0,0,0,0,0,0,0,0,0,0
2,1,420476,0,0,0,0,0,0,0,0,0,0
1,1,420477,0,0,0,0,0,0,0,0,0,0
2,1,420477,0,0,0,0,0,0,0,0,0,0
1,1,420478,10,10,10,10,10,10,10,10,10,10
2,1,420478,0,0,0,2,0,0,0,0,0,0
3,1,420478,0,0,0,8,8,0,0,0,0,0
0,1,420479,0,0,0,0,0,0,0,0,0,0
1,1,420479,0,0,0,0,0,0,0,0,0,0
1,1,420480,26,26,26,26,26,26,26,26,26,26
1,1,420481,23,23,23,23,23,23,23,23,23,23
1,1,420482,0,0,4,0,0,0,0,0,0,10
1,1,420483,0,0,0,0,0,0,0,0,0,0
2,1,420483,0,0,0,0,0,0,0,0,0,0
3,1,420483,0,0,0,0,0,0,0,0,0,0
1,1,420484,0,0,0,0,0,0,0,0,0,0
2,1,420484,0,0,0,0,0,0,0,0,0,0
1,1,420485,0,0,0,0,0,0,0,0,0,0
2,1,420485,0,0,0,0,0,0,0,0,0,0
3,1,420485,0,0,0,0,0,0,0,0,0,0
1,1,420486,0,0,0,0,0,0,0,0,0,0
2,1,420486,0,0,0,0,0,0,0,0,0,0
1,1,420487,14,14,14,14,14,14,14,14,14,14
1,1,420488,0,0,0,0,0,0,0,0,0,0
2,1,420488,0,0,0,0,0,0,0,0,0,0
1,1,420489,0,0,0,0,0,0,0,0,0,0
2,1,420489,0,0,0,0,0,0,0,0,0,0
1,1,420490,9,9,9,9,9,9,9,9,9,9
0,1,420491,0,0,0,0,0,0,0,0,0,0
1,1,420491,0,2,0,0,0,0,0,0,0,0
0,1,420492,0,0,0,0,0,0,0,0,0,0
1,1,420492,0,0,0,0,0,0,0,0,0,22
1,1,420493,10,10,10,10,10,10,10,10,10,10
1,1,420494,19,19,19,19,19,19,19,19,19,19
2,1,420494,0,0,0,0,0,0,0,0,0,0
1,1,420495,0,0,0,0,0,0,0,0,0,0
2,1,420495,0,0,0,0,0,0,0,0,0,0
3,1,420495,2,0,0,0,0,0,0,0,0,0
4,1,420495,0,0,0,4,0,0,0,0,0,0
1,1,420496,0,0,0,0,0,0,0,0,0,0
2,1,420496,0,0,0,0,0,0,0,0,0,0
1,1,420497,12,12,12,12,12,12,12,12,12,12
2,1,420497,0,0,0,0,0,0,0,0,0,0
1,1,420498,0,0,0,0,0,0,0,0,0,0
2,1,420498,0,0,0,0,0,0,0,0,0,0
3,1,420498,0,0,0,0,0,0,0,0,0,5
1,1,420499,0,0,0,0,0,0,0,0,0,0
1,1,420500,0,0,0,0,0,0,0,0,0,0
2,1,420500,0,0,0,0,0,0,0,0,0,0
1,1,420501,0,0,10,14,0,0,0,0,0,0
2,1,420501,0,0,0,0,0,0,0,0,0,0
0,1,420502,0,0,0,0,0,0,0,0,0,0
1,1,420503,0,0,0,0,0,0,0,0,0,0
2,1,420503,7,0,0,0,19,0,6,0,0,0
1,1,420504,0,0,0,0,0,0,0,0,14,0
2,1,420504,0,0,0,0,0,0,0,0,0,0
1,1,420505,0,0,0,0,0,0,0,0,0,0
2,1,420505,0,0,0,0,0,0,0,0,0,0
1,1,420506,0,0,0,0,0,0,0,0,0,0
2,1,420506,0,0,0,0,0,0,0,0,0,0
3,1,420506,0,0,0,0,0,0,0,0,0,0
1,1,420507,0,0,0,0,0,0,0,0,0,0
2,1,420507,0,0,0,0,0,0,0,0,0,0
1,1,420508,0,0,0,0,0,0,0,0,0,0
2,1,420508,0,0,0,0,0,0,0,0,0,0
1,1,420509,19,19,19,19,19,19,19,19,19,19
1,1,420510,0,0,0,0,0,0,0,0,0,0
1,1,420511,0,0,0,0,0,0,0,0,0,0
2,1,420511,0,0,0,0,0,0,0,0,0,0
3,1,420511,0,0,0,0,0,0,0,0,0,0
1,1,420512,0,0,0,0,0,0,0,0,0,0
2,1,420512,0,0,0,0,0,0,0,0,0,0
3,1,420512,1,1,1,1,1,1,1,1,1,1
1,1,420513,0,0,0,0,0,0,0,0,0,0
1,1,420514,4,4,4,4,4,4,4,4,4,4
1,1,420515,0,0,0,0,0,0,0,0,0,0
2,1,420515,0,0,0,0,0,0,0,0,0,0
0,1,420516,6,6,6,6,6,6,6,6,6,6
1,1,420516,21,0,0,0,0,5,0,4,0,14
0,1,420517,0,0,0,0,0,0,0,0,0,0
1,1,420517,0,0,0,0,0,0,0,0,0,0
0,1,420518,13,13,13,13,13,13,13,13,13,13
1,1,420518,0,0,0,0,3,0,0,0,0,0
1,1,420519,0,0,0,0,0,0,0,0,0,0
0,1,420520,0,0,0,0,0,0,0,0,0,0
1,1,420520,0,0,0,0,0,0,0,5,0,0
0,1,420521,0,0,0,0,0,0,0,0,0,0
1,1,420521,0,0,0,0,0,0,0,0,0,0
0,1,420522,0,0,0,0,0,0,0,0,0,0
0,2,420522,0,0,0,0,0,0,0,0,0,0
0,3,420522,0,0,0,0,0,0,0,0,0,0
0,4,420522,0,0,0,0,0,0,0,0,0,0
1,1,420522,0,0,0,0,0,0,0,0,0,0
1,1,420523,22,22,22,22,22,22,22,22,22,22
1,1,420524,0,0,0,0,0,0,0,0,0,0
1,1,420525,0,0,0,0,0,0,0,0,0,0
1,1,420526,0,0,0,0,0,0,0,0,0,0
2,1,420526,0,0,0,0,0,0,0,0,0,0
3,1,420526,0,0,0,0,0,0,0,0,0,0
4,1,420526,0,0,0,9,0,0,0,0,0,0
5,1,420526,0,0,0,0,0,0,0,0,0,0
1,1,420527,0,0,0,0,0,0,0,0,0,0
1,1,420529,0,0,0,0,0,0,0,0,0,0
2,1,420529,0,0,0,0,0,0,0,0,0,0
1,1,420530,23,23,23,23,23,23,23,23,23,23
2,1,420530,0,0,0,0,0,0,0,0,0,0
1,1,420531,0,0,0,0,0,0,0,0,0,0
2,1,420531,0,19,0,0,0,0,7,0,6,14
1,1,420532,17,17,17,17,17,17,17,17,17,17
1,1,420533,17,0,7,0,0,0,0,0,0,0
2,1,420533,0,0,0,0,0,0,0,15,0,0
3,1,420533,0,0,0,0,0,0,0,0,0,0
1,1,420534,24,24,24,24,24,24,24,24,24,24
1,1,420535,25,25,25,25,25,25,25,25,25,25
1,1,420536,25,25,25,25,25,25,25,25,25,25
1,1,420537,0,0,0,0,0,0,0,0,0,0
2,1,420537,0,0,0,0,0,0,0,0,0,0
0,1,420538,0,0,0,0,0,0,0,0,0,0
1,1,420538,0,0,0,0,0,0,0,0,0,0
1,1,420539,5,5,5,5,5,5,5,5,5,5
1,1,420540,0,0,0,0,0,0,0,0,0,0
1,1,420541,17,17,17,17,17,17,17,17,17,17
2,1,420541,16,16,16,16,16,16,16,16,16,16
3,1,420541,2,2,2,2,2,2,2,2,2,2
1,1,420542,0,0,0,0,0,0,0,0,0,0
2,1,420542,0,0,0,0,0,0,0,0,0,0
1,1,420543,0,0,0,0,0,0,0,0,0,0
1,1,420544,0,0,0,0,0,0,0,0,0,0
1,1,420545,0,0,0,0,11,0,0,0,0,0
2,1,420545,0,0,0,0,0,0,0,0,0,0
1,1,420546,21,0,0,0,0,0,0,0,0,0
2,1,420546,0,0,0,0,0,0,0,0,0,0
1,1,420547,12,12,12,12,12,12,12,12,12,12
2,1,420547,8,8,8,8,8,8,8,8,8,8
1,1,420548,15,15,15,15,15,15,15,15,15,15
2,1,420548,0,0,10,8,0,0,10,0,0,0
1,1,420549,0,0,0,0,0,0,0,0,0,0
1,1,420550,0,0,0,0,0,0,0,0,0,0
1,1,420551,0,0,0,0,0,0,0,0,0,0
1,1,420552,0,0,0,0,0,0,0,0,0,0
2,1,420552,0,0,0,0,0,0,0,0,0,0
1,1,420553,23,23,23,23,23,23,23,23,23,23
1,1,420554,0,0,0,0,0,9,0,0,0,0
2,1,420554,0,0,0,0,0,0,0,0,0,0
1,1,420555,8,8,8,8,8,8,8,8,8,8
1,1,420556,0,0,0,0,0,0,0,0,0,0
2,1,420556,0,0,0,0,0,0,0,0,0,0
1,1,420557,0,0,0,0,0,0,0,0,0,0
2,1,420557,0,0,0,0,0,0,0,0,0,0
1,1,420558,0,0,0,0,0,0,0,0,0,0
2,1,420558,0,0,0,0,0,0,0,0,0,0
1,1,420559,0,0,0,0,0,0,0,0,0,0
2,1,420559,0,0,0,0,0,0,0,0,0,0
1,1,420560,28,28,28,28,28,28,28,28,28,28
1,1,420561,0,0,0,0,0,0,0,0,0,0
2,1,420561,0,0,0,0,12,0,0,0,0,0
1,1,420562,0,0,0,0,0,0,0,0,0,0
2,1,420562,0,0,0,0,0,0,0,0,0,0
1,1,420563,0,0,0,0,0,0,0,0,0,0
2,1,420563,0,0,0,0,0,0,0,0,0,0
1,1,420564,0,0,0,0,0,0,0,0,0,0
2,1,420564,0,0,0,0,0,0,0,0,0,0