VEH_NO,PER_NO,ST_CASE,P1,P2,P3,P4,P5,P6,P7,P8,P9,P10
1,1,420881,0,0,0,0,0,0,0,0,0,0
2,1,420881,0,0,0,0,0,0,0,0,0,0
1,1,420882,7,7,7,7,7,7,7,7,7,7
1,1,420883,0,0,0,0,0,0,0,0,0,0
2,1,420883,0,0,0,0,0,0,0,0,0,0
1,1,420884,0,0,0,0,0,0,0,0,0,0
2,1,420884,0,0,0,0,0,0,0,0,0,0
1,1,420885,14,14,14,14,14,14,14,14,14,14
2,1,420885,11,0,0,0,0,0,0,0,0,0
0,1,420886,0,0,0,0,0,0,0,0,0,0
0,2,420886,0,0,0,0,0,0,0,0,0,0
1,1,420886,13,0,0,11,0,0,0,0,0,0
0,1,420887,35,35,35,35,35,35,35,35,35,35
1,1,420887,0,0,0,0,0,0,0,0,0,0
1,1,420888,0,0,0,0,0,0,0,0,0,0
2,1,420888,0,0,0,0,0,0,0,0,0,0
1,1,420889,19,19,19,19,19,19,19,19,19,19
1,1,420890,28,28,28,28,28,28,28,28,28,28
0,1,420891,0,0,0,0,0,0,0,0,0,0
1,1,420891,0,0,0,0,0,0,0,0,15,0
1,1,420892,0,0,0,0,0,0,0,0,0,0
1,1,420893,0,0,0,0,0,0,0,0,0,0
2,1,420893,0,0,0,0,0,0,0,0,0,0
0,1,420894,3,3,3,3,3,3,3,3,3,3
1,1,420894,0,0,0,0,0,0,0,0,21,0
1,1,420895,0,0,0,0,0,0,0,0,0,0
2,1,420895,0,0,0,0,0,0,0,0,0,0
1,1,420896,0,0,0,0,0,0,0,0,0,0
2,1,420896,0,0,0,0,0,0,0,0,0,0
1,1,420897,5,5,5,5,5,5,5,5,5,5
1,1,420898,0,0,0,0,0,0,0,0,0,0
1,1,420899,20,20,20,20,20,20,20,20,20,20
1,1,420900,29,29,29,29,29,29,29,29,29,29
1,1,420901,0,0,0,0,0,0,0,0,0,0
2,1,420901,0,0,0,0,0,0,0,0,0,0
1,1,420902,32,32,32,32,32,32,32,32,32,32
1,1,420903,0,0,0,0,0,0,0,0,0,0
2,1,420903,0,0,0,0,0,0,0,0,0,0
1,1,420904,0,0,0,0,0,0,0,0,0,0
2,1,420904,0,0,0,0,0,0,0,0,0,0
1,1,420905,0,0,0,0,0,0,0,0,0,0
1,1,420906,0,0,0,0,0,0,0,0,0,0
2,1,420906,0,0,0,0,0,0,0,0,0,0
1,1,420907,31,31,31,31,31,31,31,31,31,31
2,1,420907,0,0,0,0,0,0,0,0,0,0
1,1,420908,13,13,13,13,13,13,13,13,13,13
2,1,420908,16,16,16,16,16,16,16,16,16,16
1,1,420909,0,0,0,0,0,0,0,0,0,0
2,1,420909,0,0,0,0,0,0,0,0,0,0
1,1,420910,0,0,0,0,0,0,0,0,0,0
2,1,420910,0,0,0,0,0,0,0,0,0,0
1,1,420911,0,0,0,0,0,0,0,0,0,0
2,1,420911,6,6,6,6,6,6,6,6,6,6
1,1,420912,13,13,13,13,13,13,13,13,13,13
2,1,420912,0,0,0,0,0,0,0,0,0,0
1,1,420913,0,0,0,0,0,0,0,0,0,0
1,1,420914,16,16,16,16,16,16,16,16,16,16
1,1,420915,13,13,13,13,13,13,13,13,13,13
1,1,420916,28,28,28,28,28,28,28,28,28,28
1,1,420917,20,20,20,20,20,20,20,20,20,20
1,1,420918,21,21,21,21,21,21,21,21,21,21
1,1,420919,18,18,18,18,18,18,18,18,18,18
1,1,420920,17,17,17,17,17,17,17,17,17,17
1,1,420921,0,0,0,0,0,0,26,0,0,0
1,1,420922,0,0,0,0,0,0,0,0,0,0
2,1,420922,0,0,0,0,0,0,0,0,0,0
1,1,420923,5,5,5,5,5,5,5,5,5,5
2,1,420923,0,0,0,0,0,0,0,0,0,0
1,1,420924,0,0,0,0,0,0,0,0,0,0
2,1,420924,0,0,0,0,0,0,0,0,0,0
1,1,420925,0,0,0,0,0,0,0,0,0,0
1,1,420926,16,11,27,9,0,32,14,10,27,21
1,1,420927,7,7,7,7,7,7,7,7,7,7
1,1,420928,12,12,12,12,12,12,12,12,12,12
0,1,420929,28,28,28,28,28,28,28,28,28,28
1,1,420929,0,0,0,0,0,0,0,0,0,0
1,1,420930,0,0,0,0,0,0,0,0,0,0
2,1,420930,0,0,0,0,0,0,0,0,0,0
3,1,420930,0,0,0,0,0,0,0,0,0,0
1,1,420931,0,0,0,0,0,0,0,0,0,0
2,1,420931,0,0,0,0,0,0,0,0,0,0
3,1,420931,0,0,0,0,0,0,0,0,0,0
1,1,420932,0,0,0,0,0,0,0,0,0,0
2,1,420932,0,0,0,0,0,0,0,0,0,0
1,1,420933,0,0,0,0,0,0,0,0,0,0
2,1,420933,0,0,0,0,0,25,0,0,0,0
1,1,420934,26,26,26,26,26,26,26,26,26,26
1,1,420935,0,0,0,0,0,0,0,0,0,0
2,1,420935,0,0,0,0,0,0,0,0,0,0
3,1,420935,0,0,0,0,0,0,0,0,0,0
1,1,420936,16,16,16,16,16,16,16,16,16,16
0,1,420937,7,0,12,0,19,0,0,0,0,0
1,1,420937,0,0,0,0,0,0,7,0,0,0
1,1,420938,0,0,0,0,0,0,0,0,0,0
2,1,420938,0,0,0,0,0,0,0,0,0,0
0,1,420939,0,0,0,0,0,0,28,0,0,0
2,1,420939,0,0,0,0,0,0,0,0,0,0
1,1,420940,0,0,0,0,0,0,0,0,0,0
2,1,420940,0,0,0,0,0,0,0,0,0,0
1,1,420941,17,17,17,17,17,17,17,17,17,17
1,1,420942,0,0,0,0,0,0,0,0,0,0
2,1,420942,0,0,0,0,0,0,0,0,0,0
1,1,420943,6,6,6,6,6,6,6,6,6,6
1,1,420944,19,19,19,19,19,19,19,19,19,19
2,1,420944,18,0,0,9,0,0,0,0,0,0
1,1,420945,5,5,5,5,5,5,5,5,5,5
1,1,420946,0,0,0,0,0,0,0,0,0,0
1,1,420947,0,0,0,0,0,0,0,0,0,0
0,1,420948,0,0,0,0,14,0,0,0,0,0
1,1,420949,9,9,9,9,9,9,9,9,9,9
0,1,420950,0,0,0,0,0,0,0,0,0,0
1,1,420950,0,0,0,0,0,0,0,0,0,0
2,1,420950,12,0,0,16,16,0,32,0,3,15
3,1,420950,0,0,0,0,18,0,10,0,16,0
4,1,420950,0,0,0,0,0,0,0,0,0,0
1,1,420951,19,19,19,19,19,19,19,19,19,19
1,1,420952,0,0,0,0,0,0,0,0,0,0
2,1,420952,0,0,0,0,0,0,0,0,0,0
1,1,420953,0,0,0,0,0,0,0,0,0,0
2,1,420953,0,0,0,0,0,0,0,0,0,0
1,1,420954,0,0,0,0,0,0,0,0,0,0
1,1,420955,20,20,20,20,20,20,20,20,20,20
1,1,420956,0,0,0,0,0,0,0,0,0,0
2,1,420956,0,0,0,0,0,0,0,0,0,0
0,1,420957,23,23,23,23,23,23,23,23,23,23
1,1,420957,0,0,0,0,0,0,0,0,0,0
2,1,420957,0,0,0,0,0,0,0,18,9,0
1,1,420958,15,15,15,15,15,15,15,15,15,15
1,1,420959,0,0,0,0,0,0,0,0,0,0
2,1,420959,0,0,0,0,0,2,0,0,0,0
0,1,420960,0,0,0,0,0,0,0,0,0,0
0,2,420960,0,0,0,0,0,0,0,0,0,0
1,1,420960,0,0,0,0,0,0,0,0,0,0
1,1,420961,18,18,18,18,18,18,18,18,18,18
1,1,420962,0,0,0,22,0,0,0,0,0,0
1,1,420963,20,20,20,20,20,20,20,20,20,20
1,1,420964,0,0,0,0,0,0,0,0,0,0
1,1,420965,0,0,0,0,0,0,0,0,0,0
2,1,420965,0,0,0,0,0,0,0,0,0,0
1,1,420966,0,0,0,0,0,0,0,0,0,0
1,1,420967,0,0,0,0,0,0,0,0,0,0
0,1,420968,0,0,0,0,0,0,0,0,0,0
1,1,420968,0,0,11,0,5,0,0,0,0,0
0,1,420969,0,0,0,0,0,0,0,0,0,0
2,1,420969,0,0,0,0,0,0,0,0,0,0
1,1,420970,26,26,26,26,26,26,26,26,26,26
1,1,420971,0,0,0,0,0,0,0,0,0,0
2,1,420971,0,0,0,0,0,0,0,0,0,0
1,1,420972,0,0,0,0,0,0,0,0,0,0
1,1,420973,0,0,0,0,0,0,0,8,0,0
2,1,420973,20,20,20,20,20,20,20,20,20,20
1,1,420974,8,8,8,8,8,8,8,8,8,8
1,1,420975,0,0,0,0,0,0,0,0,0,0
1,1,420976,0,0,0,0,0,0,0,0,0,0
1,1,420977,0,0,0,0,0,0,0,0,0,0
1,1,420978,4,4,4,4,4,4,4,4,4,4
2,1,420978,0,3,0,0,0,0,0,0,0,0
1,1,420979,0,0,0,0,0,0,0,0,0,0
2,1,420979,0,0,0,0,0,0,0,0,0,0
3,1,420979,0,0,0,0,0,0,0,0,0,0
1,1,420980,16,16,16,16,16,16,16,16,16,16
1,1,420981,0,0,18,0,0,0,13,9,0,0
1,1,420982,0,0,0,0,0,0,0,0,0,0
2,1,420982,0,0,0,0,0,3,0,0,0,0
3,1,420982,0,0,0,0,0,0,0,0,0,0
1,1,420983,0,0,0,0,0,0,0,0,0,0
2,1,420983,0,0,0,0,0,0,0,0,0,0
0,1,420984,0,0,0,0,0,0,0,0,0,0
1,1,420984,0,0,5,0,0,0,0,0,0,19
1,1,420985,7,7,7,7,7,7,7,7,7,7
1,1,420986,0,0,0,0,0,0,0,0,0,0
2,1,420986,0,0,0,0,0,0,0,0,0,0
1,1,420987,13,13,13,13,13,13,13,13,13,13
0,1,420988,0,0,0,0,0,0,0,0,0,0
1,1,420988,0,0,0,0,0,0,0,0,0,0
1,1,420989,0,0,0,0,0,0,0,0,0,0
2,1,420989,0,0,0,0,0,0,0,0,0,3
3,1,420989,18,0,0,0,0,0,0,0,0,0
1,1,420990,0,0,0,0,0,0,0,0,0,0
2,1,420990,0,0,0,0,0,0,0,0,0,0
3,1,420990,0,0,0,0,0,0,0,0,0,0
4,1,420990,0,0,0,0,0,0,0,0,0,0
1,1,420991,0,0,0,0,0,0,0,0,0,0
2,1,420991,0,0,0,0,0,0,0,0,0,0
1,1,420992,0,0,0,0,0,0,0,0,0,0
2,1,420992,0,0,0,0,0,0,0,0,0,0
1,1,420993,23,23,23,23,23,23,23,23,23,23
2,1,420993,0,0,0,0,0,0,0,0,4,0
1,1,420994,0,0,0,0,0,0,0,0,0,0
2,1,420994,0,0,0,0,0,0,0,0,0,0
1,1,420995,0,0,0,0,0,0,0,0,0,0
2,1,420995,17,17,17,17,17,17,17,17,17,17
1,1,420996,0,0,0,0,0,0,0,0,0,0
2,1,420996,0,0,0,0,0,0,0,0,0,0
1,1,420997,0,0,0,0,0,0,0,0,5,0
0,1,420998,0,0,0,0,0,0,0,0,0,0
1,1,420998,0,0,0,0,0,0,0,0,0,19
1,1,420999,25,25,25,25,25,25,25,25,25,25
0,1,421000,0,0,30,0,21,0,29,18,0,0
1,1,421000,0,0,0,0,0,0,0,0,0,0
1,1,421001,26,26,26,26,26,26,26,26,26,26
1,1,421002,0,0,0,0,0,0,0,0,0,0
1,1,421003,0,0,0,0,0,0,0,0,0,0
2,1,421003,0,0,0,0,0,0,0,0,0,0
1,1,421004,0,0,0,0,0,0,0,0,0,12
2,1,421004,0,0,0,0,0,0,0,0,0,0
1,1,421005,0,0,0,0,0,0,0,0,0,0
1,1,421006,20,20,20,20,20,20,20,20,20,20
1,1,421007,5,16,30,0,18,18,16,14,21,26
1,1,421008,0,0,0,0,0,0,0,0,0,0
1,1,421009,0,0,0,0,0,0,0,0,0,0
0,1,421010,0,0,0,0,0,0,0,0,0,0
1,1,421010,0,0,0,0,0,0,0,0,0,0
1,1,421011,0,0,0,0,0,0,0,0,0,0
2,1,421011,0,0,0,0,0,0,0,0,0,0
3,1,421011,0,0,0,0,0,0,0,0,8,0
0,1,421012,2,2,2,2,2,2,2,2,2,2
1,1,421012,0,0,0,0,0,0,0,0,0,0
2,1,421012,0,0,0,0,0,0,0,0,0,0
3,1,421012,0,0,0,0,0,0,0,0,0,0
1,1,421013,0,0,0,20,0,7,15,0,0,0
1,1,421014,0,0,0,0,0,0,0,0,0,0
2,1,421014,0,0,0,0,0,0,0,0,0,0
1,1,421015,24,24,24,24,24,24,24,24,24,24
1,1,421016,24,24,24,24,24,24,24,24,24,24
1,1,421017,0,0,0,0,0,0,0,0,0,0
0,1,421018,0,0,0,0,0,0,0,0,0,0
1,1,421018,0,0,0,0,0,0,0,0,0,0
1,1,421019,0,0,0,0,0,0,0,0,0,0
1,1,421020,0,0,0,0,0,0,0,0,0,0
1,1,421021,20,20,20,20,20,20,20,20,20,20
1,1,421022,19,19,19,19,19,19,19,19,19,19
1,1,421023,0,0,0,0,0,0,0,0,0,0
1,1,421024,20,20,20,20,20,20,20,20,20,20
1,1,421025,0,0,15,22,0,13,10,0,0,0
1,1,421026,24,24,24,24,24,24,24,24,24,24
1,1,421027,33,33,33,33,33,33,33,33,33,33
1,1,421028,16,30,21,21,11,43,22,20,22,21
1,1,421029,0,0,0,0,0,0,0,13,0,0
1,1,421030,26,26,26,26,26,26,26,26,26,26
0,1,421031,26,26,26,26,26,26,26,26,26,26
1,1,421031,0,0,0,0,0,0,0,0,0,0
1,1,421032,0,0,0,0,0,0,0,0,0,0
0,1,421033,18,18,18,18,18,18,18,18,18,18
1,1,421033,0,0,0,0,0,0,0,0,0,0
1,1,421034,16,16,16,16,16,16,16,16,16,16
1,1,421035,34,34,34,34,34,34,34,34,34,34
0,1,421036,16,16,16,16,16,16,16,16,16,16
1,1,421036,19,19,19,19,19,19,19,19,19,19
1,1,421037,0,0,0,0,0,0,0,0,0,0
1,1,421038,4,4,4,4,4,4,4,4,4,4
1,2,421039,0,0,0,12,0,12,19,9,6,0
0,1,421040,0,0,0,0,0,0,0,0,0,0
1,1,421040,0,0,0,0,0,18,0,0,0,0
1,1,421041,0,0,0,0,0,0,0,0,0,0
2,1,421041,0,0,0,0,0,0,0,0,0,0
1,1,421042,0,0,0,0,0,0,0,0,0,0
2,1,421042,0,0,0,0,0,0,0,0,0,0
1,1,421043,0,0,0,0,0,0,0,0,0,0
2,1,421043,11,11,11,11,11,11,11,11,11,11
1,1,421044,0,0,0,0,0,0,0,0,0,0
1,1,421045,0,0,0,0,0,0,0,0,0,0
1,1,421046,0,0,0,0,0,0,0,0,0,0
1,1,421047,0,0,0,0,0,0,0,0,0,0
1,1,421048,0,0,0,0,0,0,0,0,0,0
2,1,421048,0,0,0,0,0,0,0,0,0,0
3,1,421048,0,0,0,0,0,0,0,0,0,0
4,1,421048,0,0,0,0,0,0,0,0,0,0
1,1,421049,0,0,0,0,0,0,0,0,0,0
2,1,421049,0,0,0,0,0,0,0,0,0,0
3,1,421049,0,0,0,0,0,0,0,0,0,0
0,1,421050,0,0,0,0,0,0,0,0,0,0
1,1,421050,17,17,17,17,17,17,17,17,17,17
1,1,421051,0,0,0,0,0,12,0,0,0,0
1,1,421052,0,0,0,0,0,0,0,0,0,0
2,1,421052,0,0,0,0,0,0,0,0,0,0
1,1,421053,0,0,0,0,0,0,0,0,0,0
2,1,421053,0,0,0,0,0,0,0,0,0,0
1,1,421054,0,0,0,0,0,0,0,0,0,0
2,1,421054,0,0,0,0,0,0,0,0,0,0
0,1,421055,0,4,0,0,15,9,0,0,0,0
0,2,421055,0,0,0,0,0,0,0,0,0,0
0,3,421055,25,0,0,0,7,0,0,0,0,0
1,1,421055,0,0,0,0,0,0,0,0,0,0
1,1,421056,0,0,0,0,0,0,0,0,0,0
1,1,421057,0,0,0,0,0,0,0,0,0,0
2,1,421057,0,0,0,0,0,0,0,0,0,0
1,1,421058,30,30,30,30,30,30,30,30,30,30
2,1,421058,0,0,0,0,0,0,0,0,0,0
1,1,421059,37,37,37,37,37,37,37,37,37,37
2,1,421059,0,0,0,0,0,0,0,5,0,0
0,1,421060,0,0,0,0,0,0,0,0,0,0
1,1,421060,15,15,15,15,15,15,15,15,15,15
1,1,421061,0,0,0,0,0,0,0,0,0,0
2,1,421061,0,0,0,0,0,0,0,0,0,0
0,1,421062,0,0,0,0,0,0,0,0,0,0
1,1,421062,0,0,0,0,0,0,0,0,0,0
2,1,421062,0,0,0,0,0,0,0,0,0,0
1,1,421063,23,23,23,23,23,23,23,23,23,23
2,1,421063,0,3,0,0,0,0,0,29,17,0
1,1,421064,0,0,0,0,0,0,0,0,15,0
2,1,421064,0,0,0,0,0,0,0,0,0,0
1,1,421065,0,0,0,0,0,0,0,0,0,0
1,1,421066,18,15,16,25,0,38,15,23,34,31
2,1,421066,0,0,0,0,0,6,0,0,0,0
1,1,421067,16,16,0,0,23,0,0,23,0,17
2,1,421067,0,0,0,0,0,0,0,0,0,0
1,1,421068,0,0,0,0,0,0,0,0,0,0
0,1,421069,0,0,0,0,0,0,0,0,0,0
1,1,421069,0,0,0,0,0,0,0,0,0,0
1,1,421070,26,26,26,26,26,26,26,26,26,26
1,1,421071,0,0,0,0,0,0,0,0,0,0
1,1,421072,0,0,13,0,0,0,0,0,0,0
1,1,421073,0,0,0,0,0,0,0,0,0,0
1,1,421074,22,22,22,22,22,22,22,22,22,22
1,1,421075,0,0,0,0,0,0,0,0,0,0
1,1,421076,0,0,0,0,0,0,0,0,0,0
2,1,421076,0,0,0,0,0,0,0,0,0,0
1,1,421077,0,0,0,0,0,0,0,0,0,0
2,1,421077,0,0,0,0,0,0,0,0,0,0
1,1,421078,0,0,0,0,0,0,0,0,0,0
1,1,421079,0,0,0,0,0,0,0,0,0,0
1,1,421080,24,24,24,24,24,24,24,24,24,24
1,1,421081,0,9,0,0,0,0,0,0,18,0
2,1,421081,0,0,0,0,0,0,0,0,0,0
1,1,421082,21,21,21,21,21,21,21,21,21,21
0,1,421083,0,0,0,0,0,0,0,0,0,0
1,1,421083,0,0,0,0,0,0,0,0,0,0
0,1,421084,0,0,0,0,0,0,0,0,0,0
1,1,421084,0,0,0,0,0,0,0,0,0,0
1,1,421085,0,0,0,0,0,0,0,0,0,0
1,1,421086,15,10,13,16,15,15,7,13,13,36
1,1,421087,0,0,0,0,0,0,0,0,0,0
1,1,421088,19,19,19,19,19,19,19,19,19,19
1,1,421089,0,0,3,16,31,0,9,0,19,22
1,1,421090,0,0,0,0,0,0,0,0,0,0
0,1,421091,0,10,0,14,7,20,0,26,0,20
1,1,421091,0,0,0,0,0,0,0,0,0,0
1,1,421092,29,29,29,29,29,29,29,29,29,29
1,1,421093,0,0,0,0,0,0,0,0,0,0
1,1,421094,0,0,0,0,0,0,0,0,0,0
0,1,421095,0,0,0,0,0,0,0,0,0,0
1,1,421095,0,0,0,0,0,0,0,0,0,0
0,1,421096,0,0,0,0,0,0,0,0,0,0
1,1,421096,0,0,0,0,0,0,17,0,0,0
1,1,421097,0,19,0,0,19,10,0,0,20,0
0,1,421098,0,20,0,14,0,0,14,0,19,14
1,1,421098,0,0,0,0,0,0,0,0,0,0
1,1,421099,21,21,21,21,21,21,21,21,21,21
1,1,421100,0,0,0,5,0,0,0,0,0,0
2,1,421100,0,0,0,0,0,0,0,0,0,0
1,1,421101,0,0,0,0,0,0,0,0,0,0
2,1,421101,0,0,0,0,0,0,0,0,0,0
1,1,421102,9,9,9,9,9,9,9,9,9,9
1,1,421103,13,13,13,13,13,13,13,13,13,13
2,1,421103,0,11,0,0,0,0,0,0,0,0
1,1,421104,18,22,21,21,30,23,26,19,26,17
1,1,421105,0,0,0,0,0,0,0,0,0,0
2,1,421105,0,0,0,0,0,0,0,0,14,0
1,1,421106,21,21,21,21,21,21,21,21,21,21
2,1,421106,0,0,0,0,0,0,0,0,0,0
1,1,421107,0,0,0,0,0,0,0,0,0,0
2,1,421107,0,0,0,0,0,0,0,0,0,0
1,1,421108,0,0,0,0,0,0,0,0,0,0
2,1,421108,0,0,0,0,0,0,0,0,0,0
1,1,421109,0,27,0,0,12,0,0,0,0,0
1,1,421110,0,0,0,0,0,0,0,0,0,0
2,1,421110,0,0,0,0,0,0,0,0,0,0
1,1,421111,0,0,0,0,0,0,0,0,0,0
1,1,421112,0,0,0,0,0,0,0,0,0,0
0,1,421113,30,30,30,30,30,30,30,30,30,30
1,1,421113,0,0,0,0,0,0,0,0,0,0
0,1,421114,0,0,0,0,0,0,0,0,0,0
1,1,421114,0,0,0,0,0,0,0,0,0,0
0,1,421115,45,45,45,45,45,45,45,45,45,45
1,1,421115,0,0,0,0,0,0,0,0,0,0
1,1,421116,22,22,22,22,22,22,22,22,22,22
1,1,421117,0,0,0,0,0,0,0,0,0,0
2,1,421117,0,0,0,0,0,0,0,0,0,0
1,1,421118,16,16,16,16,16,16,16,16,16,16
1,1,421119,0,0,31,0,0,11,0,0,23,0
2,1,421119,0,0,0,0,0,0,0,0,0,0
1,1,421120,1,1,1,1,1,1,1,1,1,1
1,1,421121,11,11,11,11,11,11,11,11,11,11
2,1,421121,0,0,0,0,0,0,0,0,0,0
1,1,421122,0,0,0,0,0,0,0,0,0,0
1,1,421123,23,23,23,23,23,23,23,23,23,23
2,1,421123,0,0,0,0,0,0,0,0,0,0
1,1,421124,11,11,11,11,11,11,11,11,11,11
2,1,421124,0,0,0,0,0,0,0,13,16,0
1,1,421125,20,20,20,20,20,20,20,20,20,20
1,1,421126,0,0,0,0,0,0,0,0,0,0
2,1,421126,0,0,0,0,0,0,0,0,0,0
1,1,421127,0,0,0,0,0,0,0,0,0,0
2,1,421127,0,0,15,0,13,0,0,0,0,0
1,1,421128,0,0,0,0,0,0,0,0,0,0
2,1,421128,0,0,0,0,0,0,0,0,0,0
1,1,421129,0,0,0,0,0,0,0,0,0,0
2,1,421129,0,0,0,0,0,0,0,0,0,0
1,1,421130,0,0,0,0,0,0,0,0,0,0
2,1,421130,0,0,0,0,0,0,0,0,0,0
1,1,421131,0,0,0,0,0,0,0,0,0,0
2,1,421131,0,0,0,0,0,0,0,0,0,0
1,1,421132,17,17,17,17,17,17,17,17,17,17
1,1,421133,0,0,0,0,0,0,0,0,0,0
2,1,421133,0,0,0,0,0,0,0,0,0,0
1,1,421134,0,0,0,0,0,0,0,0,0,0
2,1,421134,0,0,0,0,0,0,0,0,0,0
0,1,421135,45,45,45,45,45,45,45,45,45,45
1,1,421135,4,4,4,4,4,4,4,4,4,4
1,1,421136,0,0,0,0,0,0,0,0,0,0
2,1,421136,0,0,0,0,0,0,0,0,0,0
1,1,421137,0,0,0,0,0,0,0,0,0,0
2,1,421137,0,0,0,0,0,0,0,0,0,0
1,1,421138,0,0,0,0,0,0,0,0,0,0
2,1,421138,0,0,0,0,0,0,0,0,0,0
1,1,421139,0,0,0,0,0,0,0,0,0,0
2,1,421139,0,0,0,0,0,0,0,0,0,0
1,1,421140,0,0,0,0,0,0,0,0,0,0
1,1,421141,0,0,0,0,0,0,0,0,0,0
1,1,421142,34,5,15,22,31,24,8,14,16,17
1,1,421143,10,10,10,10,10,10,10,10,10,10
1,1,421144,0,0,0,0,0,0,0,0,0,0
0,1,421145,20,20,20,20,20,20,20,20,20,20
1,1,421145,5,0,0,0,0,0,0,0,0,0
1,1,421146,5,6,12,7,12,15,4,9,6,4
1,1,421147,0,0,0,0,0,0,0,0,0,0
2,1,421147,0,0,0,0,0,0,0,0,0,0
0,1,440001,0,0,0,0,0,0,0,0,0,0
1,1,440001,0,0,0,0,0,0,0,0,0,0
0,1,440002,15,15,15,15,15,15,15,15,15,15
1,1,440002,0,4,0,0,0,0,0,0,0,0
1,1,440003,0,0,0,0,0,0,13,0,14,0
2,1,440003,0,0,0,0,0,0,0,0,0,0
1,1,440004,0,0,0,0,0,0,0,0,0,0
2,1,440004,0,0,0,0,0,0,0,0,0,0
1,1,440005,24,24,24,24,24,24,24,24,24,24
2,1,440005,0,0,0,0,0,0,0,0,0,0
1,1,440006,20,20,20,20,20,20,20,20,20,20
2,1,440006,0,0,0,0,0,0,0,0,0,0
3,1,440006,0,0,0,0,0,6,0,0,0,0
0,1,440007,0,0,0,0,0,0,0,0,0,0
1,1,440007,0,0,0,0,0,0,0,0,0,0
1,1,440008,0,0,0,0,0,0,0,0,0,0
2,1,440008,0,0,0,0,0,0,0,0,0,0
1,1,440009,13,13,13,13,13,13,13,13,13,13
1,1,440010,8,8,8,8,8,8,8,8,8,8
1,1,440011,15,15,15,15,15,15,15,15,15,15
2,1,440011,0,0,0,0,0,0,0,0,0,0
1,1,440012,12,12,12,12,12,12,12,12,12,12
1,1,440013,10,10,10,10,10,10,10,10,10,10
1,1,440014,0,0,0,0,0,0,0,0,0,0
2,1,440014,0,0,0,0,0,0,0,0,0,20
1,1,440015,3,3,3,3,3,3,3,3,3,3
1,1,440016,0,7,13,0,0,8,13,22,11,33
0,1,440017,17,17,17,17,17,17,17,17,17,17
1,1,440017,15,20,16,25,12,13,8,17,35,7
1,1,440018,8,8,8,8,8,8,8,8,8,8
1,1,440019,17,17,17,17,17,17,17,17,17,17
2,1,440019,0,0,0,0,0,0,0,0,0,0
1,1,440021,0,0,0,0,0,0,0,0,0,0
0,1,440022,16,16,16,16,16,16,16,16,16,16
1,1,440022,30,17,28,5,5,18,16,12,20,24
3,1,440022,0,0,0,0,0,0,0,0,0,0
1,1,440023,0,0,14,0,0,9,5,0,15,0
1,1,440024,0,0,0,0,0,0,0,0,0,20
2,1,440024,0,0,0,0,0,0,0,0,0,0
0,1,440025,0,0,0,0,0,0,0,0,0,0
1,1,440025,0,0,0,0,0,0,0,0,0,0
1,1,440026,8,8,8,8,8,8,8,8,8,8
1,1,440027,0,0,0,0,0,0,0,0,0,0
2,1,440027,0,0,0,0,0,0,0,0,0,26
1,1,440028,0,0,0,0,0,0,0,0,0,0
1,1,440029,26,23,15,2,10,14,17,12,5,24
2,1,440030,0,0,0,0,0,0,0,0,0,0
1,1,440031,0,0,0,0,0,0,0,0,0,0
2,1,440031,0,0,0,0,0,0,0,0,0,0
1,1,440032,0,0,0,0,0,0,0,0,0,0
2,1,440032,15,3,6,0,13,7,0,8,16,11
1,1,440033,5,7,4,11,8,12,0,0,16,24
2,1,440033,0,0,0,0,0,0,0,0,13,0
0,1,440034,0,0,0,0,0,0,0,0,0,0
1,1,440034,0,0,0,0,10,0,0,0,0,0
1,1,440035,18,18,18,18,18,18,18,18,18,18
1,1,440036,0,0,6,0,0,0,0,0,0,0
2,1,440036,0,0,5,0,0,0,0,0,0,0
1,1,440037,0,8,0,0,0,0,0,0,0,0
1,1,440038,19,19,19,19,19,19,19,19,19,19
1,1,440039,15,15,15,15,15,15,15,15,15,15
1,1,440040,23,23,23,23,23,23,23,23,23,23
1,1,440041,12,27,13,24,6,26,16,11,7,11
1,1,440042,0,0,0,0,0,0,0,0,0,0
0,1,440043,19,0,0,0,25,0,0,0,0,0
1,1,440043,0,0,0,0,0,15,0,0,0,0
1,1,440044,0,0,0,0,0,0,0,0,0,0
2,1,440044,0,0,0,0,0,0,0,0,0,0
1,1,440045,0,0,0,0,11,0,0,0,0,0
1,1,440046,11,11,11,11,11,11,11,11,11,11
1,1,440047,4,4,4,4,4,4,4,4,4,4
0,1,440048,0,0,0,0,0,0,0,0,0,0
1,1,440048,0,0,0,0,0,0,0,10,0,0
0,1,440049,0,0,0,0,0,0,0,0,0,0
1,1,440049,0,0,0,0,0,0,0,0,0,0
1,1,440050,21,21,21,21,21,21,21,21,21,21
1,1,440051,19,19,19,19,19,19,19,19,19,19
1,1,440052,29,29,29,29,29,29,29,29,29,29
1,1,440053,9,9,9,9,9,9,9,9,9,9
1,1,440054,0,0,0,0,3,0,0,10,0,0
0,1,440055,0,0,0,0,0,0,0,0,0,0