VEH_NO,PER_NO,ST_CASE,P1,P2,P3,P4,P5,P6,P7,P8,P9,P10
1,1,450306,0,0,0,0,0,0,0,0,0,0
0,1,450307,0,0,0,0,0,0,0,0,0,0
1,1,450307,0,9,0,0,0,0,16,8,7,16
1,1,450308,30,41,11,15,4,22,23,10,19,15
1,1,450309,28,28,28,28,28,28,28,28,28,28
1,1,450310,0,0,0,0,0,0,0,0,0,0
1,1,450311,13,13,13,13,13,13,13,13,13,13
1,1,450312,27,27,27,27,27,27,27,27,27,27
1,1,450313,0,0,0,0,0,0,0,0,0,0
1,1,450314,1,1,1,1,1,1,1,1,1,1
1,1,450315,0,0,0,0,0,0,0,0,0,0
1,1,450316,0,0,0,0,0,0,0,0,0,0
2,1,450316,0,0,0,0,0,0,0,0,0,0
1,1,450317,10,10,10,10,10,10,10,10,10,10
2,1,450317,27,10,9,24,25,17,19,14,21,21
1,1,450318,0,0,0,0,0,0,0,0,0,0
2,1,450318,0,0,0,0,0,0,0,0,0,0
1,1,450319,0,0,0,0,0,0,0,0,0,0
2,1,450319,0,0,0,0,0,0,0,0,0,0
1,1,450320,0,0,0,0,0,0,0,0,0,0
2,1,450320,0,0,0,0,0,0,0,0,0,0
3,1,450320,0,0,0,0,0,0,0,0,0,0
1,1,450321,0,0,0,0,0,0,0,0,0,0
2,1,450321,0,0,0,0,0,0,0,0,0,0
1,1,450322,0,0,0,0,0,0,0,0,0,0
2,1,450322,0,0,0,0,0,0,0,0,0,0
0,1,450323,31,31,31,31,31,31,31,31,31,31
1,1,450323,0,10,18,0,0,0,0,0,0,0
1,1,450324,0,0,0,0,0,0,0,0,21,0
2,1,450324,0,0,0,0,0,0,0,0,0,0
1,1,450325,25,15,15,0,13,17,16,18,18,17
1,1,450326,16,16,16,16,16,16,16,16,16,16
1,1,450327,3,3,3,3,3,3,3,3,3,3
2,1,450327,18,18,18,18,18,18,18,18,18,18
1,1,450328,17,17,17,17,17,17,17,17,17,17
1,1,450329,0,0,0,0,0,0,0,0,0,0
2,1,450329,0,0,0,0,0,0,0,0,0,0
0,1,450330,0,0,0,0,0,0,0,0,0,0
1,1,450330,21,21,21,21,21,21,21,21,21,21
1,1,450331,17,17,17,17,17,17,17,17,17,17
1,1,450332,0,11,0,0,0,0,0,0,21,0
2,1,450332,0,0,0,0,0,0,0,0,0,0
3,1,450332,25,25,25,25,25,25,25,25,25,25
1,1,450333,0,0,0,0,0,2,0,0,0,0
2,1,450333,0,0,0,3,0,0,13,0,0,0
0,1,450334,0,0,17,0,0,5,11,0,0,0
1,1,450334,0,0,0,0,0,0,0,0,0,0
2,1,450334,0,0,0,0,0,0,0,0,0,0
1,1,450335,0,0,0,0,0,0,0,0,0,0
1,1,450336,13,29,15,12,0,13,15,0,23,12
0,1,450337,0,0,0,0,0,0,0,0,0,0
1,1,450337,0,0,0,17,0,0,12,0,0,19
1,1,450338,0,0,0,0,0,0,0,0,0,0
2,1,450338,0,0,0,0,0,0,0,0,0,0
1,1,450339,0,0,0,0,0,0,0,0,0,0
2,1,450339,0,0,0,0,0,0,0,0,0,0
1,1,450340,26,26,26,26,26,26,26,26,26,26
0,1,450341,0,0,0,0,0,0,0,0,0,0
1,1,450341,0,0,0,0,0,0,0,0,0,0
1,1,450342,11,11,11,11,11,11,11,11,11,11
1,1,450343,15,15,15,15,15,15,15,15,15,15
0,1,450344,17,21,0,27,25,19,18,37,0,0
1,1,450344,23,0,0,12,0,0,0,0,0,0
1,1,450345,16,16,16,16,16,16,16,16,16,16
2,1,450345,0,0,0,0,3,0,0,0,0,0
1,1,450346,0,0,0,0,0,0,0,0,0,0
2,1,450346,24,24,24,24,24,24,24,24,24,24
1,1,450347,0,0,0,0,0,0,0,0,0,0
0,1,450348,14,14,14,14,14,14,14,14,14,14
1,1,450348,0,0,0,0,0,0,0,0,0,0
1,1,450349,29,29,29,29,29,29,29,29,29,29
1,1,450350,0,0,0,0,0,0,0,0,0,0
2,1,450350,0,0,0,0,0,0,0,0,0,0
1,1,450351,9,9,9,9,9,9,9,9,9,9
0,1,450352,26,26,26,26,26,26,26,26,26,26
1,1,450352,0,0,9,0,0,0,0,0,0,0
0,1,450353,18,18,18,18,18,18,18,18,18,18
1,1,450353,0,3,11,6,28,23,7,13,32,25
0,1,450354,0,0,0,0,0,0,0,0,0,0
1,1,450354,0,0,0,0,0,0,0,0,0,0
1,1,450355,0,0,0,0,0,0,0,0,0,0
1,1,450356,12,12,12,12,12,12,12,12,12,12
1,1,450357,9,9,9,9,9,9,9,9,9,9
1,1,450358,19,19,19,19,19,19,19,19,19,19
1,1,450359,0,0,0,0,0,0,0,0,0,0
1,1,450360,21,21,21,21,21,21,21,21,21,21
1,1,450361,0,11,0,14,0,0,0,0,0,0
2,1,450361,0,0,0,0,0,0,0,0,0,0
0,1,450362,5,5,5,5,5,5,5,5,5,5
1,1,450362,19,16,19,2,8,10,10,2,0,25
1,1,450363,0,0,0,0,0,0,0,0,0,0
1,1,450364,0,0,0,0,0,0,0,0,0,0
2,1,450364,0,0,0,0,0,0,0,0,0,0
1,1,450365,12,0,0,0,14,0,0,0,0,2
1,1,450366,13,8,0,16,15,22,0,0,7,0
0,1,450367,29,29,29,29,29,29,29,29,29,29
1,1,450367,0,0,0,0,5,0,0,0,0,0
0,1,450368,25,25,25,25,25,25,25,25,25,25
1,1,450368,0,0,0,5,0,11,0,0,0,0
1,1,450369,28,28,28,28,28,28,28,28,28,28
0,1,450370,14,14,14,14,14,14,14,14,14,14
1,1,450370,17,14,2,0,0,0,15,0,0,5
1,1,450371,25,20,19,27,11,18,25,36,16,13
1,1,450372,0,0,0,0,0,0,0,0,8,0
2,1,450372,0,0,0,0,0,0,0,0,0,0
1,1,450373,0,0,0,0,0,0,0,0,0,0
2,1,450373,7,0,0,0,0,0,0,0,0,0
3,1,450373,0,0,0,0,0,0,0,0,0,0
4,1,450373,0,0,0,0,0,0,0,0,0,0
1,1,450374,0,0,0,0,0,0,0,0,0,0
1,1,450375,5,5,5,5,5,5,5,5,5,5
0,1,450376,0,0,0,0,0,0,0,0,0,0
1,1,450376,0,0,0,0,0,0,0,0,0,0
1,1,450377,0,0,0,0,0,0,0,0,0,0
1,1,450378,0,0,0,0,0,0,0,0,0,0
1,1,450379,0,0,0,0,0,0,0,10,0,7
2,1,450379,0,0,0,0,0,0,0,0,0,0
1,1,450380,19,19,19,19,19,19,19,19,19,19
1,1,450381,20,20,20,20,20,20,20,20,20,20
1,1,450382,26,26,26,26,26,26,26,26,26,26
1,1,450383,0,5,0,0,20,12,7,0,0,11
1,1,450384,7,7,7,7,7,7,7,7,7,7
0,1,450385,26,26,26,26,26,26,26,26,26,26
1,1,450385,0,0,0,0,0,0,5,0,0,0
1,1,450386,10,10,10,10,10,10,10,10,10,10
1,1,450387,0,0,0,0,0,0,0,0,0,0
1,1,450388,0,0,0,0,0,0,0,0,0,0
1,1,450389,13,13,13,13,13,13,13,13,13,13
1,1,450390,0,0,0,0,9,4,0,0,0,0
2,1,450390,21,15,22,26,7,16,14,26,17,33
1,1,450391,0,0,0,0,0,0,0,0,0,0
2,1,450391,0,0,0,0,0,0,0,0,0,0
1,1,450392,0,9,0,0,0,16,0,10,0,0
1,1,450393,12,12,12,12,12,12,12,12,12,12
1,1,450394,14,14,0,0,0,5,6,0,14,12
2,1,450394,0,0,22,0,5,7,0,14,5,0
1,1,450395,28,0,22,0,17,4,4,0,25,22
1,1,450396,0,0,0,0,0,0,0,0,0,0
1,1,450397,27,27,27,27,27,27,27,27,27,27
1,1,450398,0,0,18,0,0,0,0,0,0,0
2,1,450398,8,0,0,0,0,6,0,0,0,0
1,3,450399,0,6,15,14,0,0,23,0,0,0
0,1,450400,0,0,0,0,0,0,0,0,0,0
1,1,450400,0,0,0,0,0,0,0,0,12,6
1,1,450401,23,23,23,23,23,23,23,23,23,23
1,1,450402,0,0,0,0,0,0,0,0,0,0
2,1,450402,0,14,0,0,0,0,0,0,0,0
1,1,450403,0,0,0,0,0,0,0,0,0,0
1,1,450404,24,24,24,24,24,24,24,24,24,24
1,1,450405,0,0,0,0,0,0,0,0,0,0
2,1,450405,0,0,0,0,0,0,19,0,0,0
0,1,450406,19,19,19,19,19,19,19,19,19,19
0,2,450406,16,16,16,16,16,16,16,16,16,16
1,1,450406,7,0,0,0,0,0,0,5,0,0
1,1,450407,26,26,26,26,26,26,26,26,26,26
1,1,450408,0,0,0,0,0,0,0,4,0,0
1,1,450409,1,1,1,1,1,1,1,1,1,1
2,1,450409,0,0,0,0,0,0,0,0,0,0
3,1,450409,0,0,0,0,0,0,0,0,0,0
1,1,450410,0,0,0,0,0,0,0,0,0,0
1,1,450411,0,0,0,0,0,11,0,0,0,0
2,1,450411,0,0,0,0,0,32,0,5,0,0
1,1,450412,0,0,0,0,0,0,0,0,0,0
2,1,450412,0,0,0,0,0,0,0,0,0,0
1,1,450413,0,0,0,0,0,0,0,0,0,0
2,1,450413,0,0,0,0,0,0,0,0,0,0
1,1,450414,22,22,22,22,22,22,22,22,22,22
1,1,450415,6,6,6,6,6,6,6,6,6,6
2,1,450415,0,0,0,0,0,34,0,0,0,0
1,1,450416,16,16,16,16,16,16,16,16,16,16
1,1,450417,25,25,25,25,25,25,25,25,25,25
1,1,450418,0,0,0,0,0,18,0,0,0,0
1,1,450419,0,0,0,0,0,0,0,0,0,0
1,1,450420,0,0,0,0,0,0,0,0,0,0
2,1,450420,0,0,0,0,0,0,0,0,0,0
1,1,450421,35,35,35,35,35,35,35,35,35,35
1,1,450422,22,22,22,22,22,22,22,22,22,22
1,1,450423,9,9,9,9,9,9,9,9,9,9
2,1,450423,2,27,0,0,22,17,28,2,17,9
1,1,450424,0,0,0,0,0,0,0,0,0,0
2,1,450424,0,0,0,0,0,0,0,0,0,0
1,1,450425,0,0,0,0,0,0,0,0,0,21
2,1,450425,0,0,0,0,0,0,0,0,0,0
1,1,450426,4,6,0,0,0,0,16,0,0,8
2,1,450426,0,0,0,0,0,0,0,0,0,0
1,1,450427,26,26,26,26,26,26,26,26,26,26
1,1,450428,0,0,0,0,0,0,0,0,0,0
1,1,450429,0,0,0,0,0,0,0,26,0,0
0,1,450430,28,28,28,28,28,28,28,28,28,28
1,1,450430,21,0,10,16,23,0,7,0,16,0
1,1,450431,0,0,0,0,0,0,0,0,0,0
2,1,450431,0,0,0,0,29,0,0,0,0,0
1,1,450432,9,9,13,25,7,13,17,8,10,18
2,1,450432,22,0,0,0,0,0,0,15,0,0
1,1,450433,20,20,20,20,20,20,20,20,20,20
1,1,450434,0,0,26,0,0,13,16,0,0,0
1,1,450435,0,0,0,0,6,12,9,21,0,0
2,1,450435,2,2,2,2,2,2,2,2,2,2
1,1,450436,2,2,2,2,2,2,2,2,2,2
2,1,450436,0,0,0,0,0,0,0,14,0,0
3,1,450436,0,9,0,0,0,0,0,0,9,0
1,1,450437,0,0,0,0,0,0,0,0,0,0
1,1,450438,0,0,0,0,0,10,0,0,0,0
2,1,450438,16,0,0,0,0,0,0,0,0,0
1,1,450439,11,11,11,11,11,11,11,11,11,11
1,1,450440,0,0,0,0,0,0,0,0,0,0
2,1,450440,0,0,0,0,0,0,0,0,0,0
1,1,450441,29,29,29,29,29,29,29,29,29,29
2,1,450441,29,29,29,29,29,29,29,29,29,29
1,1,450442,0,0,0,0,0,0,0,0,0,0
2,1,450442,0,0,0,0,0,0,0,0,0,0
1,1,450443,0,0,0,0,0,0,0,0,0,0
1,1,450444,0,0,0,0,0,0,0,0,0,0
2,1,450444,0,8,0,0,0,0,0,0,0,0
1,1,450445,13,13,13,13,13,13,13,13,13,13
1,1,450446,0,0,0,0,0,15,0,0,9,0
2,1,450446,0,0,0,0,0,16,23,0,14,11
3,1,450446,0,0,0,0,0,0,0,0,0,0
1,1,450447,0,0,0,0,0,0,0,0,0,0
1,1,450448,17,0,17,0,0,13,12,7,9,0
1,1,450449,0,0,0,0,0,0,0,0,0,0
1,1,450450,0,0,0,0,0,0,0,0,0,0
1,1,450451,0,11,15,0,0,18,25,24,0,17
0,1,450452,0,0,0,0,0,0,0,0,0,0
1,1,450452,0,0,0,4,13,0,0,0,0,0
1,1,450453,0,0,0,0,0,0,0,0,0,0
2,1,450453,0,0,0,0,0,0,0,0,0,0
1,1,450454,0,0,0,0,0,0,0,0,0,0
2,1,450454,0,0,0,0,0,0,0,0,8,0
1,1,450455,16,16,16,16,16,16,16,16,16,16
1,1,450456,0,0,0,0,0,0,0,0,0,0
1,1,450457,0,6,0,0,0,16,0,18,13,0
0,1,450458,6,6,6,6,6,6,6,6,6,6
1,1,450458,0,0,0,0,0,0,3,0,0,0
1,1,450459,0,0,0,0,0,0,0,0,0,0
2,1,450459,0,0,9,0,0,0,0,0,0,0
1,1,450460,17,17,17,17,17,17,17,17,17,17
1,1,450461,18,18,18,18,18,18,18,18,18,18
1,1,450462,0,0,0,0,0,0,0,0,0,0
2,1,450462,0,0,0,0,0,0,0,0,0,0
3,1,450462,0,0,0,0,0,0,0,0,0,0
0,1,450463,0,16,21,0,0,24,0,0,0,0
1,1,450463,0,0,0,0,0,0,0,0,0,0
1,1,450464,18,18,18,18,18,18,18,18,18,18
1,1,450465,0,0,0,0,0,0,0,0,0,0
1,1,450466,0,0,0,0,0,0,0,0,0,0
2,1,450466,0,0,0,0,0,0,0,0,0,0
1,1,450467,0,0,0,0,0,0,0,0,0,0
2,1,450467,8,20,10,12,23,7,6,11,16,14
1,1,450468,0,0,0,0,0,0,0,0,0,0
1,1,450469,0,16,0,0,12,0,5,0,0,20
2,1,450469,0,13,13,21,15,18,24,16,17,12
1,1,450470,23,23,23,23,23,23,23,23,23,23
1,1,450471,0,0,0,0,0,0,0,0,0,0
1,1,450472,0,0,0,0,0,15,18,0,0,0
2,1,450472,0,0,0,0,0,0,0,0,0,0
1,1,450473,0,0,0,0,0,0,0,0,0,0
2,1,450473,17,0,16,0,29,0,0,0,0,0
3,1,450473,0,0,0,0,0,0,0,46,0,0
4,1,450473,0,0,0,0,0,0,0,0,0,0
5,1,450473,0,0,0,0,0,0,0,0,10,0
1,1,450474,0,0,0,0,0,0,0,0,0,0
2,1,450474,0,0,0,0,0,0,0,0,0,0
3,1,450474,0,0,0,0,0,17,0,0,0,0
1,1,450475,0,0,0,0,0,0,0,0,0,0
1,1,450476,6,6,6,6,6,6,6,6,6,6
0,1,450477,0,0,0,0,0,0,0,0,0,0
1,1,450477,0,0,0,0,0,0,0,0,0,0
1,1,450478,27,27,27,27,27,27,27,27,27,27
1,1,450479,9,9,9,9,9,9,9,9,9,9
1,1,450480,7,7,7,7,7,7,7,7,7,7
1,1,450481,21,21,21,21,21,21,21,21,21,21
1,1,450482,0,0,0,0,0,0,0,0,0,0
1,1,450483,0,0,0,0,0,0,0,0,0,0
1,1,450484,16,16,16,16,16,16,16,16,16,16
2,1,450484,0,0,0,0,0,0,0,0,12,0
3,1,450484,0,0,0,6,0,0,0,0,0,0
0,1,450485,0,0,0,0,0,0,0,0,0,0
1,1,450485,0,0,0,0,3,26,0,0,10,0
1,1,450486,17,17,17,17,17,17,17,17,17,17
1,1,450487,0,0,0,0,0,0,0,0,0,0
2,1,450487,0,0,0,0,0,0,0,0,0,0
3,1,450487,0,0,0,0,0,0,0,0,0,0
1,1,450488,0,0,0,0,0,0,0,8,0,0
2,1,450488,25,6,13,13,0,7,9,0,0,15
1,1,450489,0,0,0,0,0,0,0,0,0,0
1,1,450490,0,0,0,0,0,0,0,0,0,0
2,1,450490,0,0,0,0,0,0,24,0,0,0
3,1,450490,0,0,0,0,0,0,0,0,0,14
4,1,450490,0,0,0,0,0,0,0,0,0,0
5,1,450490,4,0,0,0,0,0,0,7,0,0
0,1,450491,28,13,15,25,22,45,5,0,43,36
1,1,450491,0,0,0,0,0,11,0,30,12,7
1,1,450492,23,23,23,23,23,23,23,23,23,23
1,1,450493,0,0,0,0,0,0,0,0,0,0
2,1,450493,0,0,0,0,0,0,0,0,0,0
0,1,450494,0,15,0,0,17,24,0,0,8,10
1,1,450494,22,0,0,0,0,17,0,0,0,0
1,1,450495,26,26,26,26,26,26,26,26,26,26
0,1,450496,0,0,0,0,0,0,0,0,0,0
1,1,450496,5,0,0,0,0,0,0,0,0,0
1,1,450497,23,23,23,23,23,23,23,23,23,23
1,1,450498,28,28,28,28,28,28,28,28,28,28
0,1,450499,0,0,0,0,0,0,0,0,0,0
1,1,450499,4,0,22,0,20,16,0,0,0,0
1,1,450500,17,17,17,17,17,17,17,17,17,17
1,1,450501,0,0,0,0,0,0,0,0,0,0
2,1,450501,0,0,0,0,0,0,0,0,0,0
1,1,450502,0,0,0,0,0,0,0,0,0,0
1,1,450503,0,0,0,0,0,0,0,0,0,0
2,1,450503,18,11,3,0,8,0,0,11,7,0
1,1,450504,20,20,20,20,20,20,20,20,20,20
1,1,450505,0,0,0,0,0,0,0,0,0,0
1,1,450506,21,21,21,21,21,21,21,21,21,21
0,1,450507,0,0,0,0,0,0,0,0,0,0
1,1,450507,15,4,21,30,0,21,11,9,9,29
1,1,450508,9,0,0,0,0,0,0,16,0,0
2,1,450508,25,25,25,25,25,25,25,25,25,25
1,1,450509,0,0,0,0,0,0,0,0,0,0
2,1,450509,0,0,0,0,0,0,0,0,0,0
3,1,450509,0,0,0,0,0,0,0,0,0,0
1,1,450510,9,9,9,9,9,9,9,9,9,9
1,1,450511,0,0,0,0,0,0,0,3,0,0
2,1,450511,0,0,0,0,0,0,0,0,0,0
3,1,450511,0,0,0,0,0,0,0,0,0,0
1,1,450512,17,10,41,9,21,13,15,23,6,11
1,1,450513,0,0,0,0,0,0,0,0,0,0
2,1,450513,0,0,0,0,0,0,0,0,0,0
1,1,450514,10,10,10,10,10,10,10,10,10,10
2,1,450514,0,0,19,3,0,0,0,0,0,4
1,1,450515,35,35,35,35,35,35,35,35,35,35
1,1,450516,23,23,23,23,23,23,23,23,23,23
1,1,450517,25,0,0,24,8,20,10,0,8,10
2,1,450517,0,0,0,10,11,0,0,16,0,0
1,1,450518,27,27,27,27,27,27,27,27,27,27
1,1,450519,12,12,12,12,12,12,12,12,12,12
2,1,450519,0,0,0,0,0,0,0,0,0,0
1,1,450520,0,0,0,0,0,0,0,0,0,0
2,1,450520,0,0,0,0,0,0,0,0,26,18
3,1,450520,0,0,0,0,0,0,0,0,0,0
1,1,450521,12,12,12,12,12,12,12,12,12,12
1,1,450522,0,0,0,0,0,0,0,0,0,0
2,1,450522,0,0,0,0,0,0,0,0,0,0
1,1,450523,27,27,27,27,27,27,27,27,27,27
1,1,450524,0,0,0,0,0,0,0,0,0,0
2,1,450524,2,2,2,2,2,2,2,2,2,2
1,1,450525,0,0,0,0,0,0,0,0,14,0
2,1,450525,11,0,19,0,0,0,0,0,0,0
1,1,450526,7,7,7,7,7,7,7,7,7,7
0,1,450527,22,22,22,22,22,22,22,22,22,22
0,2,450527,0,0,0,0,13,0,0,0,0,0
1,1,450527,16,16,16,16,16,16,16,16,16,16
1,1,450528,0,0,0,0,0,0,0,0,0,0
1,1,450529,16,16,16,16,16,16,16,16,16,16
0,1,450530,0,0,0,0,0,0,0,0,0,0
1,1,450530,0,0,0,0,0,0,0,0,0,0
1,1,450531,6,29,0,0,19,5,0,10,14,0
1,1,450532,0,14,0,0,0,24,0,0,0,0
1,1,450533,20,20,20,20,20,20,20,20,20,20
1,1,450534,0,0,0,0,0,0,0,0,0,0
2,1,450534,0,0,0,0,0,0,0,0,0,0
1,1,450535,0,0,0,0,0,0,0,0,0,0
2,1,450535,0,0,0,0,0,14,0,0,0,0
1,1,450536,18,18,18,18,18,18,18,18,18,18
1,1,450537,0,0,0,0,0,0,0,0,0,0
1,1,450538,12,12,12,12,12,12,12,12,12,12
2,1,450538,0,0,23,0,0,11,0,0,0,0
1,1,450539,29,29,29,29,29,29,29,29,29,29
1,1,450540,0,0,0,0,0,0,0,0,0,0
1,1,450541,0,0,0,0,0,0,0,0,0,0
1,1,450542,23,23,23,23,23,23,23,23,23,23
1,1,450543,0,0,0,0,0,0,0,0,0,0
1,1,450544,0,0,0,0,0,0,0,0,0,0
1,1,450545,0,0,0,0,0,0,0,0,0,0
1,1,450546,0,19,3,7,0,5,0,21,10,21
1,1,450547,0,14,0,0,0,0,0,0,0,0
2,1,450547,0,0,8,0,0,0,0,0,10,12
1,1,450548,0,0,0,0,11,0,0,0,0,0
2,1,450548,0,0,0,6,0,0,0,0,12,13
1,1,450549,0,0,0,0,0,0,0,0,0,0
1,1,450550,16,16,16,16,16,16,16,16,16,16
1,1,450551,0,0,0,0,26,0,31,0,0,0
1,1,450552,14,14,14,14,14,14,14,14,14,14
2,1,450552,0,0,0,0,0,0,0,0,0,0
1,1,450553,0,0,0,0,0,0,0,0,0,0
2,1,450553,0,0,0,0,0,0,0,0,0,0
1,1,450554,0,0,0,0,0,0,0,0,0,0
2,1,450554,0,0,0,0,0,0,0,0,0,0
1,1,450555,20,20,20,20,20,20,20,20,20,20
1,1,450556,0,0,0,0,0,0,0,0,0,0
2,1,450556,0,0,0,0,0,0,0,0,0,0
1,1,450557,16,16,16,16,16,16,16,16,16,16
1,1,450558,14,14,14,14,14,14,14,14,14,14
1,1,450559,0,0,0,0,0,0,0,0,0,0
1,1,450560,0,0,0,0,0,0,0,0,0,0
2,1,450560,0,0,0,0,12,0,0,0,0,0
1,1,450561,0,15,9,0,0,13,0,10,0,6
1,1,450562,7,7,7,7,7,7,7,7,7,7
1,1,450563,0,0,0,0,0,0,0,0,0,0
2,1,450563,17,6,9,0,0,15,0,0,9,0
1,1,450564,0,0,0,0,0,0,0,0,0,0
2,1,450564,0,0,0,8,0,0,0,0,0,0
3,1,450564,0,0,0,0,0,0,0,0,0,0
1,1,450565,12,12,12,12,12,12,12,12,12,12
1,1,450566,7,8,0,24,17,23,10,19,23,21
1,1,450567,0,0,0,0,0,0,0,0,0,0
2,1,450567,0,0,0,0,0,0,0,0,0,0
3,1,450567,0,0,0,0,0,0,0,5,0,0
1,1,450568,17,15,0,0,0,0,0,0,20,16
2,1,450568,0,0,0,0,0,0,0,0,0,0
1,1,450569,0,0,0,0,0,0,0,0,0,0
1,1,450570,26,26,26,26,26,26,26,26,26,26
1,1,450571,0,0,0,0,0,0,0,0,0,0
2,1,450571,0,0,0,0,0,0,0,0,0,0
1,1,450572,0,8,14,11,0,14,0,0,0,0
1,1,450573,1,1,1,1,1,1,1,1,1,1
2,1,450573,12,0,0,0,0,0,0,0,0,0
1,1,450574,23,23,23,23,23,23,23,23,23,23
0,1,450575,14,14,14,14,14,14,14,14,14,14
1,1,450575,0,0,0,0,0,0,0,0,0,0
1,1,450576,0,0,0,0,0,0,0,0,0,0
1,1,450577,0,0,0,0,0,0,0,0,0,0
2,1,450577,0,0,0,0,0,0,0,0,0,0
1,1,450578,27,27,27,27,27,27,27,27,27,27
1,1,450579,0,0,0,0,0,0,0,0,0,0
2,1,450579,0,0,0,0,0,0,0,0,0,0
6,1,450580,16,16,16,16,16,16,16,16,16,16
1,1,450581,19,16,27,18,27,12,23,17,8,14
1,1,450582,20,4,21,0,14,0,21,11,18,17
1,1,450583,0,0,0,16,0,0,0,0,0,5
2,1,450583,0,0,0,0,0,17,0,0,0,0
1,1,450584,22,22,22,22,22,22,22,22,22,22
1,1,450585,22,22,22,22,22,22,22,22,22,22
1,1,450586,0,25,0,15,0,0,21,0,24,4
2,1,450586,0,0,12,0,13,0,0,0,0,0
1,1,450587,15,20,12,6,0,17,7,0,19,17
1,1,450588,0,0,5,0,0,0,0,0,0,0
1,1,450589,0,0,0,11,0,0,0,24,0,0
2,1,450589,0,0,0,0,0,0,0,0,0,0
1,1,450590,25,21,13,6,0,7,15,21,7,9
2,1,450590,0,0,0,16,13,0,0,0,31,7
1,1,450591,0,0,9,0,0,17,14,0,0,0
1,1,450592,4,4,4,4,4,4,4,4,4,4
1,1,450593,0,0,0,0,0,0,0,0,0,0
1,1,450594,0,0,0,21,0,0,10,12,0,0
2,1,450594,20,20,20,20,20,20,20,20,20,20
1,1,450595,0,0,0,0,0,6,0,0,0,0
2,1,450595,0,0,0,0,0,0,0,0,15,0
1,1,450596,22,8,29,16,19,21,15,8,24,9
1,1,450597,0,0,0,0,0,0,0,0,0,0
2,1,450597,0,0,0,0,0,0,0,0,0,0
3,1,450597,0,0,0,0,0,0,0,2,0,0
0,1,450598,14,14,14,14,14,14,14,14,14,14
1,1,450598,0,9,16,0,0,0,0,0,0,13
1,1,450599,18,18,18,18,18,18,18,18,18,18
1,1,450600,24,24,24,24,24,24,24,24,24,24
1,1,450601,8,22,21,19,0,17,0,13,15,19
1,1,450602,0,0,0,0,0,0,0,0,0,0
2,1,450602,0,0,0,0,0,0,22,0,0,19
1,1,450604,0,0,0,0,0,0,0,0,0,0
2,1,450604,0,0,0,0,0,0,0,0,0,0
1,1,450605,0,0,0,0,0,0,0,0,0,0
2,1,450605,0,21,0,7,33,0,0,0,0,0
1,1,450606,0,0,0,0,0,0,0,0,0,0
2,1,450606,0,0,0,0,0,0,0,0,0,0
3,1,450606,0,0,0,0,0,0,0,0,0,0
4,1,450606,0,2,0,0,0,0,0,0,0,0
1,1,450607,0,0,0,0,0,0,0,0,0,0
1,1,450608,19,19,19,19,19,19,19,19,19,19
1,1,450609,0,0,0,0,0,4,0,0,0,20
1,1,450610,0,0,0,0,0,0,0,0,0,0
2,1,450610,0,0,0,0,0,0,0,0,0,0
0,1,450611,20,20,20,20,20,20,20,20,20,20
1,1,450611,0,0,0,0,0,0,0,0,0,0
0,1,450612,27,27,27,27,27,27,27,27,27,27
1,1,450612,0,0,0,0,0,0,0,12,0,0
1,1,450613,0,0,0,0,0,0,0,0,0,0
2,1,450613,0,0,0,0,0,0,0,0,0,0
0,1,450614,0,0,0,0,0,0,0,0,0,0
1,1,450614,0,0,0,0,0,0,0,7,0,0
1,1,450615,13,6,0,13,0,0,0,0,0,0
0,1,450616,0,0,0,0,0,0,0,0,0,0
1,1,450616,0,0,0,0,0,0,0,22,0,0
0,1,450617,0,0,0,0,0,0,0,0,0,0
1,1,450617,0,0,0,0,0,0,0,8,11,0
1,1,450618,24,24,24,24,24,24,24,24,24,24
1,1,450619,0,0,0,0,0,0,0,0,0,0
1,1,450620,6,17,9,16,22,12,22,22,8,13
1,1,450621,0,0,0,0,0,0,0,0,0,0
2,1,450621,0,0,0,0,0,0,0,0,0,0
1,1,450622,0,0,0,0,0,0,0,0,0,0
2,1,450622,0,0,0,0,0,0,0,0,0,0
1,1,450623,11,11,11,11,11,11,11,11,11,11
1,1,450624,0,0,0,0,0,0,0,0,0,0
1,1,450625,0,0,0,0,0,0,0,0,0,0
1,1,450626,7,7,7,7,7,7,7,7,7,7
2,1,450626,0,0,0,0,0,0,0,0,0,0
1,1,450627,33,33,33,33,33,33,33,33,33,33
1,1,450628,0,0,0,0,0,0,0,0,0,0
2,1,450628,12,0,0,0,0,0,0,0,0,0