VEH_NO,PER_NO,ST_CASE,P1,P2,P3,P4,P5,P6,P7,P8,P9,P10
2,1,470039,0,10,0,0,0,0,0,0,0,0
1,1,470040,0,0,0,11,0,0,0,0,11,16
1,1,470041,0,0,0,0,0,0,0,0,0,0
2,1,470041,0,0,0,0,0,0,0,0,0,0
1,1,470042,21,21,21,21,21,21,21,21,21,21
0,1,470043,10,10,10,10,10,10,10,10,10,10
1,1,470043,16,0,0,0,0,0,0,0,0,0
0,1,470044,0,0,0,0,0,0,0,0,0,0
1,1,470044,0,0,0,0,0,7,0,0,0,0
1,1,470045,0,0,0,0,0,0,0,0,0,0
1,1,470046,11,0,0,0,0,0,0,0,25,0
2,1,470046,0,0,0,0,0,0,0,0,0,0
1,1,470047,0,0,0,0,0,0,0,0,0,0
2,1,470047,16,8,0,0,0,10,0,0,0,10
1,1,470048,33,9,22,12,21,8,13,12,0,7
1,1,470049,0,0,0,0,0,14,0,0,0,0
2,1,470049,0,0,0,0,0,0,0,0,0,0
1,1,470050,23,23,23,23,23,23,23,23,23,23
1,1,470051,0,0,0,0,0,0,0,0,0,0
1,1,470052,22,22,22,22,22,22,22,22,22,22
0,1,470053,0,0,24,0,6,0,25,24,6,0
1,1,470053,0,0,0,0,0,0,0,0,0,0
1,1,470054,0,0,0,0,0,0,0,0,0,0
2,1,470054,0,0,0,0,0,0,0,0,0,0
1,1,470055,0,0,0,0,0,0,0,0,0,0
2,1,470055,0,0,0,0,0,0,0,0,0,0
1,1,470056,13,13,13,13,13,13,13,13,13,13
1,1,470057,11,11,11,11,11,11,11,11,11,11
1,1,470058,0,0,0,0,0,6,0,0,0,0
0,1,470059,0,19,23,15,17,30,18,16,19,5
1,1,470059,0,0,0,0,0,0,0,0,0,0
1,1,470060,0,0,0,0,0,14,0,0,0,0
1,1,470061,15,0,0,22,30,8,22,24,32,13
1,1,470062,0,7,0,0,0,22,18,0,0,8
1,1,470063,0,21,17,21,0,7,13,23,0,23
1,1,470064,0,0,0,0,0,0,0,0,0,0
2,1,470064,16,0,0,13,0,0,0,26,0,0
1,1,470065,0,0,0,0,0,0,0,0,0,0
1,1,470066,17,17,17,17,17,17,17,17,17,17
1,1,470067,0,0,0,0,0,0,0,0,0,0
1,1,470068,0,0,0,0,0,0,0,0,0,0
2,1,470068,0,0,0,0,0,0,0,0,0,0
1,1,470069,0,0,0,0,0,0,0,0,0,0
1,1,470070,25,25,25,25,25,25,25,25,25,25
2,1,470070,0,0,0,0,0,0,0,0,0,0
1,1,470071,0,0,0,0,0,0,0,0,0,0
2,1,470071,0,0,0,0,0,0,0,0,0,10
3,1,470071,0,0,0,0,0,0,0,0,0,0
1,1,470072,0,0,0,0,11,0,0,13,0,0
1,1,470073,14,14,14,14,14,14,14,14,14,14
1,1,470074,5,0,0,7,10,8,0,0,0,8
1,1,470075,13,13,13,13,13,13,13,13,13,13
1,1,470076,32,32,32,32,32,32,32,32,32,32
1,1,470077,0,0,0,0,0,0,0,0,0,0
1,1,470078,0,0,0,0,0,0,0,0,0,0
2,1,470078,0,0,0,0,0,0,0,0,0,0
0,1,470079,6,39,0,0,0,16,0,0,14,0
1,1,470079,0,0,0,0,0,0,0,0,0,0
1,1,470080,5,5,5,5,5,5,5,5,5,5
2,1,470080,3,3,3,3,3,3,3,3,3,3
0,1,470081,0,0,0,0,11,0,0,0,8,0
1,1,470081,0,0,0,0,0,0,0,0,0,0
1,1,470082,26,26,26,26,26,26,26,26,26,26
1,1,470083,0,0,0,0,0,0,0,0,0,0
1,1,470084,0,20,15,0,0,0,0,0,19,0
1,1,470085,7,7,7,7,7,7,7,7,7,7
1,1,470086,6,6,6,6,6,6,6,6,6,6
1,1,470087,0,19,9,20,10,20,18,0,10,7
1,1,470088,0,0,0,0,0,0,0,0,0,0
1,1,470089,0,0,0,0,0,0,0,0,0,0
2,1,470089,0,0,22,0,0,0,0,0,0,0
1,1,470090,24,24,24,24,24,24,24,24,24,24
1,1,470091,0,0,0,0,0,0,0,0,0,0
2,1,470091,0,0,0,0,0,0,0,0,0,0
3,1,470091,0,0,0,0,0,0,0,0,0,0
1,1,470092,0,0,0,0,0,0,0,0,0,0
2,1,470092,0,0,0,0,0,0,0,0,0,0
3,1,470092,0,0,0,0,0,0,0,0,0,0
1,1,470093,19,19,19,19,19,19,19,19,19,19
1,1,470094,0,0,0,0,0,0,12,0,0,0
1,1,470095,0,0,0,0,0,0,0,8,0,8
1,1,470096,0,0,0,9,0,0,0,0,0,0
0,1,470097,0,17,0,0,16,23,0,22,14,0
1,1,470097,0,0,0,0,0,0,0,0,0,0
1,1,470099,0,0,0,0,0,0,0,0,0,0
2,1,470099,11,0,0,0,0,0,0,0,0,0
1,1,470100,0,0,11,0,15,11,0,0,0,7
1,1,470101,5,5,5,5,5,5,5,5,5,5
0,1,470102,0,23,0,33,16,25,0,13,29,0
1,1,470102,4,0,8,0,0,0,0,0,0,11
0,1,470103,16,0,0,0,0,54,13,6,40,0
1,1,470103,0,0,0,3,0,0,0,0,8,0
1,1,470104,26,14,15,16,15,21,43,15,9,15
1,1,470105,15,15,15,15,15,15,15,15,15,15
2,1,470105,0,0,0,0,0,5,0,0,0,16
3,1,470105,0,8,0,0,0,0,0,15,0,0
0,1,470106,30,45,0,18,0,8,17,0,11,25
1,1,470106,0,13,0,0,0,0,0,0,0,0
1,1,470107,13,13,13,13,13,13,13,13,13,13
0,1,470108,0,0,0,0,0,0,0,0,0,0
1,1,470108,0,0,0,0,0,0,0,0,0,0
1,1,470109,23,23,23,23,23,23,23,23,23,23
0,1,470110,0,0,38,3,0,7,0,23,25,15
1,1,470110,0,0,0,0,0,0,0,0,0,0
0,1,470111,2,0,0,20,4,0,14,0,0,0
1,1,470111,0,0,0,0,0,0,0,0,0,0
1,1,470112,18,10,0,0,0,0,0,0,0,16
2,1,470112,0,0,0,0,0,0,13,26,0,0
3,1,470112,0,0,0,5,0,0,0,0,0,0
1,1,470113,5,5,5,5,5,5,5,5,5,5
1,1,470114,25,25,25,25,25,25,25,25,25,25
1,1,470115,18,18,18,18,18,18,18,18,18,18
1,1,470116,20,20,20,20,20,20,20,20,20,20
2,1,470116,0,0,0,0,0,0,0,0,0,0
1,1,470117,9,9,9,9,9,9,9,9,9,9
1,1,470118,18,18,18,18,18,18,18,18,18,18
1,1,470119,0,0,0,0,0,0,0,0,0,0
2,1,470119,0,0,0,0,0,0,0,0,0,0
1,1,470120,10,10,10,10,10,10,10,10,10,10
1,1,470121,0,0,0,0,0,0,0,0,19,0
2,1,470121,0,0,0,0,0,0,0,0,0,0
1,1,470122,19,19,19,19,19,19,19,19,19,19
1,1,470123,0,0,0,0,0,0,0,0,0,0
1,1,470124,19,19,19,19,19,19,19,19,19,19
1,1,470125,24,24,24,24,24,24,24,24,24,24
1,1,470126,0,0,0,0,0,0,0,0,0,0
1,1,470127,0,0,0,0,0,0,0,0,0,0
1,1,470128,0,0,0,0,0,0,0,0,0,0
2,1,470128,0,0,0,0,0,0,0,0,8,0
1,1,470129,23,23,23,23,23,23,23,23,23,23
1,1,470130,26,19,21,40,18,24,11,22,15,25
1,1,470131,0,0,0,0,0,0,0,0,0,0
2,1,470131,0,0,0,0,0,0,0,0,0,0
3,1,470131,0,0,0,0,0,0,0,0,0,0
1,1,470132,10,10,10,10,10,10,10,10,10,10
1,1,470133,0,0,0,0,0,0,0,0,0,0
2,1,470133,0,0,0,0,0,0,0,0,0,0
1,1,470134,0,0,0,0,0,0,0,0,0,0
1,1,470135,11,11,11,11,11,11,11,11,11,11
1,1,470136,0,0,0,0,0,0,0,0,0,0
1,1,470137,15,15,15,15,15,15,15,15,15,15
1,1,470138,0,0,0,0,0,0,0,0,0,0
1,1,470139,0,0,0,0,18,0,0,0,0,0
1,1,470140,0,22,0,0,0,0,29,0,0,0
2,1,470140,0,0,0,0,0,0,0,0,0,0
1,1,470141,0,0,0,0,0,0,0,0,0,0
1,1,470142,22,12,0,17,20,0,15,0,15,17
1,1,470143,27,27,27,27,27,27,27,27,27,27
1,1,470144,0,0,0,0,0,0,0,0,0,0
1,1,470145,0,0,0,0,0,0,0,0,0,0
1,1,470146,0,0,0,0,0,0,0,0,0,0
2,1,470146,0,0,0,0,0,0,0,0,0,0
3,1,470146,0,0,0,0,0,0,0,0,0,0
4,1,470146,0,0,0,0,0,0,0,0,0,0
1,1,470147,0,0,0,0,0,0,0,0,0,0
2,1,470147,0,0,0,0,0,0,0,0,0,0
1,1,470148,0,0,0,0,0,0,0,0,0,0
2,1,470148,0,0,0,0,0,0,0,0,0,0
1,1,470149,3,3,3,3,3,3,3,3,3,3
2,1,470149,0,0,0,0,0,0,0,0,0,0
1,1,470150,0,0,0,0,0,0,0,0,0,0
2,1,470150,0,0,0,0,0,0,0,0,0,0
1,1,470151,0,10,0,0,0,0,0,0,0,8
2,1,470151,0,0,0,0,0,0,0,0,0,0
1,1,470152,0,0,0,0,0,0,0,0,0,0
2,1,470152,0,0,0,0,0,0,0,0,0,0
1,1,470153,0,0,0,0,0,0,0,0,0,0
2,1,470153,0,0,0,0,0,0,0,0,0,0
1,1,470154,11,15,0,0,0,0,0,0,0,9
1,1,470155,22,22,22,22,22,22,22,22,22,22
1,1,470156,0,0,0,32,0,0,0,0,0,0
1,1,470157,20,20,20,20,20,20,20,20,20,20
1,1,470158,0,0,0,0,0,0,0,0,0,0
1,1,470159,0,0,0,0,0,0,0,0,0,0
2,1,470159,0,0,0,0,0,0,0,0,0,0
1,1,470160,0,0,0,0,0,0,0,0,0,0
2,1,470160,0,0,0,0,0,0,0,0,0,0
1,1,470161,0,5,13,0,20,30,0,8,8,14
1,1,470162,24,24,24,24,24,24,24,24,24,24
1,1,470163,16,16,16,16,16,16,16,16,16,16
2,1,470163,0,0,0,0,0,0,0,0,0,0
0,1,470164,0,19,0,26,9,19,17,22,36,0
1,1,470164,0,0,0,0,0,0,0,0,0,0
1,1,470165,0,6,0,0,0,0,0,0,0,10
1,1,470166,0,0,0,0,0,0,0,0,0,0
1,1,470167,26,26,26,26,26,26,26,26,26,26
1,1,470168,22,22,22,22,22,22,22,22,22,22
2,1,470168,0,0,0,0,0,0,0,0,0,0
1,1,470169,13,13,13,13,13,13,13,13,13,13
1,1,470170,0,0,0,0,0,0,0,0,0,0
1,1,470171,11,16,15,22,13,21,16,20,27,19
1,1,470172,24,24,24,24,24,24,24,24,24,24
1,1,470173,28,28,28,28,28,28,28,28,28,28
1,1,470174,0,0,0,0,0,0,0,0,0,0
2,1,470174,0,0,0,0,0,0,0,0,0,0
3,1,470174,0,0,0,0,0,0,0,0,0,0
1,1,470175,0,0,0,0,0,0,0,0,0,0
1,1,470177,0,0,0,0,0,0,0,0,0,0
2,1,470177,0,0,0,0,0,0,0,0,0,0
1,1,470178,8,8,8,8,8,8,8,8,8,8
2,1,470178,0,0,0,0,0,0,0,0,0,0
1,1,470179,0,0,0,0,0,0,0,0,0,0
1,1,470180,0,0,0,0,0,0,0,0,0,0
2,1,470180,0,0,0,0,0,0,0,0,0,0
0,1,470181,0,0,7,27,0,21,34,0,0,5
1,1,470181,0,0,0,0,0,0,0,0,0,0
1,1,470182,0,0,0,0,0,0,0,0,0,0
2,1,470182,0,0,0,0,0,0,0,0,0,0
1,1,470183,0,0,0,0,0,0,0,0,0,0
2,1,470183,0,0,0,0,0,0,0,0,0,0
1,1,470184,0,0,0,0,0,0,10,0,0,0
1,1,470185,0,0,0,0,0,0,0,0,0,0
2,1,470185,0,0,0,0,0,0,0,0,0,0
1,1,470186,17,31,18,20,22,0,0,0,18,0
2,1,470186,0,0,0,16,0,0,0,0,0,0
1,1,470187,0,0,0,0,0,0,0,0,0,0
1,1,470188,27,27,27,27,27,27,27,27,27,27
1,1,470189,0,0,0,0,0,0,0,0,0,0
1,1,470190,0,0,0,0,0,0,0,13,0,0
2,1,470190,0,0,0,0,0,0,0,0,0,0
0,1,470191,19,0,11,14,0,0,0,0,9,0
1,1,470191,0,0,0,0,0,0,0,0,0,0
1,1,470192,0,0,0,0,0,0,0,0,0,0
2,1,470192,20,0,0,19,6,17,23,15,14,0
0,1,470193,0,0,0,0,0,0,0,0,0,0
1,1,470193,0,0,0,0,0,0,0,0,0,0
1,1,470194,0,0,0,0,0,0,0,0,0,0
2,1,470194,0,0,0,0,0,0,2,0,0,0
1,1,470195,0,0,0,0,0,0,0,0,0,0
1,1,470196,0,0,0,0,0,0,0,0,0,0
2,1,470196,0,0,0,0,0,0,0,0,0,0
1,1,470197,18,13,24,19,25,18,27,15,25,16
1,1,470198,8,8,8,8,8,8,8,8,8,8
1,1,470199,0,0,0,0,0,0,0,0,0,0
2,1,470199,0,0,0,0,0,0,0,0,0,0
1,1,470200,0,0,0,0,0,0,0,8,0,0
2,1,470200,25,25,25,25,25,25,25,25,25,25
3,1,470200,0,0,0,0,0,0,0,0,0,0
0,1,470201,30,30,30,30,30,30,30,30,30,30
1,1,470201,9,9,9,9,9,9,9,9,9,9
1,1,470202,0,0,0,0,13,0,0,0,0,0
1,1,470203,0,0,22,20,0,13,0,15,28,27
1,1,470204,0,0,0,0,0,0,0,0,0,0
2,1,470204,0,0,0,0,0,0,0,0,0,0
1,1,470205,0,0,0,0,0,0,0,0,0,0
1,1,470206,0,0,0,0,0,0,0,0,0,0
2,1,470206,0,0,0,0,0,0,0,0,0,0
1,1,470207,0,0,0,0,0,0,0,0,0,0
1,1,470208,0,0,0,0,0,0,0,0,0,0
1,1,470209,0,0,0,0,0,0,0,0,0,0
1,1,470210,0,10,0,12,0,0,0,0,15,0
1,1,470211,0,0,0,0,0,0,0,0,0,0
2,1,470211,0,0,0,0,0,0,0,0,0,0
1,1,470212,0,0,0,0,0,0,0,0,0,0
2,1,470212,0,0,0,0,0,0,0,0,0,0
1,1,470213,27,0,15,0,20,0,0,29,0,12
1,1,470214,0,0,0,0,0,0,0,0,0,0
1,1,470215,0,0,0,5,5,16,0,10,0,0
1,1,470216,0,0,0,0,0,0,0,0,0,0
2,1,470216,0,21,0,0,0,0,0,2,0,11
1,1,470217,16,16,16,16,16,16,16,16,16,16
1,1,470218,0,0,0,0,0,0,0,0,0,0
1,1,470219,20,20,20,20,20,20,20,20,20,20
1,1,470220,0,0,0,0,0,0,0,0,0,0
1,1,470221,7,7,7,7,7,7,7,7,7,7
2,1,470221,0,0,0,0,0,0,0,0,15,30
3,1,470221,0,0,0,0,0,0,0,0,0,0
4,1,470221,0,0,0,0,0,0,0,0,0,0
5,1,470221,0,0,0,0,0,6,0,14,10,5
6,1,470221,0,0,0,0,0,0,0,8,0,0
7,1,470221,0,0,0,0,0,0,0,0,0,0
1,1,470222,0,0,0,0,0,0,0,0,0,0
1,1,470223,23,23,23,23,23,23,23,23,23,23
1,1,470224,3,0,0,0,0,0,0,0,6,0
2,1,470224,0,0,14,0,12,9,10,0,0,3
0,1,470225,21,21,21,21,21,21,21,21,21,21
1,1,470225,19,0,13,0,9,0,0,0,5,0
1,1,470226,0,0,0,0,0,0,0,0,0,0
1,1,470228,0,0,0,0,0,0,0,0,0,0
1,1,470229,13,13,13,13,13,13,13,13,13,13
2,1,470229,0,0,0,0,0,0,0,0,0,0
3,1,470229,0,0,0,0,0,0,0,0,0,0
1,1,470230,0,22,7,13,19,36,0,33,26,6
1,1,470231,36,36,36,36,36,36,36,36,36,36
1,1,470232,0,0,0,0,16,0,13,0,0,0
1,1,470233,0,0,0,0,0,0,0,0,0,0
2,1,470233,0,0,0,0,0,0,0,0,0,0
1,1,470234,0,0,0,0,0,0,0,0,0,0
2,1,470234,0,0,0,0,0,0,0,0,0,0
1,1,470235,0,0,0,0,4,0,7,11,0,0
1,1,470236,0,17,0,0,0,0,0,0,34,0
1,1,470237,23,23,23,23,23,23,23,23,23,23
1,1,470238,0,0,0,0,0,0,0,0,0,0
2,1,470238,0,0,0,0,0,0,0,0,0,0
1,1,470239,0,0,15,0,0,15,0,0,0,0
2,1,470239,0,0,0,0,0,0,0,0,0,0
1,1,470240,0,25,10,20,0,0,0,0,0,34
1,1,470241,0,0,0,0,0,0,0,0,0,0
1,1,470242,12,12,12,12,12,12,12,12,12,12
0,1,470243,0,11,0,0,0,0,0,0,0,13
1,1,470243,0,0,0,0,0,0,0,0,0,0
1,1,470244,0,0,0,0,0,0,0,0,0,0
2,1,470244,0,0,0,13,0,0,0,0,0,0
3,1,470244,0,0,0,0,0,0,0,0,0,0
1,1,470245,0,16,0,0,0,0,0,0,0,9
2,1,470245,0,0,0,0,0,0,0,0,0,0
1,1,470246,0,8,0,0,0,0,14,0,0,0
2,1,470246,0,0,0,0,0,0,0,0,0,0
0,1,470247,0,0,0,0,0,0,0,0,0,0
1,1,470247,0,0,17,0,0,0,11,0,23,0
1,1,470248,16,16,16,16,16,16,16,16,16,16
2,1,470248,10,15,9,0,7,10,0,23,0,0
3,1,470248,14,0,5,0,12,11,0,0,0,0
1,1,470249,17,17,17,17,17,17,17,17,17,17
1,1,470250,0,0,0,0,0,0,0,0,18,0
2,1,470250,8,0,0,10,0,0,0,0,0,5
1,1,470251,0,0,0,0,0,0,0,0,0,0
2,1,470251,0,0,0,0,0,0,0,0,6,0
1,1,470252,0,0,0,0,0,0,0,0,0,0
1,1,470253,11,11,11,11,11,11,11,11,11,11
2,1,470253,0,0,0,0,0,0,0,0,0,0
1,1,470254,0,0,0,14,6,0,0,0,0,5
1,1,470255,7,7,7,7,7,7,7,7,7,7
1,1,470256,13,0,0,0,0,0,0,0,0,0
1,1,470257,22,22,22,22,22,22,22,22,22,22
2,1,470257,0,0,0,0,0,0,0,0,0,0
1,1,470258,0,0,0,0,0,0,0,0,0,0
2,1,470258,0,0,22,20,18,15,17,32,25,11
1,1,470259,0,0,0,0,9,0,0,0,0,0
1,1,470260,0,0,7,6,0,11,0,0,0,0
1,1,470261,23,23,23,23,23,23,23,23,23,23
1,1,470262,0,0,0,0,0,0,0,0,0,0
2,1,470262,0,0,0,0,0,0,18,0,0,0
1,1,470263,0,0,0,0,0,0,0,0,0,0
1,1,470264,0,0,0,0,0,0,0,0,0,0
2,1,470264,0,0,0,0,0,0,0,0,0,0
3,1,470264,0,0,0,0,0,0,0,0,0,0
4,1,470264,0,0,0,0,0,0,0,0,0,0
1,1,470265,24,24,24,24,24,24,24,24,24,24
2,1,470265,0,0,0,0,0,0,0,14,0,0
0,1,470266,0,0,0,0,0,0,0,0,0,10
1,1,470266,0,0,0,0,0,0,0,0,0,0
1,1,470267,0,0,0,8,0,0,0,0,0,0
1,1,470268,0,0,0,0,0,0,0,0,0,0
2,1,470268,0,0,0,0,0,0,0,0,0,0
1,1,470269,0,0,0,0,0,0,0,0,0,10
2,1,470269,0,0,0,0,0,0,0,0,0,0
1,1,470270,0,31,0,18,16,17,6,25,0,21
1,1,470271,0,0,0,0,0,0,0,0,0,0
1,1,470272,24,20,26,0,35,0,30,0,0,35
1,1,470273,0,0,0,0,0,0,0,0,0,0
1,1,470274,0,0,0,0,0,0,0,0,0,0
2,1,470274,0,0,0,0,0,0,0,0,0,0
1,1,470275,0,0,0,0,0,0,0,0,0,0
1,1,470276,0,17,9,0,0,0,0,0,0,0
1,1,470277,0,0,0,0,0,0,0,0,0,0
1,1,470278,0,0,0,0,0,0,0,0,0,0
1,1,470279,0,0,0,0,0,0,0,0,0,0
1,1,470280,15,15,15,15,15,15,15,15,15,15
2,1,470280,0,0,0,0,0,0,0,0,0,0
1,1,470281,25,15,22,24,11,14,19,23,6,22
1,1,470282,0,6,0,0,0,10,0,0,0,0
1,1,470283,22,22,22,22,22,22,22,22,22,22
1,1,470284,0,0,0,0,0,0,0,0,0,0
2,1,470284,14,14,14,14,14,14,14,14,14,14
1,1,470285,0,0,0,0,0,0,0,0,0,0
2,1,470285,0,0,0,0,0,0,0,0,0,0
3,1,470285,0,0,0,0,0,0,0,0,0,0
1,1,470286,7,0,20,0,0,17,0,22,15,0
1,1,470287,0,0,0,0,0,0,0,0,0,0
1,1,470288,0,0,0,0,0,0,0,0,0,0
2,1,470288,0,0,0,0,0,0,0,0,0,0
1,1,470289,0,0,0,0,0,0,0,0,0,0
1,1,470290,0,0,0,0,0,0,0,0,0,0
2,1,470290,0,0,0,0,0,0,0,0,0,0
1,1,470291,14,16,18,12,26,22,26,7,25,25
1,1,470292,0,0,0,0,0,0,0,0,0,0
2,1,470292,0,0,0,0,0,0,0,0,0,0
3,1,470292,0,0,0,0,0,0,0,0,0,0
1,1,470293,13,13,13,13,13,13,13,13,13,13
1,1,470294,0,0,0,0,0,0,0,0,0,0
2,1,470294,0,0,0,0,0,0,0,0,0,0
1,1,470295,0,0,0,0,0,0,0,0,0,0
1,1,470296,12,12,12,12,12,12,12,12,12,12
1,1,470297,0,0,0,19,21,0,14,0,19,27
1,1,470298,0,0,0,0,0,0,0,0,0,0
2,1,470298,0,0,0,0,0,0,0,0,0,0
0,1,470299,0,0,0,0,0,0,0,0,0,0
0,2,470299,0,0,0,0,0,0,18,0,0,0
1,1,470299,0,0,0,0,0,0,0,0,0,0
1,1,470300,0,0,0,0,0,0,0,0,0,0
2,1,470300,0,0,0,0,0,0,0,0,0,0
0,1,470301,35,35,35,35,35,35,35,35,35,35
0,2,470301,0,17,8,12,15,23,8,0,50,0
1,1,470301,0,0,0,0,0,0,0,0,0,0
1,1,470302,10,10,10,10,10,10,10,10,10,10
1,1,470303,13,13,13,13,13,13,13,13,13,13
2,1,470303,7,0,0,0,0,12,7,0,0,23
1,1,470305,0,0,0,0,0,0,0,0,0,0
2,1,470305,0,0,0,0,0,0,0,12,0,0
1,1,470306,29,0,0,0,0,0,0,15,0,0
1,1,470307,0,0,0,0,0,11,0,0,0,0
1,1,470308,4,4,4,4,4,4,4,4,4,4
1,1,470309,0,0,10,0,0,0,0,0,0,0
1,1,470310,0,0,0,0,0,0,0,0,0,0
2,1,470310,0,0,0,0,0,0,0,0,0,0
1,1,470311,0,0,0,0,0,0,0,0,0,0
2,1,470311,0,0,0,0,0,0,0,0,0,0
3,1,470311,0,0,0,0,0,0,0,0,0,0
1,1,470312,29,29,26,32,9,25,35,27,27,23
1,1,470313,10,24,9,10,23,0,36,17,0,40
1,1,470314,7,0,0,0,4,0,0,13,19,0
0,1,470315,25,18,10,35,18,10,28,11,19,15
1,1,470315,13,11,19,0,6,15,5,15,0,9
1,1,470316,0,0,0,0,0,0,0,0,0,0
1,1,470317,0,0,0,0,0,0,0,0,0,0
2,1,470317,0,0,0,0,0,0,0,0,0,0
1,1,470318,14,14,14,14,14,14,14,14,14,14
1,1,470319,0,0,0,0,0,0,0,0,0,0
1,1,470320,0,0,0,0,4,0,0,12,0,0
2,1,470320,0,0,0,0,0,0,0,0,0,0
1,1,470321,17,17,17,17,17,17,17,17,17,17
0,1,470322,12,60,14,32,10,13,18,18,9,19
1,1,470322,0,0,0,0,0,0,0,0,0,0
1,1,470323,0,0,0,0,0,0,0,0,0,0
2,1,470323,12,4,17,4,16,0,14,17,4,17
1,1,470324,0,0,0,0,0,0,0,0,0,0
2,1,470324,0,0,0,0,0,0,0,0,0,0
1,1,470325,0,0,0,0,0,0,0,0,0,0
1,1,470326,12,12,12,12,12,12,12,12,12,12
2,1,470326,0,9,0,0,0,0,26,16,0,0
1,1,470327,7,14,15,12,3,0,6,0,0,0
2,1,470327,0,0,0,0,0,0,0,0,0,0
1,1,470329,6,6,6,6,6,6,6,6,6,6
2,1,470329,0,0,0,0,0,0,0,0,0,0
0,1,470330,27,15,28,24,37,0,24,17,4,0
1,1,470330,0,0,0,0,0,0,0,0,0,0
1,1,470331,0,0,0,0,0,0,0,0,0,0
0,1,470332,0,0,0,0,0,0,0,0,0,0
1,1,470332,0,0,0,0,0,0,0,0,0,0
1,1,470333,0,0,0,0,0,0,0,0,0,0
1,1,470334,0,0,0,0,0,0,0,0,0,0
1,1,470335,26,10,24,28,13,28,16,33,27,4
1,1,470336,23,8,5,3,0,13,9,18,5,22
2,1,470336,0,0,0,0,0,0,0,0,0,0
0,1,470337,0,8,0,0,0,0,0,0,0,0
1,1,470337,0,0,0,0,0,0,0,0,0,0
1,1,470338,0,0,0,0,0,0,5,0,0,0
2,1,470338,0,0,0,0,0,0,0,0,9,0
1,1,470339,0,0,0,0,0,0,0,0,0,0
1,1,470340,0,0,0,5,0,0,0,11,0,8
2,1,470340,0,0,0,0,0,0,0,0,0,0
0,1,470341,14,27,28,0,0,7,13,0,18,13
1,1,470341,8,0,4,0,0,4,10,0,0,9
1,1,470342,0,0,0,0,0,0,0,0,0,0
2,1,470342,0,0,0,0,0,0,0,0,0,0
1,1,470343,0,0,0,0,0,0,0,0,0,0
2,1,470343,0,0,0,0,0,0,0,0,0,0
1,1,470344,0,0,0,0,0,0,0,0,0,0
2,1,470344,10,10,10,10,10,10,10,10,10,10
1,1,470345,0,0,0,0,0,0,0,0,0,0
2,1,470345,0,0,0,0,18,0,16,0,0,0
1,1,470346,0,0,0,0,0,0,0,0,0,0
1,1,470347,2,2,2,2,2,2,2,2,2,2
1,1,470348,24,24,24,24,24,24,24,24,24,24
1,1,470349,0,0,0,9,0,0,0,27,0,12
1,1,470350,12,12,12,12,12,12,12,12,12,12
1,1,470351,0,0,0,0,0,0,0,0,0,0
2,1,470351,0,0,10,0,0,0,19,0,3,0
1,1,470352,0,0,0,0,0,0,0,0,0,0
1,1,470353,15,9,13,35,28,21,0,24,39,14
1,1,470354,0,0,0,0,0,0,0,0,0,0
1,1,470355,13,21,19,15,27,9,9,30,19,23
1,1,470356,0,0,0,0,0,0,0,0,0,0
1,1,470357,0,0,0,0,0,0,0,0,0,0
2,1,470357,0,0,0,0,0,0,0,0,0,0
1,1,470358,0,0,0,0,0,0,0,0,0,0
0,1,470359,0,18,6,16,0,0,0,23,0,5
1,1,470359,0,0,0,14,7,0,0,0,0,14
1,1,470360,0,0,0,11,26,4,8,0,0,0
2,1,470360,0,0,0,0,0,0,0,0,0,0
1,1,470361,12,12,0,9,0,8,0,9,0,26
2,1,470361,0,0,0,0,0,0,0,0,0,25
1,1,470362,17,13,14,20,11,24,19,22,17,0
1,1,470363,0,0,0,0,0,0,0,24,0,0
1,1,470364,0,0,0,0,0,0,0,0,15,7
0,1,470365,11,25,17,14,0,0,0,8,16,0
1,1,470365,8,0,0,0,0,0,0,0,0,0
0,1,470366,0,0,38,0,21,33,0,6,0,0
1,1,470366,0,0,0,0,0,0,0,0,0,0
1,1,470367,16,16,16,16,16,16,16,16,16,16
1,1,470368,0,0,0,0,0,0,0,0,0,0
2,1,470368,0,0,0,0,7,0,0,0,0,0
1,1,470369,0,0,0,0,0,0,0,0,0,0
2,1,470369,0,0,0,0,0,0,0,0,0,0
0,1,470370,0,0,0,22,0,16,0,15,0,0
1,1,470371,21,21,21,21,21,21,21,21,21,21
1,1,470372,0,0,0,0,0,0,0,0,0,0
1,1,470373,1,1,1,1,1,1,1,1,1,1
1,1,470374,14,14,14,14,14,14,14,14,14,14
2,1,470374,0,0,0,0,0,0,0,0,18,0
1,1,470375,24,24,24,24,24,24,24,24,24,24
1,1,470376,6,14,17,21,11,14,9,5,11,6
2,1,470376,0,0,0,0,9,0,0,0,0,0
1,1,470377,0,0,0,0,0,0,0,0,0,0
1,1,470378,4,4,4,4,4,4,4,4,4,4
1,1,470379,10,10,10,10,10,10,10,10,10,10
1,1,470380,0,0,0,0,0,0,0,0,0,0