VEH_NO,PER_NO,ST_CASE,P1,P2,P3,P4,P5,P6,P7,P8,P9,P10
2,1,470380,0,0,0,0,0,0,0,0,0,0
0,1,470381,6,25,0,0,0,0,0,0,0,0
1,1,470381,0,0,0,0,0,0,0,0,0,0
1,1,470382,0,0,0,0,0,0,0,0,0,0
2,1,470382,0,0,0,0,0,0,0,0,0,0
1,1,470383,0,0,0,0,0,0,0,0,0,0
1,1,470384,0,0,0,0,0,0,0,0,0,0
1,1,470385,0,0,0,0,0,0,13,14,0,0
0,1,470386,27,27,27,27,27,27,27,27,27,27
1,1,470386,3,3,3,3,3,3,3,3,3,3
1,1,470387,0,0,0,0,0,0,0,0,0,0
2,1,470387,0,0,0,0,0,0,0,0,0,0
1,1,470388,0,0,0,0,0,0,0,0,0,0
1,1,470389,0,0,0,0,0,0,0,0,0,0
1,1,470390,0,0,0,0,0,0,0,0,0,0
2,1,470390,0,0,0,0,7,0,0,0,0,0
3,1,470390,0,0,0,0,0,0,0,0,0,0
1,1,470391,14,14,14,14,14,14,14,14,14,14
1,1,470392,0,12,0,0,16,26,0,0,0,0
1,1,470393,9,0,0,0,0,0,8,0,0,0
2,1,470393,0,0,0,0,0,0,0,0,0,0
0,1,470394,0,0,0,0,6,0,0,0,0,0
1,1,470394,0,0,0,0,0,0,0,0,9,0
1,1,470395,31,21,0,26,17,15,17,7,15,37
2,1,470395,0,0,0,0,0,0,0,0,0,0
1,1,470396,0,0,0,0,0,0,0,0,0,0
0,1,470397,15,15,15,15,15,15,15,15,15,15
1,1,470397,0,0,0,0,0,0,0,0,0,0
1,1,470398,0,0,0,0,11,0,0,0,0,0
1,1,470399,0,0,0,0,0,0,0,0,0,0
1,1,470400,0,0,0,0,0,0,0,0,0,0
1,1,470401,0,0,0,17,0,0,0,0,0,0
2,1,470401,0,0,0,0,0,0,0,0,0,0
1,1,470402,0,0,0,0,0,0,0,0,0,0
2,1,470402,0,0,0,0,0,0,0,0,0,0
0,1,470403,0,0,0,0,24,0,17,20,0,0
1,1,470403,0,0,0,0,0,0,0,0,0,0
1,1,470404,12,12,12,12,12,12,12,12,12,12
0,1,470405,0,0,0,0,0,0,0,0,0,0
1,1,470405,0,0,0,0,0,0,0,0,0,0
1,1,470406,13,0,0,0,5,0,19,10,0,0
2,1,470406,0,0,0,0,0,0,0,0,0,0
3,1,470406,0,0,13,0,0,0,0,0,0,6
1,1,470407,0,0,0,0,9,0,0,0,0,0
2,1,470407,0,0,0,0,0,0,0,19,0,31
1,1,470408,0,0,0,0,0,0,0,0,0,0
1,1,470409,0,0,0,0,0,0,0,0,0,0
2,1,470409,0,0,29,0,0,0,0,0,0,0
1,1,470410,16,17,29,33,28,28,23,26,9,25
1,1,470411,0,0,0,0,0,0,0,0,0,0
1,1,470412,0,0,0,0,0,0,0,0,0,0
1,1,470413,0,0,11,9,0,0,0,0,0,0
1,1,470414,0,0,0,0,0,0,0,0,0,0
1,1,470415,9,9,9,9,9,9,9,9,9,9
1,1,470416,21,21,21,21,21,21,21,21,21,21
1,1,470417,0,0,0,0,0,0,0,0,0,0
2,1,470417,0,0,0,0,0,0,0,0,0,0
1,1,470418,0,0,0,0,0,0,0,0,0,0
1,1,470419,0,0,0,0,0,0,0,0,0,0
1,1,470420,68,68,68,68,68,68,68,68,68,68
1,1,470421,0,0,0,0,0,0,0,0,0,0
1,1,470422,0,0,0,0,0,0,0,0,0,0
2,1,470422,0,0,0,0,0,0,0,0,0,0
1,1,470423,0,0,0,0,0,0,0,0,0,0
1,1,470424,0,0,0,0,0,0,0,0,0,0
2,1,470424,0,0,0,0,0,0,0,0,0,0
1,1,470425,0,0,0,0,0,0,0,0,0,0
2,1,470425,0,0,0,0,0,0,0,0,0,0
1,1,470426,0,0,0,0,0,0,0,0,0,0
2,1,470426,0,0,0,0,0,0,0,0,0,0
1,1,470427,9,0,0,0,0,0,0,0,4,5
1,1,470428,0,0,0,0,0,0,0,0,0,0
1,1,470429,0,0,0,0,0,0,0,0,0,0
2,1,470429,1,1,1,1,1,1,1,1,1,1
1,1,470430,29,29,29,29,29,29,29,29,29,29
2,1,470430,0,0,0,0,0,0,0,0,0,0
1,1,470431,0,0,0,0,0,0,0,0,0,0
1,1,470432,7,18,15,19,0,2,2,23,22,0
1,1,470433,8,16,0,20,21,9,9,14,17,3
1,1,470434,0,0,0,0,0,0,0,0,0,0
1,1,470435,0,0,0,0,0,0,0,0,0,0
1,1,470436,0,0,0,0,2,0,0,0,0,0
2,1,470436,0,0,0,0,0,0,0,0,0,0
1,1,470437,0,0,0,0,0,0,0,0,0,0
2,1,470437,0,0,0,0,0,0,12,10,0,0
1,1,470438,0,14,0,0,11,0,0,0,0,0
1,1,470439,17,18,18,16,23,19,21,33,19,17
1,1,470440,25,0,0,0,0,0,0,0,0,0
1,1,470441,0,0,0,0,0,0,0,0,0,0
2,1,470441,0,0,0,0,0,0,0,0,0,0
3,1,470441,0,0,0,0,0,0,0,0,0,0
1,1,470442,0,0,0,0,0,0,0,0,0,0
2,1,470442,0,0,6,0,0,0,0,0,0,0
1,1,470443,23,14,37,18,18,30,17,0,14,2
1,1,470444,6,6,6,6,6,6,6,6,6,6
2,1,470444,0,0,0,0,0,0,0,0,0,0
1,1,470445,0,0,0,0,0,0,0,0,0,0
1,1,470446,0,27,11,0,13,0,0,0,0,0
2,1,470446,0,0,0,0,0,0,0,21,0,0
3,1,470446,0,0,0,0,0,0,0,0,0,0
0,1,470447,27,27,27,27,27,27,27,27,27,27
1,1,470447,0,0,0,0,0,0,0,0,0,0
1,1,470448,0,0,0,0,0,0,0,0,0,0
2,1,470448,0,0,0,0,0,0,0,0,0,0
1,1,470449,14,26,26,3,17,25,5,18,15,17
1,1,470450,0,11,11,21,0,0,0,0,16,10
1,1,470451,0,0,0,0,0,0,0,0,0,0
2,1,470451,0,0,0,0,3,0,0,0,0,0
1,1,470452,16,16,16,16,16,16,16,16,16,16
1,1,470453,0,0,0,0,0,0,0,0,0,0
2,1,470453,0,0,0,0,0,0,0,0,0,0
3,1,470453,0,0,0,0,0,0,0,0,0,0
1,1,470454,14,17,29,19,16,25,24,0,19,28
2,1,470454,0,0,0,0,0,0,0,0,0,0
3,1,470454,0,0,0,0,0,0,0,0,0,0
1,1,470455,0,0,0,18,0,0,8,0,15,0
1,1,470456,0,0,0,0,0,0,0,0,0,0
2,1,470456,0,0,0,0,0,0,0,0,0,0
1,1,470457,0,0,0,0,0,0,0,0,0,0
1,1,470458,0,0,0,0,0,0,0,0,0,0
2,1,470458,0,0,0,0,0,0,10,0,0,0
1,1,470459,17,17,17,17,17,17,17,17,17,17
1,1,470460,0,0,0,0,0,0,0,0,0,0
1,1,470461,14,0,0,0,0,0,0,0,0,0
1,1,470462,7,0,0,0,0,0,0,0,0,0
1,1,470463,0,0,0,0,0,0,0,0,0,0
1,1,470464,0,0,0,0,0,0,0,0,7,0
1,1,470465,0,0,0,0,0,0,0,0,0,0
2,1,470465,0,0,0,0,0,0,0,0,0,0
1,1,470466,0,0,0,0,0,0,0,0,0,0
2,1,470466,0,0,0,0,0,0,0,0,0,0
1,1,470467,10,10,10,10,10,10,10,10,10,10
1,1,470468,0,0,0,0,0,0,0,0,0,0
2,1,470468,0,0,0,0,0,0,0,0,0,0
1,1,470469,11,12,8,0,0,35,25,0,10,8
1,1,470470,24,24,24,24,24,24,24,24,24,24
1,1,470471,0,0,0,0,0,0,0,0,0,0
2,1,470471,0,0,0,0,0,0,0,0,0,0
1,1,470472,8,8,8,8,8,8,8,8,8,8
1,1,470473,0,0,0,0,0,0,0,0,0,0
1,1,470474,9,9,9,9,9,9,9,9,9,9
1,1,470475,6,15,0,0,0,0,0,6,0,7
1,1,470476,0,0,0,0,0,0,0,0,0,0
2,1,470476,0,0,0,0,0,0,0,0,0,0
1,1,470477,24,24,24,24,24,24,24,24,24,24
2,1,470477,0,0,0,0,0,0,0,0,0,0
1,1,470478,0,0,9,9,0,10,0,16,0,0
1,1,470479,0,0,0,0,0,0,0,0,0,0
2,1,470479,0,0,0,0,0,0,0,0,0,0
1,1,470480,7,7,7,7,7,7,7,7,7,7
2,1,470480,0,0,0,0,0,0,0,0,0,0
1,1,470481,0,0,0,0,0,0,0,0,0,0
1,1,470482,0,0,0,0,0,0,0,0,0,0
2,1,470482,0,0,0,0,0,0,0,0,0,0
3,1,470482,0,0,0,0,0,0,0,0,0,0
1,1,470483,0,0,0,0,0,0,0,0,0,0
2,1,470483,10,10,10,10,10,10,10,10,10,10
1,1,470485,0,0,0,0,0,0,0,0,0,0
1,1,470486,8,8,8,8,8,8,8,8,8,8
2,1,470486,0,0,15,0,0,0,0,0,0,0
1,1,470487,19,19,19,19,19,19,19,19,19,19
1,1,470488,0,0,0,0,0,0,0,0,0,0
1,1,470489,0,0,0,0,0,0,0,15,0,0
1,1,470490,0,18,8,0,0,0,12,20,0,15
1,1,470491,23,23,23,23,23,23,23,23,23,23
1,1,470492,27,12,0,0,28,35,0,0,10,0
1,1,470493,10,10,10,10,10,10,10,10,10,10
1,1,470494,0,0,0,0,0,0,0,0,0,0
2,1,470494,0,0,0,0,0,0,0,0,0,0
1,1,470495,0,0,0,0,24,0,0,0,0,12
1,1,470496,16,0,0,0,0,0,0,0,0,0
2,1,470496,0,0,0,0,0,0,0,0,0,0
1,1,470497,0,0,0,0,0,0,0,0,0,0
1,1,470498,0,22,19,12,12,12,15,14,0,0
0,1,470499,33,34,24,31,13,23,11,5,28,15
1,1,470499,10,0,0,15,0,0,0,0,0,0
1,1,470500,0,0,0,0,0,0,0,0,0,0
2,1,470500,0,0,0,0,0,0,0,0,0,0
1,1,470501,0,0,0,0,0,0,0,0,0,0
2,1,470501,10,10,10,10,10,10,10,10,10,10
3,1,470501,0,0,0,0,0,0,0,0,0,0
1,1,470502,0,0,0,0,0,0,0,0,24,0
2,1,470502,0,0,0,0,0,0,0,0,0,0
1,1,470503,0,0,0,0,0,0,0,13,0,0
2,1,470503,12,26,22,6,12,16,17,15,51,7
1,1,470504,0,0,0,0,0,0,0,0,0,0
1,1,470505,0,0,0,23,0,0,0,42,0,0
1,1,470506,0,0,0,0,0,0,0,0,0,0
2,1,470506,0,0,0,0,0,0,0,0,0,0
1,1,470507,18,0,0,0,28,13,29,0,11,10
1,1,470508,0,0,0,0,0,0,0,0,33,13
2,1,470508,0,0,0,0,0,0,4,0,0,0
1,1,470509,0,0,0,0,0,0,0,0,0,0
1,1,470510,19,19,19,19,19,19,19,19,19,19
1,1,470511,0,0,0,0,0,0,0,0,0,0
1,1,470512,0,0,0,0,0,7,0,0,0,0
2,1,470512,0,12,20,12,0,0,12,20,8,0
1,1,470513,10,24,0,9,27,12,0,0,19,2
1,1,470514,13,13,13,13,13,13,13,13,13,13
1,1,470515,0,0,0,0,0,0,6,0,0,0
2,1,470515,24,24,24,24,24,24,24,24,24,24
1,1,470516,0,11,0,0,0,0,0,0,0,10
2,1,470516,0,0,0,0,0,0,0,0,0,0
1,1,470517,21,21,21,21,21,21,21,21,21,21
2,1,470517,0,0,0,0,0,0,0,0,0,0
1,1,470518,0,0,0,0,8,0,0,0,0,0
1,1,470519,10,0,0,2,0,0,0,18,16,0
2,1,470519,0,0,0,0,0,0,0,0,0,0
3,1,470519,0,0,0,0,0,0,0,3,0,0
4,1,470519,0,0,0,0,0,0,0,0,0,0
1,1,470520,13,13,13,13,13,13,13,13,13,13
1,1,470521,0,0,0,0,0,0,0,0,0,0
2,1,470521,28,0,0,0,0,0,0,0,0,0
1,1,470522,0,0,0,0,0,0,0,0,0,0
2,1,470522,0,0,0,0,0,0,0,0,0,0
1,1,470523,0,0,0,0,0,0,0,0,0,0
2,1,470523,5,5,5,5,5,5,5,5,5,5
3,1,470523,0,0,0,0,0,0,0,0,0,0
1,1,470524,0,0,0,0,0,0,0,0,0,0
1,1,470525,0,0,0,0,0,0,0,0,0,0
2,1,470525,0,0,0,0,0,0,0,0,0,0
1,1,470526,0,0,0,0,0,0,0,0,0,0
2,1,470526,0,0,0,0,0,0,0,0,0,0
1,1,470527,0,0,0,0,0,0,0,0,0,0
2,1,470527,0,0,0,0,0,0,0,0,0,0
1,1,470528,16,16,16,16,16,16,16,16,16,16
1,1,470529,0,0,0,0,0,0,0,0,0,0
2,1,470529,0,0,0,0,0,0,0,0,0,0
1,1,470530,0,0,0,0,0,0,0,0,0,0
1,1,470531,0,0,0,0,0,0,0,0,0,0
1,1,470532,0,0,0,0,0,0,0,0,0,0
1,1,470533,0,0,0,0,0,0,0,0,0,0
1,1,470534,27,27,15,11,18,0,23,19,0,0
1,1,470535,0,0,0,0,0,0,0,0,0,0
2,1,470535,0,0,0,0,0,0,3,0,0,0
1,1,470536,0,0,0,0,0,0,0,0,0,0
2,1,470536,0,0,0,0,0,0,0,0,0,0
1,1,470537,0,0,0,0,0,0,8,0,0,0
1,1,470538,0,0,0,0,0,0,0,0,0,0
0,1,470539,0,0,0,0,0,0,0,0,0,0
1,1,470539,0,0,0,0,0,0,0,0,0,0
1,1,470540,0,0,0,0,0,0,0,0,0,0
1,1,470541,0,0,0,0,0,0,0,0,0,22
1,1,470542,0,0,0,0,0,0,0,0,0,0
2,1,470542,0,0,0,0,0,0,0,0,0,0
1,1,470543,24,17,0,0,0,0,17,10,0,6
1,1,470544,9,9,9,9,9,9,9,9,9,9
2,1,470544,0,0,0,0,0,0,0,0,0,0
1,1,470545,17,17,17,17,17,17,17,17,17,17
1,1,470546,0,0,0,0,0,0,0,0,0,0
2,1,470546,0,0,0,0,0,0,0,0,0,0
1,1,470547,0,0,0,0,0,16,0,0,0,0
1,1,470548,0,0,0,0,0,0,0,0,0,0
1,1,470549,18,18,18,18,18,18,18,18,18,18
1,1,470550,15,15,15,15,15,15,15,15,15,15
1,1,470551,0,0,0,0,0,0,0,0,0,0
1,1,470552,13,13,13,13,13,13,13,13,13,13
1,1,470553,0,0,0,0,0,0,0,0,0,0
1,1,470554,22,22,22,22,22,22,22,22,22,22
1,1,470555,10,10,10,10,10,10,10,10,10,10
1,1,470556,0,0,0,0,0,3,0,0,0,0
1,1,470557,11,11,11,11,11,11,11,11,11,11
1,1,470558,1,1,1,1,1,1,1,1,1,1
1,1,470559,0,0,0,0,0,0,0,0,0,0
2,1,470559,0,0,0,0,0,0,0,0,0,0
1,1,470560,0,0,0,0,0,0,0,0,0,0
1,1,470562,0,0,0,0,0,0,0,0,0,0
1,1,470563,0,0,0,0,0,0,0,0,0,0
1,1,470564,0,0,0,0,0,0,0,0,0,0
1,1,470565,0,0,0,0,0,16,0,0,0,0
1,1,470566,0,0,0,0,0,0,0,0,0,0
1,1,470567,0,0,0,0,0,0,0,0,0,0
2,1,470567,0,0,0,0,0,0,0,0,0,0
1,1,470568,6,6,6,6,6,6,6,6,6,6
1,1,470569,0,0,0,0,0,0,0,0,0,0
1,1,470570,0,0,0,0,0,0,0,0,0,0
1,1,470571,0,0,0,0,0,0,0,0,0,0
1,1,470572,6,6,6,6,6,6,6,6,6,6
2,1,470572,0,0,0,0,0,0,0,0,0,0
3,1,470572,0,0,0,0,0,0,0,0,0,0
1,1,470573,0,0,0,0,0,0,0,0,0,0
2,1,470573,0,0,0,0,0,0,0,0,0,0
1,1,470574,14,0,6,0,2,0,14,0,17,0
1,1,470575,18,18,18,18,18,18,18,18,18,18
1,1,470576,0,0,0,0,0,0,0,0,0,0
2,1,470576,0,0,0,0,0,0,0,0,0,0
1,1,470577,0,0,0,0,0,0,0,0,0,0
1,1,470578,0,0,0,0,0,0,0,0,0,0
2,1,470578,0,0,0,0,0,0,0,0,0,0
1,1,470579,0,0,0,0,0,0,0,0,0,0
1,1,470580,19,19,19,19,19,19,19,19,19,19
1,1,470581,0,0,0,0,0,0,0,0,0,0
1,1,470582,0,0,0,0,0,0,0,0,0,0
2,1,470582,0,0,0,0,0,0,0,0,0,0
1,1,470583,0,0,0,0,0,0,0,0,0,0
1,1,470584,4,13,30,19,17,16,9,9,14,30
1,1,470585,11,11,11,11,11,11,11,11,11,11
1,1,470586,0,0,0,0,0,0,0,0,0,0
1,1,470587,3,3,3,3,3,3,3,3,3,3
0,1,470588,22,10,20,11,30,20,17,5,0,14
1,1,470588,0,0,14,13,2,0,10,0,19,0
1,1,470589,0,0,0,0,0,0,0,0,5,0
1,1,470590,11,0,20,0,22,0,0,0,0,0
1,1,470591,11,11,11,11,11,11,11,11,11,11
1,1,470592,5,5,5,5,5,5,5,5,5,5
1,1,470593,18,18,18,18,18,18,18,18,18,18
1,1,470594,10,10,10,10,10,10,10,10,10,10
1,1,470595,2,2,2,2,2,2,2,2,2,2
1,1,470596,22,22,22,22,22,22,22,22,22,22
1,1,470598,17,17,17,17,17,17,17,17,17,17
1,1,470599,0,0,0,0,0,0,0,0,0,0
2,1,470599,0,0,0,0,0,0,0,0,0,0
3,1,470599,0,0,0,0,0,27,0,0,0,0
0,1,470600,0,0,0,0,0,0,0,0,0,0
1,1,470600,0,0,0,0,0,0,0,0,0,0
0,1,470601,0,0,0,24,0,0,0,27,0,0
1,1,470601,0,0,0,0,0,0,0,9,0,0
1,1,470602,0,0,0,0,0,0,0,0,0,0
1,1,470603,0,0,0,0,0,0,0,0,0,0
2,1,470603,0,0,0,0,0,0,0,0,0,0
1,1,470604,0,0,0,0,0,0,0,0,0,0
2,1,470604,0,0,0,0,0,0,0,0,0,0
0,1,470605,27,0,0,0,0,15,0,0,26,0
1,1,470605,0,0,0,0,0,0,0,0,0,0
1,1,470606,0,0,0,0,0,0,0,0,0,0
1,1,470607,0,0,0,0,0,0,0,0,0,0
1,1,470608,15,12,19,25,0,5,15,16,0,0
2,1,470608,0,0,0,0,0,0,0,0,0,0
1,1,470609,0,0,0,0,0,0,0,0,0,0
2,1,470609,0,0,0,0,0,0,0,0,0,0
1,1,470613,0,0,0,0,13,0,0,0,0,0
2,1,470613,0,0,0,0,0,0,0,0,0,0
1,1,470614,5,5,5,5,5,5,5,5,5,5
1,1,470615,0,0,0,0,0,0,0,0,0,0
2,1,470615,0,0,0,0,0,0,0,0,0,0
1,1,470616,0,0,0,0,0,0,0,0,0,0
2,1,470616,0,0,0,0,0,0,0,0,0,0
1,1,470617,0,0,0,0,0,0,0,0,0,0
1,1,470618,22,0,28,14,21,14,12,0,0,0
0,1,470619,23,0,0,0,15,11,20,0,8,15
0,2,470619,0,0,0,17,0,0,0,0,0,0
1,1,470619,0,0,0,0,0,0,0,0,0,0
1,1,470620,0,0,0,0,0,0,0,0,0,0
2,1,470620,0,0,0,0,0,0,0,0,0,0
1,1,470621,0,0,0,0,0,0,0,0,0,0
1,1,470622,30,30,30,30,30,30,30,30,30,30
1,1,470623,14,0,0,0,18,0,0,0,0,0
1,1,470624,13,13,13,13,13,13,13,13,13,13
1,1,470625,26,26,26,26,26,26,26,26,26,26
1,1,470626,0,0,0,0,0,0,0,0,0,0
1,1,470627,15,16,0,18,17,8,17,0,21,28
1,1,470628,0,0,0,0,0,0,0,0,0,0
2,1,470628,0,0,0,0,0,0,0,0,0,0
3,1,470628,0,0,0,0,0,0,0,0,0,0
1,1,470629,0,0,0,0,0,0,0,0,0,0
2,1,470629,0,0,0,0,0,0,0,0,0,0
1,1,470630,0,0,0,0,0,0,0,4,0,0
2,1,470630,0,0,0,0,0,0,0,0,0,0
1,1,470631,16,32,20,22,22,6,22,20,25,25
1,1,470632,27,27,27,27,27,27,27,27,27,27
1,1,470633,29,29,29,29,29,29,29,29,29,29
2,1,470633,0,0,0,0,0,0,0,0,0,0
1,1,470634,8,3,19,35,39,16,22,17,13,11
1,1,470635,0,0,0,0,0,0,0,0,0,0
1,1,470636,20,20,20,20,20,20,20,20,20,20
1,1,470637,0,0,0,0,0,0,0,0,0,0
1,1,470639,0,0,0,0,0,0,0,0,0,0
2,1,470639,0,0,0,0,0,0,0,0,0,0
1,1,470640,0,0,0,0,0,0,0,12,0,0
2,1,470640,0,0,0,0,0,0,0,0,0,0
3,1,470640,0,0,0,0,0,0,0,0,0,0
1,1,470641,0,0,0,0,0,0,27,0,0,0
2,1,470641,0,0,0,0,0,0,0,0,0,0
1,1,470642,0,0,0,0,0,0,0,0,0,0
1,1,470644,18,18,18,18,18,18,18,18,18,18
2,1,470644,0,0,0,0,0,0,0,0,0,0
3,1,470644,0,0,0,0,0,0,0,0,0,0
0,1,470645,0,0,0,0,0,0,0,0,0,0
1,1,470645,9,0,0,0,0,0,0,0,0,0
1,1,470646,12,0,4,0,0,0,0,0,0,0
1,1,470647,24,24,24,24,24,24,24,24,24,24
1,1,470648,33,21,24,13,12,5,17,9,19,16
1,1,470649,0,0,0,0,0,0,0,0,0,0
2,1,470649,0,0,0,0,0,0,6,0,0,0
1,1,470650,27,13,12,4,13,24,20,0,15,7
1,1,470651,0,0,0,0,0,0,0,0,0,0
2,1,470651,15,15,15,15,15,15,15,15,15,15
1,1,470652,0,0,0,0,0,0,0,0,0,0
2,1,470652,0,0,0,0,0,0,0,0,0,0
1,1,470653,0,0,0,0,0,0,0,0,0,0
2,1,470653,0,0,0,0,0,0,0,0,0,0
3,1,470653,0,0,0,0,0,0,0,0,0,0
1,1,470654,16,29,7,20,0,21,16,0,14,27
1,1,470655,29,29,29,29,29,29,29,29,29,29
1,1,470656,9,9,9,9,9,9,9,9,9,9
1,1,470657,0,0,0,0,0,0,0,0,0,0
1,1,470658,31,31,31,31,31,31,31,31,31,31
2,1,470658,30,30,30,30,30,30,30,30,30,30
1,1,470659,0,0,0,0,0,0,0,0,0,0
2,1,470659,17,17,17,17,17,17,17,17,17,17
1,1,470660,0,50,16,18,0,35,0,22,24,13
1,1,470661,15,15,15,15,15,15,15,15,15,15
1,1,470662,7,7,7,7,7,7,7,7,7,7
1,1,470663,0,0,0,0,0,0,0,0,0,0
2,1,470663,20,20,20,20,20,20,20,20,20,20
1,1,470664,21,21,21,21,21,21,21,21,21,21
2,1,470664,0,0,0,0,0,0,0,0,0,0
1,1,470665,0,0,0,0,0,0,0,0,0,0
1,1,470666,0,0,0,0,0,0,0,0,0,0
1,1,470667,16,22,18,36,17,19,42,25,11,9
1,1,470668,0,0,0,0,0,0,0,0,0,0
2,1,470668,0,0,0,0,0,0,0,0,0,0
1,1,470669,0,0,0,24,0,20,0,18,0,17
1,1,470670,23,19,17,25,28,31,18,25,12,16
1,1,470671,0,0,0,0,0,0,0,0,0,0
2,1,470671,0,0,0,0,0,0,0,0,0,0
3,1,470671,0,0,0,0,0,0,0,0,0,0
1,1,470673,0,0,0,0,0,0,0,0,0,0
1,1,470674,26,26,26,26,26,26,26,26,26,26
1,1,470675,0,0,0,0,0,0,0,0,0,0
1,1,470676,0,0,0,0,0,0,0,0,0,0
1,1,470677,2,2,2,2,2,2,2,2,2,2
0,1,470678,29,31,20,33,22,24,18,19,30,23
1,1,470678,0,0,0,0,0,0,0,0,0,0
1,1,470679,9,20,19,22,17,21,19,16,28,15
1,1,470680,0,0,0,0,0,0,0,0,0,0
2,1,470680,0,0,0,0,0,0,0,0,0,0
1,1,470681,0,0,0,0,0,0,0,0,0,0
2,1,470681,0,0,0,0,0,0,0,0,0,0
1,1,470682,0,0,0,0,0,0,0,0,0,0
1,1,470683,0,0,0,0,0,0,0,0,0,0
2,1,470683,0,0,0,0,0,0,0,0,0,0
3,1,470683,0,0,0,0,0,0,0,0,0,0
1,1,470684,0,0,0,0,11,0,0,0,0,0
1,1,470685,0,0,0,0,0,0,0,0,0,0
1,1,470686,10,10,10,10,10,10,10,10,10,10
0,1,470687,0,23,6,37,11,10,22,21,17,22
1,1,470687,0,0,0,0,0,0,0,0,0,0
1,1,470688,0,0,0,0,0,0,0,0,0,0
1,1,470689,0,0,0,0,0,0,0,0,0,0
2,1,470689,0,0,0,0,0,0,0,0,0,0
1,1,470690,0,0,0,0,0,0,0,0,0,0
1,1,470691,11,11,11,11,11,11,11,11,11,11
1,1,470692,0,0,0,0,0,0,0,0,0,0
2,1,470692,0,0,0,0,0,0,0,0,0,0
1,1,470693,0,0,0,0,0,0,0,0,0,0
2,1,470693,0,0,0,0,0,0,0,0,0,0
1,1,470694,22,7,3,10,22,0,0,7,0,0
1,1,470695,0,0,0,0,0,0,0,0,0,0
2,1,470695,0,0,0,0,0,0,0,0,0,0
1,1,470696,0,0,0,0,0,0,0,0,0,0
1,1,470697,0,0,0,0,0,0,21,0,0,0
0,1,470698,16,13,23,10,16,45,16,9,25,36
1,1,470698,0,0,0,0,0,0,0,0,0,0
1,1,470699,0,0,0,0,0,0,0,0,0,0
1,1,470700,0,0,0,0,0,0,0,0,0,0
2,1,470700,0,0,0,0,0,0,0,0,0,0
1,1,470701,0,0,0,0,0,0,0,0,0,0
2,1,470701,0,0,0,0,0,0,0,0,0,0
1,1,470702,0,0,0,0,0,0,0,0,0,0
2,1,470702,0,0,0,0,0,0,0,0,0,0
3,1,470702,0,0,0,0,0,0,0,0,0,0
1,1,470703,6,6,6,6,6,6,6,6,6,6
1,1,470704,0,0,0,0,0,0,0,0,0,16
1,1,470705,0,0,0,0,0,0,0,0,0,0
2,1,470705,0,0,0,0,0,16,13,0,0,0
1,1,470707,19,19,19,19,19,19,19,19,19,19
1,1,470708,10,10,10,10,10,10,10,10,10,10
1,1,470709,26,26,26,26,26,26,26,26,26,26
0,1,470710,9,9,9,9,9,9,9,9,9,9
1,1,470710,0,0,0,0,0,0,0,0,0,0
1,1,470711,0,0,0,0,0,0,0,0,0,0
1,1,470712,9,9,9,9,9,9,9,9,9,9
1,1,470713,9,9,9,9,9,9,9,9,9,9
1,1,470714,0,0,0,0,0,0,0,0,0,0
1,1,470715,0,0,0,0,0,0,0,0,0,0
2,1,470715,0,0,0,0,0,0,0,0,0,0
1,1,470716,0,0,0,0,0,0,0,0,0,0
0,1,470718,0,0,0,0,0,0,0,0,0,0
1,1,470718,0,0,0,0,0,0,0,0,0,0
1,1,470719,9,9,9,9,9,9,9,9,9,9
1,1,470720,0,0,0,0,0,0,0,0,0,0
2,1,470720,0,0,0,0,0,0,0,0,0,0
1,1,470721,0,0,0,0,0,0,0,0,0,0
0,1,470722,0,0,0,0,0,0,0,0,0,0
0,2,470722,0,0,0,0,0,0,0,0,0,0
1,1,470722,0,0,0,0,0,0,0,0,0,0
0,1,470723,0,0,0,0,0,0,0,0,0,0
1,1,470723,0,0,0,0,0,0,0,0,0,0
1,1,470724,0,0,0,0,0,0,0,0,11,0
0,1,470725,25,38,36,18,43,11,19,31,11,20
1,1,470725,0,0,0,0,0,0,0,0,0,0
1,1,470726,0,0,0,0,0,0,0,0,0,0
1,1,470727,0,0,0,0,0,0,0,0,0,0
2,1,470727,0,0,0,0,0,0,0,0,0,0
3,1,470727,0,0,0,0,0,0,0,0,0,0
0,1,470728,0,0,0,0,0,0,0,0,0,0
0,2,470728,0,0,0,0,0,0,0,0,0,0
1,1,470728,0,0,0,0,0,0,0,0,0,0
1,1,470729,0,0,0,0,0,0,0,0,0,0
2,1,470729,0,0,0,0,0,0,0,0,0,0
1,1,470730,0,0,0,0,0,0,0,0,0,0
2,1,470730,0,0,0,0,0,0,0,14,0,0
1,1,470731,0,0,0,0,0,0,0,0,0,0
1,1,470732,0,0,0,0,0,0,0,0,0,0
2,1,470732,8,8,8,8,8,8,8,8,8,8
1,1,470733,8,11,20,21,11,23,16,29,22,25
1,1,470734,20,20,20,20,20,20,20,20,20,20
1,1,470735,0,0,0,0,7,0,0,0,0,0
2,1,470735,0,0,0,0,0,0,0,0,0,0
1,1,470736,0,0,0,0,0,0,0,0,0,0
1,1,470737,0,0,0,0,0,0,0,0,0,0
2,1,470737,0,0,0,0,0,0,0,0,0,0
3,1,470737,0,0,0,0,0,0,0,0,0,0