VEH_NO,PER_NO,ST_CASE,P1,P2,P3,P4,P5,P6,P7,P8,P9,P10
4,1,470737,0,0,0,0,0,0,0,0,0,0
1,1,470738,0,0,0,0,0,0,0,0,0,0
1,1,470739,0,0,0,0,0,0,0,0,0,0
2,1,470739,0,6,0,0,0,0,0,0,0,0
1,1,470740,0,0,0,0,0,0,0,0,0,0
1,1,470741,13,13,13,13,13,13,13,13,13,13
1,1,470742,0,0,0,0,0,0,0,0,0,0
1,1,470743,22,22,22,22,22,22,22,22,22,22
2,1,470743,0,0,0,0,0,0,0,0,0,0
1,1,470744,0,0,0,0,0,0,0,0,0,0
1,1,470745,0,0,0,0,0,0,0,0,0,0
1,1,470746,15,0,0,0,0,2,0,0,0,0
2,1,470746,0,0,0,0,0,0,0,0,0,0
1,1,470747,18,18,18,18,18,18,18,18,18,18
1,1,470748,0,0,0,0,0,0,0,0,0,0
2,1,470748,0,0,0,0,0,0,0,0,0,0
1,1,470749,0,0,0,0,0,0,0,0,0,0
1,1,470750,0,0,0,0,0,0,0,0,0,0
2,1,470750,0,0,0,0,0,0,0,0,0,0
3,1,470750,0,0,0,0,0,0,0,0,0,0
1,1,470751,0,0,0,0,0,0,0,0,0,0
1,1,470752,14,14,14,14,14,14,14,14,14,14
0,1,470753,18,18,18,18,18,18,18,18,18,18
1,1,470753,0,0,0,0,0,0,0,0,0,0
1,1,470754,0,0,0,13,0,0,0,0,0,0
1,1,470755,0,0,0,0,0,0,0,0,0,0
2,1,470755,0,0,0,0,0,0,0,0,0,0
3,1,470755,0,0,0,0,0,0,0,0,0,0
0,1,470756,66,66,66,66,66,66,66,66,66,66
1,1,470756,0,0,0,0,0,0,0,0,0,0
1,1,470757,21,21,21,21,21,21,21,21,21,21
1,1,470758,0,0,0,0,0,0,0,0,0,0
1,1,470759,0,0,0,0,0,0,0,0,0,0
2,1,470759,0,0,0,0,0,0,0,0,0,0
1,1,470760,0,0,0,0,0,0,0,0,0,0
2,1,470760,0,0,0,0,0,0,0,0,0,0
1,1,470761,0,0,0,0,0,0,0,0,0,0
2,1,470761,0,0,0,0,0,0,0,0,0,0
1,1,470762,0,0,0,0,0,0,0,0,0,0
1,1,470763,0,0,0,0,0,0,0,0,0,0
2,1,470763,0,0,0,0,0,0,0,0,0,0
1,1,470764,0,0,0,0,0,0,0,0,0,0
1,1,470765,0,0,0,0,0,0,0,0,0,0
1,1,470766,14,0,0,0,17,14,0,0,16,0
1,1,470767,0,0,0,0,0,0,0,0,0,0
2,1,470767,0,10,0,15,0,0,0,0,0,0
1,1,470768,0,0,0,0,0,0,0,0,0,0
1,1,470769,0,0,0,0,0,0,0,0,0,0
2,1,470769,0,0,0,0,0,0,0,0,0,0
0,1,470770,0,0,4,0,0,0,14,12,0,6
1,1,470770,21,19,4,5,0,5,0,13,21,5
1,2,470771,19,38,26,29,13,14,39,19,27,18
1,1,470772,0,0,0,0,0,0,0,0,0,0
1,1,470773,0,0,0,0,0,0,0,0,0,0
2,1,470773,0,0,0,0,0,0,0,0,0,0
1,1,470774,0,0,0,0,0,0,0,0,0,0
2,1,470774,0,0,0,0,0,0,0,0,0,0
1,1,470775,0,0,0,0,0,0,0,0,0,0
2,1,470775,19,19,19,19,19,19,19,19,19,19
1,1,470776,0,0,0,0,0,0,0,0,0,0
1,1,470777,0,0,0,0,0,0,0,0,0,0
2,1,470777,0,0,0,11,0,0,0,0,0,0
1,1,470778,0,0,0,0,0,0,0,0,0,0
2,1,470778,0,0,0,0,0,0,0,0,0,0
1,1,470779,31,31,31,31,31,31,31,31,31,31
1,1,470780,0,0,0,0,0,0,0,0,0,0
2,1,470780,0,0,0,0,0,0,0,0,0,0
1,1,470781,32,29,21,29,25,9,16,15,21,8
1,1,470782,0,0,0,0,0,0,0,0,0,0
2,1,470782,0,0,0,0,0,0,0,0,0,0
1,1,470783,0,12,28,0,28,0,0,27,0,0
1,1,470784,0,0,0,0,8,0,0,0,0,0
2,1,470784,0,0,0,0,0,0,0,0,0,0
1,1,470785,0,0,0,0,0,0,17,0,0,0
0,1,470786,0,0,0,0,0,0,0,0,0,0
1,1,470786,0,0,0,0,0,0,0,0,0,0
0,1,470787,0,0,0,0,0,0,0,10,0,0
1,1,470787,0,0,0,0,0,0,0,0,0,0
1,1,470788,0,0,0,0,0,0,0,0,0,0
2,1,470788,0,0,0,0,0,0,0,0,0,0
3,1,470788,0,0,0,0,0,0,0,0,0,0
1,1,470789,0,0,0,0,0,0,0,0,0,0
1,1,470790,0,0,0,0,0,0,0,0,0,0
2,1,470790,0,0,0,0,0,0,0,0,0,0
3,1,470790,0,0,0,0,0,0,0,0,0,0
1,1,470791,26,26,26,26,26,26,26,26,26,26
1,1,470792,0,0,0,0,0,0,0,0,0,0
1,1,470793,10,10,10,10,10,10,10,10,10,10
1,1,470794,0,0,0,0,0,0,0,0,0,0
2,1,470794,19,19,19,19,19,19,19,19,19,19
1,1,470795,22,0,0,0,0,0,0,21,0,0
0,1,470796,0,0,0,0,0,0,0,0,0,0
1,1,470796,0,0,0,0,0,0,0,0,0,0
1,1,470797,0,0,0,0,0,0,0,0,0,0
1,1,470798,0,0,0,0,0,0,0,0,0,0
2,1,470798,0,0,0,0,0,0,0,0,0,0
1,1,470799,0,0,0,0,0,0,0,0,0,0
1,1,470800,0,0,0,0,0,0,0,0,0,0
2,1,470800,0,0,0,0,0,0,0,0,0,0
1,1,470801,0,0,0,0,11,0,0,0,0,0
1,1,470802,0,0,0,0,0,0,0,0,0,0
2,1,470802,0,0,0,0,0,0,0,0,0,0
1,1,470803,0,0,0,0,0,0,0,0,0,0
2,1,470803,0,0,2,0,0,0,0,0,0,0
1,1,470804,0,0,0,0,0,0,0,0,0,0
1,1,470805,0,0,0,0,0,0,0,0,0,0
0,1,470806,0,0,0,0,0,0,0,0,0,0
1,1,470806,0,0,0,0,0,0,0,0,0,0
1,1,470807,17,17,17,17,17,17,17,17,17,17
1,1,470808,0,0,0,0,0,0,0,0,0,0
2,1,470808,0,0,0,0,0,0,0,0,0,0
1,1,470809,2,2,2,2,2,2,2,2,2,2
0,1,470810,0,0,0,0,0,0,0,0,0,0
1,1,470810,5,5,5,5,5,5,5,5,5,5
1,1,470811,0,0,0,0,0,0,6,0,0,0
2,1,470811,0,0,0,0,0,0,0,0,0,0
1,1,470812,0,0,0,0,0,0,0,0,0,5
1,1,470813,0,0,0,0,0,0,0,0,0,0
2,1,470813,0,0,0,0,0,0,0,0,0,0
1,1,470814,0,0,0,0,0,0,0,0,0,0
2,1,470814,0,0,0,0,0,0,0,0,0,0
0,1,470815,5,5,5,5,5,5,5,5,5,5
1,1,470815,0,0,0,0,0,0,0,0,0,0
1,1,470816,0,0,0,0,0,0,0,0,0,0
2,1,470816,19,19,19,19,19,19,19,19,19,19
1,1,470818,0,0,0,0,0,0,0,0,0,0
2,1,470818,0,0,0,0,0,0,0,0,0,0
1,1,470819,0,0,0,0,0,15,0,0,0,0
1,1,470820,0,0,0,0,0,0,0,0,0,0
2,1,470820,0,0,0,0,0,0,0,0,0,0
3,1,470820,0,0,0,0,0,0,0,0,0,0
0,1,470821,8,29,27,18,29,13,23,30,12,42
1,1,470821,10,0,0,0,0,0,0,0,0,0
0,1,470822,19,36,4,18,21,24,20,0,7,0
1,1,470822,0,10,0,0,0,0,7,0,0,16
1,1,470823,0,0,0,0,0,0,0,0,0,0
2,1,470823,0,17,0,7,18,0,0,0,0,0
1,1,470824,0,0,0,0,0,0,0,0,0,0
1,1,470825,9,0,0,6,0,0,0,0,0,11
2,1,470825,0,13,0,0,0,0,0,0,3,0
0,1,470827,10,0,0,35,0,0,0,0,19,0
0,2,470827,0,0,0,0,0,0,0,0,0,0
1,1,470827,0,0,0,0,0,0,0,0,0,0
1,1,470828,0,0,0,0,0,0,0,0,0,0
2,1,470828,0,0,0,0,0,0,0,0,0,0
1,1,470829,0,0,16,20,38,0,17,12,0,0
2,1,470829,0,0,0,0,0,3,0,0,0,0
3,1,470829,0,0,0,0,0,0,0,0,0,0
0,1,470830,0,0,0,0,0,0,0,0,0,0
1,1,470830,0,0,0,0,0,0,0,0,0,0
1,1,470831,0,0,0,0,0,0,0,0,0,0
1,1,470832,13,14,17,28,20,29,8,26,37,24
1,1,470833,0,0,0,0,0,0,0,0,0,0
2,1,470833,0,0,0,0,0,0,0,0,0,0
1,1,470834,0,0,0,13,25,26,0,25,26,11
2,1,470834,0,4,0,0,0,0,0,0,0,0
1,1,470835,0,0,0,0,0,0,0,0,0,0
0,1,470836,0,0,0,0,0,0,0,0,0,0
1,1,470836,0,0,0,0,0,0,0,0,0,0
1,1,470838,11,11,11,11,11,11,11,11,11,11
0,1,470839,0,0,11,0,23,16,31,53,0,0
1,1,470839,0,0,0,11,0,0,0,0,0,0
1,1,470840,0,0,0,0,0,0,0,0,0,0
2,1,470840,0,0,0,0,0,0,0,0,0,0
1,1,470841,0,0,0,0,0,0,0,0,0,0
1,1,470842,17,18,19,30,24,19,8,26,21,29
1,1,470843,0,0,0,0,0,0,0,0,0,0
2,1,470843,0,0,0,0,0,0,0,0,0,0
1,1,470844,23,23,23,23,23,23,23,23,23,23
1,1,470845,0,0,0,0,0,0,0,0,17,2
2,1,470845,0,0,0,0,0,0,0,0,0,0
1,1,470846,0,0,0,0,0,0,0,0,0,0
2,1,470846,0,0,0,0,0,0,0,0,0,0
1,1,470847,0,0,21,4,0,0,0,0,0,0
2,1,470847,0,0,0,0,0,0,0,0,0,0
1,1,470848,2,0,0,0,0,0,0,0,0,0
2,1,470848,0,0,0,0,0,0,0,0,0,0
1,1,470849,0,0,0,0,0,0,0,12,5,0
2,1,470849,19,19,19,19,19,19,19,19,19,19
1,1,470850,0,0,0,0,0,0,0,0,0,0
2,1,470850,23,23,23,23,23,23,23,23,23,23
1,1,470851,21,24,27,13,16,20,24,24,24,0
1,1,470852,25,25,25,25,25,25,25,25,25,25
0,1,470853,0,11,0,0,0,0,0,25,0,0
1,1,470853,0,0,0,0,0,0,0,0,0,0
1,1,470854,0,0,0,0,0,0,0,0,0,0
2,1,470854,0,0,0,0,0,0,0,0,0,0
1,1,470855,0,0,0,0,0,0,0,0,0,0
2,1,470855,0,0,0,0,0,0,0,0,0,0
1,1,470856,0,0,0,0,0,0,0,0,0,0
1,1,470857,0,0,0,0,0,0,0,0,0,0
1,1,470858,0,0,0,0,19,11,0,0,0,0
2,1,470858,0,0,0,0,0,0,0,0,0,0
1,1,470859,0,0,0,0,0,0,0,0,0,0
2,1,470859,0,0,0,0,0,0,0,0,0,0
1,1,470860,0,0,0,0,0,0,0,0,0,0
2,1,470860,0,0,0,0,0,0,0,0,0,0
1,1,470861,0,0,0,0,0,0,0,0,0,0
2,1,470861,0,0,0,0,0,0,0,0,0,0
1,1,470862,32,10,5,0,14,21,3,18,15,8
1,1,470863,32,32,32,32,32,32,32,32,32,32
1,1,470864,0,0,0,0,0,0,0,0,0,0
2,1,470864,0,0,0,0,0,0,0,0,0,0
1,1,470865,0,0,0,0,0,0,0,0,0,0
2,1,470865,0,0,0,0,0,0,0,0,0,0
1,1,470866,0,0,0,0,0,0,0,0,0,0
2,1,470866,0,0,0,0,0,0,0,0,0,0
1,1,470867,0,0,0,0,0,0,0,0,0,0
1,1,470868,0,0,0,0,0,0,0,0,0,0
1,1,470869,17,17,17,17,17,17,17,17,17,17
1,1,470870,27,27,27,27,27,27,27,27,27,27
1,1,470871,18,18,18,18,18,18,18,18,18,18
2,1,470871,0,0,0,0,0,0,0,0,0,0
1,1,470872,25,25,25,25,25,25,25,25,25,25
1,1,470873,27,5,8,0,0,9,18,24,15,12
1,1,470875,28,0,9,0,0,0,0,0,0,21
2,1,470875,0,0,0,0,0,0,0,0,0,0
1,1,470876,0,0,0,0,0,0,0,0,0,0
2,1,470876,0,0,0,0,0,0,0,0,0,0
3,1,470876,0,0,0,0,0,0,0,0,0,0
1,1,470877,0,8,0,25,42,0,0,6,14,0
1,1,470878,14,0,34,17,0,18,0,0,0,14
1,1,470879,8,0,0,0,0,0,0,0,0,0
2,1,470879,0,0,0,0,0,0,0,0,0,0
1,1,470880,18,0,0,0,19,0,0,0,0,0
0,1,470881,21,0,38,0,5,10,0,0,26,0
1,1,470881,0,3,0,0,0,28,0,11,0,9
0,1,470882,0,0,0,0,0,0,0,0,0,17
1,1,470882,0,0,0,0,0,0,0,0,0,0
1,1,470883,8,43,0,0,8,0,0,0,18,0
1,1,470884,32,0,21,20,20,25,8,0,0,19
1,1,470885,0,0,0,0,0,0,0,0,0,0
2,1,470885,0,0,0,0,0,0,0,0,0,0
1,1,470886,0,0,0,0,8,0,0,8,0,0
2,1,470886,0,0,0,0,0,0,0,0,0,0
3,1,470886,0,0,0,0,0,0,0,0,0,0
1,1,470887,0,0,0,0,0,0,0,0,0,0
2,1,470887,0,0,0,0,0,0,0,0,0,0
1,1,470888,0,0,0,0,29,10,25,21,0,13
2,1,470888,0,0,0,0,0,0,0,0,0,0
3,1,470888,0,0,0,0,0,0,0,0,0,0
1,1,470889,0,0,0,0,0,0,0,0,0,0
0,1,470890,0,0,0,0,0,0,0,0,0,0
1,1,470890,21,13,7,14,18,0,19,8,15,20
0,1,470891,0,0,0,0,0,0,0,0,0,0
1,1,470891,0,0,0,0,0,0,0,0,0,0
1,1,470892,0,17,24,0,16,33,3,26,16,30
1,1,470893,0,0,0,0,0,0,0,0,0,0
2,1,470893,0,0,0,0,0,0,0,0,0,8
1,1,470894,0,0,0,0,0,0,0,0,0,0
2,1,470894,0,0,0,0,0,0,0,0,0,0
1,1,470895,13,13,13,13,13,13,13,13,13,13
1,1,470896,0,0,24,0,4,0,0,0,0,0
2,1,470896,0,0,0,0,0,0,0,0,0,0
1,1,470897,0,0,0,0,0,0,9,0,0,0
2,1,470897,0,0,0,0,0,0,0,0,0,0
1,1,470898,0,0,0,0,0,0,0,0,0,0
2,1,470898,0,0,0,0,0,0,0,0,0,0
1,1,470899,1,1,1,1,1,1,1,1,1,1
1,1,470900,7,30,0,0,16,0,0,0,0,0
2,1,470900,0,0,0,0,0,0,0,0,0,0
1,1,470902,0,0,0,0,0,0,0,0,0,0
2,1,470902,0,0,0,0,0,0,0,0,0,0
1,1,470903,25,0,33,0,13,0,0,0,10,0
1,1,470904,0,0,0,0,0,0,0,0,0,0
1,1,470905,21,17,22,30,18,5,10,15,11,6
1,1,470906,0,0,0,0,0,0,0,0,0,0
0,1,470907,20,0,18,19,12,14,27,0,0,0
1,1,470907,0,0,0,0,0,0,0,0,0,0
1,1,470908,0,0,0,0,0,0,0,0,0,0
2,1,470908,0,0,0,0,0,0,0,0,0,0
3,1,470908,0,0,0,0,0,0,0,0,0,0
1,1,470909,0,0,0,0,0,0,0,0,0,0
2,1,470909,0,0,0,0,0,0,0,0,0,0
1,1,470910,0,0,0,0,0,0,0,0,0,0
2,1,470910,0,0,0,0,0,0,0,0,0,0
1,1,470911,0,0,0,0,0,0,15,11,0,0
2,1,470911,0,0,0,0,0,0,0,0,0,0
1,1,470912,9,23,20,11,28,9,17,21,5,17
1,1,470913,0,0,0,0,0,0,0,0,0,0
1,1,470914,16,16,16,16,16,16,16,16,16,16
2,1,470914,0,0,0,0,0,0,0,0,0,0
1,1,470915,0,0,0,0,0,0,0,0,0,0
2,1,470915,0,0,0,0,0,0,0,0,0,0
3,1,470915,0,0,0,0,0,0,0,0,0,0
1,1,470916,0,0,0,13,0,0,0,0,0,0
2,1,470916,0,0,0,0,0,0,0,0,0,0
1,1,470917,24,0,15,0,0,27,0,0,0,0
1,1,470918,0,0,0,0,0,0,0,0,0,0
1,1,470919,0,0,0,0,0,0,0,0,0,0
1,1,470920,0,0,0,0,0,0,0,0,0,0
1,1,470921,0,0,0,0,0,0,0,0,0,0
2,1,470921,0,0,0,0,0,0,0,0,0,0
3,1,470921,0,0,0,0,0,0,0,0,0,0
1,1,470922,0,0,0,0,0,0,0,0,0,0
0,1,470923,0,25,0,49,0,8,23,21,0,0
1,1,470923,0,8,10,2,0,5,0,2,0,0
1,1,470924,0,0,0,0,0,0,0,0,0,0
1,1,470925,0,0,0,0,0,0,0,0,0,0
2,1,470925,0,0,0,0,0,0,0,0,0,0
1,1,470926,24,24,24,24,24,24,24,24,24,24
2,1,470926,0,0,0,0,0,0,0,0,0,0
1,1,470927,0,0,0,0,0,0,0,0,0,0
0,1,470928,0,23,0,0,0,0,0,0,0,27
1,1,470928,8,0,0,0,0,0,0,0,0,0
1,1,470929,0,0,0,0,0,0,0,0,0,0
2,1,470929,0,0,0,0,0,0,0,0,0,0
1,1,470930,0,0,0,0,0,0,0,0,0,0
2,1,470930,0,0,0,0,0,0,0,0,0,0
0,1,470931,0,0,0,0,15,0,6,0,15,0
1,1,470931,10,10,10,10,10,10,10,10,10,10
1,1,470932,0,0,0,8,0,0,0,0,0,0
1,1,470933,22,22,22,22,22,22,22,22,22,22
1,1,470934,0,0,0,0,0,0,0,0,0,0
2,1,470934,0,0,0,0,0,0,0,0,0,0
1,1,470935,24,0,0,26,0,0,0,9,0,0
1,1,470936,0,0,0,0,0,0,0,0,0,0
2,1,470936,0,0,0,0,0,0,0,0,0,0
1,1,480001,18,18,18,18,18,18,18,18,18,18
1,1,480002,19,19,19,19,19,19,19,19,19,19
1,1,480003,29,0,0,0,0,0,0,13,0,20
2,1,480003,0,0,0,0,0,0,0,0,0,0
1,1,480004,17,17,17,17,17,17,17,17,17,17
1,1,480005,14,14,14,14,14,14,14,14,14,14
1,1,480007,0,0,15,5,0,0,7,0,15,6
2,1,480007,12,0,0,0,0,0,0,10,23,0
1,1,480008,23,23,23,23,23,23,23,23,23,23
1,1,480009,0,0,18,0,0,0,0,0,0,0
2,1,480009,0,0,0,0,0,0,0,0,0,0
1,1,480010,0,0,0,0,15,0,0,0,0,0
2,1,480010,0,0,0,0,0,0,0,0,0,0
3,1,480010,0,0,0,0,0,0,11,0,0,0
1,1,480011,0,0,0,0,0,0,0,0,0,0
2,1,480011,0,0,0,0,0,0,0,0,0,0
1,1,480012,0,0,0,0,0,0,0,0,0,0
1,1,480013,0,0,0,0,0,0,0,0,0,0
2,1,480013,0,0,0,0,5,0,0,0,0,0
0,1,480014,0,0,0,0,0,0,0,0,0,0
1,1,480014,0,0,0,0,0,0,0,0,0,0
0,1,480015,4,4,4,4,4,4,4,4,4,4
1,1,480015,0,0,0,0,0,0,0,0,0,0
1,1,480016,22,22,22,22,22,22,22,22,22,22
2,1,480016,0,0,8,14,10,3,0,0,17,0
3,1,480016,0,0,0,0,0,0,0,0,0,0
1,1,480017,0,0,0,0,0,0,0,0,0,0
1,1,480018,0,0,10,14,0,14,21,9,16,13
2,1,480018,0,0,0,0,0,0,0,0,0,0
0,1,480019,32,32,32,32,32,32,32,32,32,32
1,1,480019,0,0,15,0,0,4,4,0,0,16
1,1,480020,13,13,13,13,13,13,13,13,13,13
1,1,480021,9,0,0,0,5,0,33,12,21,0
2,1,480021,0,0,0,13,0,0,0,0,0,0
1,1,480022,0,0,0,0,0,0,0,0,0,0
2,1,480022,0,0,0,0,0,0,0,14,0,0
1,1,480023,23,23,23,23,23,23,23,23,23,23
1,1,480024,0,0,0,0,0,0,0,0,0,0
2,1,480024,0,0,0,0,15,0,0,4,24,0
1,1,480025,0,0,0,10,0,0,0,0,0,0
2,1,480025,0,8,0,0,0,0,0,0,0,0
0,1,480026,19,19,19,19,19,19,19,19,19,19
1,1,480026,0,0,0,0,0,0,0,0,0,0
1,1,480027,11,11,11,11,11,11,11,11,11,11
2,1,480027,0,0,0,0,0,0,0,0,6,0
1,1,480028,28,0,47,0,0,0,11,0,26,23
0,1,480029,31,31,31,31,31,31,31,31,31,31
1,1,480029,14,0,0,0,7,0,0,7,0,10
1,1,480030,4,0,4,0,0,21,18,0,21,11
1,1,480031,0,0,0,6,0,15,0,0,20,0
2,1,480031,0,0,0,0,0,0,0,0,0,0
3,1,480031,0,0,0,0,0,0,0,0,0,0
0,1,480032,0,0,0,0,0,0,0,0,0,0
1,1,480032,3,3,3,3,3,3,3,3,3,3
0,1,480033,0,13,25,0,39,0,12,11,0,12
1,1,480033,0,0,0,0,0,0,0,0,0,0
0,1,480034,40,40,40,40,40,40,40,40,40,40
1,1,480034,0,0,0,0,0,0,6,0,0,0
0,1,480035,15,15,15,15,15,15,15,15,15,15
1,1,480035,0,0,13,0,0,0,0,0,0,0
1,1,480036,8,18,13,9,6,22,7,16,12,13
1,1,480037,0,0,41,17,0,0,0,0,0,0
1,1,480038,8,11,25,21,22,26,33,20,35,14
1,1,480039,5,6,14,16,22,18,12,23,8,0
1,1,480040,22,33,23,0,9,21,13,27,4,0
2,1,480040,0,0,0,0,0,0,0,8,0,0
1,1,480041,0,0,0,21,0,0,0,0,0,0
0,1,480042,15,15,15,15,15,15,15,15,15,15
1,1,480042,0,0,0,0,0,0,0,0,0,0
1,1,480043,16,17,21,25,14,8,29,39,18,25
2,1,480043,0,0,0,0,0,0,13,0,0,0
1,1,480044,24,24,24,24,24,24,24,24,24,24
1,1,480045,0,0,0,0,0,0,0,0,0,0
2,1,480045,0,0,0,0,0,0,0,0,20,0
1,1,480046,0,0,0,0,0,0,0,0,0,0
1,1,480047,8,8,8,8,8,8,8,8,8,8
1,1,480048,0,0,0,0,0,0,0,0,0,0
1,1,480049,0,0,0,0,0,0,0,0,0,0
2,1,480049,0,0,0,0,0,0,0,0,0,0
1,1,480050,22,0,34,17,19,17,39,0,0,22
0,1,480051,0,0,0,12,0,0,13,0,4,0
1,1,480051,0,0,5,9,0,13,15,8,0,7
1,1,480052,0,0,0,0,0,0,0,0,0,0
2,1,480052,0,0,0,0,0,0,0,0,0,0
3,1,480052,0,0,0,0,0,0,0,0,0,0
1,1,480053,28,28,28,28,28,28,28,28,28,28
1,1,480054,2,2,2,2,2,2,2,2,2,2
1,1,480055,17,17,17,17,17,17,17,17,17,17
2,1,480055,0,0,0,0,0,0,0,0,0,11
1,1,480056,18,18,18,18,18,18,18,18,18,18
2,1,480056,0,0,0,16,0,0,14,0,0,0
1,1,480057,19,19,19,19,19,19,19,19,19,19
1,1,480058,0,0,0,0,0,0,0,0,0,0
2,1,480058,0,0,16,0,0,18,0,0,0,0
1,1,480059,0,0,7,0,0,8,23,0,0,0
1,1,480060,0,0,0,0,0,0,31,0,0,0
2,1,480060,0,0,0,0,0,0,0,0,0,0
0,1,480061,0,21,0,0,21,0,0,0,0,0
1,1,480061,0,0,0,0,0,13,0,0,0,0
1,1,480062,0,0,0,13,0,20,9,30,8,12
1,1,480063,17,17,17,17,17,17,17,17,17,17
1,1,480064,0,0,0,0,0,0,0,0,0,0
2,1,480064,0,0,0,0,0,0,0,0,0,0
1,1,480065,0,0,0,0,0,0,0,0,20,0
2,1,480065,0,0,0,0,0,0,0,0,0,0
1,1,480066,20,20,20,20,20,20,20,20,20,20
0,1,480067,0,0,0,0,0,0,0,0,0,0
1,1,480067,0,0,0,0,0,0,0,0,0,0
1,1,480068,2,2,2,2,2,2,2,2,2,2
2,1,480068,0,0,0,0,0,0,0,0,0,0
2,1,480069,0,0,0,0,0,0,0,0,0,0
1,1,480070,0,0,0,0,0,0,0,0,0,0
2,1,480070,0,0,0,0,0,0,0,0,0,0
1,1,480071,0,0,0,0,0,0,0,0,0,0
2,1,480071,0,0,0,0,0,0,0,0,0,0
1,1,480072,0,0,0,0,0,0,0,12,0,0
2,1,480072,0,0,0,0,0,0,0,0,0,0
0,1,480073,0,0,0,0,0,0,0,0,0,0
1,1,480073,0,0,0,0,0,0,0,0,0,0
0,1,480074,24,24,24,24,24,24,24,24,24,24
1,1,480074,0,0,0,0,0,0,0,0,0,0
0,1,480075,0,15,19,0,27,0,36,29,22,0
2,1,480075,14,0,0,15,0,0,0,10,3,15
1,1,480076,0,0,0,0,0,0,0,0,0,0
1,1,480077,0,0,0,7,0,0,0,0,0,0
2,1,480077,0,0,13,0,0,0,0,4,0,0
0,1,480078,0,0,0,0,0,22,0,10,0,23
1,1,480078,0,0,0,0,0,0,0,3,0,0
1,1,480079,12,12,12,12,12,12,12,12,12,12
1,1,480080,0,18,21,12,15,11,0,0,0,0
1,1,480081,6,0,0,0,0,20,0,15,21,21
1,1,480082,0,0,0,0,0,0,0,0,0,0
2,1,480082,0,0,0,0,0,0,0,0,0,0
1,1,480083,23,23,23,23,23,23,23,23,23,23
1,1,480084,20,20,20,20,20,20,20,20,20,20
1,1,480085,0,0,17,0,21,0,0,0,6,14
1,1,480086,0,0,0,0,19,11,0,0,0,17
2,1,480086,0,0,0,0,0,0,0,0,0,0
1,1,480087,8,8,8,8,8,8,8,8,8,8
2,1,480087,0,0,27,0,0,0,0,0,0,0
3,1,480087,0,0,0,0,11,0,0,0,0,0
1,1,480088,0,0,0,0,13,0,34,0,25,27
1,1,480089,0,10,38,24,23,0,0,25,0,0
1,1,480090,0,0,0,0,0,0,0,0,0,0
1,1,480091,0,0,0,0,0,10,0,0,9,5
1,1,480092,29,29,29,29,29,29,29,29,29,29
1,1,480093,0,14,0,27,8,0,13,0,0,12
1,1,480094,0,0,0,0,0,0,0,0,0,0
1,1,480095,0,19,0,0,0,0,0,0,0,0
1,1,480096,30,30,30,30,30,30,30,30,30,30
1,1,480097,0,0,0,0,0,0,0,0,0,0
2,1,480097,0,0,0,0,0,17,0,0,0,0
3,1,480097,5,0,0,0,0,0,0,0,0,0
1,1,480098,14,14,14,14,14,14,14,14,14,14
1,1,480099,30,30,30,30,30,30,30,30,30,30
2,1,480099,0,0,0,0,0,0,0,0,0,0
3,1,480099,0,0,0,0,0,0,0,0,0,0
1,1,480100,0,0,0,0,0,0,0,0,0,0
2,1,480100,0,0,0,0,0,0,0,0,0,6
0,1,480101,17,23,12,0,0,20,0,17,15,0
1,1,480101,20,0,35,10,21,9,0,11,7,12
1,1,480102,0,0,0,0,0,0,0,10,0,0
1,1,480103,0,0,0,0,0,0,0,0,0,0
2,1,480103,11,0,12,0,0,0,0,0,19,0
1,1,480104,14,14,14,14,14,14,14,14,14,14
2,1,480104,0,0,0,0,0,0,0,0,0,0
1,1,480105,12,12,12,12,12,12,12,12,12,12
0,1,480106,20,20,20,20,20,20,20,20,20,20
1,1,480106,23,0,9,0,0,7,0,0,0,0
1,1,480107,0,0,0,0,0,0,0,0,0,0
2,1,480107,0,0,0,0,0,0,0,0,0,0
1,1,480108,0,0,30,0,0,0,0,0,7,21
1,1,480109,0,20,7,0,0,0,8,0,10,0
2,1,480109,0,0,0,0,0,0,0,0,0,0
1,1,480110,11,11,11,11,11,11,11,11,11,11
1,1,480111,12,12,12,12,12,12,12,12,12,12
2,1,480111,2,2,2,2,2,2,2,2,2,2
3,1,480111,7,0,0,0,4,0,0,0,0,0
4,1,480111,0,0,0,0,4,0,0,0,0,0
5,1,480111,0,0,0,0,0,0,0,0,0,0
6,1,480111,0,0,0,0,0,0,0,0,0,0
7,1,480111,0,0,4,0,0,0,0,0,0,0
1,1,480112,24,19,0,0,0,0,19,0,0,12
1,1,480113,19,21,16,0,17,0,15,15,0,14
1,1,480114,0,0,0,0,0,0,0,0,0,0
2,1,480114,0,0,0,0,0,0,0,0,0,0
1,1,480115,0,0,0,0,0,0,0,0,0,0
1,1,480116,0,0,0,0,0,0,0,0,0,0
1,1,480117,0,0,0,0,0,0,0,0,0,0
2,1,480117,0,0,0,0,0,0,0,0,0,0
1,1,480118,27,27,27,27,27,27,27,27,27,27
1,1,480119,23,23,23,23,23,23,23,23,23,23
1,1,480120,0,0,0,0,0,0,0,0,0,0
2,1,480120,0,0,0,0,0,0,0,0,0,0
3,1,480120,0,0,0,0,0,0,0,0,0,0