VEH_NO,PER_NO,ST_CASE,P1,P2,P3,P4,P5,P6,P7,P8,P9,P10
4,1,480120,0,0,0,0,0,0,0,0,0,0
1,1,480121,8,8,8,8,8,8,8,8,8,8
1,1,480122,0,0,9,24,0,12,15,15,0,8
1,1,480124,0,0,0,20,0,10,0,0,0,0
2,1,480124,0,12,0,0,0,0,0,0,0,0
3,1,480124,0,0,0,0,0,0,4,0,0,19
4,1,480124,4,0,0,0,0,0,0,0,0,0
1,1,480125,0,0,0,0,0,0,0,0,0,0
1,1,480126,0,0,0,0,0,0,0,0,0,0
2,1,480126,0,0,15,0,8,0,0,0,0,0
1,1,480127,16,16,16,16,16,16,16,16,16,16
1,1,480128,27,27,27,27,27,27,27,27,27,27
1,1,480129,17,17,17,17,17,17,17,17,17,17
1,1,480130,11,0,0,0,0,5,0,0,7,0
2,1,480130,0,13,16,0,0,9,0,26,0,0
1,1,480131,0,14,0,0,0,0,0,0,0,0
1,1,480132,14,28,18,29,10,15,20,0,20,31
1,1,480133,0,0,0,0,0,0,0,0,0,0
2,1,480133,0,0,0,0,0,0,0,19,18,0
0,1,480134,0,0,0,0,0,0,0,0,0,0
1,1,480134,0,16,41,10,0,0,0,0,16,0
1,1,480135,21,21,21,21,21,21,21,21,21,21
0,1,480136,0,0,0,0,0,0,0,0,0,0
1,1,480136,0,12,11,0,0,0,0,0,0,24
1,1,480137,14,0,0,21,0,41,25,0,0,31
2,1,480137,0,0,0,0,0,9,0,0,23,0
1,1,480138,0,0,0,0,0,0,0,0,0,0
2,1,480138,0,0,0,0,0,0,0,0,0,0
3,1,480138,0,0,0,0,0,0,0,16,0,0
4,1,480138,0,0,0,0,0,0,0,0,0,0
5,1,480138,0,0,0,0,0,0,0,6,0,0
0,1,480139,0,0,0,0,0,0,0,0,0,0
1,1,480139,0,0,8,0,21,23,0,8,14,11
1,1,480140,0,0,0,0,0,0,0,0,0,0
1,1,480141,20,20,20,20,20,20,20,20,20,20
2,1,480141,9,11,0,0,0,3,2,0,0,0
1,1,480143,29,29,29,29,29,29,29,29,29,29
1,1,480144,2,37,9,8,7,11,11,22,10,7
2,1,480144,0,0,0,0,0,0,0,0,0,0
3,1,480144,0,0,0,0,0,0,0,0,0,0
1,1,480145,0,0,0,0,0,0,0,0,0,0
2,1,480145,0,0,0,0,0,0,0,0,0,0
1,1,480146,12,12,12,12,12,12,12,12,12,12
1,1,480147,23,23,23,23,23,23,23,23,23,23
1,1,480148,21,21,21,21,21,21,21,21,21,21
2,1,480148,0,0,0,0,0,0,9,6,0,0
1,1,480150,0,0,0,0,0,0,0,0,0,0
2,1,480150,0,0,0,0,0,0,0,0,0,0
3,1,480150,0,0,0,0,0,0,0,0,0,0
1,1,480151,15,0,4,0,0,14,0,4,0,0
2,1,480151,0,0,0,0,0,0,0,0,0,0
0,1,480152,0,0,0,0,0,0,0,0,0,0
1,1,480152,0,0,0,0,0,0,0,0,0,22
1,1,480153,0,0,0,0,0,0,0,0,0,0
2,1,480153,0,0,0,0,0,0,0,0,0,0
1,1,480154,12,12,12,12,12,12,12,12,12,12
1,1,480155,0,0,0,0,0,0,0,0,0,0
2,1,480155,0,0,0,0,0,0,0,0,0,0
3,1,480155,0,0,0,0,0,0,0,0,0,0
1,1,480156,0,0,0,7,0,15,0,27,0,18
1,1,480157,0,15,9,4,0,18,0,0,28,0
0,1,480158,0,0,0,0,0,0,0,0,0,0
1,1,480158,0,9,8,0,0,6,0,0,0,0
1,1,480159,11,11,11,11,11,11,11,11,11,11
1,1,480160,0,0,0,0,0,0,0,0,0,0
1,1,480161,7,0,0,4,0,19,2,0,0,26
2,1,480161,0,0,0,0,5,15,0,0,0,0
1,1,480162,0,0,0,0,0,0,0,13,0,0
2,1,480162,0,0,0,0,0,0,0,0,0,0
1,1,480163,1,1,1,1,1,1,1,1,1,1
2,1,480163,0,0,0,0,0,0,0,0,0,0
1,1,480164,14,14,14,14,14,14,14,14,14,14
1,1,480165,0,22,0,0,0,0,13,0,0,0
2,1,480165,0,0,0,0,0,0,0,0,0,0
1,1,480166,0,0,0,0,0,0,0,0,0,0
1,1,480167,15,15,15,15,15,15,15,15,15,15
0,1,480168,0,0,0,0,0,0,0,0,0,0
2,1,480168,0,0,0,0,0,0,0,0,0,0
3,1,480168,0,17,24,0,0,0,8,0,0,0
4,1,480168,0,18,0,0,0,0,0,0,0,0
5,1,480168,0,22,0,0,0,0,0,0,0,0
1,1,480169,0,0,0,0,0,0,0,0,0,0
1,1,480170,0,0,0,0,0,0,0,0,0,0
2,1,480170,0,0,0,0,0,0,0,0,3,0
1,1,480171,0,0,0,0,0,0,0,0,0,0
1,1,480172,0,0,0,0,0,0,0,0,0,0
1,1,480173,0,0,0,0,0,0,0,0,0,0
2,1,480173,0,0,0,0,11,0,0,0,0,0
3,1,480173,0,0,0,0,0,0,0,0,0,0
1,1,480174,36,36,36,36,36,36,36,36,36,36
1,1,480175,0,0,0,0,0,0,0,0,0,0
0,1,480176,0,0,0,0,0,0,0,0,0,0
1,1,480176,0,0,0,0,0,0,0,0,0,0
1,1,480177,0,0,0,0,0,0,0,0,0,0
2,1,480177,0,0,0,0,0,0,0,5,0,0
1,1,480178,18,0,19,10,16,26,26,18,24,15
1,1,480179,24,0,14,0,0,0,26,0,26,16
1,1,480180,0,0,0,0,0,0,0,0,0,0
2,1,480180,0,0,0,0,0,0,0,0,0,0
0,1,480181,21,21,21,21,21,21,21,21,21,21
1,1,480181,0,0,0,0,0,0,0,0,0,0
1,1,480182,19,19,19,19,19,19,19,19,19,19
2,1,480182,0,0,0,0,0,0,0,0,0,0
2,1,480183,0,14,10,10,0,0,0,23,6,0
1,1,480184,8,0,0,0,0,11,0,3,0,0
2,1,480184,0,0,0,0,0,0,0,5,0,0
1,1,480185,20,0,0,0,0,0,0,0,0,0
2,1,480185,0,0,0,0,0,0,0,0,0,0
1,1,480186,20,20,20,20,20,20,20,20,20,20
2,1,480186,0,0,0,0,0,0,0,0,0,0
3,1,480186,0,21,18,0,15,0,0,0,0,0
1,1,480187,26,8,29,0,2,7,14,6,15,8
2,1,480187,12,0,0,0,25,0,0,0,0,0
1,1,480188,0,0,0,0,0,0,0,0,0,0
2,1,480188,0,0,0,0,0,0,0,0,0,0
1,1,480189,0,0,0,0,0,0,0,0,0,0
2,1,480189,0,0,0,0,0,0,0,0,0,0
3,1,480189,0,0,0,0,0,0,0,0,0,0
1,1,480191,0,0,0,0,0,0,0,0,0,0
2,1,480191,0,0,0,0,0,0,0,0,0,0
3,1,480191,0,16,0,0,0,0,0,0,0,0
4,1,480191,0,0,0,0,0,0,0,0,0,0
1,1,480192,0,0,13,33,18,0,12,0,16,8
0,1,480193,0,0,16,0,0,0,0,0,0,0
1,1,480193,0,0,0,0,0,0,0,0,0,0
1,1,480194,7,0,0,0,0,0,0,0,0,7
2,1,480194,27,27,27,27,27,27,27,27,27,27
1,1,480195,8,8,8,8,8,8,8,8,8,8
1,1,480196,0,0,0,2,2,0,0,0,0,0
2,1,480196,0,0,0,0,12,0,0,0,0,0
1,1,480197,0,0,13,0,11,0,5,0,33,0
1,1,480198,0,0,0,5,0,18,0,0,0,0
1,1,480199,21,21,21,21,21,21,21,21,21,21
1,1,480200,9,9,9,9,9,9,9,9,9,9
1,1,480201,0,0,0,0,0,0,0,0,0,0
1,1,480202,17,17,17,17,17,17,17,17,17,17
1,1,480203,26,32,12,20,0,9,18,7,29,14
1,1,480204,22,22,22,22,22,22,22,22,22,22
1,1,480205,25,25,25,25,25,25,25,25,25,25
1,1,480206,0,0,0,0,0,0,0,0,0,0
1,1,480207,0,0,0,0,0,0,0,8,0,0
1,1,480208,16,16,16,16,16,16,16,16,16,16
1,1,480209,4,0,0,0,0,0,0,8,0,10
2,1,480209,0,0,0,0,0,0,0,0,0,0
1,1,480210,0,13,29,0,0,0,32,4,0,0
1,1,480211,0,0,0,0,0,0,0,0,0,0
0,1,480212,0,0,0,0,0,0,0,0,0,0
1,1,480212,0,0,0,0,0,0,0,0,0,0
1,1,480213,0,0,0,0,15,0,14,0,0,0
1,1,480214,0,0,0,0,0,0,0,0,0,0
2,1,480214,0,0,25,0,0,0,0,0,0,16
1,1,480215,19,19,19,19,19,19,19,19,19,19
1,1,480216,20,15,25,31,16,11,14,33,25,10
1,1,480217,0,0,0,0,0,0,0,0,0,0
2,1,480217,0,0,0,0,0,0,0,0,0,19
1,1,480218,17,17,17,17,17,17,17,17,17,17
1,1,480219,13,13,13,13,13,13,13,13,13,13
2,1,480219,0,0,0,0,0,0,0,0,0,0
1,1,480220,21,21,21,21,21,21,21,21,21,21
1,1,480222,13,0,0,0,16,0,0,3,0,0
1,1,480223,21,21,21,21,21,21,21,21,21,21
1,1,480224,15,11,0,5,19,7,14,9,16,11
1,1,480225,15,15,15,15,15,15,15,15,15,15
1,1,480226,31,31,31,31,31,31,31,31,31,31
1,1,480227,14,8,24,13,6,18,23,34,32,22
1,1,480228,0,0,30,0,0,0,0,0,0,0
1,1,480229,22,22,22,22,22,22,22,22,22,22
2,1,480229,0,0,0,0,0,0,0,3,0,0
1,1,480230,0,0,0,0,0,0,0,0,0,0
2,1,480230,0,0,0,0,0,0,0,0,0,0
3,1,480230,0,3,0,0,0,4,0,0,11,0
1,1,480232,24,13,18,0,0,0,0,24,0,0
2,1,480232,0,0,0,0,0,0,0,1,0,0
3,1,480232,0,0,0,0,0,0,0,0,0,0
1,1,480233,16,31,26,0,28,9,21,0,15,20
1,1,480234,0,0,0,0,0,0,0,0,0,0
0,1,480235,0,0,0,0,0,0,0,0,0,0
1,1,480235,0,0,0,0,0,0,0,0,0,0
0,1,480236,0,0,32,0,0,0,30,27,0,24
1,1,480236,0,0,0,0,0,0,0,0,0,0
1,1,480237,0,0,0,0,0,0,0,0,0,0
2,1,480237,0,0,0,0,0,0,0,0,0,0
1,1,480238,0,0,0,0,0,0,0,0,0,0
2,1,480238,12,12,27,16,0,22,9,33,10,0
1,1,480239,0,0,0,0,0,0,0,0,0,0
2,1,480239,0,0,0,0,10,0,0,0,0,0
1,1,480240,0,0,0,0,0,0,0,0,0,0
1,1,480241,0,0,0,0,0,0,0,0,0,0
2,1,480241,0,0,0,0,0,0,0,0,0,0
1,1,480242,25,25,25,25,25,25,25,25,25,25
0,1,480243,23,23,23,23,23,23,23,23,23,23
1,1,480243,0,0,0,0,0,3,0,0,0,0
1,1,480244,0,0,0,0,0,23,0,0,0,0
2,1,480244,0,0,0,0,0,0,0,0,0,0
1,1,480245,0,0,0,0,0,0,0,0,0,0
2,1,480245,0,0,24,0,0,0,0,0,0,0
0,1,480246,0,0,0,0,0,0,0,0,0,0
1,1,480246,0,0,0,0,0,0,0,0,0,0
0,1,480247,0,0,0,0,0,0,0,0,0,0
1,1,480247,0,0,0,0,0,0,20,0,0,10
2,1,480247,0,0,0,0,6,0,0,0,0,0
3,1,480247,0,0,0,0,0,0,18,0,0,0
1,1,480248,11,11,11,11,11,11,11,11,11,11
1,1,480249,25,25,25,25,25,25,25,25,25,25
1,1,480250,11,11,11,11,11,11,11,11,11,11
2,1,480250,14,14,14,14,14,14,14,14,14,14
1,1,480251,7,26,23,14,17,11,7,8,28,6
1,1,480252,0,0,17,0,27,18,0,7,0,0
1,1,480253,0,0,0,0,0,0,0,0,0,0
2,1,480253,0,0,0,0,0,0,0,0,0,0
1,1,480254,0,0,0,0,0,0,0,0,0,0
2,1,480254,0,0,0,0,0,0,0,17,0,0
3,1,480254,0,0,0,0,0,0,0,0,8,6
4,1,480254,0,0,0,0,0,0,0,0,0,0
5,1,480254,0,0,0,0,0,0,0,0,0,0
1,1,480255,0,0,10,0,0,0,0,0,0,0
2,1,480255,0,0,0,0,0,0,0,17,15,11
1,1,480256,16,16,16,16,16,16,16,16,16,16
0,1,480257,0,0,0,0,0,0,0,0,0,0
1,1,480257,31,0,0,0,10,0,4,6,13,0
1,1,480258,12,0,0,0,0,7,0,0,0,13
0,1,480259,25,25,25,25,25,25,25,25,25,25
1,1,480259,18,18,18,18,18,18,18,18,18,18
2,1,480259,0,0,0,0,0,0,0,29,0,0
1,1,480261,21,21,21,21,21,21,21,21,21,21
1,1,480262,15,35,11,26,0,0,37,0,0,19
2,1,480262,0,0,0,0,0,0,0,0,0,0
1,1,480263,21,21,21,21,21,21,21,21,21,21
2,1,480263,0,0,0,0,0,0,0,0,0,0
1,1,480264,0,0,0,0,0,0,0,0,0,0
1,1,480265,0,0,0,0,0,0,0,26,0,0
2,1,480265,0,0,0,0,0,0,0,0,0,0
1,1,480266,0,0,0,0,0,0,0,0,0,0
0,1,480267,13,0,0,0,0,0,0,0,0,0
1,1,480267,0,0,0,0,0,0,10,0,0,0
2,1,480267,0,0,0,0,0,0,10,0,0,0
0,1,480268,0,0,0,0,0,0,0,0,0,0
1,1,480268,0,0,0,0,0,0,0,0,0,0
0,1,480269,21,21,21,21,21,21,21,21,21,21
1,1,480269,0,16,0,12,0,0,11,0,17,6
1,1,480270,17,17,17,17,17,17,17,17,17,17
1,1,480271,0,0,0,0,0,0,0,0,0,0
2,1,480271,0,0,0,0,0,0,0,0,0,0
3,1,480271,0,0,0,0,0,0,0,0,0,0
4,1,480271,0,0,0,0,0,0,0,0,0,0
5,1,480271,0,0,0,0,0,0,0,0,0,22
0,1,480272,25,14,0,10,14,9,0,0,0,23
1,1,480272,0,0,0,8,0,0,0,13,0,0
1,1,480273,12,12,12,12,12,12,12,12,12,12
1,1,480274,18,14,34,7,15,0,11,0,10,14
1,1,480275,0,0,0,0,0,0,0,0,0,0
2,1,480275,0,0,0,0,0,0,0,0,0,0
1,1,480276,0,0,0,0,0,0,0,0,0,0
2,1,480276,0,0,0,0,0,0,0,0,0,0
1,1,480277,0,0,0,0,0,0,0,0,0,0
2,1,480277,2,2,2,2,2,2,2,2,2,2
1,1,480278,18,18,18,18,18,18,18,18,18,18
1,1,480279,0,0,0,0,7,0,0,0,0,0
2,1,480279,0,0,0,0,0,0,0,0,0,0
0,1,480280,27,0,14,13,0,0,13,0,17,0
1,1,480280,0,0,0,0,0,0,0,0,0,8
0,1,480281,0,0,0,0,0,0,0,0,0,0
1,1,480281,20,0,0,0,0,0,0,0,0,0
1,1,480282,0,0,0,22,0,46,0,0,0,0
1,1,480283,0,0,0,0,0,0,0,0,0,0
1,1,480284,0,0,0,0,0,0,0,0,0,0
1,1,480285,21,21,21,21,21,21,21,21,21,21
1,1,480286,0,0,0,0,0,0,0,0,0,0
2,1,480286,0,0,0,0,0,0,0,0,0,0
1,1,480287,17,33,14,19,0,8,22,20,0,0
1,1,480288,30,30,30,30,30,30,30,30,30,30
2,1,480288,20,0,0,0,0,12,0,0,0,0
1,1,480289,28,28,28,28,28,28,28,28,28,28
2,1,480289,0,19,0,0,0,0,23,7,0,2
3,1,480289,0,0,0,0,0,0,0,0,0,0
1,1,480290,0,0,0,0,0,0,0,0,0,0
2,1,480290,0,0,0,0,0,0,0,0,0,0
3,1,480290,0,0,0,0,0,0,0,0,0,0
4,1,480290,0,0,0,0,0,0,0,0,0,0
1,1,480291,0,0,0,0,0,0,0,0,0,0
2,1,480291,0,0,0,0,0,0,0,0,0,0
3,1,480291,0,0,0,11,0,14,0,0,0,0
1,1,480292,0,0,0,0,0,0,0,0,0,0
2,1,480292,0,0,0,0,0,0,0,0,0,0
3,1,480292,0,0,0,0,28,0,0,26,8,0
1,1,480293,3,8,23,4,13,17,23,14,18,13
2,1,480293,18,13,17,22,19,28,14,9,11,28
1,1,480294,15,15,15,15,15,15,15,15,15,15
2,1,480294,0,0,0,0,0,0,0,0,0,0
1,1,480295,7,7,7,7,7,7,7,7,7,7
1,1,480296,14,14,14,14,14,14,14,14,14,14
1,1,480297,0,0,4,0,0,0,5,25,0,0
1,1,480298,21,21,21,21,21,21,21,21,21,21
1,1,480299,0,0,0,0,0,0,0,0,0,0
1,1,480300,0,0,0,0,0,0,0,0,0,0
2,1,480300,0,0,0,0,0,0,0,0,0,0
1,1,480301,9,9,9,9,9,9,9,9,9,9
2,1,480301,0,0,24,13,8,0,0,0,0,0
1,1,480302,21,21,21,21,21,21,21,21,21,21
1,1,480303,0,0,0,0,0,0,0,0,0,0
2,1,480303,0,0,0,0,0,0,0,0,0,0
1,1,480304,0,0,0,0,0,0,0,0,0,0
0,1,480305,0,0,0,0,0,0,0,0,0,0
1,1,480305,0,0,0,0,0,0,0,0,0,0
1,1,480306,0,0,0,0,0,0,0,0,0,0
2,1,480306,0,0,0,0,0,0,0,0,0,0
1,1,480307,0,0,0,8,15,0,8,0,22,0
1,1,480308,0,0,0,0,0,0,0,0,0,0
1,1,480309,12,0,0,0,0,6,0,0,0,0
2,1,480309,0,0,0,0,0,0,0,0,0,0
1,1,480310,0,0,0,0,0,0,0,0,0,0
2,1,480310,0,0,0,0,0,0,16,0,0,0
1,1,480311,0,16,0,0,0,8,0,0,0,0
1,1,480312,28,28,28,28,28,28,28,28,28,28
1,1,480313,15,24,37,18,20,15,13,24,10,34
1,1,480314,22,22,22,22,22,22,22,22,22,22
1,1,480315,22,22,22,22,22,22,22,22,22,22
2,1,480315,0,0,0,0,0,0,0,0,0,0
1,1,480316,0,0,9,0,0,7,26,9,0,9
2,1,480316,0,10,0,0,0,0,0,0,4,9
1,1,480317,0,0,0,0,0,0,0,0,0,0
2,1,480317,0,0,0,0,0,0,0,0,0,0
1,1,480318,19,19,19,19,19,19,19,19,19,19
1,1,480319,0,14,0,0,24,10,18,29,34,0
0,1,480320,0,0,0,0,0,0,0,0,0,0
1,1,480320,0,0,0,0,0,0,0,0,0,9
1,1,480321,0,0,13,0,0,0,0,0,0,0
2,1,480321,0,0,0,0,0,0,0,0,0,0
1,1,480322,14,14,12,0,0,0,14,16,0,0
2,1,480322,8,7,0,0,4,11,11,0,11,9
1,1,480323,0,0,0,0,0,0,0,0,0,0
2,1,480323,0,11,10,0,0,0,0,0,18,0
1,1,480325,14,14,14,14,14,14,14,14,14,14
1,1,480326,10,0,0,0,0,0,0,0,0,0
2,1,480326,0,0,0,0,0,0,0,0,0,0
1,1,480327,0,0,0,0,0,0,0,0,0,0
2,1,480327,0,0,0,0,12,0,0,0,0,0
3,1,480327,0,0,0,0,0,0,13,0,0,0
1,1,480328,0,0,6,5,0,0,0,14,0,0
2,1,480328,28,28,28,28,28,28,28,28,28,28
1,1,480329,1,1,1,1,1,1,1,1,1,1
1,1,480330,12,12,12,12,12,12,12,12,12,12
1,1,480331,0,0,0,0,0,0,0,0,0,0
2,1,480331,0,0,0,0,0,0,0,9,0,0
0,1,480332,25,25,25,25,25,25,25,25,25,25
1,1,480333,0,0,0,11,0,0,0,0,0,0
2,1,480333,0,0,0,0,10,0,0,0,0,0
1,1,480334,17,17,17,17,17,17,17,17,17,17
1,1,480335,21,22,0,0,0,20,8,17,18,0
1,1,480336,25,0,0,0,0,0,0,9,0,0
1,1,480337,0,0,10,0,0,0,0,0,0,0
2,1,480337,0,0,0,0,0,0,0,0,0,0
0,1,480338,3,3,3,3,3,3,3,3,3,3
1,1,480338,0,11,21,9,8,3,0,13,0,2
1,1,480339,12,12,12,12,12,12,12,12,12,12
1,1,480340,0,0,0,0,0,0,0,0,0,0
2,1,480340,0,0,0,0,0,0,0,0,0,4
3,1,480340,0,0,0,0,0,0,0,10,0,0
1,1,480341,0,0,0,0,0,0,0,0,0,0
2,1,480341,0,0,0,0,0,0,0,0,0,0
1,1,480342,0,8,0,0,0,0,0,0,0,0
2,1,480342,0,0,0,0,0,0,0,0,0,0
1,1,480343,22,12,22,0,14,19,26,16,14,19
2,1,480343,26,0,0,0,0,0,0,10,0,0
1,1,480344,0,0,0,21,0,19,4,0,53,0
1,1,480345,3,3,3,3,3,3,3,3,3,3
1,1,480346,28,22,0,0,0,0,0,11,11,0
1,1,480347,0,0,5,0,0,0,0,0,0,12
2,1,480347,0,0,0,0,0,0,0,0,0,0
1,1,480348,0,0,0,0,0,0,0,0,0,0
0,1,480349,0,0,0,24,27,18,0,13,31,14
1,1,480349,24,0,0,0,0,0,0,0,0,0
1,1,480350,0,0,15,0,20,8,15,13,0,0
1,1,480351,0,0,0,0,0,0,0,0,0,0
1,1,480352,0,0,0,0,0,0,0,0,4,11
2,1,480352,0,0,0,0,0,0,0,0,0,0
1,1,480353,2,2,2,2,2,2,2,2,2,2
2,1,480353,17,17,17,17,17,17,17,17,17,17
1,1,480354,0,0,0,0,0,0,0,0,0,0
1,1,480355,0,0,0,0,0,0,0,0,0,0
1,1,480356,20,20,20,20,20,20,20,20,20,20
1,1,480357,0,0,0,0,0,5,0,0,0,0
1,1,480358,0,0,0,0,0,0,0,0,0,0
2,1,480358,14,0,0,0,0,0,0,0,9,0
1,1,480359,21,21,21,21,21,21,21,21,21,21
1,1,480360,21,21,21,21,21,21,21,21,21,21
1,1,480361,18,18,18,18,18,18,18,18,18,18
2,1,480361,0,0,0,0,0,0,0,0,0,0
1,1,480362,19,19,19,19,19,19,19,19,19,19
1,1,480363,5,0,0,0,0,0,0,0,10,0
2,1,480363,0,0,0,0,0,0,0,0,0,0
1,1,480364,36,36,36,36,36,36,36,36,36,36
1,1,480365,0,0,0,0,0,0,0,0,0,0
1,1,480366,0,0,0,0,0,0,0,0,0,0
2,1,480366,0,0,0,0,0,0,0,0,0,0
1,1,480367,16,16,16,16,16,16,16,16,16,16
1,1,480368,5,5,5,5,5,5,5,5,5,5
1,1,480369,18,18,18,18,18,18,18,18,18,18
1,1,480370,16,16,16,16,16,16,16,16,16,16
0,1,480371,0,0,0,0,0,0,0,0,0,0
1,1,480371,0,0,0,0,0,0,0,0,0,0
1,1,480372,0,0,0,0,0,0,0,0,0,0
1,1,480373,0,8,0,0,16,0,0,4,17,0
2,1,480373,0,18,0,19,16,0,0,0,0,0
1,1,480374,0,0,0,0,0,0,0,0,0,0
2,1,480374,0,0,0,0,0,0,0,4,0,0
1,1,480375,11,11,11,11,11,11,11,11,11,11
2,1,480375,0,0,0,0,0,7,0,3,13,22
1,1,480376,0,21,0,0,0,0,0,15,0,0
1,1,480377,25,25,25,25,25,25,25,25,25,25
1,1,480378,24,24,24,24,24,24,24,24,24,24
1,1,480379,0,0,0,0,0,0,0,0,0,0
1,1,480380,0,0,0,0,0,0,0,0,0,0
2,1,480380,0,0,0,0,0,0,0,0,0,0
1,1,480381,6,0,0,0,0,0,7,21,20,15
1,1,480382,0,0,0,0,0,0,0,0,0,0
2,1,480382,0,15,0,0,0,0,0,0,0,0
1,1,480383,0,16,0,0,17,0,0,0,0,0
1,1,480384,19,0,0,14,0,6,0,0,14,0
1,1,480385,0,0,0,0,6,0,0,0,0,0
1,1,480386,0,0,0,0,0,0,0,0,0,0
2,1,480386,0,0,0,0,0,0,23,0,6,0
1,1,480387,0,0,21,0,0,19,0,0,0,0
2,1,480387,0,0,0,0,0,0,0,0,0,0
1,1,480388,11,11,11,11,11,11,11,11,11,11
2,1,480388,0,0,0,0,0,0,0,0,6,0
1,1,480389,18,18,18,18,18,18,18,18,18,18
1,1,480390,0,0,0,0,0,0,0,0,0,0
2,1,480390,27,27,27,27,27,27,27,27,27,27
1,1,480391,27,16,33,25,12,15,34,36,21,12
0,1,480392,0,0,0,0,7,8,12,0,7,0
1,1,480392,0,4,0,0,0,6,7,0,0,0
0,1,480393,0,0,0,13,0,21,0,16,0,19
0,2,480393,0,0,5,0,0,0,0,12,0,4
0,3,480393,0,0,0,0,0,15,0,0,0,0
0,4,480393,0,0,0,0,11,0,0,26,18,0
1,1,480393,20,0,38,0,6,0,24,16,11,0
2,1,480393,15,0,10,13,0,15,0,0,0,14
0,1,480394,0,0,0,0,0,0,0,0,0,0
1,1,480394,0,0,0,0,0,0,0,0,0,0
0,1,480395,0,0,0,0,0,0,0,0,0,0
1,1,480395,17,0,6,0,0,6,0,0,0,16
1,1,480396,15,15,15,15,15,15,15,15,15,15
1,1,480397,24,24,24,24,24,24,24,24,24,24
1,1,480398,7,7,7,7,7,7,7,7,7,7
2,1,480398,0,0,0,0,0,0,0,0,0,0
1,1,480399,0,0,0,0,0,0,0,0,0,0
2,1,480399,0,0,0,0,0,0,0,0,0,0
1,1,480400,30,18,20,7,51,0,48,8,12,23
2,1,480400,0,0,0,0,0,0,0,0,0,0
0,1,480401,0,0,0,12,0,0,0,0,11,17
1,1,480401,0,0,7,0,5,0,0,0,0,0
1,1,480402,0,0,0,0,0,0,0,0,0,0
2,1,480402,0,0,0,0,0,0,0,0,0,0
3,1,480402,0,0,0,0,0,0,0,0,0,0
1,1,480403,19,10,22,35,0,14,31,27,10,0
1,1,480404,8,0,0,0,0,0,0,0,0,0
2,1,480404,0,0,6,0,0,0,0,0,0,0
3,1,480404,0,0,0,26,9,0,0,0,0,0
4,1,480404,0,0,0,0,0,0,0,0,0,0
1,1,480405,19,19,19,19,19,19,19,19,19,19
1,1,480406,21,21,21,21,21,21,21,21,21,21
1,1,480407,9,0,0,0,0,0,0,0,0,0
1,1,480408,0,0,0,0,0,0,0,0,0,0
2,1,480408,0,0,0,0,0,0,0,0,0,0
1,1,480409,0,18,23,25,9,22,5,23,14,0
1,1,480410,0,0,0,0,0,0,0,0,0,0
1,1,480411,24,24,24,24,24,24,24,24,24,24
2,1,480411,0,0,0,0,0,0,0,0,0,0
1,1,480412,5,0,0,0,30,0,22,0,31,7
1,1,480413,0,0,0,0,0,0,0,0,0,0
0,1,480414,22,22,22,22,22,22,22,22,22,22
1,1,480414,0,0,0,0,0,0,13,11,0,0
2,1,480414,0,0,0,0,10,0,0,0,0,0
3,1,480414,14,0,5,0,0,0,0,0,0,0
1,1,480415,0,0,0,0,0,0,0,0,0,0
0,1,480416,0,33,24,27,16,0,11,0,10,12
1,1,480416,0,0,0,0,6,0,0,0,0,0
1,1,480417,0,0,0,0,0,0,30,0,0,7
1,1,480418,0,0,0,0,0,0,0,0,0,0
1,1,480419,0,0,0,0,0,0,0,9,0,0
2,1,480419,0,0,0,14,0,0,0,0,10,6
1,1,480420,0,0,0,0,0,0,0,0,0,0
1,1,480421,0,0,0,0,0,0,0,12,0,0
2,1,480421,0,0,0,0,0,0,0,0,0,0
1,1,480422,1,1,1,1,1,1,1,1,1,1
2,1,480422,0,0,0,0,0,0,0,0,0,0
1,1,480423,0,0,0,0,0,0,0,0,0,0
2,1,480423,14,0,0,0,0,6,15,12,0,0
1,1,480424,0,15,0,5,0,0,7,12,14,6
1,1,480425,0,0,0,0,0,0,25,9,0,0
2,1,480425,0,0,0,0,0,0,0,0,0,0
1,1,480426,12,12,12,12,12,12,12,12,12,12
1,1,480427,0,0,0,0,0,0,0,0,0,0
2,1,480427,0,0,0,0,0,0,0,0,0,0
1,1,480428,18,10,15,11,18,10,10,18,4,6
2,1,480428,0,20,0,0,0,0,0,9,0,0
1,1,480429,0,0,0,8,0,0,0,0,0,0
2,1,480429,0,0,0,0,0,0,0,0,0,0
1,1,480430,0,0,0,0,0,0,0,0,0,0
1,1,480431,0,0,0,0,0,0,0,0,0,0
2,1,480431,0,0,0,0,0,0,0,0,0,0
1,1,480432,19,0,0,0,0,0,17,0,0,0
2,1,480432,0,0,0,0,11,0,0,0,0,0