VEH_NO,PER_NO,ST_CASE,P1,P2,P3,P4,P5,P6,P7,P8,P9,P10
4,1,480744,0,2,14,0,0,10,0,0,0,0
1,1,480745,0,0,0,0,0,0,0,0,0,0
1,1,480746,0,0,0,0,0,0,0,0,0,0
1,1,480747,0,0,0,0,0,0,0,0,0,0
2,1,480747,0,0,0,0,0,0,0,0,0,0
0,1,480748,0,0,0,0,0,0,0,0,0,0
1,1,480748,0,0,0,0,0,0,0,0,0,0
1,1,480749,14,29,16,19,17,18,23,20,15,36
1,1,480750,0,0,0,0,0,0,0,0,0,0
0,1,480751,0,9,0,0,0,0,0,0,0,35
1,1,480751,0,0,0,0,0,0,0,0,0,0
2,1,480751,0,0,0,0,0,0,0,0,0,0
1,1,480752,7,15,0,23,15,13,4,6,0,31
0,1,480753,0,0,0,0,0,0,0,0,0,0
1,1,480753,0,0,0,0,0,0,2,0,0,0
2,1,480753,0,29,0,14,0,11,0,0,0,0
1,1,480754,0,0,0,0,0,0,0,0,0,0
2,1,480754,0,0,0,0,0,0,0,0,0,0
3,1,480754,0,2,0,0,0,0,0,0,0,0
1,1,480755,0,0,3,25,0,0,0,0,0,0
2,1,480755,0,0,0,0,0,0,0,0,0,0
1,1,480756,17,14,10,4,8,2,12,7,11,21
2,1,480756,0,0,0,0,0,0,0,0,0,0
1,1,480757,0,0,0,0,0,0,0,0,0,0
1,1,480758,0,0,0,0,0,0,3,0,0,2
2,1,480758,18,18,18,18,18,18,18,18,18,18
3,1,480758,0,0,1,0,0,0,0,0,0,0
4,1,480758,0,15,0,0,0,0,0,0,0,0
1,1,480759,0,0,13,0,0,0,0,0,0,0
1,1,480760,0,0,0,17,0,16,0,0,0,0
0,1,480761,0,0,0,0,0,0,0,0,0,0
1,1,480761,0,0,0,0,0,13,0,0,0,0
1,1,480762,0,0,0,0,22,0,0,4,0,0
1,1,480763,0,0,0,0,0,0,0,0,0,0
2,1,480763,0,0,18,15,0,0,0,0,0,0
3,1,480763,0,0,0,0,0,0,0,0,0,0
1,1,480764,0,0,0,0,0,0,0,0,0,0
2,1,480764,0,0,0,0,0,0,0,0,0,0
1,1,480765,0,0,24,26,12,0,16,15,17,25
1,1,480766,0,12,0,0,0,0,0,0,0,0
2,1,480766,15,15,15,15,15,15,15,15,15,15
1,1,480767,0,23,0,0,20,0,0,0,0,5
1,1,480768,0,0,0,0,0,0,0,0,0,0
1,1,480769,2,2,2,2,2,2,2,2,2,2
1,1,480770,0,0,0,0,0,0,0,0,0,0
2,1,480770,20,12,0,0,2,0,10,0,0,0
1,1,480772,4,4,4,4,4,4,4,4,4,4
1,1,480773,0,0,0,0,0,0,0,0,0,0
1,1,480774,0,0,0,0,0,0,0,0,0,0
2,1,480774,0,0,0,0,0,2,0,0,0,0
1,1,480775,14,14,14,14,14,14,14,14,14,14
2,1,480775,0,0,0,0,20,0,0,0,0,0
1,1,480776,0,0,0,23,6,9,0,0,0,0
0,1,480777,15,0,25,0,14,0,0,0,3,0
1,1,480777,0,0,19,0,0,6,0,0,0,0
1,1,480778,0,0,0,0,0,0,0,0,0,0
1,1,480779,29,29,29,29,29,29,29,29,29,29
0,1,480780,29,29,29,29,29,29,29,29,29,29
1,1,480780,0,0,10,6,0,0,0,0,7,7
1,1,480781,23,0,0,0,10,0,0,0,0,4
1,1,480782,0,0,0,0,0,0,0,0,0,0
2,1,480782,0,0,0,0,0,0,0,0,0,0
1,1,480783,12,12,12,12,12,12,12,12,12,12
2,1,480783,0,20,14,0,4,9,0,21,0,0
1,1,480784,0,0,0,0,0,0,0,0,0,0
1,1,480785,0,0,0,0,0,0,0,0,0,0
2,1,480785,0,0,0,0,0,0,0,0,18,0
1,1,480786,0,0,13,0,0,6,0,3,12,0
2,1,480786,14,14,14,14,14,14,14,14,14,14
1,1,480787,14,28,10,0,30,6,13,11,15,14
2,1,480787,22,13,7,10,9,15,8,20,16,18
1,1,480788,0,0,0,15,5,0,0,0,2,22
2,1,480788,0,0,0,0,0,0,0,0,0,0
1,1,480789,0,0,0,0,0,0,0,0,0,0
0,1,480790,16,16,16,16,16,16,16,16,16,16
1,1,480790,0,0,0,0,0,0,0,0,0,0
1,1,480791,18,18,18,18,18,18,18,18,18,18
1,1,480792,20,17,8,8,22,14,19,22,9,22
1,1,480793,29,29,29,29,29,29,29,29,29,29
2,1,480793,0,0,0,0,0,0,0,0,0,10
1,1,480794,0,0,0,0,0,0,0,0,0,0
1,1,480795,13,13,13,13,13,13,13,13,13,13
2,1,480795,0,0,0,0,0,0,0,0,0,0
1,1,480796,0,0,0,0,0,0,0,0,0,0
1,1,480797,0,0,0,0,0,0,0,0,0,0
1,1,480798,0,0,12,7,0,21,0,0,0,0
1,1,480799,0,0,0,0,0,0,0,0,0,0
1,1,480800,4,4,4,4,4,4,4,4,4,4
1,1,480801,0,0,0,0,0,0,0,0,0,0
2,1,480801,26,26,26,26,26,26,26,26,26,26
1,1,480802,0,0,0,0,0,0,0,0,0,0
1,1,480803,4,4,4,4,4,4,4,4,4,4
2,1,480803,0,21,0,0,12,0,0,0,0,8
1,1,480804,0,0,0,0,0,0,0,0,0,0
2,1,480804,0,0,10,0,0,0,0,0,0,0
1,1,480805,7,7,7,7,7,7,7,7,7,7
1,1,480806,0,0,0,0,0,0,0,0,0,0
2,1,480806,10,10,10,10,10,10,10,10,10,10
3,1,480806,0,0,0,0,0,0,0,0,0,20
0,1,480807,19,19,19,19,19,19,19,19,19,19
1,1,480807,0,0,0,0,0,0,0,15,0,0
1,1,480808,0,0,0,0,0,0,0,0,0,0
2,1,480808,0,0,13,0,0,0,0,0,0,0
1,1,480809,0,0,0,0,0,0,0,0,0,0
1,1,480810,0,0,0,0,0,0,0,0,0,0
1,1,480811,0,0,0,0,0,0,0,0,0,0
1,1,480812,0,0,0,0,12,0,0,0,0,10
2,1,480812,0,0,0,0,0,0,7,0,0,0
3,1,480812,0,0,0,0,0,0,0,0,0,0
0,1,480813,21,37,21,0,0,0,0,0,0,0
1,1,480813,0,25,0,0,6,0,0,17,0,0
1,1,480814,0,0,0,0,0,0,0,0,0,0
2,1,480814,0,0,18,0,14,0,0,0,0,0
1,1,480815,41,41,41,41,41,41,41,41,41,41
2,1,480815,0,0,0,11,0,11,0,20,13,0
1,1,480816,18,18,18,18,18,18,18,18,18,18
2,1,480816,0,0,0,0,0,0,0,0,0,0
1,1,480817,0,16,0,0,0,0,0,0,0,0
1,1,480818,15,15,15,15,15,15,15,15,15,15
0,1,480820,0,0,0,17,0,0,0,30,0,24
1,1,480820,12,21,0,13,0,0,0,0,0,0
1,1,480821,0,0,0,0,0,0,0,0,0,0
2,1,480821,0,0,0,0,0,0,0,0,0,0
1,1,480822,0,0,0,12,0,0,7,0,0,0
0,1,480823,0,0,0,0,0,0,0,0,0,0
1,1,480823,0,0,13,0,0,0,0,0,0,0
1,1,480824,0,0,0,0,0,0,10,0,0,0
2,1,480824,0,0,0,0,0,0,0,0,0,0
0,1,480825,13,13,13,13,13,13,13,13,13,13
1,1,480825,0,0,0,0,0,0,0,0,0,0
2,1,480825,0,0,0,13,0,0,23,0,17,0
3,1,480825,0,0,0,8,0,5,0,0,0,0
4,1,480825,17,0,14,0,0,8,0,13,12,11
5,1,480825,6,0,13,0,0,11,0,0,9,0
1,1,480826,0,0,0,3,6,0,0,0,11,0
2,1,480826,0,0,0,0,0,0,0,0,0,0
1,1,480827,13,13,13,13,13,13,13,13,13,13
1,1,480828,0,0,0,0,24,0,21,0,8,0
1,1,480829,17,17,17,17,17,17,17,17,17,17
1,1,480830,5,5,5,5,5,5,5,5,5,5
1,1,480831,3,3,3,3,3,3,3,3,3,3
1,1,480832,0,0,0,0,0,0,0,0,0,13
1,1,480833,0,0,0,0,0,0,0,0,0,0
2,1,480833,31,0,0,0,0,0,5,0,0,0
1,1,480834,0,0,0,0,0,0,0,0,0,0
2,1,480834,0,0,0,0,0,0,0,0,0,0
0,1,480835,21,21,21,21,21,21,21,21,21,21
1,1,480835,0,0,4,0,12,0,0,0,0,17
1,1,480836,0,0,0,0,0,0,0,0,0,0
2,1,480836,0,0,0,0,0,0,0,0,0,0
1,1,480837,0,0,0,0,0,0,0,0,0,0
2,1,480837,0,0,0,0,0,0,0,0,0,0
0,1,480838,28,28,28,28,28,28,28,28,28,28
1,1,480838,0,19,0,8,0,0,0,17,26,0
1,1,480839,0,0,0,0,0,0,0,0,0,0
1,1,480840,0,0,0,0,0,0,0,0,0,0
2,1,480840,13,0,0,0,14,0,0,0,16,0
1,1,480841,16,16,16,16,16,16,16,16,16,16
1,1,480842,0,0,0,0,0,0,0,0,0,0
2,1,480842,0,0,0,0,0,0,0,0,0,0
3,1,480842,0,0,0,2,0,0,0,0,0,0
1,1,480843,0,6,0,0,8,32,0,0,0,0
1,1,480844,0,0,0,0,0,0,0,0,0,0
2,1,480844,0,0,0,0,0,0,0,0,0,0
1,1,480845,0,0,0,0,14,0,23,11,0,9
1,1,480846,0,0,0,0,0,0,0,0,0,0
2,1,480846,0,0,0,0,0,0,0,0,0,0
0,1,480847,31,20,20,20,23,18,44,16,29,16
1,1,480847,0,0,24,0,0,0,0,0,0,0
1,1,480848,0,0,0,29,0,0,7,20,17,0
1,1,480849,0,0,0,0,0,0,0,0,0,0
1,1,480850,0,0,0,0,9,0,0,0,0,27
2,1,480850,18,18,18,18,18,18,18,18,18,18
1,1,480851,0,0,0,0,0,0,0,0,0,0
2,1,480851,0,0,0,0,0,0,0,0,0,0
3,1,480851,0,0,0,0,0,0,0,0,0,0
1,1,480852,0,0,0,0,0,0,0,0,0,0
2,1,480852,0,0,0,0,0,0,16,7,0,0
1,1,480853,30,30,30,30,30,30,30,30,30,30
1,1,480854,7,7,7,7,7,7,7,7,7,7
1,1,480855,0,6,0,0,0,0,0,0,0,0
2,1,480855,0,0,0,0,12,0,0,0,0,0
1,1,480856,4,0,0,0,0,0,0,0,0,0
1,1,480857,0,0,0,0,0,0,0,0,0,0
2,1,480857,0,0,0,0,0,0,0,0,0,0
1,1,480858,0,0,0,0,0,0,0,0,0,0
0,1,480859,0,0,0,0,0,0,0,0,0,0
1,1,480859,0,0,0,0,0,0,0,0,0,0
0,1,480860,21,21,21,21,21,21,21,21,21,21
0,2,480860,16,16,16,16,16,16,16,16,16,16
1,1,480860,0,0,0,0,0,0,0,0,0,0
1,1,480861,17,23,0,15,15,25,30,20,5,0
2,1,480861,23,3,0,0,0,0,0,0,0,0
1,1,480862,10,10,10,10,10,10,10,10,10,10
1,1,480863,0,0,0,0,0,23,0,0,0,0
2,1,480863,0,0,0,0,0,0,0,0,0,0
1,1,480864,0,0,0,9,0,15,0,0,0,0
1,1,480865,27,13,13,0,6,0,0,18,22,17
1,1,480866,0,0,0,0,0,0,0,0,0,0
1,1,480867,11,10,12,0,14,0,6,17,4,17
2,1,480867,8,8,8,8,8,8,8,8,8,8
0,1,480869,23,23,23,23,23,23,23,23,23,23
1,1,480869,0,6,0,0,0,0,0,0,0,0
1,1,480870,13,0,0,28,21,15,0,0,0,12
1,1,480871,0,0,0,0,0,16,0,0,0,19
1,1,480872,12,12,12,12,12,12,12,12,12,12
1,1,480873,28,25,36,34,27,3,33,14,19,19
1,1,480874,19,19,19,19,19,19,19,19,19,19
2,1,480874,0,0,0,0,0,0,0,0,0,0
3,1,480874,0,0,0,17,0,0,0,0,0,0
1,1,480875,18,18,18,18,18,18,18,18,18,18
1,1,480876,26,25,18,0,18,14,31,12,15,34
1,1,480877,0,0,0,0,0,0,0,0,0,0
2,1,480877,0,0,0,0,0,0,0,0,0,0
3,1,480877,0,0,0,0,0,0,0,0,0,0
4,1,480877,0,0,0,0,0,0,0,0,0,0
1,1,480878,0,0,0,9,0,0,0,0,0,0
0,1,480879,0,0,0,0,0,0,20,0,14,0
1,1,480879,0,0,0,0,0,0,0,0,0,0
1,1,480880,0,0,0,0,23,19,0,0,0,0
0,1,480881,28,28,28,28,28,28,28,28,28,28
1,1,480881,7,0,0,0,0,0,0,0,0,0
0,1,480882,36,0,31,0,0,20,0,0,0,0
1,1,480883,21,33,26,13,26,11,0,13,0,9
1,1,480884,25,25,25,25,25,25,25,25,25,25
1,1,480885,10,0,0,4,9,0,0,16,6,0
1,1,480886,6,6,6,6,6,6,6,6,6,6
1,1,480887,6,6,6,6,6,6,6,6,6,6
1,1,480888,0,0,0,0,0,0,0,0,0,10
1,1,480889,0,0,0,0,0,0,0,0,0,0
1,1,480890,23,0,0,22,0,29,0,23,0,10
1,1,480891,24,24,24,24,24,24,24,24,24,24
1,1,480892,0,0,0,0,0,0,0,0,0,0
0,1,480893,0,0,0,0,0,0,0,0,0,0
1,1,480894,16,16,16,16,16,16,16,16,16,16
1,1,480895,0,0,0,0,0,0,11,0,0,0
1,1,480896,23,23,23,23,23,23,23,23,23,23
2,1,480896,0,0,0,15,0,0,14,0,0,0
1,1,480897,11,0,0,0,0,0,0,0,0,0
2,1,480897,0,0,0,0,0,0,0,0,0,0
1,1,480898,21,21,21,21,21,21,21,21,21,21
1,1,480899,23,23,23,23,23,23,23,23,23,23
0,1,480900,0,0,0,0,0,0,0,0,0,0
1,1,480900,8,0,0,0,0,0,0,0,0,0
1,1,480901,6,6,6,6,6,6,6,6,6,6
1,1,480903,17,14,16,8,21,25,28,24,22,20
1,1,480904,8,6,0,0,11,0,0,0,0,3
1,1,480905,0,0,0,0,0,0,0,0,0,0
2,1,480905,0,0,0,10,0,0,0,0,0,0
1,1,480906,0,0,0,0,0,0,0,0,0,0
2,1,480906,0,0,0,0,0,0,0,0,0,0
1,1,480907,21,24,25,14,21,25,19,26,29,0
1,1,480908,0,0,0,0,0,0,0,0,7,0
2,1,480908,0,0,0,0,0,0,0,0,0,0
3,1,480908,0,0,0,0,0,0,0,0,0,0
1,1,480909,16,16,16,16,16,16,16,16,16,16
1,1,480910,0,0,0,0,0,0,0,0,0,0
0,1,480911,11,11,11,11,11,11,11,11,11,11
1,1,480911,0,0,12,0,0,0,0,0,0,0
0,1,480912,16,16,16,16,16,16,16,16,16,16
1,1,480912,0,0,0,0,7,0,0,0,0,0
2,1,480912,0,12,8,0,0,0,0,0,0,0
3,1,480912,0,0,0,0,0,0,0,0,0,0
4,1,480912,0,13,0,0,0,0,11,0,18,0
1,1,480913,0,0,0,0,0,0,0,0,0,0
1,1,480914,11,9,15,5,29,37,0,14,17,12
1,1,480915,0,0,0,0,0,0,0,0,0,0
1,1,480916,0,0,0,0,0,0,0,0,0,0
0,1,480917,0,0,0,0,0,0,0,0,0,0
1,1,480917,0,0,0,0,0,0,0,0,0,20
1,1,480918,0,0,0,0,0,0,0,0,0,0
2,1,480918,0,0,0,0,27,0,0,0,0,0
1,1,480919,0,0,0,0,0,0,0,0,0,0
1,1,480920,0,0,0,0,0,0,0,0,0,0
1,1,480921,0,0,0,0,0,0,0,0,0,0
2,1,480921,0,0,0,0,0,0,0,0,0,0
1,1,480922,0,0,0,0,0,10,0,0,0,0
1,1,480923,0,0,13,0,0,0,0,0,0,0
2,1,480923,0,0,0,0,0,0,0,0,0,15
3,1,480923,8,0,0,6,7,6,0,0,0,0
1,1,480924,6,6,6,6,6,6,6,6,6,6
1,1,480925,0,14,0,0,0,0,0,29,19,0
1,1,480926,0,0,0,0,0,0,0,0,0,0
1,1,480927,0,0,0,0,0,0,0,0,0,0
1,1,480928,9,9,9,9,9,9,9,9,9,9
0,1,480929,0,0,0,0,0,0,0,0,0,0
1,1,480929,0,0,0,0,10,0,0,17,0,0
1,1,480930,0,0,9,0,0,0,8,0,0,0
1,1,480931,32,32,32,32,32,32,32,32,32,32
1,1,480932,12,0,0,9,25,0,0,0,0,8
2,1,480932,0,12,0,0,0,0,0,0,0,0
1,1,480933,15,17,0,2,0,0,0,15,0,17
1,1,480934,13,13,13,13,13,13,13,13,13,13
2,1,480934,0,0,0,13,0,0,0,0,0,0
1,1,480935,9,14,8,12,21,28,21,18,25,23
1,1,480936,0,0,0,0,0,0,0,0,0,0
2,1,480936,28,28,28,28,28,28,28,28,28,28
3,1,480936,0,0,0,0,0,0,0,12,0,0
1,1,480937,15,15,15,15,15,15,15,15,15,15
1,1,480938,0,0,0,0,0,0,0,0,0,0
1,1,480939,0,0,19,18,14,0,3,14,0,0
1,1,480940,22,16,31,21,22,18,15,8,22,25
2,1,480940,19,8,0,14,0,0,0,0,0,0
1,1,480941,0,0,0,0,0,0,0,0,0,0
1,1,480942,0,0,0,0,0,0,0,0,0,22
2,1,480942,0,0,16,17,0,0,0,16,0,0
1,1,480943,0,0,0,0,0,0,0,0,0,0
2,1,480943,0,0,0,0,0,0,0,0,0,0
1,1,480944,10,10,10,10,10,10,10,10,10,10
0,1,480945,26,26,26,26,26,26,26,26,26,26
1,1,480945,0,0,0,0,0,0,0,0,0,0
1,1,480946,14,14,14,14,14,14,14,14,14,14
1,1,480947,13,13,13,13,13,13,13,13,13,13
1,1,480948,0,0,0,0,0,0,0,0,0,0
2,1,480948,13,0,7,0,0,18,16,11,0,0
0,1,480949,25,25,25,25,25,25,25,25,25,25
1,1,480949,0,0,15,0,0,0,12,0,0,0
1,1,480950,21,21,21,21,21,21,21,21,21,21
1,1,480951,16,16,16,16,16,16,16,16,16,16
1,1,480952,13,0,0,0,0,17,0,5,0,23
1,1,480953,9,9,9,9,9,9,9,9,9,9
1,1,480954,0,0,19,0,0,0,0,0,0,0
2,1,480954,0,0,0,0,0,0,0,0,0,0
1,1,480955,5,5,5,5,5,5,5,5,5,5
1,1,480956,9,9,9,9,9,9,9,9,9,9
1,1,480957,26,0,0,25,22,0,0,0,0,0
1,1,480958,13,13,13,13,13,13,13,13,13,13
1,1,480959,0,0,0,0,0,0,0,0,0,0
2,1,480959,0,0,0,0,0,0,0,0,0,0
1,1,480960,0,0,0,0,0,0,0,0,0,0
1,1,480961,0,0,0,0,0,0,0,0,0,0
2,1,480961,0,0,4,0,0,0,0,0,0,0
1,1,480962,5,9,19,14,12,23,6,16,13,19
2,1,480962,0,17,0,0,0,0,0,0,5,0
1,1,480963,0,0,0,0,0,0,4,0,0,0
2,1,480963,0,0,0,0,0,0,0,0,0,0
3,1,480963,0,0,0,0,8,0,0,0,0,0
4,1,480963,0,0,0,0,0,0,0,0,0,0
5,1,480963,0,0,0,0,0,21,0,10,0,0
6,1,480963,0,0,0,0,0,0,0,0,0,0
1,1,480964,26,26,26,26,26,26,26,26,26,26
1,1,480965,1,1,1,1,1,1,1,1,1,1
0,1,480966,19,19,19,19,19,19,19,19,19,19
1,1,480966,9,0,0,0,0,10,0,6,0,0
1,1,480967,19,19,19,19,19,19,19,19,19,19
2,1,480967,0,0,16,0,6,7,0,0,0,6
1,1,480969,0,0,0,0,0,0,0,0,0,0
2,1,480969,0,0,0,0,0,0,0,0,0,0
1,1,480970,25,25,25,25,25,25,25,25,25,25
2,1,480970,0,0,0,0,0,2,0,0,24,0
1,1,480971,3,3,3,3,3,3,3,3,3,3
1,1,480972,14,14,14,14,14,14,14,14,14,14
2,1,480972,0,0,0,0,0,8,19,0,0,4
1,1,480973,0,0,0,0,0,0,0,0,0,0
1,1,480974,15,15,15,15,15,15,15,15,15,15
1,1,480975,0,0,0,0,0,0,0,0,0,0
2,1,480975,0,0,0,0,0,0,0,0,0,0
1,1,480976,0,0,0,0,0,0,0,0,0,0
0,1,480977,0,41,0,0,0,0,14,19,33,26
1,1,480977,0,0,0,11,0,0,0,0,23,0
1,1,480978,0,0,0,0,24,0,11,0,0,17
2,1,480978,8,5,0,0,0,8,0,32,0,20
1,1,480979,21,21,21,21,21,21,21,21,21,21
0,1,480980,0,0,0,0,0,0,0,0,0,0
1,1,480980,0,11,0,0,0,7,18,18,0,6
1,1,480981,29,20,27,0,0,11,17,11,18,19
1,1,480982,0,0,0,0,0,0,0,0,0,0
1,1,480983,21,21,21,21,21,21,21,21,21,21
1,1,480985,0,0,0,0,0,0,0,0,0,0
1,1,480986,0,0,0,0,19,0,0,0,0,0
1,1,480987,23,0,26,27,21,28,10,10,0,22
1,1,480988,30,30,30,30,30,30,30,30,30,30
1,1,480989,0,0,0,0,0,0,0,0,0,0
2,1,480989,0,0,0,0,0,0,0,0,0,0
1,1,480990,3,3,3,3,3,3,3,3,3,3
1,1,480991,9,9,9,9,9,9,9,9,9,9
2,1,480991,0,0,0,0,0,0,0,0,0,0
1,1,480992,11,11,11,11,11,11,11,11,11,11
1,1,480994,0,0,18,0,0,0,0,0,12,0
2,1,480994,0,12,0,0,0,0,0,0,0,0
1,1,480995,14,14,14,14,14,14,14,14,14,14
1,1,480996,10,15,9,0,0,13,0,0,0,13
2,1,480996,14,8,8,11,9,14,3,3,11,4
0,1,480997,0,27,0,0,0,0,21,0,19,12
1,1,480997,7,0,8,4,0,7,26,11,16,0
0,1,480998,0,0,0,0,0,0,0,0,0,0
1,1,480998,14,0,18,0,16,12,0,5,0,0
2,1,480998,0,0,0,14,0,0,18,0,0,4
1,1,480999,14,14,14,14,14,14,14,14,14,14
1,1,481000,0,0,0,0,0,0,0,0,0,0
2,1,481000,0,0,0,0,0,0,0,0,0,0
1,1,481001,0,0,0,0,0,0,0,0,0,0
2,1,481001,0,0,0,0,0,0,0,0,0,0
1,1,481002,0,0,0,0,0,0,0,0,0,0
2,1,481002,0,0,25,0,0,0,0,0,0,0
1,1,481003,0,0,0,0,0,0,0,0,0,0
1,1,481004,19,19,19,19,19,19,19,19,19,19
1,1,481005,0,0,0,0,0,0,0,0,0,0
2,1,481005,0,0,0,0,0,0,0,0,0,0
1,1,481006,0,0,0,0,0,0,0,0,0,0
2,1,481006,0,0,0,0,0,0,0,0,0,0
1,1,481007,0,0,0,0,0,0,0,0,0,0
2,1,481007,0,0,0,0,0,0,0,0,0,0
1,1,481008,0,0,0,0,0,0,0,0,0,0
2,1,481008,0,17,0,0,0,0,10,11,0,0
1,1,481009,16,0,0,0,0,0,0,0,0,0
2,1,481009,12,12,12,12,12,12,12,12,12,12
1,1,481010,0,20,16,35,11,20,0,0,15,36
1,1,481011,0,0,0,0,0,0,0,0,0,0
1,1,481012,23,23,23,23,23,23,23,23,23,23
1,1,481013,0,0,0,0,0,0,0,0,0,0
2,1,481013,0,0,0,0,0,0,0,0,0,16
1,1,481014,16,16,16,16,16,16,16,16,16,16
1,1,481015,17,17,17,17,17,17,17,17,17,17
1,1,481016,0,0,0,0,0,0,0,0,0,0
2,1,481016,0,0,0,0,0,0,0,0,0,0
1,1,481017,0,0,0,0,0,0,0,0,0,0
0,1,481018,20,20,20,20,20,20,20,20,20,20
1,1,481018,0,6,0,2,0,0,0,0,0,0
1,1,481019,0,0,0,0,0,0,0,0,0,0
2,1,481019,0,0,20,0,0,0,0,0,0,0
1,1,481020,0,0,0,0,0,0,0,0,0,0
2,1,481020,0,24,0,0,16,0,11,0,19,22
1,1,481022,5,3,0,16,0,0,0,0,0,13
0,1,481023,0,0,0,0,0,0,0,0,0,0
1,1,481023,0,0,0,0,0,0,0,0,0,0
1,1,481024,0,0,0,0,0,0,0,0,0,0
1,1,481025,0,0,0,0,0,0,0,0,0,0
2,1,481025,0,22,0,0,0,0,0,0,0,0
1,1,481026,0,0,0,0,0,0,0,0,0,0
1,1,481027,0,0,0,0,0,0,0,0,5,0
2,1,481027,0,0,0,0,0,0,0,0,0,0
1,1,481028,22,22,22,22,22,22,22,22,22,22
1,1,481029,24,24,24,24,24,24,24,24,24,24
1,1,481030,0,0,0,0,0,0,0,0,0,0
2,1,481030,0,0,0,0,0,0,0,0,0,0
3,1,481030,0,0,0,0,0,0,28,0,0,0
1,1,481031,0,0,0,0,0,0,0,0,0,0
2,1,481031,0,0,16,0,0,0,0,0,0,0
0,1,481032,0,0,0,0,0,0,0,0,0,0
1,1,481032,0,0,0,0,0,0,0,0,0,4
0,1,481033,0,0,38,0,19,31,8,30,15,23
1,1,481033,0,0,0,6,13,0,0,9,7,0
1,1,481034,20,20,20,20,20,20,20,20,20,20
2,1,481034,0,0,24,13,0,0,16,0,0,12
1,1,481035,25,25,25,25,25,25,25,25,25,25
1,1,481036,33,33,33,33,33,33,33,33,33,33
0,1,481037,23,0,28,18,17,18,26,21,29,27
1,1,481037,13,0,14,0,0,0,0,0,0,0
1,1,481038,22,22,22,22,22,22,22,22,22,22
1,1,481039,21,21,21,21,21,21,21,21,21,21
2,1,481039,25,25,25,25,25,25,25,25,25,25
1,1,481040,0,0,0,0,0,0,0,0,0,0
1,1,481041,0,0,0,0,0,0,0,0,0,0
1,1,481042,18,18,18,18,18,18,18,18,18,18
1,1,481043,24,24,24,24,24,24,24,24,24,24
1,1,481044,12,12,12,12,12,12,12,12,12,12
2,1,481044,0,5,3,0,0,11,0,0,11,0
1,1,481045,17,17,17,17,17,17,17,17,17,17
1,1,481046,8,0,0,0,0,10,0,0,0,0
2,1,481046,0,0,0,0,0,0,0,0,0,0
1,1,481047,53,23,33,29,26,14,29,18,4,32
0,1,481048,0,0,0,0,10,0,0,0,0,0
1,1,481048,0,0,0,0,0,0,0,0,0,0
2,1,481048,0,0,0,0,0,0,0,0,0,0
3,1,481048,0,0,0,0,0,0,0,0,0,0
1,1,481049,11,11,11,11,11,11,11,11,11,11
1,1,481050,15,15,15,15,15,15,15,15,15,15
1,1,481051,13,13,13,13,13,13,13,13,13,13
2,1,481051,0,0,0,0,0,0,0,0,0,0
1,1,481052,0,8,2,3,8,16,0,0,4,12
0,1,481053,0,0,0,0,0,0,0,0,0,0
1,1,481053,0,10,0,0,8,0,0,0,0,0
1,1,481054,18,18,18,18,18,18,18,18,18,18
0,1,481055,16,20,37,21,0,0,0,14,0,32
1,1,481055,0,0,0,0,0,0,0,0,17,0
1,1,481056,0,0,0,0,0,0,0,0,0,0
1,1,481057,0,0,0,0,0,0,4,13,0,0
1,1,481058,0,0,0,0,0,0,0,0,0,0
2,1,481058,0,0,0,0,0,0,0,0,0,0
1,1,481060,17,17,17,17,17,17,17,17,17,17
1,1,481061,0,0,0,0,0,0,0,0,0,0
2,1,481061,0,0,0,0,0,0,0,0,0,0
1,1,481062,19,19,19,19,19,19,19,19,19,19
1,1,481063,2,2,2,2,2,2,2,2,2,2
1,1,481064,21,21,21,21,21,21,21,21,21,21
1,1,481065,25,25,25,25,25,25,25,25,25,25
2,1,481065,13,0,11,0,0,13,0,20,0,0
3,1,481065,21,0,3,0,15,0,0,0,5,0
1,1,481066,0,18,8,0,0,0,0,0,0,0
2,1,481066,0,0,0,0,0,0,0,0,0,0
1,1,481067,0,0,0,0,0,0,0,0,0,0
1,1,481068,0,0,0,0,0,0,0,0,0,0
2,1,481068,0,0,9,6,5,8,11,0,0,14
3,1,481068,0,0,0,0,0,0,0,6,0,20
4,1,481068,0,0,0,0,0,0,0,0,0,0
5,1,481068,0,12,23,0,14,0,0,0,0,12
1,1,481069,14,14,14,14,14,14,14,14,14,14
2,1,481069,0,0,0,0,0,0,0,0,0,0
3,1,481069,0,0,0,0,0,11,0,0,0,0
4,1,481069,0,0,0,0,0,0,0,0,0,0