VEH_NO,PER_NO,ST_CASE,P1,P2,P3,P4,P5,P6,P7,P8,P9,P10
5,1,481069,0,0,0,0,0,0,0,0,0,0
1,1,481070,7,7,7,7,7,7,7,7,7,7
1,1,481071,0,0,0,0,0,0,0,0,0,0
2,1,481071,0,0,0,0,0,0,0,0,9,0
1,1,481072,13,13,13,13,13,13,13,13,13,13
2,1,481072,0,0,0,0,0,0,0,0,0,0
1,1,481073,4,0,24,11,12,0,0,0,0,0
2,1,481073,0,10,0,0,18,0,0,0,3,0
1,1,481074,0,0,0,0,0,0,0,0,0,0
2,1,481074,0,0,0,0,0,0,0,0,0,0
1,1,481075,0,0,0,0,7,9,0,0,0,0
1,1,481076,28,28,28,28,28,28,28,28,28,28
1,1,481077,0,18,18,0,10,0,0,12,25,0
1,1,481078,0,0,0,0,0,0,0,0,0,0
2,1,481078,0,0,0,0,0,0,0,10,0,0
1,1,481079,0,0,0,0,0,0,0,0,0,0
1,1,481080,3,0,16,0,0,22,0,0,0,0
2,1,481080,0,0,0,0,0,0,0,7,0,0
1,1,481081,8,8,8,8,8,8,8,8,8,8
1,1,481082,17,17,17,17,17,17,17,17,17,17
2,1,481082,0,0,0,15,0,0,0,0,0,0
1,1,481083,0,0,0,0,0,0,0,0,0,0
1,1,481084,0,0,0,0,12,0,8,0,0,0
1,1,481085,0,0,0,0,0,0,0,0,0,0
2,1,481085,0,0,0,0,0,0,0,0,0,0
3,1,481085,0,14,0,0,0,0,0,0,0,29
1,1,481086,0,18,0,0,0,3,0,0,0,0
1,1,481087,0,0,13,0,0,0,0,0,0,0
2,1,481087,0,21,0,0,0,0,0,0,0,0
1,1,481088,20,20,20,20,20,20,20,20,20,20
2,1,481088,0,0,0,0,0,0,9,0,21,0
1,1,481089,4,4,4,4,4,4,4,4,4,4
0,1,481090,0,0,0,0,0,0,0,0,0,0
1,1,481090,0,0,0,0,0,0,0,0,0,0
2,1,481090,0,0,0,0,0,0,0,0,0,0
1,1,481091,1,1,1,1,1,1,1,1,1,1
1,1,481092,15,15,15,15,15,15,15,15,15,15
1,1,481093,0,0,15,13,21,13,0,0,0,14
1,1,481094,0,0,0,0,0,0,0,0,11,0
1,1,481095,32,32,32,32,32,32,32,32,32,32
2,1,481095,0,0,0,0,0,0,0,0,0,0
1,1,481096,12,21,9,18,22,7,24,9,21,21
2,1,481096,0,0,0,0,0,0,0,0,0,0
1,1,481097,15,15,6,0,21,4,0,0,15,0
1,1,481098,6,6,6,6,6,6,6,6,6,6
1,1,481099,14,14,14,14,14,14,14,14,14,14
1,1,481100,0,0,0,0,0,30,0,0,0,0
2,1,481100,0,0,0,0,0,0,0,0,0,0
1,1,481101,0,0,0,0,0,0,0,0,0,0
2,1,481101,0,0,0,0,0,0,0,0,0,0
3,1,481101,0,0,0,0,0,0,0,0,8,0
4,1,481101,0,0,0,0,0,0,0,15,0,0
1,1,481102,19,19,19,19,19,19,19,19,19,19
1,1,481103,19,19,19,19,19,19,19,19,19,19
2,1,481103,3,14,0,7,0,0,27,7,0,12
1,1,481104,16,16,16,16,16,16,16,16,16,16
1,1,481105,27,27,27,27,27,27,27,27,27,27
1,1,481106,0,0,0,0,0,0,0,0,0,0
2,1,481106,0,0,0,0,0,0,0,0,0,0
1,1,481107,18,18,18,18,18,18,18,18,18,18
1,1,481108,0,0,0,0,0,0,0,0,0,0
0,1,481109,23,23,23,23,23,23,23,23,23,23
1,1,481109,0,0,29,0,0,0,0,0,0,0
1,1,481110,0,0,0,0,0,0,0,0,0,0
1,1,481111,0,0,0,0,0,0,0,0,0,0
1,1,481112,0,10,0,0,0,3,28,0,0,0
2,1,481112,8,0,0,0,0,0,0,0,13,0
1,1,481113,0,0,0,0,0,0,0,0,0,0
1,1,481114,8,8,8,8,8,8,8,8,8,8
1,1,481115,0,0,0,0,0,15,14,0,0,15
2,1,481115,0,0,0,17,0,0,0,0,0,0
0,1,481116,0,0,0,0,0,0,0,0,0,0
1,1,481116,7,0,12,14,17,16,0,0,0,0
0,1,481117,0,0,0,0,0,0,0,0,0,0
1,1,481117,0,2,0,0,11,0,0,0,0,0
1,1,481118,27,27,27,27,27,27,27,27,27,27
1,1,481119,14,14,14,14,14,14,14,14,14,14
0,1,481120,0,0,0,0,0,0,0,0,0,0
1,1,481120,0,0,0,0,0,0,0,0,0,0
0,1,481121,26,26,26,26,26,26,26,26,26,26
1,1,481121,0,21,0,0,15,0,0,16,0,0
1,1,481122,34,28,9,25,26,6,31,25,16,11
1,1,481123,11,11,11,11,11,11,11,11,11,11
2,1,481123,0,0,0,0,14,0,0,0,0,0
1,1,481124,0,0,0,0,0,9,0,0,0,0
2,1,481124,0,0,0,0,0,0,0,0,0,0
1,1,481125,0,0,0,0,0,0,0,0,0,0
1,1,481126,0,0,0,0,0,0,0,0,0,0
2,1,481126,0,0,0,0,0,0,12,0,7,0
3,1,481126,0,0,7,8,0,0,0,13,0,0
1,1,481127,0,0,15,0,0,0,0,0,0,0
2,1,481127,17,17,17,17,17,17,17,17,17,17
1,1,481128,0,0,0,0,0,0,0,0,0,0
1,1,481129,0,0,7,0,0,5,0,0,0,0
2,1,481129,0,0,0,0,0,0,16,0,0,0
1,1,481130,5,5,5,5,5,5,5,5,5,5
1,1,481131,0,0,0,0,0,0,0,0,0,0
2,1,481131,0,0,0,0,0,0,0,0,0,0
1,1,481132,0,0,0,0,0,0,0,0,0,0
2,1,481132,0,0,0,0,0,8,0,0,0,0
1,1,481133,0,0,0,0,0,0,0,0,0,0
2,1,481133,0,0,0,0,0,0,0,0,0,0
1,1,481134,0,0,0,0,0,0,0,0,0,0
1,1,481135,0,0,0,0,0,0,0,0,0,0
2,1,481135,1,1,1,1,1,1,1,1,1,1
1,1,481136,16,16,16,16,16,16,16,16,16,16
1,1,481137,12,0,22,10,10,0,0,0,0,15
1,1,481138,0,0,0,0,0,0,0,0,0,0
1,1,481139,0,0,0,0,0,0,0,0,0,0
2,1,481139,0,0,0,0,0,0,0,0,0,0
1,1,481140,3,3,3,3,3,3,3,3,3,3
1,1,481141,0,0,0,0,0,0,0,0,0,0
1,1,481142,1,1,1,1,1,1,1,1,1,1
1,1,481144,0,0,0,0,0,0,0,0,0,0
1,1,481145,0,0,0,0,0,0,0,16,0,0
1,1,481146,0,0,0,0,0,0,0,0,0,0
2,1,481146,14,0,0,0,0,0,0,0,0,0
1,1,481147,8,17,23,14,21,26,9,20,21,12
1,1,481148,11,11,11,11,11,11,11,11,11,11
0,1,481149,2,2,2,2,2,2,2,2,2,2
1,1,481149,0,0,0,0,0,17,9,9,0,14
1,1,481150,0,0,0,0,0,0,0,0,0,0
2,1,481150,0,0,0,0,17,0,9,0,0,0
1,1,481151,18,18,18,18,18,18,18,18,18,18
1,1,481152,0,0,0,0,0,0,13,0,0,0
2,1,481152,0,0,0,0,0,0,0,20,0,0
3,1,481152,0,0,0,0,0,0,0,0,0,0
1,1,481153,31,31,31,31,31,31,31,31,31,31
1,1,481154,0,0,0,0,0,0,0,0,0,0
2,1,481154,4,0,0,0,0,4,0,0,0,0
1,1,481155,0,0,0,0,0,0,0,0,0,0
2,1,481155,0,0,0,0,0,0,0,0,0,0
1,1,481156,0,0,0,0,0,0,0,0,0,0
1,1,481157,28,28,28,28,28,28,28,28,28,28
1,1,481158,8,0,12,0,0,9,0,0,0,0
1,1,481159,30,30,30,30,30,30,30,30,30,30
2,1,481159,0,0,0,0,0,0,0,0,0,0
1,1,481160,0,0,0,0,0,0,0,0,0,0
2,1,481160,0,0,0,0,0,0,0,0,0,0
3,1,481160,15,0,0,0,0,5,0,0,0,0
1,1,481161,18,18,18,18,18,18,18,18,18,18
2,1,481161,0,0,0,0,0,0,0,0,0,0
3,1,481161,11,0,0,0,0,0,27,0,0,0
1,1,481162,0,0,0,0,0,0,0,0,0,0
1,1,481163,0,0,0,0,0,0,0,0,0,0
2,1,481163,0,0,0,0,0,0,0,0,0,0
1,1,481164,0,0,0,0,0,0,0,0,0,0
1,1,481165,41,41,41,41,41,41,41,41,41,41
1,1,481166,28,4,10,5,17,15,23,19,30,14
1,1,481167,16,16,16,16,16,16,16,16,16,16
2,1,481167,0,0,0,0,0,0,0,0,0,0
1,1,481168,0,0,0,0,0,0,0,0,0,0
2,1,481168,7,7,7,7,7,7,7,7,7,7
1,1,481169,0,0,0,0,0,0,0,0,0,0
2,1,481169,3,0,21,0,11,0,5,0,0,0
3,1,481169,0,0,0,0,0,0,0,10,0,0
1,1,481170,0,0,0,4,0,0,0,0,0,0
1,1,481171,27,22,14,34,20,17,25,25,20,27
1,1,481172,17,0,12,0,5,0,0,15,0,0
1,1,481173,0,0,0,0,0,0,0,0,0,0
1,1,481174,0,0,0,0,0,0,0,0,0,0
1,1,481175,12,12,12,12,12,12,12,12,12,12
2,1,481175,0,0,12,0,0,0,0,0,0,0
0,1,481176,0,0,0,0,0,0,0,0,0,0
1,1,481176,20,0,10,0,0,0,0,0,0,0
1,1,481177,21,21,21,21,21,21,21,21,21,21
2,1,481177,12,0,0,0,2,0,0,0,0,6
1,1,481178,0,0,0,0,0,0,0,0,0,0
2,1,481178,0,0,0,0,0,0,0,0,0,0
1,1,481179,4,4,4,4,4,4,4,4,4,4
1,1,481180,0,0,0,0,0,0,0,0,0,0
2,1,481180,0,0,0,0,0,0,0,0,0,0
1,1,481181,2,2,2,2,2,2,2,2,2,2
2,1,481181,0,0,0,0,17,0,17,0,18,0
0,1,481182,0,0,0,0,0,0,0,0,0,0
1,1,481182,0,0,0,0,0,0,0,0,0,0
1,1,481183,0,0,0,0,0,0,0,0,0,0
2,1,481183,0,0,0,0,0,0,0,0,0,0
3,1,481183,0,0,0,0,0,0,0,0,0,0
1,1,481184,0,10,10,0,0,0,0,20,19,16
1,1,481185,22,22,22,22,22,22,22,22,22,22
2,1,481185,0,18,12,0,14,0,18,0,0,0
3,1,481185,0,0,0,0,0,0,0,0,0,0
1,1,481186,0,0,0,0,0,0,0,0,0,0
2,1,481186,0,0,0,9,0,0,0,0,0,0
1,1,481187,10,0,20,0,0,0,0,0,16,0
2,1,481187,0,0,0,0,13,0,0,0,0,0
1,1,481188,27,34,15,34,11,19,26,9,18,9
1,1,481189,16,16,16,16,16,16,16,16,16,16
1,1,481190,0,0,0,0,0,0,0,0,0,0
2,1,481190,0,0,0,0,35,0,0,0,0,0
1,1,481191,22,22,22,22,22,22,22,22,22,22
2,1,481191,0,0,0,0,0,0,0,0,0,0
3,1,481191,0,17,0,0,0,0,0,0,0,0
1,1,481192,0,3,0,0,0,0,0,0,0,0
2,1,481192,0,0,0,0,0,0,0,12,0,0
1,1,481193,0,0,0,0,0,0,0,0,14,0
1,1,481194,0,0,0,0,0,0,0,0,0,0
2,1,481194,0,0,0,0,0,0,14,0,5,0
1,1,481195,22,24,32,20,0,19,15,16,26,15
1,1,481196,0,9,8,0,0,0,16,0,9,0
2,1,481196,0,12,0,0,0,0,0,0,0,0
3,1,481196,9,0,0,0,0,0,0,8,0,0
1,1,481197,0,0,0,0,0,0,23,0,24,17
1,1,481199,20,20,20,20,20,20,20,20,20,20
0,1,481200,4,4,4,4,4,4,4,4,4,4
1,1,481200,0,21,0,12,0,0,0,13,22,11
1,1,481201,17,17,17,17,17,17,17,17,17,17
1,1,481202,22,0,7,10,21,0,21,19,16,6
2,1,481202,9,9,9,9,9,9,9,9,9,9
1,1,481203,0,0,0,0,0,0,0,0,0,0
1,1,481204,33,24,24,8,19,19,30,12,23,11
2,1,481204,0,0,0,9,0,0,0,0,0,4
1,1,481205,0,0,0,0,0,0,0,0,0,0
1,1,481206,0,0,0,0,0,0,0,0,0,0
1,1,481207,0,0,30,0,23,25,14,18,24,31
1,1,481208,0,0,8,0,0,0,0,0,0,0
2,1,481208,13,0,0,0,0,0,0,0,0,0
1,1,481209,0,0,0,0,0,0,0,13,0,0
2,1,481209,0,0,0,0,9,10,12,0,0,23
1,1,481210,0,0,0,0,0,0,0,0,0,0
2,1,481210,15,15,15,15,15,15,15,15,15,15
1,1,481211,23,23,23,23,23,23,23,23,23,23
2,1,481211,0,10,0,0,0,11,0,0,0,0
1,1,481212,13,27,17,0,4,0,8,0,0,0
1,1,481213,24,24,24,24,24,24,24,24,24,24
1,1,481214,0,0,0,0,0,0,0,0,0,0
1,1,481215,0,17,19,0,0,0,0,0,0,15
1,1,481216,0,0,0,0,0,0,20,0,0,0
1,1,481217,0,0,0,0,0,0,0,0,0,0
2,1,481217,0,0,0,0,0,0,0,0,0,0
1,1,481218,0,0,0,0,0,0,0,0,0,0
0,1,481219,17,9,31,41,22,7,19,22,14,35
1,1,481219,0,0,0,0,34,0,0,0,0,0
1,1,481220,0,0,0,0,0,0,0,0,10,0
2,1,481220,0,0,0,0,0,0,0,0,0,0
1,1,481221,0,0,0,0,0,0,0,0,0,0
2,1,481221,0,0,0,0,0,0,0,0,0,0
3,1,481221,0,0,0,0,0,0,0,0,0,0
1,1,481223,0,0,0,0,0,0,0,0,0,0
2,1,481223,0,0,0,0,0,4,0,0,0,0
1,1,481224,0,0,0,0,0,0,0,0,0,0
2,1,481224,9,0,0,0,0,0,0,0,0,0
1,1,481225,27,27,27,27,27,27,27,27,27,27
1,1,481226,0,0,0,0,0,0,0,0,0,0
1,1,481227,0,0,0,0,0,19,0,10,0,13
2,1,481227,0,0,0,0,0,0,0,0,0,0
1,1,481228,0,0,0,0,0,0,0,0,0,0
2,1,481228,0,0,0,0,0,24,0,0,0,0
1,1,481229,0,0,0,0,0,0,0,0,0,0
2,1,481229,0,0,0,0,0,0,0,0,0,0
1,1,481230,10,10,10,10,10,10,10,10,10,10
2,1,481230,0,0,0,0,0,0,0,0,0,0
1,1,481231,13,13,13,13,13,13,13,13,13,13
1,1,481232,0,0,0,0,0,0,0,0,0,0
1,1,481233,0,0,0,0,0,0,0,0,0,0
1,1,481234,10,0,5,0,0,15,11,0,30,2
2,1,481234,0,0,0,0,0,0,25,0,0,0
3,1,481234,24,6,15,17,0,0,12,9,0,0
4,1,481234,0,0,5,0,13,11,0,6,8,0
1,1,481235,0,0,0,0,0,0,23,0,0,0
2,1,481235,0,0,0,0,0,0,0,0,0,0
1,1,481236,0,0,0,0,0,0,0,0,21,0
2,1,481236,0,0,0,0,0,0,0,0,0,0
0,1,481237,0,0,0,0,0,0,0,0,0,0
1,1,481237,0,0,0,0,0,17,0,0,0,0
1,1,481238,0,0,0,0,0,0,0,0,0,0
1,1,481239,0,0,0,0,0,0,0,0,0,0
2,1,481239,23,23,23,23,23,23,23,23,23,23
1,1,481240,0,0,0,0,0,0,10,0,0,0
2,1,481240,42,42,42,42,42,42,42,42,42,42
1,1,481241,0,16,19,22,0,15,25,28,18,0
1,1,481242,25,25,25,25,25,25,25,25,25,25
1,1,481243,24,24,24,24,24,24,24,24,24,24
1,1,481244,0,0,0,0,0,0,0,0,0,0
1,1,481245,20,20,20,20,20,20,20,20,20,20
2,1,481245,0,0,0,0,0,0,0,0,0,0
1,1,481246,15,20,0,9,26,6,13,8,11,0
1,1,481247,0,0,0,0,0,0,0,0,0,0
1,1,481248,13,9,22,11,19,0,7,33,0,26
1,1,481249,0,0,0,0,0,0,0,0,0,0
1,1,481250,12,0,22,24,0,12,7,16,7,0
1,1,481251,0,2,0,0,0,0,0,0,0,0
1,1,481252,26,26,26,26,26,26,26,26,26,26
0,1,481253,29,29,29,29,29,29,29,29,29,29
1,1,481253,0,0,0,21,0,0,0,16,7,0
1,1,481254,0,0,0,0,5,7,4,12,0,12
1,1,481255,19,19,19,19,19,19,19,19,19,19
1,1,481256,10,10,10,10,10,10,10,10,10,10
1,1,481257,18,18,18,18,18,18,18,18,18,18
1,1,481258,0,0,0,0,0,0,0,0,0,0
2,1,481258,0,0,0,0,0,0,0,0,0,0
1,1,481259,16,16,16,16,16,16,16,16,16,16
1,1,481260,23,0,0,19,0,0,0,0,0,0
2,1,481260,0,0,0,0,0,10,0,0,25,0
0,1,481261,0,32,31,0,0,0,23,23,16,14
1,1,481261,0,0,0,0,0,0,0,0,0,0
1,1,481262,0,0,0,0,0,0,0,0,0,0
2,1,481262,0,0,13,0,0,0,0,0,0,0
3,1,481262,22,0,0,0,0,0,0,0,0,0
0,1,481263,0,33,0,28,0,39,0,0,0,39
1,1,481263,0,0,0,1,0,10,0,0,7,0
1,1,481264,30,30,30,30,30,30,30,30,30,30
1,1,481265,0,0,0,0,0,0,0,0,0,0
1,1,481266,0,0,0,0,0,0,0,0,0,0
2,1,481266,0,0,0,0,0,0,0,0,0,0
0,1,481267,19,19,19,19,19,19,19,19,19,19
1,1,481267,0,0,0,0,0,0,0,0,0,0
1,1,481268,0,0,0,0,7,0,0,0,0,16
2,1,481268,11,0,0,10,0,0,0,0,0,0
0,1,481269,26,0,0,0,49,0,28,0,0,0
1,1,481269,0,0,0,0,0,0,0,0,0,7
1,1,481270,0,0,0,0,0,0,0,0,0,0
1,1,481271,12,12,12,12,12,12,12,12,12,12
1,1,481272,0,0,16,24,0,0,0,0,0,0
1,1,481273,8,0,0,0,0,0,0,0,0,0
1,1,481274,0,0,0,0,0,0,0,0,0,0
2,1,481274,0,0,0,0,0,0,0,0,0,0
1,1,481275,22,22,22,22,22,22,22,22,22,22
0,1,481276,0,0,0,0,0,0,0,0,0,0
1,1,481276,13,13,13,13,13,13,13,13,13,13
1,1,481277,17,17,17,17,17,17,17,17,17,17
1,1,481278,0,0,0,0,0,0,0,0,0,0
1,1,481279,0,0,0,0,0,0,0,0,0,0
1,1,481280,7,7,7,7,7,7,7,7,7,7
0,1,481281,9,0,0,0,0,0,0,0,0,20
0,2,481281,0,0,0,0,0,0,0,0,0,0
3,1,481281,15,9,9,24,16,12,21,8,16,12
1,1,481282,0,0,0,0,0,0,19,0,0,0
2,1,481282,4,4,4,4,4,4,4,4,4,4
1,1,481283,0,0,0,0,0,0,0,0,0,0
2,1,481283,0,0,0,0,0,0,0,0,0,0
0,1,481284,0,0,0,0,0,0,0,0,0,0
1,1,481284,0,0,19,0,0,0,0,0,0,0
1,1,481285,0,20,0,11,17,16,15,0,8,5
1,1,481286,13,13,13,13,13,13,13,13,13,13
1,1,481287,29,29,29,29,29,29,29,29,29,29
1,1,481288,26,26,26,26,26,26,26,26,26,26
1,1,481289,2,2,2,2,2,2,2,2,2,2
1,1,481290,0,0,0,0,0,0,0,0,0,0
2,1,481290,0,0,0,0,0,0,0,0,0,0
1,1,481291,29,20,26,22,20,11,20,23,25,9
0,1,481292,0,0,0,0,0,0,0,0,0,0
1,1,481292,2,2,2,2,2,2,2,2,2,2
1,1,481293,12,12,12,12,12,12,12,12,12,12
1,1,481294,21,21,21,21,21,21,21,21,21,21
0,1,481295,12,12,12,12,12,12,12,12,12,12
1,1,481295,4,4,4,4,4,4,4,4,4,4
1,1,481296,0,0,0,0,0,0,0,0,0,0
1,1,481297,0,0,0,0,0,0,0,0,0,0
0,1,481298,16,16,16,16,16,16,16,16,16,16
1,1,481298,16,16,16,16,16,16,16,16,16,16
1,1,481299,0,0,0,0,0,0,0,0,0,0
1,1,481300,0,0,0,27,16,15,27,0,0,0
1,1,481301,0,0,0,0,0,0,0,0,0,0
2,1,481301,0,0,0,0,0,0,0,0,0,0
1,1,481302,0,0,0,0,0,0,0,0,0,0
1,1,481303,7,7,7,7,7,7,7,7,7,7
2,1,481303,14,0,17,0,0,6,0,0,0,0
1,1,481304,0,0,0,4,27,0,0,0,0,0
0,1,481305,0,0,0,0,0,0,0,0,0,0
1,1,481305,0,0,0,0,0,0,15,0,0,0
1,1,481306,6,6,6,6,6,6,6,6,6,6
2,1,481306,0,0,0,0,0,0,0,0,0,0
0,1,481307,1,1,1,1,1,1,1,1,1,1
1,1,481307,0,0,0,9,0,0,0,0,10,15
1,1,481308,0,0,0,0,0,0,0,0,0,0
1,1,481309,0,0,0,0,0,0,10,0,0,0
2,1,481309,0,0,0,0,0,0,0,0,0,0
1,1,481310,28,28,28,28,28,28,28,28,28,28
2,1,481310,0,0,0,0,0,0,0,0,0,0
1,1,481311,27,27,27,27,27,27,27,27,27,27
2,1,481311,0,5,0,0,0,0,0,0,0,12
0,1,481312,0,0,0,0,0,0,0,0,0,0
1,1,481312,16,16,16,16,16,16,16,16,16,16
1,1,481313,0,0,0,0,0,14,0,0,0,6
2,1,481313,0,0,0,0,0,11,0,0,0,0
1,1,481314,0,0,0,0,0,0,0,0,0,0
1,1,481315,0,0,0,0,0,0,0,0,0,0
2,1,481315,3,0,0,0,0,0,0,0,0,0
3,1,481315,0,0,0,0,0,0,0,0,0,0
1,1,481316,0,0,0,0,0,0,0,0,0,0
2,1,481316,0,0,0,0,0,0,0,0,0,0
1,1,481317,0,0,0,0,0,14,0,0,0,0
2,1,481317,0,0,0,0,0,0,0,0,0,0
1,1,481318,13,13,13,13,13,13,13,13,13,13
1,1,481319,0,0,0,23,32,0,0,0,0,0
2,1,481319,0,0,0,14,0,0,0,0,0,0
3,1,481319,0,0,0,0,0,0,0,0,0,9
4,1,481319,0,0,0,12,0,0,0,0,0,0
5,1,481319,0,0,0,0,0,0,6,0,0,0
1,1,481320,23,23,23,23,23,23,23,23,23,23
1,1,481321,0,0,0,0,0,0,0,0,0,0
0,1,481322,0,0,0,0,0,0,0,0,0,0
1,1,481322,13,25,0,20,11,0,0,0,0,0
1,1,481323,14,0,11,14,0,7,0,9,16,0
1,1,481324,0,0,0,0,0,0,0,0,3,0
2,1,481324,0,0,0,0,0,0,0,0,0,0
3,1,481324,0,0,0,0,0,0,0,6,0,0
1,1,481325,0,0,0,0,0,0,0,0,0,0
1,1,481326,0,0,6,0,20,0,11,0,0,0
2,1,481326,10,10,10,10,10,10,10,10,10,10
1,1,481327,20,20,20,20,20,20,20,20,20,20
0,1,481328,15,15,15,15,15,15,15,15,15,15
1,1,481328,0,0,0,0,0,0,0,0,0,0
2,1,481328,0,0,0,0,0,0,0,0,0,0
0,1,481329,0,0,19,26,21,0,24,24,0,0
0,2,481329,12,13,34,25,18,36,0,31,24,28
1,1,481329,0,0,0,0,15,0,0,0,0,0
1,1,481330,0,0,0,0,0,0,0,0,0,0
2,1,481330,0,0,0,0,0,0,0,0,0,0
1,1,481331,0,0,0,0,0,2,0,16,0,12
2,1,481331,0,0,0,11,13,0,0,4,0,12
1,1,481332,11,11,11,11,11,11,11,11,11,11
0,1,481333,0,23,22,0,0,13,0,38,0,0
1,1,481333,0,0,13,0,0,0,0,0,17,14
0,1,481334,0,0,27,0,0,5,0,0,0,0
1,1,481334,0,0,0,0,0,0,0,0,4,0
1,1,481335,0,0,0,0,17,0,0,0,11,0
2,1,481335,0,0,0,0,0,0,0,0,0,0
1,1,481336,0,0,0,0,0,0,0,0,0,0
0,1,481337,13,13,13,13,13,13,13,13,13,13
1,1,481337,14,0,0,13,0,26,0,0,0,0
0,1,481338,7,16,0,25,0,0,0,13,15,0
1,1,481338,0,0,0,4,0,0,0,0,0,0
1,1,481339,0,0,0,0,0,0,0,0,0,16
1,1,481340,21,21,21,21,21,21,21,21,21,21
1,1,481341,17,17,17,17,17,17,17,17,17,17
2,1,481341,0,0,0,0,0,0,0,0,0,0
1,1,481342,9,9,9,9,9,9,9,9,9,9
2,1,481342,18,18,18,18,18,18,18,18,18,18
1,1,481343,20,20,20,20,20,20,20,20,20,20
0,1,481344,0,24,0,14,25,0,14,0,23,26
0,2,481344,10,0,0,9,11,0,23,9,44,0
0,3,481344,25,0,28,0,23,19,5,0,9,10
1,1,481344,0,0,0,0,0,0,0,0,0,0
1,1,481345,0,0,18,0,0,0,0,0,0,0
2,1,481345,0,0,27,13,29,10,0,9,0,0
1,1,481346,17,17,17,17,17,17,17,17,17,17
0,1,481347,37,0,25,0,13,14,3,18,36,22
1,1,481347,7,20,17,10,16,16,19,19,20,10
1,1,481348,4,4,4,4,4,4,4,4,4,4
2,1,481348,0,0,0,0,0,0,0,0,0,0
1,1,481349,9,4,0,6,0,0,23,14,12,15
2,1,481349,5,0,0,0,0,0,0,0,0,0
1,1,481350,12,12,12,12,12,12,12,12,12,12
1,1,481351,0,0,13,0,0,0,0,0,0,0
1,1,481352,0,0,0,0,0,0,15,0,0,0
2,1,481352,0,0,28,0,0,0,0,0,0,0
1,1,481353,17,17,17,17,17,17,17,17,17,17
2,1,481353,16,16,16,16,16,16,16,16,16,16
1,1,481354,0,0,0,0,0,0,0,0,0,0
1,1,481355,26,0,0,0,0,0,0,0,0,0
2,1,481355,0,0,0,0,0,0,0,0,0,0
1,1,481356,0,0,0,0,0,0,0,0,0,0
2,1,481356,0,0,0,0,0,0,0,0,0,0
1,1,481357,7,7,7,7,7,7,7,7,7,7
1,1,481358,0,0,0,0,0,0,0,0,0,0
1,1,481359,0,0,0,0,0,0,0,0,0,0
2,1,481359,9,21,0,0,10,0,0,0,21,0
1,1,481360,0,0,0,0,24,0,0,21,12,0
1,1,481361,23,23,23,23,23,23,23,23,23,23
1,1,481362,0,0,0,0,0,0,0,0,0,0
1,1,481363,0,5,0,28,10,0,19,14,0,0
1,1,481364,0,0,0,0,0,0,0,0,0,0
2,1,481364,0,0,0,9,0,7,0,0,0,0
1,1,481365,0,0,0,0,0,0,0,0,0,0
2,1,481365,0,0,0,0,0,0,0,0,0,0
1,1,481366,0,0,0,0,0,0,0,0,0,0
1,1,481367,0,0,0,0,0,0,0,0,0,0
2,1,481367,0,0,0,0,0,0,0,0,0,0
1,1,481368,0,0,0,0,0,0,0,0,26,0
1,1,481369,0,0,0,0,0,21,0,0,0,0
2,1,481369,0,0,0,0,0,0,0,0,0,0
1,1,481370,0,0,0,0,0,0,0,0,0,0
1,1,481371,0,0,0,0,0,0,0,0,0,0
1,1,481372,0,0,0,0,0,0,0,0,0,0
2,1,481372,0,0,0,0,0,0,0,0,0,0
1,1,481373,0,31,0,0,0,0,0,0,0,11
2,1,481373,0,0,0,0,0,0,0,0,0,0
1,1,481374,0,0,0,0,0,0,0,0,0,0
2,1,481374,11,0,13,0,0,0,22,0,0,0
3,1,481374,0,0,0,0,0,0,0,0,0,0
1,1,481375,0,0,0,0,0,0,0,0,0,0
2,1,481375,0,0,0,0,0,0,0,0,0,0
1,1,481376,7,7,7,7,7,7,7,7,7,7
1,1,481377,0,0,0,0,0,0,0,0,0,0
2,1,481377,0,0,0,6,0,0,0,0,0,0
1,1,481378,0,0,0,0,0,0,0,0,0,0
1,1,481379,16,16,16,16,16,16,16,16,16,16
0,1,481380,23,0,0,16,0,20,35,0,14,0
1,1,481380,0,13,0,0,0,0,0,11,0,0
1,1,481381,28,28,28,28,28,28,28,28,28,28
1,1,481382,20,20,20,20,20,20,20,20,20,20
2,1,481382,0,0,0,0,0,0,0,0,0,0
3,1,481382,0,0,0,0,14,15,0,0,0,9
4,1,481382,9,0,0,5,0,6,8,8,0,21
5,1,481382,0,0,0,0,0,0,0,0,0,0
1,1,481383,0,0,0,0,12,0,0,0,0,0
1,1,481384,0,0,6,0,0,21,29,0,0,0
2,1,481384,2,0,0,0,14,0,0,21,28,0
1,1,481385,0,0,0,0,0,0,0,0,0,0
2,1,481385,18,0,0,0,0,0,18,0,0,2
1,1,481386,19,37,28,8,0,0,0,18,10,22