VEH_NO,PER_NO,ST_CASE,P1,P2,P3,P4,P5,P6,P7,P8,P9,P10
1,1,482308,0,0,0,0,0,0,0,0,0,0
1,1,482309,0,0,0,0,0,0,0,0,0,0
0,1,482310,0,27,0,18,0,0,20,0,55,0
1,1,482310,0,0,0,0,0,0,0,0,0,0
0,1,482311,11,11,11,11,11,11,11,11,11,11
1,1,482311,0,0,0,0,0,11,0,0,0,0
1,1,482312,15,15,15,15,15,15,15,15,15,15
0,1,482313,14,14,14,14,14,14,14,14,14,14
1,1,482313,0,0,0,0,0,19,8,0,3,0
1,1,482314,0,0,0,0,0,0,0,0,0,0
2,1,482314,0,0,0,0,0,0,0,0,0,0
1,1,482315,0,0,13,4,0,10,0,12,0,17
2,1,482315,5,0,0,0,0,0,0,16,0,0
3,1,482315,0,0,0,0,0,0,0,0,0,0
1,1,482316,11,11,11,11,11,11,11,11,11,11
2,1,482316,0,0,0,0,0,0,0,0,0,0
3,1,482316,0,17,0,0,0,0,0,0,0,0
4,1,482316,0,0,0,0,11,0,0,0,11,0
5,1,482316,0,0,0,0,0,0,0,0,0,0
1,1,482317,4,8,16,13,3,20,8,0,17,8
1,1,482318,0,0,0,0,0,0,0,0,0,0
2,1,482318,19,19,19,19,19,19,19,19,19,19
1,1,482319,7,7,7,7,7,7,7,7,7,7
1,1,482320,25,25,25,25,25,25,25,25,25,25
1,1,482321,0,0,0,0,0,0,0,0,0,0
0,1,482322,0,0,0,0,0,0,0,0,0,0
1,1,482322,0,0,0,0,0,0,0,0,0,0
1,1,482323,0,0,0,0,0,0,0,0,0,0
1,1,482324,21,33,21,36,31,32,24,27,22,11
2,1,482324,0,0,0,0,0,0,0,14,0,12
3,1,482324,0,0,0,0,0,0,0,0,0,7
1,1,482325,0,0,6,0,13,0,16,0,7,0
1,1,482326,0,0,0,0,0,0,0,0,0,0
2,1,482326,6,0,0,0,0,0,0,9,0,0
1,1,482327,8,8,8,8,8,8,8,8,8,8
1,1,482328,0,0,0,0,0,0,0,0,0,0
0,1,482329,0,0,0,0,0,0,0,0,0,0
1,1,482329,18,0,11,17,6,19,0,17,8,21
1,1,482330,0,0,0,0,14,0,4,0,0,9
1,1,482331,21,21,21,21,21,21,21,21,21,21
1,1,482332,0,0,0,0,0,0,0,0,0,0
2,1,482332,0,0,0,0,0,0,0,0,0,0
1,1,482333,0,0,0,0,0,0,0,0,0,0
1,1,482334,19,19,19,19,19,19,19,19,19,19
2,1,482334,20,0,24,0,8,0,0,4,0,7
0,1,482335,0,0,0,0,0,0,0,0,0,0
1,1,482335,0,5,0,11,0,14,6,0,0,8
0,1,482336,27,6,28,0,25,14,11,16,4,16
1,1,482336,14,14,14,14,14,14,14,14,14,14
1,1,482337,0,0,0,0,0,0,0,0,0,0
2,1,482337,0,0,0,0,0,0,0,0,0,0
1,1,482338,0,0,0,0,0,0,0,0,0,0
1,1,482339,0,0,0,0,0,0,0,0,0,0
1,1,482340,0,12,0,25,14,0,0,8,0,0
1,1,482341,0,0,0,0,0,0,0,0,0,0
2,1,482341,0,0,15,0,0,0,0,0,0,0
1,1,482342,0,0,0,0,0,0,0,0,0,0
1,1,482343,0,0,0,0,0,0,0,0,0,0
2,1,482343,0,0,0,0,0,0,0,0,0,0
0,1,482344,0,0,0,0,0,0,0,0,0,0
1,1,482344,6,0,0,0,0,0,0,0,0,0
1,1,482345,0,0,0,0,0,0,0,0,0,0
2,1,482345,0,0,0,0,0,9,0,0,0,0
1,1,482346,0,29,0,0,0,0,0,0,0,21
2,1,482346,0,14,0,2,0,0,9,0,6,0
1,1,482347,0,15,0,0,0,0,12,0,0,0
1,1,482348,14,14,14,14,14,14,14,14,14,14
1,1,482349,15,15,15,15,15,15,15,15,15,15
1,1,482350,0,2,0,0,0,0,0,0,0,0
2,1,482350,7,0,0,19,0,0,0,0,0,0
1,1,482351,0,0,0,0,0,0,0,0,0,0
2,1,482351,0,0,0,0,0,0,0,0,0,0
1,1,482352,4,4,4,4,4,4,4,4,4,4
2,1,482352,11,11,11,11,11,11,11,11,11,11
3,1,482352,0,11,4,7,10,0,10,0,0,0
1,1,482353,17,17,17,17,17,17,17,17,17,17
0,1,482354,0,0,0,0,20,25,20,0,0,0
1,1,482354,0,0,0,0,0,0,0,0,0,0
1,1,482355,17,17,17,17,17,17,17,17,17,17
1,1,482356,15,15,15,15,15,15,15,15,15,15
1,1,482357,6,0,0,0,0,0,0,18,0,11
1,1,482358,18,18,18,18,18,18,18,18,18,18
2,1,482358,0,0,0,0,0,0,0,0,0,0
1,1,482359,13,13,13,13,13,13,13,13,13,13
1,1,482360,0,0,3,0,10,0,0,0,0,0
2,1,482360,0,0,0,0,0,0,0,0,0,0
1,1,482361,0,0,0,0,0,0,0,0,0,0
1,1,482362,13,28,0,0,26,17,33,0,0,0
2,1,482362,0,0,0,12,0,0,0,12,15,0
1,1,482363,12,12,12,12,12,12,12,12,12,12
1,1,482364,0,0,0,0,0,0,0,0,0,0
2,1,482364,0,0,0,0,0,0,0,0,0,0
3,1,482364,0,0,0,0,0,0,0,0,0,0
1,1,482365,0,0,0,0,0,0,0,0,0,0
0,1,482366,0,0,18,18,0,0,0,0,21,12
0,2,482366,6,0,0,20,0,0,0,24,0,0
1,1,482366,4,4,4,4,4,4,4,4,4,4
1,1,482367,0,0,0,0,0,0,0,0,0,0
2,1,482367,0,0,0,0,0,0,0,0,0,0
1,1,482368,0,0,0,0,0,0,0,0,0,0
2,1,482368,0,0,0,0,0,10,0,0,0,0
1,1,482369,0,0,0,0,0,0,0,0,0,0
1,1,482370,22,22,22,22,22,22,22,22,22,22
1,1,482371,0,0,0,0,0,0,0,0,0,0
0,1,482372,2,2,2,2,2,2,2,2,2,2
1,1,482372,0,0,0,0,0,0,0,0,0,0
1,1,482373,16,16,16,16,16,16,16,16,16,16
1,1,482374,10,10,10,10,10,10,10,10,10,10
1,1,482375,6,6,6,6,6,6,6,6,6,6
1,1,482376,0,0,0,0,0,0,0,0,0,0
2,1,482376,0,0,16,0,0,0,0,0,0,0
1,1,482377,20,20,20,20,20,20,20,20,20,20
1,1,482378,19,0,0,0,0,9,13,0,4,0
2,1,482378,24,8,0,0,0,20,0,0,0,0
1,1,482379,22,22,22,22,22,22,22,22,22,22
1,1,482380,32,32,32,32,32,32,32,32,32,32
1,1,482381,17,17,17,17,17,17,17,17,17,17
2,1,482381,9,11,6,0,14,0,10,0,0,13
1,1,482382,11,11,11,11,11,11,11,11,11,11
1,1,482383,20,20,20,20,20,20,20,20,20,20
1,1,482384,0,0,0,0,0,0,0,0,0,0
1,1,482385,13,11,0,27,20,0,19,2,26,0
0,1,482386,0,0,0,0,0,0,0,0,0,0
1,1,482386,50,14,13,0,0,14,19,0,0,9
1,1,482387,6,0,0,0,0,0,0,0,0,0
1,1,482388,0,0,0,0,0,0,0,0,0,0
0,1,482389,0,0,0,0,0,0,0,0,0,0
1,1,482389,0,0,0,0,0,0,0,0,21,0
1,1,482390,14,14,14,14,14,14,14,14,14,14
1,1,482391,12,12,12,12,12,12,12,12,12,12
1,1,482392,20,0,0,0,22,0,0,0,0,0
1,1,482393,0,0,17,0,0,0,0,0,0,0
2,1,482393,0,0,0,0,0,0,0,0,0,0
0,1,482394,0,0,0,0,0,0,0,0,0,0
1,1,482394,0,0,23,0,0,4,2,0,0,3
1,1,482395,5,5,5,5,5,5,5,5,5,5
1,1,482396,0,0,0,0,0,0,0,0,0,0
1,1,482397,24,0,13,0,0,0,0,27,0,0
2,1,482397,0,0,0,8,0,0,0,0,0,0
1,1,482398,0,0,0,0,0,0,0,0,0,0
2,1,482398,0,0,0,0,0,0,0,0,0,0
1,1,482399,6,19,22,21,0,0,7,10,10,13
1,1,482400,14,13,5,18,0,14,10,6,13,13
1,1,482401,0,0,0,0,0,0,0,0,0,0
2,1,482401,0,0,0,0,0,21,0,18,0,0
1,1,482402,0,0,0,0,0,0,0,0,0,0
1,1,482403,8,18,0,13,8,0,26,4,17,7
1,1,482404,8,22,8,3,0,0,16,13,12,13
2,1,482404,22,22,22,22,22,22,22,22,22,22
1,1,482405,23,23,23,23,23,23,23,23,23,23
1,1,482406,11,11,11,11,11,11,11,11,11,11
2,1,482406,16,16,16,16,16,16,16,16,16,16
1,1,482407,21,21,21,21,21,21,21,21,21,21
0,1,482408,0,0,0,0,0,5,3,0,0,0
0,2,482408,0,0,0,10,13,0,0,24,18,5
0,3,482408,0,0,5,9,12,0,0,13,0,0
1,1,482408,6,6,6,6,6,6,6,6,6,6
1,1,482410,0,0,0,15,0,0,0,0,0,0
2,1,482410,0,0,0,0,0,0,0,0,0,0
3,1,482410,0,0,0,0,0,0,0,0,10,0
1,1,482411,0,0,0,0,13,0,0,0,0,0
2,1,482411,0,0,0,0,0,0,0,0,0,0
1,1,482412,0,0,0,0,0,0,0,0,0,0
1,1,482413,0,0,0,0,0,0,0,0,0,0
1,1,482414,2,2,2,2,2,2,2,2,2,2
1,1,482415,9,0,27,0,0,0,0,0,0,0
2,1,482415,0,0,0,0,0,0,0,5,0,0
1,1,482416,0,0,0,0,0,0,0,0,0,0
2,1,482416,0,0,0,0,0,0,0,0,0,0
1,1,482417,0,0,0,0,0,0,0,0,0,0
2,1,482417,0,0,0,0,0,0,0,0,0,0
1,1,482418,20,20,20,20,20,20,20,20,20,20
1,1,482419,19,0,0,0,25,0,0,0,20,0
2,1,482419,0,0,0,0,0,0,0,0,0,0
1,1,482420,30,21,17,3,25,9,0,21,24,17
1,1,482421,0,0,0,0,0,0,0,0,0,0
2,1,482421,0,0,0,0,0,0,0,0,0,0
1,1,482422,0,0,0,0,0,0,0,0,0,0
2,1,482422,8,22,15,24,17,10,24,13,17,21
1,1,482423,10,10,10,10,10,10,10,10,10,10
2,1,482423,0,9,0,6,0,0,7,0,0,19
1,1,482424,20,20,20,20,20,20,20,20,20,20
2,1,482424,0,0,0,0,0,0,0,0,0,0
0,1,482425,0,13,0,0,0,0,0,0,0,0
1,1,482425,0,0,0,0,0,14,0,0,0,0
1,1,482426,0,0,0,0,0,0,0,0,0,0
2,1,482426,0,0,15,0,0,0,28,0,0,0
1,1,482427,0,15,11,0,0,16,0,0,18,0
2,1,482427,7,0,0,0,3,0,0,0,17,0
1,1,482428,0,7,0,0,0,0,0,0,0,0
2,1,482428,16,16,16,16,16,16,16,16,16,16
1,1,482429,0,0,0,0,23,16,0,32,0,0
1,1,482430,0,0,0,0,0,0,0,0,0,0
2,1,482430,0,0,0,0,0,0,0,0,0,0
1,1,482431,11,0,0,0,0,0,0,0,0,0
1,1,482432,0,5,0,0,9,0,0,0,0,0
2,1,482432,0,0,0,0,13,0,0,0,0,0
1,1,482433,0,0,0,0,0,0,0,0,0,0
1,1,482434,0,0,0,0,0,0,0,0,0,0
2,1,482434,2,2,2,2,2,2,2,2,2,2
1,1,482435,0,0,0,0,0,0,0,0,20,0
1,1,482436,0,0,5,2,0,0,0,0,0,3
2,1,482436,0,0,21,0,38,0,24,0,0,28
1,1,482437,0,13,0,0,10,0,13,0,0,0
1,1,482438,0,16,0,0,11,20,0,0,0,0
0,1,482439,0,0,5,0,0,0,11,0,0,0
1,1,482439,0,0,0,0,0,0,0,9,0,6
2,1,482439,0,0,10,0,0,0,0,10,0,0
1,1,482440,0,0,0,0,0,0,0,0,0,0
2,1,482440,0,0,0,0,0,0,0,0,0,0
3,1,482440,0,0,0,0,0,0,0,0,0,0
4,1,482440,0,0,0,0,0,0,0,0,0,0
5,1,482440,0,0,0,0,0,0,0,0,0,0
1,1,482441,0,0,0,0,0,0,0,0,0,0
2,1,482441,0,9,11,12,19,5,20,42,15,12
1,1,482442,19,19,19,19,19,19,19,19,19,19
1,1,482443,14,14,14,14,14,14,14,14,14,14
0,1,482444,0,0,0,0,0,0,11,0,20,0
1,1,482444,0,0,0,0,0,0,13,0,0,0
1,1,482445,0,0,0,0,0,0,0,0,0,0
2,1,482445,0,0,0,0,0,2,0,0,0,0
1,1,482446,0,0,21,0,36,12,0,0,22,23
1,1,482447,19,18,20,25,16,14,20,6,7,20
2,1,482447,0,0,0,0,0,0,0,0,0,0
0,1,482448,8,8,8,8,8,8,8,8,8,8
1,1,482448,18,10,18,12,5,25,36,10,29,12
1,1,482449,0,0,0,0,0,0,0,0,0,0
2,1,482449,0,0,0,0,0,0,0,0,0,0
1,1,482450,0,0,0,0,0,0,0,0,0,0
2,1,482450,0,0,0,0,0,0,0,0,0,0
1,1,482451,0,0,0,0,0,0,0,0,0,0
0,1,482452,5,5,5,5,5,5,5,5,5,5
0,2,482452,29,0,18,0,20,0,0,19,5,7
1,1,482452,11,0,0,0,0,25,11,0,0,0
0,1,482453,0,0,0,0,0,0,0,0,0,0
0,2,482453,0,0,0,0,0,0,0,0,0,0
0,3,482453,17,0,38,0,0,0,7,0,0,20
1,1,482453,26,5,11,21,13,28,29,19,25,12
1,1,482454,0,0,19,0,11,0,0,0,0,0
2,1,482454,8,28,20,10,20,18,8,31,0,5
1,1,482455,0,17,20,9,32,16,0,14,13,0
2,1,482455,0,0,0,11,5,0,0,0,6,13
1,1,482456,9,0,0,0,0,0,0,0,0,0
2,1,482456,0,0,0,0,0,0,0,0,0,0
1,1,482457,25,0,13,8,9,4,0,12,0,9
1,1,482458,0,0,0,0,0,0,0,0,0,0
2,1,482458,0,0,0,0,0,0,0,0,0,0
3,1,482458,0,0,0,0,0,0,0,0,0,0
1,1,482459,0,0,0,0,0,0,0,0,0,0
1,1,482460,0,0,0,0,0,0,0,0,0,0
2,1,482460,4,4,4,4,4,4,4,4,4,4
1,1,482461,6,6,6,6,6,6,6,6,6,6
2,1,482461,0,0,0,0,0,0,0,0,0,0
3,1,482461,0,0,0,0,0,0,0,0,0,0
1,1,482462,0,0,0,0,0,0,0,0,0,0
2,1,482462,0,0,0,9,0,0,0,0,14,0
1,1,482463,0,0,0,0,0,0,0,0,0,19
2,1,482463,0,0,0,0,0,0,0,20,0,0
1,1,482464,0,0,0,0,0,0,0,0,0,0
2,1,482464,0,0,0,0,0,0,0,0,0,0
1,1,482465,32,32,32,32,32,32,32,32,32,32
1,1,482466,16,15,18,12,17,13,6,46,22,0
1,1,482467,24,9,16,11,8,35,19,20,14,23
1,1,482468,23,23,23,23,23,23,23,23,23,23
1,1,482469,12,12,12,12,12,12,12,12,12,12
0,1,482470,0,0,0,0,12,0,9,0,0,0
1,1,482470,0,0,0,0,0,0,0,0,0,0
1,1,482471,27,27,27,27,27,27,27,27,27,27
1,1,482472,9,7,0,0,4,0,15,4,2,11
1,1,482473,0,0,0,0,0,31,12,0,0,0
1,1,482474,0,0,0,0,0,0,0,0,0,0
1,1,482475,0,0,0,0,0,0,0,0,0,0
2,1,482475,0,0,0,0,0,0,0,0,0,0
1,1,482476,0,0,0,0,0,0,0,0,0,0
2,1,482476,0,0,0,0,0,0,0,0,0,0
1,1,482477,7,7,7,7,7,7,7,7,7,7
0,1,482478,19,19,19,19,19,19,19,19,19,19
1,1,482478,0,0,0,15,13,0,0,12,0,0
1,1,482479,14,0,0,0,0,0,0,0,0,0
2,1,482479,8,8,8,8,8,8,8,8,8,8
1,1,482480,4,4,4,4,4,4,4,4,4,4
1,1,482481,19,19,19,19,19,19,19,19,19,19
1,1,482482,0,0,0,0,0,0,0,0,0,0
2,1,482482,0,12,0,0,0,0,0,0,0,0
1,1,482483,0,0,0,23,0,0,0,0,0,0
0,1,482484,0,0,0,0,0,0,24,28,0,0
1,1,482484,0,21,0,0,0,0,11,0,0,4
1,1,482485,26,26,26,26,26,26,26,26,26,26
2,1,482485,0,0,0,0,0,0,0,0,0,0
1,1,482486,0,0,0,0,0,0,0,0,0,0
2,1,482486,0,0,11,0,15,0,0,0,0,0
1,1,482487,0,0,0,0,0,0,0,0,0,0
2,1,482487,0,0,0,0,0,0,0,0,0,0
1,1,482488,18,18,18,18,18,18,18,18,18,18
0,1,482489,31,31,31,31,31,31,31,31,31,31
1,1,482489,0,0,0,0,0,0,0,0,0,0
1,1,482490,0,0,0,0,0,0,0,0,0,0
1,1,482491,8,0,0,0,15,0,0,20,0,15
1,1,482492,14,14,14,14,14,14,14,14,14,14
2,1,482492,0,0,0,0,0,0,0,0,0,0
1,1,482493,12,11,16,21,9,20,11,20,20,30
1,1,482494,10,10,10,10,10,10,10,10,10,10
2,1,482494,0,0,0,0,0,0,0,0,0,0
1,1,482495,0,0,0,0,0,0,0,0,0,0
1,1,482496,0,0,0,0,0,0,0,9,0,9
1,1,482497,0,0,0,0,0,0,0,0,0,0
2,1,482497,0,0,0,0,0,0,0,0,0,0
3,1,482497,0,0,0,0,0,0,0,0,0,0
4,1,482497,0,0,0,23,0,0,0,0,0,0
1,1,482498,9,9,9,9,9,9,9,9,9,9
2,1,482498,19,19,19,19,19,19,19,19,19,19
1,1,482499,0,0,0,0,0,0,0,0,0,0
2,1,482499,8,5,0,5,0,6,0,0,0,0
1,1,482500,0,0,0,0,0,0,0,0,0,0
2,1,482500,6,6,6,6,6,6,6,6,6,6
0,1,482501,0,0,0,0,0,0,0,0,0,0
1,1,482501,12,0,8,15,0,22,0,0,19,0
2,1,482501,5,0,14,0,0,0,0,0,22,0
1,1,482502,0,0,0,0,0,0,0,0,0,0
2,1,482502,0,7,10,0,0,0,0,0,0,0
1,1,482503,0,0,0,11,0,0,0,0,0,0
2,1,482503,0,0,0,0,0,0,0,0,0,0
1,1,482504,0,0,0,0,0,0,0,0,0,0
2,1,482504,0,0,0,0,0,0,0,0,0,0
1,1,482505,0,0,0,0,0,13,0,13,0,0
1,1,482506,10,0,27,0,0,0,0,0,0,0
2,1,482506,0,0,0,0,0,0,0,0,0,0
3,1,482506,0,0,0,0,0,0,0,0,0,0
1,1,482507,3,3,3,3,3,3,3,3,3,3
1,1,482508,0,0,9,0,0,4,0,0,0,0
2,1,482508,0,0,0,0,0,0,0,0,0,0
1,1,482509,0,0,0,0,0,0,0,0,0,9
2,1,482509,0,0,27,0,0,10,0,0,0,0
1,1,482510,23,23,23,23,23,23,23,23,23,23
0,1,482511,0,0,0,0,0,0,0,0,0,0
1,1,482511,0,0,0,6,12,11,5,0,0,6
1,1,482512,29,29,29,29,29,29,29,29,29,29
2,1,482512,0,0,0,0,0,0,4,0,0,0
3,1,482512,0,0,0,0,0,0,0,0,0,0
1,1,482513,0,0,0,0,0,0,0,0,0,0
2,1,482513,0,0,0,0,0,0,0,0,0,0
1,1,482514,0,0,0,0,14,0,0,0,0,0
2,1,482514,0,0,0,0,0,0,0,0,0,0
1,1,482515,11,11,11,11,11,11,11,11,11,11
0,1,482516,0,0,0,0,0,0,0,0,0,0
1,1,482516,17,17,17,17,17,17,17,17,17,17
2,1,482516,0,0,0,0,0,0,0,0,0,0
1,1,482517,23,0,0,0,14,0,15,0,0,16
1,1,482518,14,7,5,0,17,18,15,31,0,0
1,1,482519,2,2,2,2,2,2,2,2,2,2
2,1,482519,0,0,0,0,13,0,0,0,6,0
1,1,482520,0,0,0,0,0,0,0,0,0,0
2,1,482520,0,0,0,0,0,0,0,0,0,0
3,1,482520,0,0,0,0,0,0,0,0,0,0
1,1,482521,0,15,0,0,0,8,0,0,12,18
2,1,482521,26,7,0,0,0,0,0,0,0,0
1,1,482522,0,0,0,0,0,0,0,0,0,0
2,1,482522,0,0,0,0,0,0,0,0,0,0
1,1,482523,19,19,19,19,19,19,19,19,19,19
2,1,482523,0,0,0,0,0,12,0,0,0,0
1,1,482524,23,23,23,23,23,23,23,23,23,23
1,1,482525,0,0,0,0,0,0,0,0,0,0
1,1,482526,25,25,25,25,25,25,25,25,25,25
1,1,482527,0,0,0,0,0,0,0,0,0,0
1,1,482528,15,11,14,10,28,29,21,10,12,19
1,1,482529,0,0,0,0,0,0,0,0,0,0
1,1,482530,21,0,0,0,0,0,20,0,0,0
2,1,482530,24,0,0,30,0,0,11,0,16,22
0,1,482531,0,0,0,0,0,0,0,0,0,0
1,1,482531,0,0,0,0,0,0,0,0,0,0
1,1,482532,25,25,25,25,25,25,25,25,25,25
2,1,482532,0,0,0,0,0,0,0,0,0,0
1,1,482533,0,0,0,0,0,0,0,0,0,0
1,1,482534,0,0,0,0,0,0,0,0,0,0
2,1,482534,0,0,0,0,0,0,0,0,0,0
1,1,482535,0,0,0,0,0,0,0,0,0,0
1,1,482536,0,0,0,0,0,0,0,0,0,0
2,1,482536,0,0,0,19,0,15,0,0,16,0
3,1,482536,0,0,0,0,0,4,0,0,0,0
4,1,482536,0,0,0,0,0,0,0,0,0,0
1,1,482537,0,0,0,0,0,0,0,0,0,0
1,1,482538,0,0,0,0,0,0,0,0,0,0
2,1,482538,0,0,0,0,0,0,0,0,0,0
3,1,482538,0,0,0,0,0,0,0,6,0,0
4,1,482538,0,0,0,0,0,0,0,0,0,0
5,1,482538,0,0,0,0,0,0,0,0,0,0
6,1,482538,14,0,0,0,0,0,0,0,0,0
1,1,482539,25,0,0,14,0,0,0,0,0,0
1,1,482541,0,0,0,0,0,0,0,0,0,0
1,1,482542,0,0,0,0,0,0,0,0,0,0
2,1,482542,0,0,0,9,0,0,0,0,0,0
3,1,482542,0,0,0,0,0,0,0,0,0,0
1,1,482543,0,21,27,16,0,0,0,0,0,0
0,1,482544,0,0,0,0,0,0,0,0,0,0
1,1,482544,0,0,16,0,0,16,0,0,0,0
0,1,482545,0,0,0,0,0,0,0,12,0,0
1,1,482545,0,0,0,7,15,0,16,0,0,0
1,1,482546,0,0,0,13,0,0,0,25,0,0
1,1,482547,29,29,29,29,29,29,29,29,29,29
1,1,482548,0,28,19,0,0,36,16,13,13,0
2,1,482548,0,0,26,0,0,0,0,0,24,0
3,1,482548,0,0,0,0,0,0,0,0,0,0
1,1,482549,0,0,0,0,0,0,0,0,0,0
2,1,482549,0,0,0,0,0,0,0,0,0,0
0,1,482550,0,19,30,0,0,0,0,15,24,0
1,1,482550,0,0,0,0,0,0,0,0,0,0
0,1,482551,0,17,12,0,10,7,0,0,0,0
1,1,482551,15,10,24,0,22,27,10,9,14,8
1,1,482552,0,0,0,0,0,0,0,0,0,0
2,1,482552,21,21,21,21,21,21,21,21,21,21
1,1,482553,26,14,31,20,16,0,20,19,22,0
2,1,482553,11,11,11,11,11,11,11,11,11,11
1,1,482555,25,25,25,25,25,25,25,25,25,25
1,1,482556,0,0,0,0,0,13,0,0,0,0
2,1,482556,0,0,0,0,0,0,0,0,0,0
3,1,482556,0,0,0,13,0,0,0,0,0,0
1,1,482557,0,0,0,0,0,0,0,0,0,0
1,1,482558,0,0,0,0,0,0,0,0,0,0
2,1,482558,6,6,6,6,6,6,6,6,6,6
0,1,482559,24,24,24,24,24,24,24,24,24,24
1,1,482559,20,0,21,14,0,0,0,8,0,14
1,1,482560,0,0,22,0,0,0,0,27,0,8
1,1,482561,19,19,19,19,19,19,19,19,19,19
1,1,482562,0,0,11,0,0,0,0,0,0,0
2,1,482562,0,0,0,0,0,0,15,0,4,0
0,1,482563,0,0,0,0,0,0,0,0,0,0
1,1,482563,0,0,0,0,0,0,0,0,0,0
1,1,482564,16,16,16,16,16,16,16,16,16,16
1,1,482565,0,0,0,0,0,0,0,0,18,0
2,1,482565,27,27,27,27,27,27,27,27,27,27
1,1,482566,27,27,27,27,27,27,27,27,27,27
1,1,482567,25,0,0,0,0,25,0,0,0,31
2,1,482567,0,0,0,0,0,0,0,17,0,0
3,1,482567,0,0,0,0,0,0,0,0,0,0
0,1,482568,0,0,0,0,0,0,0,0,0,0
1,1,482568,0,0,4,0,0,0,0,0,0,0
1,1,482569,21,21,21,21,21,21,21,21,21,21
1,1,482570,0,18,0,13,0,0,0,0,0,28
1,1,482571,8,8,8,8,8,8,8,8,8,8
0,1,482572,0,0,0,0,0,0,0,0,0,0
1,1,482572,0,0,0,0,7,0,0,0,0,14
1,1,482573,0,0,0,0,0,0,0,0,0,0
2,1,482573,0,0,0,0,0,0,0,8,0,0
0,1,482574,0,0,0,0,0,0,0,0,0,0
1,1,482574,0,0,0,0,0,7,0,0,0,0
0,1,482575,0,0,0,0,0,0,0,0,0,0
1,1,482575,0,0,0,0,0,0,0,10,0,0
2,1,482575,0,0,0,0,0,0,0,0,0,0
3,1,482575,0,0,0,0,0,0,0,0,0,0
1,1,482577,24,24,24,24,24,24,24,24,24,24
0,1,482578,0,0,0,0,0,0,0,0,0,0
1,1,482578,0,0,0,0,0,0,0,0,0,0
1,1,482579,6,25,19,18,31,16,26,5,26,30
1,1,482580,24,24,24,24,24,24,24,24,24,24
1,1,482581,11,11,11,11,11,11,11,11,11,11
1,1,482582,0,0,0,0,0,0,0,0,0,0
1,1,482583,22,22,22,22,22,22,22,22,22,22
1,1,482584,11,13,0,17,9,19,0,0,17,11
1,1,482585,0,0,0,0,0,0,0,0,0,0
2,1,482585,0,0,0,0,0,0,0,0,0,0
1,1,482586,0,0,0,0,0,0,0,0,0,0
2,1,482586,0,0,0,0,0,0,0,0,0,0
1,1,482587,0,0,0,11,8,0,0,16,33,23
1,1,482589,0,0,0,0,0,0,0,0,6,0
2,1,482589,0,0,0,0,0,0,0,0,0,0
1,1,482590,10,0,0,0,0,4,30,0,0,0
2,1,482590,0,0,0,0,0,15,0,0,0,0
1,1,482591,0,0,0,0,0,0,0,0,0,0
2,1,482591,0,0,0,0,0,0,0,0,0,0
1,1,482592,0,0,0,0,0,0,0,0,0,0
2,1,482592,0,0,0,0,0,0,0,0,0,0
1,1,482593,0,0,0,0,0,0,0,0,0,0
2,1,482593,12,0,0,0,0,0,0,0,0,0
1,1,482594,0,2,0,0,0,0,0,0,0,0
2,1,482594,0,0,0,0,0,0,0,0,0,0
3,1,482594,0,0,0,0,0,0,0,11,0,0
1,1,482595,0,0,0,0,0,0,0,0,0,13
1,1,482596,0,0,0,6,0,0,0,0,0,0
2,1,482596,0,0,0,0,0,0,0,0,0,0
1,1,482597,23,23,23,23,23,23,23,23,23,23
2,1,482597,0,0,0,0,0,0,0,0,0,0
1,1,482598,0,0,0,0,0,0,0,0,0,19
2,1,482598,0,0,0,0,0,0,0,0,0,0
0,1,482599,28,28,28,28,28,28,28,28,28,28
1,1,482599,0,0,15,0,0,0,0,0,15,0
1,1,482600,0,0,0,0,0,0,0,0,0,0
2,1,482600,0,0,0,0,0,0,0,0,0,0
1,1,482601,12,12,12,12,12,12,12,12,12,12
0,1,482602,27,27,27,27,27,27,27,27,27,27
1,1,482602,0,0,0,18,0,0,0,0,0,15
0,1,482603,0,0,4,0,0,0,0,0,0,0
1,1,482603,0,0,0,0,0,0,0,0,0,0
1,1,482604,0,0,0,23,0,0,11,0,0,0
2,1,482604,0,0,0,0,6,0,0,0,0,0
1,1,482605,4,4,4,4,4,4,4,4,4,4
2,1,482605,0,0,0,0,0,0,0,0,0,0
1,1,482606,0,0,0,0,0,0,0,0,0,0
1,1,482607,0,0,0,0,0,0,0,0,0,0
2,1,482607,12,0,9,0,0,5,16,10,3,4
1,1,482608,24,27,15,0,13,0,15,0,15,0
1,1,482609,0,0,10,4,14,29,26,12,17,0
1,1,482610,0,0,0,0,0,0,0,0,0,0
2,1,482610,0,0,0,0,0,0,0,0,0,0
3,1,482610,0,0,0,0,0,0,0,0,0,0
1,1,482611,0,17,23,0,21,13,0,14,10,22
0,1,482612,0,0,0,0,0,0,0,0,12,0
1,1,482612,0,0,0,0,0,0,0,0,0,0