VEH_NO,PER_NO,ST_CASE,P1,P2,P3,P4,P5,P6,P7,P8,P9,P10
0,1,490047,0,0,0,0,0,0,0,0,0,0
1,1,490047,0,0,0,0,0,0,0,0,0,0
1,1,490048,0,0,0,0,0,0,0,0,0,0
2,1,490048,0,8,0,0,0,0,0,0,0,0
1,1,490049,0,0,0,0,0,0,0,0,0,0
1,1,490050,0,0,0,0,6,0,0,0,0,0
1,1,490051,0,0,0,0,0,0,0,0,0,0
1,1,490052,0,0,0,0,15,0,0,3,0,0
1,1,490053,0,0,0,0,21,0,0,0,0,0
1,1,490054,0,0,0,0,0,0,0,0,0,0
1,1,490055,23,0,0,0,0,2,0,13,0,0
1,1,490056,0,0,0,0,0,0,0,0,0,0
1,1,490057,7,7,7,7,7,7,7,7,7,7
2,1,490057,0,0,0,0,0,0,0,0,0,0
1,1,490058,13,13,13,13,13,13,13,13,13,13
2,1,490058,0,8,0,0,0,0,0,0,0,0
1,1,490059,0,0,0,0,0,0,0,0,0,0
2,1,490059,0,0,0,0,0,0,0,0,3,0
0,1,490060,0,0,0,25,0,0,12,0,0,0
1,1,490060,0,0,0,0,0,0,0,0,0,0
2,1,490060,0,0,0,0,0,0,0,0,0,0
3,1,490060,0,0,0,0,0,0,0,0,0,0
1,1,490061,0,0,0,0,0,0,0,0,0,0
1,1,490062,15,15,15,15,15,15,15,15,15,15
2,1,490062,0,0,0,0,0,0,15,0,0,0
0,1,490063,0,0,0,15,0,0,0,0,0,2
1,1,490063,0,0,0,0,0,0,0,0,0,0
1,1,490064,0,0,0,0,0,0,0,0,0,0
2,1,490064,0,0,0,0,0,0,0,0,0,0
3,1,490064,0,0,0,0,0,0,0,0,0,0
4,1,490064,0,0,0,0,0,0,0,0,0,0
5,1,490064,0,0,0,0,0,0,0,0,0,0
6,1,490064,0,0,0,0,0,0,0,0,0,0
0,1,490065,0,0,0,0,0,0,0,0,0,0
1,1,490065,0,0,0,0,0,0,0,0,0,0
1,1,490066,0,0,0,0,0,0,0,0,0,0
1,1,490067,0,0,0,0,0,0,0,0,0,0
1,1,490068,0,0,0,0,0,0,0,0,0,0
1,1,490069,0,0,0,0,0,0,0,0,0,0
2,1,490069,0,0,0,0,0,0,0,0,0,0
1,1,490070,0,0,0,0,0,0,0,0,0,0
2,1,490070,0,0,0,0,0,0,0,0,0,0
1,1,490071,0,24,10,0,0,0,0,0,0,0
0,1,490072,0,0,0,0,0,0,0,0,0,0
1,1,490072,0,0,0,0,0,0,0,0,0,0
1,1,490073,0,0,0,0,0,0,0,0,0,0
1,1,490074,16,16,16,16,16,16,16,16,16,16
1,1,490075,18,18,18,18,18,18,18,18,18,18
0,1,490076,0,0,0,0,0,0,0,0,0,0
1,1,490076,10,10,10,10,10,10,10,10,10,10
0,1,490077,0,0,0,0,0,0,0,0,0,0
1,1,490077,0,0,0,0,0,0,0,0,0,0
1,1,490078,0,0,14,0,0,4,0,0,0,0
1,1,490079,24,24,24,24,24,24,24,24,24,24
1,1,490080,24,24,24,24,24,24,24,24,24,24
1,1,490081,0,0,0,0,0,0,0,0,0,0
2,1,490081,0,0,0,0,0,0,0,0,0,0
1,1,490082,0,0,0,0,0,0,0,0,0,0
1,1,490083,21,21,21,21,21,21,21,21,21,21
1,1,490084,0,0,0,0,0,0,0,0,0,0
1,1,490085,0,5,0,28,0,0,5,0,0,0
1,1,490086,0,0,0,0,0,0,0,0,0,0
1,1,490087,0,0,0,0,0,0,0,0,0,0
2,1,490087,0,0,0,0,0,0,0,0,0,0
3,1,490087,0,0,0,0,0,0,0,0,0,0
4,1,490087,0,0,0,0,0,0,0,0,0,0
1,1,490088,20,20,20,20,20,20,20,20,20,20
1,1,490089,0,0,0,0,0,0,0,0,0,0
2,1,490089,0,0,0,0,0,0,0,0,0,0
3,1,490089,0,0,0,0,0,0,0,0,0,0
4,1,490089,0,0,0,0,5,0,0,0,0,0
1,1,490090,0,0,0,0,0,0,0,0,0,0
2,1,490090,0,0,0,0,0,10,6,0,0,0
3,1,490090,0,0,0,0,0,0,0,0,0,0
4,1,490090,0,0,0,0,0,0,0,0,0,0
1,1,490091,0,0,0,0,0,0,0,0,0,28
2,1,490091,0,0,0,0,0,0,0,0,0,0
3,1,490091,0,0,0,0,0,0,0,0,0,0
1,1,490092,0,0,0,0,0,0,0,0,0,0
2,1,490092,0,0,0,0,0,0,0,0,0,0
1,1,490093,0,0,0,0,0,0,0,0,0,0
1,1,490094,0,0,0,0,0,0,0,0,7,0
1,1,490095,19,19,19,19,19,19,19,19,19,19
1,1,490096,0,0,0,0,7,0,0,0,0,0
2,1,490096,0,0,0,0,0,0,0,0,0,0
1,1,490097,14,14,14,14,14,14,14,14,14,14
2,1,490097,0,0,0,0,0,0,0,0,0,0
1,1,490098,0,0,0,0,0,0,0,0,0,0
2,1,490098,0,0,0,0,0,0,0,0,0,0
1,1,490099,0,0,0,0,0,0,0,0,0,0
2,1,490099,0,0,0,0,0,0,0,0,0,0
1,1,490100,0,0,0,0,0,0,0,0,0,0
2,1,490100,0,0,0,0,0,0,0,0,0,0
1,1,490101,0,0,0,0,0,0,0,0,0,0
2,1,490101,0,0,0,0,0,0,0,0,0,0
0,1,490103,0,0,0,0,0,0,0,0,0,0
1,1,490103,0,0,0,0,0,0,0,0,0,0
1,1,490104,31,31,31,31,31,31,31,31,31,31
1,1,490105,20,0,0,0,0,0,0,0,0,0
1,1,490106,0,0,0,0,0,0,0,15,0,0
2,1,490106,0,0,0,0,0,0,0,0,0,0
1,1,490107,0,0,0,18,0,0,0,0,0,0
1,1,490108,0,0,0,0,0,0,0,0,0,0
2,1,490108,0,0,0,0,0,0,0,0,0,0
1,1,490109,0,0,0,0,0,0,0,0,0,0
1,1,490110,0,0,0,0,0,0,0,0,0,0
2,1,490110,0,0,0,0,0,0,0,0,0,0
1,1,490111,0,0,0,0,0,0,0,0,0,0
2,1,490111,0,0,0,0,0,0,0,0,0,0
1,1,490112,0,16,10,0,0,0,0,0,0,0
2,1,490112,0,0,0,0,0,0,0,11,0,0
3,1,490112,0,0,0,0,0,0,0,0,0,0
1,1,490113,0,0,0,0,0,0,0,0,0,0
2,1,490113,0,0,0,0,0,0,0,0,0,0
1,1,490114,0,0,0,0,0,0,0,0,0,0
2,1,490114,0,0,0,0,0,0,0,0,0,0
1,1,490115,17,17,17,17,17,17,17,17,17,17
1,1,490116,0,0,0,0,0,0,0,0,0,0
2,1,490116,0,0,0,11,0,13,0,0,0,0
1,1,490117,0,0,0,0,0,0,0,0,0,0
1,1,490118,0,21,0,0,0,0,0,0,0,0
1,1,490119,0,0,0,0,0,19,0,12,0,0
1,1,490120,0,0,0,0,0,0,0,0,0,0
1,1,490121,0,0,0,0,0,0,0,9,6,0
1,1,490122,13,13,13,13,13,13,13,13,13,13
1,1,490123,0,0,0,0,0,0,0,0,0,0
1,1,490124,9,9,9,9,9,9,9,9,9,9
2,1,490124,0,0,0,0,0,0,0,0,0,0
1,1,490125,0,0,0,0,0,29,0,0,0,0
1,1,490126,0,0,0,0,0,0,0,0,0,0
2,1,490126,0,0,0,0,0,0,0,0,0,0
1,1,490127,0,0,0,0,0,0,0,0,0,0
2,1,490127,0,0,0,0,0,0,0,0,0,0
1,1,490128,12,20,0,19,34,12,23,22,29,34
1,1,490129,0,0,0,0,0,0,0,0,0,0
2,1,490129,0,0,0,0,0,0,0,0,0,0
1,1,490130,0,0,0,0,0,0,0,0,0,0
1,1,490131,0,0,0,0,0,0,0,0,0,0
1,1,490132,0,0,0,0,0,0,0,0,0,0
1,1,490133,0,0,0,0,11,0,0,2,0,24
1,1,490134,0,0,0,0,0,0,0,0,0,0
1,1,490135,0,0,0,0,0,0,0,0,0,0
1,1,490136,0,0,0,0,26,0,0,0,9,13
1,1,490137,27,27,27,27,27,27,27,27,27,27
1,1,490138,0,0,0,0,0,0,0,0,0,0
1,1,490139,23,23,23,23,23,23,23,23,23,23
2,1,490139,0,6,0,0,0,0,0,0,0,0
1,1,490140,5,4,0,0,0,0,0,0,0,0
1,1,490141,0,0,0,0,0,0,0,0,0,0
1,1,490142,16,16,16,16,16,16,16,16,16,16
1,1,490143,12,12,12,12,12,12,12,12,12,12
0,1,490144,0,0,0,22,0,0,0,0,0,0
1,1,490144,0,0,0,0,0,0,0,0,0,0
1,1,490145,0,0,0,7,0,0,0,0,0,0
1,1,490146,0,0,0,0,0,0,0,0,0,0
1,1,490147,8,0,3,3,14,6,3,0,0,7
1,1,490148,5,5,5,5,5,5,5,5,5,5
1,1,490149,0,0,0,0,0,0,0,0,0,0
0,1,490150,0,0,20,0,13,0,0,0,0,0
1,1,490150,0,0,0,0,0,0,0,0,0,0
1,1,490151,0,0,0,0,0,0,0,0,0,0
2,1,490151,9,10,0,0,21,0,0,0,0,21
1,1,490152,0,0,0,17,0,0,0,0,14,0
2,1,490152,0,0,0,0,0,0,0,0,0,0
1,1,490153,0,0,0,0,0,0,0,0,0,0
2,1,490153,0,0,0,0,0,0,0,0,0,0
1,1,490154,0,0,0,0,0,0,0,0,0,0
2,1,490154,0,0,0,0,0,0,0,0,0,0
3,1,490154,0,0,0,0,0,0,0,0,0,0
1,1,490155,0,0,0,0,0,0,0,0,0,0
2,1,490155,0,0,0,0,0,0,0,0,0,0
1,1,490156,13,13,13,13,13,13,13,13,13,13
1,1,490157,0,26,7,24,29,0,0,24,8,11
0,1,490158,0,0,0,0,0,0,0,0,0,0
1,1,490158,0,0,0,0,0,0,0,0,0,0
1,1,490159,0,0,0,18,0,0,0,0,0,0
1,1,490160,0,0,0,0,0,0,0,0,0,0
1,1,490161,19,19,19,19,19,19,19,19,19,19
1,1,490162,0,0,0,7,0,0,0,7,0,0
2,1,490162,0,0,0,0,0,0,0,0,0,0
1,1,490163,0,0,0,0,0,0,0,0,0,0
2,1,490163,0,0,22,0,0,0,0,0,0,0
1,1,490164,0,0,0,0,0,0,0,0,0,0
2,1,490164,0,0,0,0,0,0,0,0,0,0
1,1,490165,27,27,27,27,27,27,27,27,27,27
2,1,490165,0,0,0,0,0,0,0,0,0,0
0,1,490166,0,28,0,0,15,19,0,0,0,10
1,1,490166,0,0,0,0,0,0,0,0,0,0
2,1,490166,0,0,0,0,0,0,0,0,0,0
3,1,490166,0,0,0,0,0,0,0,0,0,0
1,1,490167,0,0,0,0,0,0,0,0,0,0
2,1,490167,0,0,0,0,0,0,0,0,17,0
3,1,490167,0,0,0,0,0,0,0,0,0,0
0,1,490168,27,0,11,21,0,7,9,0,0,37
1,1,490168,0,0,0,0,0,0,0,0,0,0
1,1,490169,23,23,23,23,23,23,23,23,23,23
1,1,490170,0,0,0,0,0,0,0,0,0,0
2,1,490170,0,0,0,0,0,0,0,0,0,0
1,1,490171,0,0,0,0,0,0,0,0,0,0
2,1,490171,0,0,0,0,0,0,0,0,0,0
1,1,490172,0,0,0,0,0,0,0,0,0,0
1,1,490173,0,0,0,0,0,0,0,0,0,0
2,1,490173,1,1,1,1,1,1,1,1,1,1
1,1,490174,0,0,0,0,0,0,0,0,0,0
1,1,490175,6,6,6,6,6,6,6,6,6,6
1,1,490176,0,0,0,0,0,0,0,0,0,0
1,1,490177,0,0,0,0,0,0,0,0,0,0
1,1,490178,0,0,0,0,0,0,0,0,0,0
1,1,490179,23,23,23,23,23,23,23,23,23,23
0,1,490180,0,0,0,0,0,0,0,0,0,0
1,1,490180,0,0,0,0,0,0,0,0,0,0
1,1,490181,23,23,23,23,23,23,23,23,23,23
1,1,490182,5,5,5,5,5,5,5,5,5,5
1,1,490183,0,0,0,0,0,0,0,0,0,0
1,1,490184,0,0,0,0,0,0,0,0,0,0
2,1,490184,0,0,0,0,0,0,0,0,0,0
1,1,490185,0,0,0,0,0,0,0,0,0,0
2,1,490185,0,0,0,0,0,0,0,0,0,0
1,1,490186,0,0,0,0,0,0,0,0,0,0
2,1,490186,0,0,0,0,0,0,0,0,0,0
1,1,490187,0,0,0,0,0,0,0,0,0,0
1,1,490188,0,0,0,0,0,0,0,0,0,0
2,1,490188,0,0,0,0,0,0,0,0,0,0
1,1,490189,0,0,0,0,0,13,0,0,25,0
2,1,490189,0,0,0,0,0,0,0,0,0,0
1,1,490190,17,17,17,17,17,17,17,17,17,17
1,1,490191,7,7,7,7,7,7,7,7,7,7
2,1,490191,0,0,0,0,0,0,0,0,0,0
1,1,490192,0,0,0,0,0,0,0,0,0,0
1,1,490193,0,0,0,0,0,0,0,0,0,0
2,1,490193,0,0,0,0,0,0,0,0,0,0
0,1,490194,0,0,0,0,29,16,0,0,37,0
1,1,490194,27,6,12,10,24,11,14,10,11,5
1,1,490195,0,0,0,0,0,0,0,0,0,0
1,1,490196,0,0,0,0,0,0,0,0,0,0
0,1,490197,0,0,0,0,0,0,0,0,0,0
1,1,490197,0,0,0,0,0,0,0,0,0,0
1,1,490198,0,0,0,0,0,0,0,0,0,0
1,1,490199,0,0,0,0,0,0,0,0,0,0
2,1,490199,0,0,0,0,0,0,0,0,0,0
1,1,490200,0,0,0,0,0,0,0,0,0,0
1,1,490201,0,0,0,0,0,0,0,0,0,0
2,1,490201,0,0,0,0,0,0,0,0,0,0
1,1,490202,0,0,0,0,0,0,0,0,0,0
1,1,490203,1,1,1,1,1,1,1,1,1,1
1,1,490204,0,0,0,0,0,0,0,0,0,0
2,1,490204,0,0,0,0,0,0,0,0,0,0
1,1,490205,0,0,0,0,0,0,0,0,0,0
2,1,490205,0,0,0,0,0,0,0,0,0,0
0,1,490206,20,20,20,20,20,20,20,20,20,20
1,1,490206,0,0,0,0,0,0,0,0,0,0
1,1,490207,18,18,18,18,18,18,18,18,18,18
1,1,490208,0,0,0,0,0,0,0,0,0,0
0,1,490209,0,0,0,0,0,0,0,0,0,0
0,2,490209,0,0,0,0,0,0,0,0,0,0
0,3,490209,0,0,0,0,0,0,0,0,0,0
1,1,490209,0,0,0,0,0,0,0,0,0,0
1,1,490210,0,0,0,0,0,0,0,4,0,0
1,1,490211,10,10,10,10,10,10,10,10,10,10
1,1,490212,0,0,0,0,0,0,0,0,0,0
1,1,490213,0,0,0,0,0,20,0,0,0,0
2,1,490213,0,0,0,0,0,0,0,0,0,0
3,1,490213,0,0,0,0,0,0,0,0,0,0
4,1,490213,0,0,0,0,0,0,0,0,0,0
1,1,490214,0,0,0,0,0,0,0,0,0,0
2,1,490214,0,0,0,0,0,0,0,0,0,0
3,1,490214,10,0,0,0,0,0,0,0,0,0
4,1,490214,0,0,0,0,0,0,0,0,7,0
0,1,490215,0,0,0,0,0,0,0,0,0,0
0,2,490215,0,0,0,0,0,0,0,0,0,0
1,1,490215,0,0,0,0,0,0,0,0,0,0
2,1,490215,0,0,0,0,0,0,0,0,0,0
3,1,490215,0,0,0,0,0,0,0,0,0,0
5,1,490215,0,0,0,0,0,0,0,0,0,0
1,1,490216,0,0,0,0,0,0,0,0,0,0
1,1,490217,0,0,0,0,0,0,0,0,0,0
2,1,490217,0,0,0,0,0,0,0,0,0,0
1,1,490218,0,0,0,0,0,0,0,0,0,0
1,1,500001,0,0,0,0,0,0,0,0,0,0
1,1,500003,13,13,13,13,13,13,13,13,13,13
1,1,500004,0,0,0,0,0,0,0,0,0,0
2,1,500004,0,0,0,0,0,0,0,0,0,0
1,1,500005,12,12,12,12,12,12,12,12,12,12
1,1,500006,0,0,0,0,0,0,0,0,0,0
1,1,500007,29,29,29,29,29,29,29,29,29,29
1,1,500008,0,0,0,0,0,0,0,0,0,0
2,1,500008,0,0,0,0,0,0,0,0,0,0
1,1,500009,0,0,0,0,0,0,0,0,0,0
2,1,500009,11,11,11,11,11,11,11,11,11,11
1,1,500010,18,18,18,18,18,18,18,18,18,18
1,1,500011,17,17,17,17,17,17,17,17,17,17
1,1,500012,0,0,0,0,0,0,0,0,0,0
2,1,500012,0,6,8,0,0,0,0,0,0,0
0,1,500013,14,14,14,14,14,14,14,14,14,14
1,1,500013,0,0,0,0,0,0,0,0,0,0
1,1,500014,21,21,21,21,21,21,21,21,21,21
1,1,500015,10,10,10,10,10,10,10,10,10,10
1,1,500016,0,0,0,0,0,0,0,0,0,0
1,1,500017,14,14,14,14,14,14,14,14,14,14
1,1,500018,0,0,0,0,0,0,0,0,0,0
1,1,500019,0,0,0,0,0,0,0,0,0,0
1,1,500020,9,9,9,9,9,9,9,9,9,9
1,1,500021,26,26,26,26,26,26,26,26,26,26
2,1,500021,14,0,0,0,0,0,0,0,0,0
1,1,500022,0,0,0,0,0,0,0,0,0,0
2,1,500022,0,0,0,0,0,0,6,0,0,0
1,1,500023,0,0,0,0,0,0,0,0,0,0
2,1,500023,0,0,0,0,0,0,0,0,0,0
1,1,500024,0,0,0,0,0,0,0,0,0,0
2,1,500024,0,0,0,0,0,0,0,0,0,0
3,1,500024,0,0,0,0,0,3,0,0,0,0
1,1,500025,0,0,0,0,0,0,0,0,0,0
2,1,500025,0,0,0,0,0,0,0,0,0,0
1,1,500026,0,0,0,0,0,0,0,0,0,0
1,1,500027,0,0,0,0,0,0,0,0,0,0
2,1,500027,0,0,0,0,0,0,0,0,0,0
1,1,500028,0,0,0,0,0,0,0,0,0,0
2,1,500028,0,0,0,0,0,0,0,0,0,0
1,1,500029,0,0,0,0,0,0,0,0,0,0
2,1,500029,0,0,0,0,0,0,0,0,0,0
1,1,500030,8,8,8,8,8,8,8,8,8,8
1,1,500031,0,0,0,0,0,0,0,0,0,0
2,1,500031,0,0,0,0,0,0,0,0,0,0
1,1,500032,2,2,2,2,2,2,2,2,2,2
2,1,500032,0,0,0,0,0,0,0,0,0,0
3,1,500032,0,0,9,0,5,0,7,10,0,19
1,1,500033,0,0,0,0,0,0,0,0,0,0
2,1,500033,0,0,0,0,0,0,0,0,0,0
1,1,500034,0,0,0,0,0,0,0,0,0,0
1,1,500035,0,0,0,0,0,0,0,0,0,0
2,1,500035,0,0,0,0,0,0,0,0,0,0
1,1,500036,0,0,0,0,0,0,0,0,0,0
1,1,500037,29,29,29,29,29,29,29,29,29,29
2,1,500037,0,0,0,0,0,0,0,0,0,0
1,1,500038,0,0,0,0,0,0,0,0,0,0
2,1,500038,0,0,0,0,0,0,0,0,0,0
1,1,500039,0,0,0,0,0,0,0,0,0,0
2,1,500039,0,0,0,0,0,0,0,0,0,0
1,1,500040,45,45,45,45,45,45,45,45,45,45
0,1,500041,0,0,0,0,0,0,0,0,0,0
0,2,500041,0,0,0,0,0,0,0,0,0,13
1,1,500041,8,8,8,8,8,8,8,8,8,8
1,1,500042,0,0,0,0,0,0,0,0,0,0
2,1,500042,0,0,0,0,0,0,0,0,0,0
1,1,500043,0,0,0,0,0,0,0,0,0,0
1,1,500044,11,11,11,11,11,11,11,11,11,11
1,1,500045,14,14,14,14,14,14,14,14,14,14
1,1,500046,0,0,0,0,0,0,0,0,0,0
1,1,500047,0,0,0,0,0,0,0,0,0,0
2,1,500047,0,0,0,0,0,0,0,0,0,0
0,1,500048,0,0,0,0,0,0,0,0,0,0
0,2,500048,18,0,0,0,0,0,0,0,0,0
0,3,500048,0,0,3,0,0,0,0,0,0,0
0,4,500048,5,0,0,0,0,0,0,0,13,0
1,1,500048,0,0,0,0,0,0,0,0,0,0
1,1,500049,0,0,0,0,0,0,0,0,0,0
1,1,500050,0,0,0,0,0,0,0,0,0,0
1,1,500051,29,29,29,29,29,29,29,29,29,29
1,1,500052,16,16,16,16,16,16,16,16,16,16
1,1,500053,0,0,0,0,0,0,0,6,0,0
1,1,500054,0,0,0,0,0,0,0,0,0,0
1,1,500055,0,0,0,0,0,0,0,0,0,0
1,1,500056,0,0,0,0,0,0,0,0,0,0
1,1,500057,0,0,0,0,0,0,0,0,0,0
2,1,500057,2,2,2,2,2,2,2,2,2,2
1,1,500058,5,5,5,5,5,5,5,5,5,5
1,1,500059,0,0,0,0,0,0,0,0,0,0
2,1,500059,0,0,0,0,0,0,0,0,0,0
1,1,500060,21,21,21,21,21,21,21,21,21,21
1,1,500061,0,0,0,0,0,0,0,0,0,0
2,1,500061,0,0,0,0,0,0,0,0,0,0
1,1,500062,0,0,0,0,0,0,0,0,0,0
2,1,500062,0,0,0,0,0,0,0,0,0,0
1,1,500063,0,0,0,0,0,0,0,0,0,0
2,1,500063,0,0,0,0,0,0,0,0,0,0
0,1,500064,0,0,0,0,0,0,0,0,0,0
1,1,500064,0,0,0,0,0,0,0,0,0,0
1,1,500065,0,0,0,0,0,0,0,0,0,0
1,1,500066,13,13,13,13,13,13,13,13,13,13
1,1,500067,12,12,12,12,12,12,12,12,12,12
0,1,500068,0,0,0,0,0,0,0,0,0,0
1,1,500068,0,0,0,0,0,0,0,0,0,0
1,1,500069,0,0,0,0,0,0,0,0,0,0
1,1,500070,23,23,23,23,23,23,23,23,23,23
1,1,510001,26,26,26,26,26,26,26,26,26,26
1,1,510002,9,9,9,9,9,9,9,9,9,9
1,1,510003,17,0,0,0,0,20,25,0,0,0
1,1,510004,0,0,0,0,0,0,0,16,0,0
1,1,510005,0,0,0,0,0,0,0,0,0,0
2,1,510005,0,0,0,0,0,0,0,0,0,0
1,1,510006,20,20,20,20,20,20,20,20,20,20
1,1,510007,0,0,0,0,0,22,0,0,0,0
2,1,510007,0,0,0,0,0,0,0,0,0,0
1,1,510008,24,24,24,24,24,24,24,24,24,24
1,1,510009,0,0,0,0,0,0,0,0,0,0
2,1,510009,0,0,0,0,0,0,0,0,0,0
1,1,510010,0,0,0,0,0,0,0,0,0,0
2,1,510010,0,0,0,0,0,0,0,0,0,0
1,1,510011,10,10,10,10,10,10,10,10,10,10
2,1,510011,0,0,0,0,0,0,0,0,0,0
1,1,510012,54,54,54,54,54,54,54,54,54,54
1,1,510013,9,27,10,22,16,21,12,18,17,25
2,1,510013,0,0,0,0,0,0,0,0,0,0
1,1,510014,0,0,0,0,0,0,0,0,0,0
1,1,510015,0,0,0,0,0,0,0,0,0,0
1,1,510016,20,20,20,20,20,20,20,20,20,20
1,1,510017,29,29,29,29,29,29,29,29,29,29
1,1,510018,34,34,34,34,34,34,34,34,34,34
2,1,510018,0,0,0,0,0,0,0,0,0,0
1,1,510019,13,8,0,12,9,8,17,11,20,21
1,1,510020,0,0,0,0,0,0,0,0,0,0
1,1,510021,13,13,13,13,13,13,13,13,13,13
1,1,510022,0,0,0,0,0,0,0,0,0,0
1,1,510023,0,0,0,0,0,0,0,0,0,0
1,1,510024,19,19,19,19,19,19,19,19,19,19
1,1,510025,6,6,6,6,6,6,6,6,6,6
1,1,510026,15,15,15,15,15,15,15,15,15,15
0,1,510027,0,0,0,0,0,0,0,0,0,0
1,1,510027,0,0,0,0,0,0,0,0,0,0
0,1,510028,27,27,27,27,27,27,27,27,27,27
1,1,510028,21,4,17,13,10,12,0,12,35,11
1,1,510029,1,1,1,1,1,1,1,1,1,1
0,1,510030,0,0,0,0,0,0,0,0,0,0
1,1,510030,0,0,0,0,0,0,0,0,0,0
0,1,510031,18,18,18,18,18,18,18,18,18,18
1,1,510031,0,0,0,0,0,0,0,10,0,0
1,1,510032,0,0,0,0,0,0,0,0,0,0
2,1,510032,0,0,0,0,0,0,0,0,0,0
1,1,510033,0,0,0,0,0,0,0,0,0,0
2,1,510033,0,0,0,0,0,0,0,0,0,0
1,1,510034,0,0,0,0,0,0,0,0,0,0
1,1,510035,19,0,0,0,0,11,0,0,0,0
2,1,510035,0,0,0,0,0,0,0,0,0,0
1,1,510036,0,0,0,0,0,0,0,0,0,0
1,1,510037,0,0,0,0,0,5,0,0,0,0
1,1,510038,0,0,0,4,0,0,0,0,0,0
1,1,510039,0,0,0,0,0,0,0,0,0,0
1,1,510040,12,13,20,13,22,15,35,29,12,13
1,1,510041,0,0,0,0,0,0,0,0,0,0
1,1,510042,0,0,0,0,0,0,0,0,0,0
0,1,510043,27,27,27,27,27,27,27,27,27,27
1,1,510043,0,9,0,0,0,0,0,0,0,0
1,1,510044,0,0,0,0,0,0,0,0,0,0
1,1,510045,0,0,0,0,0,0,0,0,0,0
2,1,510045,0,0,0,0,0,0,0,0,0,0
0,1,510046,0,0,0,0,0,0,0,0,0,0
1,1,510046,10,8,13,7,18,13,12,19,0,17
1,1,510047,0,0,0,0,0,0,0,0,0,0
1,1,510048,0,0,0,0,0,0,0,0,0,0
1,1,510049,20,5,20,6,11,9,23,19,11,25
1,1,510050,23,23,23,23,23,23,23,23,23,23
0,1,510051,0,0,7,0,0,0,0,0,0,0
1,1,510051,16,0,3,3,9,6,14,20,22,0
1,1,510052,11,14,16,10,17,15,25,10,28,34
0,1,510053,0,0,0,0,0,0,0,0,0,0
1,1,510053,0,0,0,0,0,0,0,0,0,0
1,1,510054,0,0,0,0,0,0,0,0,0,0
1,1,510055,27,16,0,10,13,19,27,18,11,0
2,1,510055,0,0,0,0,0,0,0,0,0,0
1,1,510056,0,0,0,0,0,0,0,0,0,0
2,1,510056,0,0,0,0,0,0,0,0,0,0
1,1,510057,12,12,12,12,12,12,12,12,12,12
1,1,510058,0,0,0,0,22,0,15,11,0,0
1,1,510059,0,0,0,0,0,0,0,0,0,0
2,1,510059,0,0,0,0,0,0,0,0,0,0
1,1,510060,0,0,0,0,0,0,0,0,0,0
1,1,510061,27,27,27,27,27,27,27,27,27,27
1,1,510062,27,27,27,27,27,27,27,27,27,27
1,1,510063,0,0,0,0,0,0,0,0,0,0
2,1,510063,0,0,0,0,0,0,0,0,0,0
1,1,510064,0,0,0,0,0,0,0,0,0,0
2,1,510064,0,0,0,0,0,0,0,0,0,0
1,1,510065,18,18,18,18,18,18,18,18,18,18
1,1,510066,25,25,25,25,25,25,25,25,25,25
1,1,510067,0,0,10,0,0,0,13,0,0,0
1,1,510068,15,15,15,15,15,15,15,15,15,15
1,1,510069,21,6,0,0,0,19,22,0,0,0
1,1,510070,33,33,33,33,33,33,33,33,33,33
1,1,510071,0,0,0,0,0,0,0,0,0,0
2,1,510071,0,0,0,0,0,0,0,0,0,0
1,1,510072,0,0,0,0,0,0,0,0,0,0
1,1,510073,0,0,0,0,0,0,0,0,0,0
2,1,510073,0,0,0,0,0,0,0,0,0,0
1,4,510074,0,0,0,22,0,0,0,0,0,0
1,1,510075,19,19,19,19,19,19,19,19,19,19
1,1,510076,0,0,0,0,0,0,0,0,0,0
2,1,510076,0,0,0,0,0,0,0,0,0,0
1,1,510077,9,9,9,9,9,9,9,9,9,9
1,1,510078,20,20,20,20,20,20,20,20,20,20
1,1,510079,0,0,0,0,0,0,0,0,0,0
2,1,510079,0,0,0,0,0,0,0,0,0,0
1,1,510080,20,10,17,20,24,0,20,32,16,17
1,1,510081,0,0,0,0,0,0,0,0,0,0
2,1,510081,0,0,6,0,0,0,0,0,0,0
1,1,510082,24,24,24,24,24,24,24,24,24,24
2,1,510082,0,0,0,0,0,0,0,0,0,0
1,1,510083,0,0,0,0,0,0,0,0,0,0
2,1,510083,9,22,11,5,14,13,12,0,13,15
1,1,510084,0,0,0,0,0,0,0,0,0,0
1,1,510085,0,13,3,16,27,33,19,23,5,29
2,1,510085,0,0,0,0,0,0,0,0,0,0
1,1,510086,0,0,0,0,0,0,0,0,0,0
1,1,510087,16,16,16,16,16,16,16,16,16,16
1,1,510088,0,0,0,0,9,0,0,9,0,0
1,1,510089,0,0,0,0,0,0,0,0,0,0
1,1,510090,0,0,10,0,0,0,6,0,0,0
1,1,510091,21,21,21,21,21,21,21,21,21,21
0,1,510092,0,0,0,0,0,0,0,0,0,0
1,1,510092,0,0,0,0,0,0,0,0,0,0
1,1,510093,0,0,0,0,0,0,0,0,0,0
1,1,510094,0,0,0,0,0,0,0,0,0,0
1,1,510095,24,24,24,24,24,24,24,24,24,24
1,1,510096,0,0,0,0,0,0,0,0,0,0
2,1,510096,0,0,0,0,0,0,0,0,0,0
3,1,510096,0,0,0,0,0,0,0,0,0,0
1,1,510097,4,4,18,0,12,2,3,13,24,26