VEH_NO,PER_NO,ST_CASE,P1,P2,P3,P4,P5,P6,P7,P8,P9,P10
2,1,510097,9,9,9,9,9,9,9,9,9,9
1,1,510098,0,0,0,0,0,0,0,0,0,0
2,1,510098,0,0,0,0,0,0,0,0,0,0
1,1,510099,15,19,17,19,13,16,15,23,9,17
2,1,510099,14,14,14,14,14,14,14,14,14,14
1,1,510100,19,19,19,19,19,19,19,19,19,19
1,1,510101,8,0,0,0,0,0,0,0,0,0
1,1,510102,0,0,0,0,0,0,0,0,0,0
2,1,510102,0,0,0,0,0,0,0,0,0,0
0,1,510103,12,12,12,12,12,12,12,12,12,12
1,1,510103,0,14,0,0,0,0,0,0,15,0
1,1,510104,0,0,0,0,0,0,0,0,0,0
2,1,510104,0,0,0,0,0,0,0,0,0,0
1,1,510105,17,17,17,17,17,17,17,17,17,17
1,1,510106,9,9,9,9,9,9,9,9,9,9
1,1,510107,0,0,0,0,0,0,0,0,0,0
1,1,510108,0,0,0,0,0,0,0,0,0,0
2,1,510108,0,0,0,0,0,0,0,0,0,0
0,1,510109,0,0,0,0,0,0,0,0,0,0
0,2,510109,0,0,0,0,0,0,10,0,0,2
0,3,510109,0,0,0,0,0,0,0,0,0,0
1,1,510109,0,0,0,0,0,0,0,0,0,0
0,1,510110,0,0,0,0,0,0,0,0,28,0
1,1,510110,0,0,0,0,0,0,0,9,0,0
2,1,510110,0,0,0,0,0,0,0,0,0,0
0,1,510111,25,25,25,25,25,25,25,25,25,25
1,1,510111,13,10,9,14,25,0,10,10,9,9
1,1,510112,0,0,0,0,0,0,0,0,0,0
2,1,510112,0,0,0,0,0,0,0,0,0,0
1,1,510114,22,0,0,0,0,0,0,0,0,0
1,1,510115,21,21,21,21,21,21,21,21,21,21
2,1,510115,0,0,0,17,0,0,0,0,0,0
1,1,510116,11,11,0,18,0,10,20,0,2,21
1,1,510117,19,19,19,19,19,19,19,19,19,19
1,1,510118,12,12,12,12,12,12,12,12,12,12
1,1,510119,8,8,8,8,8,8,8,8,8,8
2,1,510119,0,0,0,0,0,0,0,0,0,0
1,1,510120,0,0,0,0,0,0,0,0,0,0
1,1,510121,0,0,0,0,0,0,0,0,0,0
2,1,510121,0,0,0,0,0,0,0,0,0,0
1,1,510122,0,0,0,0,0,0,0,0,0,0
1,1,510123,33,33,33,33,33,33,33,33,33,33
1,1,510124,27,27,27,27,27,27,27,27,27,27
1,1,510125,0,0,0,0,0,0,0,0,0,0
2,1,510125,0,0,0,0,0,0,0,0,0,0
1,1,510126,4,4,4,4,4,4,4,4,4,4
1,1,510127,0,0,0,0,0,0,0,0,0,0
2,1,510127,0,0,0,0,0,0,0,0,0,0
3,1,510127,0,0,0,0,0,0,0,0,0,0
1,1,510128,0,0,0,0,0,0,0,0,0,0
2,1,510128,0,0,0,0,0,0,0,0,0,0
1,1,510129,17,17,17,17,17,17,17,17,17,17
1,1,510130,0,0,0,0,0,0,0,0,0,0
1,1,510131,0,0,0,0,0,0,0,0,0,0
2,1,510131,0,0,0,0,0,0,0,0,0,0
1,1,510132,0,0,0,0,0,0,0,0,0,0
1,1,510133,0,0,0,0,0,0,0,0,0,0
1,1,510134,26,26,26,26,26,26,26,26,26,26
1,1,510135,0,0,0,0,0,0,0,0,0,0
1,1,510136,0,0,0,0,0,0,0,0,0,0
2,1,510136,0,0,0,0,0,0,0,0,0,0
1,1,510137,0,0,0,0,0,23,0,0,0,0
1,1,510138,0,0,0,0,0,0,0,0,0,10
2,1,510138,0,0,0,0,0,0,0,0,0,0
0,1,510139,22,22,22,22,22,22,22,22,22,22
1,1,510139,0,0,0,0,0,0,0,0,0,0
0,1,510140,0,0,0,0,0,0,0,0,0,0
1,1,510140,0,0,0,0,0,0,0,0,6,0
1,1,510141,2,2,2,2,2,2,2,2,2,2
1,1,510142,0,0,0,0,0,0,0,0,0,0
1,1,510143,0,0,0,0,0,0,0,0,0,0
2,1,510143,0,0,0,0,0,0,0,0,0,0
1,1,510144,23,23,23,23,23,23,23,23,23,23
2,1,510144,0,0,0,0,0,0,0,0,0,0
1,1,510145,11,11,11,11,11,11,11,11,11,11
1,1,510146,9,13,7,28,30,14,14,23,18,22
1,1,510147,0,0,0,0,0,0,0,0,0,0
2,1,510147,0,0,0,0,0,0,0,0,0,0
1,1,510148,0,0,0,0,0,0,0,0,0,0
2,1,510148,0,0,0,0,0,0,0,0,0,0
1,1,510149,0,0,0,0,0,0,0,0,0,0
2,1,510149,0,0,0,0,0,0,0,0,0,0
1,1,510150,15,15,15,15,15,15,15,15,15,15
1,1,510151,0,0,0,0,0,0,0,0,0,0
1,1,510152,11,11,11,11,11,11,11,11,11,11
1,1,510153,21,21,21,21,21,21,21,21,21,21
1,1,510154,27,27,27,27,27,27,27,27,27,27
2,1,510154,27,27,27,27,27,27,27,27,27,27
1,1,510155,22,22,22,22,22,22,22,22,22,22
2,1,510155,0,0,0,0,0,0,0,0,0,0
1,1,510156,27,27,27,27,27,27,27,27,27,27
2,1,510156,0,0,0,0,0,0,0,0,0,0
1,1,510157,26,26,26,26,26,26,26,26,26,26
1,1,510158,22,22,22,22,22,22,22,22,22,22
0,1,510159,22,22,22,22,22,22,22,22,22,22
1,1,510159,0,0,0,0,0,0,4,0,0,0
1,1,510160,21,21,21,21,21,21,21,21,21,21
0,1,510161,16,16,16,16,16,16,16,16,16,16
1,1,510161,0,0,0,17,0,12,0,0,0,5
1,1,510162,11,11,11,11,11,11,11,11,11,11
2,1,510162,0,0,0,0,0,0,0,0,0,0
3,1,510162,0,0,0,0,0,0,0,0,0,0
4,1,510162,0,0,0,0,0,0,0,0,0,0
5,1,510162,0,0,0,0,0,0,0,0,0,0
6,1,510162,11,0,0,0,0,0,0,0,0,0
1,1,510163,0,0,0,0,0,0,0,0,0,0
2,1,510163,0,0,0,0,0,0,0,0,0,0
1,1,510164,17,17,17,17,17,17,17,17,17,17
1,1,510165,0,0,0,0,0,0,0,0,0,0
2,1,510165,0,0,0,11,0,0,0,0,0,0
1,1,510166,0,0,0,0,0,0,0,0,0,0
1,1,510167,0,0,0,0,0,0,0,0,0,0
1,1,510168,15,15,15,15,15,15,15,15,15,15
1,1,510169,0,0,0,0,0,0,0,0,0,0
2,1,510169,0,0,0,0,0,0,0,0,0,0
1,1,510170,0,0,0,0,0,0,0,0,0,0
1,1,510171,19,19,19,19,19,19,19,19,19,19
1,1,510172,14,14,14,14,14,14,14,14,14,14
2,1,510172,13,8,8,15,19,15,9,16,13,7
1,1,510173,0,0,0,0,0,0,0,0,0,0
1,1,510174,0,0,0,0,0,0,0,0,0,0
1,1,510175,0,0,0,0,0,0,0,0,0,0
2,1,510175,7,0,0,0,0,0,0,0,0,0
1,1,510176,24,24,24,24,24,24,24,24,24,24
1,1,510177,0,0,0,0,0,0,0,0,0,0
2,1,510177,0,0,0,0,0,0,0,0,0,0
3,1,510177,0,0,0,0,0,0,0,0,0,0
1,1,510178,14,14,14,14,14,14,14,14,14,14
1,1,510179,10,10,10,10,10,10,10,10,10,10
0,1,510180,0,0,0,0,0,0,0,0,0,0
1,1,510180,0,0,0,0,0,0,0,0,5,0
1,1,510181,0,0,0,0,0,0,0,0,0,0
2,1,510181,0,0,0,0,0,0,0,0,0,0
1,1,510182,1,1,1,1,1,1,1,1,1,1
1,1,510183,0,0,0,0,0,0,0,0,0,0
1,1,510184,21,21,21,21,21,21,21,21,21,21
1,1,510185,0,0,0,0,0,0,0,0,0,14
2,1,510185,0,0,0,0,0,0,0,0,0,0
1,1,510186,0,0,0,0,0,0,0,0,0,0
1,1,510187,0,0,0,0,0,0,0,0,0,0
2,1,510187,0,0,0,0,0,0,0,0,0,0
1,1,510188,0,0,0,0,0,0,0,0,0,0
2,1,510188,0,0,0,0,0,0,0,0,0,0
1,1,510189,14,14,14,14,14,14,14,14,14,14
1,1,510190,0,0,0,0,0,0,0,0,0,0
1,1,510191,0,0,0,0,0,0,0,0,0,0
2,1,510191,0,0,0,0,0,0,0,0,0,0
3,1,510191,0,0,0,0,0,0,0,0,0,0
1,1,510192,19,19,19,19,19,19,19,19,19,19
1,1,510193,0,0,0,0,0,0,0,0,0,0
1,1,510194,0,0,0,0,0,0,0,0,0,0
2,1,510194,0,0,6,0,0,0,0,0,0,0
3,1,510194,14,0,0,0,0,0,0,0,0,0
1,1,510195,6,0,0,0,0,0,0,0,0,0
0,1,510196,1,1,1,1,1,1,1,1,1,1
1,1,510196,6,0,0,0,0,0,0,0,0,0
0,1,510197,14,14,14,14,14,14,14,14,14,14
1,1,510197,0,10,14,12,7,0,17,0,18,14
1,1,510198,0,19,0,0,0,0,0,0,0,0
1,1,510199,0,0,0,0,0,0,0,0,0,0
1,1,510200,0,0,0,0,0,0,0,0,0,0
1,1,510201,13,13,13,13,13,13,13,13,13,13
0,1,510202,21,26,30,0,32,30,0,31,15,18
1,1,510202,0,0,0,0,0,0,0,0,0,0
1,1,510203,17,17,17,17,17,17,17,17,17,17
2,1,510203,0,0,0,0,0,0,0,0,0,0
1,1,510204,17,17,17,17,17,17,17,17,17,17
1,1,510205,8,8,8,8,8,8,8,8,8,8
1,1,510206,19,9,10,17,0,4,1,38,12,18
1,1,510207,0,0,0,0,0,0,0,0,0,0
1,1,510208,0,0,0,0,0,0,0,0,0,0
1,1,510209,3,3,3,3,3,3,3,3,3,3
1,1,510210,23,10,16,15,8,14,10,15,16,9
1,1,510211,0,0,0,0,0,0,0,0,0,0
1,1,510212,0,0,0,0,0,0,0,0,0,0
0,1,510213,0,0,0,0,0,0,0,0,0,0
1,1,510213,0,0,0,0,0,0,0,0,0,1
1,1,510214,0,0,0,0,0,0,0,0,0,0
0,1,510215,0,0,0,0,0,0,0,0,0,0
1,1,510215,0,0,0,0,0,0,0,0,0,0
1,1,510216,0,0,0,0,0,0,0,0,0,0
1,1,510217,14,14,14,14,14,14,14,14,14,14
1,1,510218,0,0,0,0,0,0,0,0,0,0
2,1,510218,0,0,0,0,0,0,0,0,0,0
1,1,510219,0,0,0,0,0,0,0,0,0,0
1,1,510220,0,0,0,0,0,0,0,0,0,0
1,1,510221,0,0,0,0,0,0,0,0,0,0
2,1,510221,0,0,0,0,0,0,0,0,0,0
1,1,510222,0,0,0,0,0,0,0,0,0,0
1,1,510223,20,20,20,20,20,20,20,20,20,20
1,1,510224,0,0,0,0,0,0,0,0,0,0
1,1,510225,0,0,0,0,0,0,0,0,0,0
1,1,510226,6,18,27,26,22,19,25,6,18,27
2,1,510226,0,0,0,0,0,0,0,0,0,0
1,1,510227,0,0,0,0,0,0,0,0,0,0
2,1,510227,0,0,0,0,0,0,10,2,0,13
1,1,510228,0,0,0,0,0,0,0,0,0,0
2,1,510228,0,0,0,0,0,0,0,0,0,0
1,1,510229,14,14,14,14,14,14,14,14,14,14
1,1,510230,0,0,0,0,0,0,0,0,3,0
1,1,510231,0,0,0,0,0,0,0,0,0,0
2,1,510231,0,0,0,0,0,0,0,0,0,0
1,1,510232,17,17,17,17,17,17,17,17,17,17
1,1,510233,0,0,0,0,0,0,0,0,0,0
2,1,510233,0,0,0,0,0,0,0,0,0,0
1,1,510234,0,0,0,0,0,0,0,0,0,0
2,1,510234,0,0,0,0,0,0,0,0,0,0
3,1,510234,0,0,0,0,0,0,0,0,0,0
4,1,510234,0,0,0,0,0,0,0,0,5,0
1,1,510235,0,0,0,0,0,0,0,0,0,0
2,1,510235,0,0,0,0,0,0,0,0,0,0
0,1,510236,15,19,19,32,18,20,28,6,33,18
1,1,510236,0,0,0,0,0,0,0,0,0,2
1,1,510237,22,22,22,22,22,22,22,22,22,22
1,1,510238,0,0,0,0,0,0,0,0,0,0
1,1,510239,0,0,0,0,0,0,0,0,0,0
2,1,510239,0,0,0,0,0,0,0,0,0,0
1,1,510240,0,0,0,0,0,0,0,0,0,0
1,1,510241,9,8,30,11,14,18,13,30,11,24
1,1,510242,0,0,0,0,0,0,0,0,0,0
2,1,510242,0,0,0,0,0,0,0,0,0,0
1,1,510243,0,0,0,0,0,4,0,0,0,0
2,1,510243,0,0,0,0,0,0,0,0,0,0
1,1,510244,0,0,0,0,0,0,0,0,0,0
0,1,510245,16,16,16,16,16,16,16,16,16,16
1,1,510245,0,0,0,0,0,0,0,10,0,0
2,1,510245,0,8,0,0,0,4,0,0,0,0
1,1,510246,0,0,0,0,0,0,0,0,0,0
0,1,510247,13,13,13,13,13,13,13,13,13,13
1,1,510247,15,0,0,0,0,0,0,0,0,0
1,1,510248,20,12,3,18,16,20,20,0,25,11
2,1,510248,5,0,12,13,0,5,0,10,0,2
1,1,510249,0,0,0,0,0,0,0,0,0,0
2,1,510249,0,0,0,0,0,0,0,0,0,0
1,1,510250,0,0,0,0,0,0,0,0,0,0
2,1,510250,0,0,0,0,0,0,0,0,0,0
1,1,510251,0,0,0,6,0,0,0,0,0,0
2,1,510251,0,0,0,11,0,0,0,0,0,0
1,1,510252,0,0,0,0,0,0,0,0,0,0
1,1,510253,0,32,0,23,0,19,10,18,8,50
1,1,510254,0,0,0,0,0,0,0,0,0,0
1,1,510255,8,0,0,0,0,0,0,0,0,0
2,1,510255,0,0,0,0,0,0,0,0,0,0
1,1,510256,0,0,0,38,5,0,0,20,9,0
1,1,510257,0,0,0,0,0,0,0,0,0,0
2,1,510257,3,3,3,3,3,3,3,3,3,3
1,1,510258,0,0,0,0,0,0,0,0,0,0
2,1,510258,0,0,0,0,0,0,0,0,0,0
0,1,510259,0,0,0,0,0,0,0,0,0,0
1,1,510259,0,0,0,0,0,0,9,0,0,0
1,1,510260,26,26,26,26,26,26,26,26,26,26
2,1,510260,0,0,0,0,0,0,0,0,0,0
1,1,510261,0,0,0,18,0,0,0,0,0,0
1,1,510262,0,0,0,0,0,0,0,0,0,0
2,1,510262,0,0,0,0,0,0,0,0,0,0
1,1,510263,0,0,0,0,0,7,6,0,0,10
1,1,510264,22,22,22,22,22,22,22,22,22,22
1,1,510265,0,0,0,0,0,0,0,0,0,0
2,1,510265,0,0,0,0,8,0,0,0,0,0
3,1,510265,0,0,0,0,0,0,0,0,0,0
1,1,510266,22,22,22,22,22,22,22,22,22,22
1,1,510267,0,0,0,0,0,0,0,0,0,0
1,1,510268,0,0,0,0,0,0,0,0,0,0
1,1,510269,30,30,30,30,30,30,30,30,30,30
0,1,510270,0,0,0,0,0,0,0,0,0,0
1,1,510270,4,20,22,19,8,10,20,15,13,7
1,1,510271,22,22,22,22,22,22,22,22,22,22
0,1,510272,0,0,0,0,0,0,0,0,0,0
1,1,510272,0,0,0,0,0,0,0,0,0,0
1,1,510273,0,0,0,0,0,0,0,0,0,0
1,1,510274,22,22,22,22,22,22,22,22,22,22
1,1,510275,28,28,28,28,28,28,28,28,28,28
1,1,510276,0,0,0,0,0,0,0,0,0,0
2,1,510276,0,0,0,0,0,0,0,0,0,0
3,1,510276,0,0,0,0,0,0,0,0,0,0
1,1,510277,0,0,0,0,0,0,0,0,0,0
1,1,510278,19,19,19,19,19,19,19,19,19,19
2,1,510278,0,0,0,0,0,0,4,0,0,0
1,1,510279,16,16,16,16,16,16,16,16,16,16
0,1,510280,25,25,25,25,25,25,25,25,25,25
1,1,510280,0,0,0,0,0,0,0,0,0,0
1,1,510281,0,16,0,0,0,0,0,0,0,0
2,1,510281,0,0,0,0,0,0,0,4,0,0
1,1,510282,15,15,15,15,15,15,15,15,15,15
1,1,510283,0,0,0,0,0,0,0,0,0,0
1,1,510284,16,22,7,13,11,9,5,11,16,26
1,1,510285,0,0,0,0,0,0,0,0,0,0
0,1,510286,0,0,0,0,0,0,0,0,0,0
1,1,510286,0,0,0,0,0,5,0,0,0,0
1,1,510287,0,0,0,0,0,0,0,0,0,0
1,1,510288,0,0,0,0,0,0,0,0,0,0
1,1,510289,0,0,0,0,0,0,0,0,0,0
1,1,510290,0,0,0,0,0,0,0,0,0,0
1,1,510291,22,22,22,22,22,22,22,22,22,22
1,1,510292,1,1,1,1,1,1,1,1,1,1
2,1,510292,0,0,0,0,0,0,0,0,0,0
1,1,510293,19,19,19,19,19,19,19,19,19,19
1,1,510294,0,0,0,0,0,0,0,0,0,0
1,1,510295,0,0,0,0,0,0,0,0,0,0
1,1,510296,0,0,0,0,0,0,0,0,0,0
1,1,510297,0,0,0,0,0,0,0,0,0,0
2,1,510297,0,0,12,0,0,0,0,0,0,0
1,1,510298,0,0,0,0,0,0,0,0,0,0
1,1,510299,0,10,10,19,21,14,0,0,0,0
1,1,510300,0,0,0,0,0,0,0,0,0,0
1,1,510301,0,0,0,0,0,0,0,0,0,0
2,1,510301,0,0,0,0,0,0,0,0,0,0
1,1,510302,0,0,0,0,0,0,11,0,0,0
2,1,510302,0,0,0,0,0,0,0,0,0,0
1,1,510303,0,0,0,0,0,0,0,0,0,0
1,1,510304,10,10,10,10,10,10,10,10,10,10
1,1,510305,0,0,0,0,0,0,0,0,0,0
1,1,510306,0,0,0,0,0,0,0,0,0,0
2,1,510306,0,0,0,0,0,0,0,0,0,0
0,1,510307,0,0,0,0,0,0,0,0,0,0
1,1,510307,0,0,0,0,0,0,0,0,0,0
1,1,510308,0,0,0,0,9,19,0,0,0,0
2,1,510308,26,26,26,26,26,26,26,26,26,26
1,1,510309,8,8,8,8,8,8,8,8,8,8
1,1,510310,0,0,0,0,0,0,0,0,0,0
2,1,510310,12,17,18,14,7,25,13,33,8,13
0,1,510311,24,24,24,24,24,24,24,24,24,24
1,1,510311,0,0,0,0,6,0,0,0,0,0
1,1,510312,26,26,26,26,26,26,26,26,26,26
1,1,510313,0,0,0,0,0,0,0,0,0,0
1,1,510314,0,0,0,0,0,0,0,0,0,0
2,1,510314,0,0,0,0,0,0,0,0,0,9
1,1,510315,0,0,0,0,0,0,0,0,0,0
1,1,510316,8,8,8,8,8,8,8,8,8,8
1,1,510317,0,0,0,0,0,0,0,0,0,0
1,1,510318,0,0,0,0,0,0,0,0,0,0
1,1,510320,0,17,0,9,0,0,0,0,0,0
2,1,510320,16,16,16,16,16,16,16,16,16,16
1,1,510321,0,16,15,12,0,5,0,22,19,10
2,1,510321,11,11,11,11,11,11,11,11,11,11
0,1,510322,0,0,0,0,0,0,0,0,0,0
1,1,510322,17,12,15,8,6,6,13,0,9,13
1,1,510323,16,16,16,16,16,16,16,16,16,16
0,1,510324,21,21,21,21,21,21,21,21,21,21
1,1,510324,0,0,0,0,0,0,0,0,0,0
1,1,510325,0,0,0,0,0,0,0,0,0,0
2,1,510325,0,0,0,0,0,0,0,0,0,0
1,1,510326,14,14,14,14,14,14,14,14,14,14
1,1,510327,0,0,0,0,0,0,0,0,0,0
1,1,510328,16,0,0,0,0,0,0,0,0,0
2,1,510328,0,0,0,0,0,0,0,0,0,0
1,1,510329,0,0,0,0,0,0,0,0,0,0
2,1,510329,0,0,0,0,0,0,0,0,0,0
1,1,510330,17,19,10,5,15,11,8,18,29,17
2,1,510330,22,22,22,22,22,22,22,22,22,22
1,1,510331,15,15,15,15,15,15,15,15,15,15
1,1,510332,26,26,26,26,26,26,26,26,26,26
1,1,510333,0,0,0,0,0,0,0,0,0,0
2,1,510333,0,0,0,0,0,0,0,0,0,0
0,1,510334,0,0,0,0,0,0,0,0,0,0
1,1,510334,0,0,0,0,0,0,0,0,0,0
1,1,510335,19,19,19,19,19,19,19,19,19,19
1,1,510336,0,0,0,0,0,0,0,0,0,0
2,1,510336,0,0,0,0,0,0,0,0,0,0
3,2,510336,0,0,0,0,0,0,0,0,0,0
1,1,510337,21,21,21,21,21,21,21,21,21,21
1,1,510338,0,0,0,0,0,0,0,0,0,0
1,1,510339,21,21,21,21,21,21,21,21,21,21
0,1,510340,0,0,0,0,0,0,0,0,0,0
1,1,510340,0,0,0,0,0,0,0,0,0,0
1,1,510341,15,26,13,13,21,20,16,9,22,18
2,1,510341,0,0,0,0,0,0,0,0,0,0
1,1,510342,0,0,0,0,0,0,0,0,0,0
1,1,510343,0,0,0,0,0,0,0,0,0,0
2,1,510343,0,0,0,0,0,0,0,11,0,0
1,1,510346,0,0,0,0,0,0,0,0,0,0
2,1,510346,0,0,4,0,0,0,0,0,0,0
0,1,510347,24,5,17,9,47,0,20,31,32,15
1,1,510347,0,0,0,0,0,0,0,0,0,0
1,1,510348,26,26,26,26,26,26,26,26,26,26
1,1,510349,0,0,0,0,0,0,0,0,0,0
1,1,510350,33,0,0,15,0,28,7,7,22,0
1,1,510351,0,0,0,0,0,0,0,0,0,0
2,1,510351,0,0,0,0,0,0,0,0,0,0
1,1,510352,0,0,0,0,0,0,0,0,0,0
2,1,510352,0,0,0,0,0,0,0,0,0,0
1,1,510353,0,0,0,0,0,0,0,0,0,0
1,1,510354,0,0,0,0,0,0,0,0,0,0
1,1,510355,0,0,0,0,0,0,0,0,0,0
1,1,510356,0,0,0,0,0,0,0,0,0,0
1,1,510357,0,0,0,0,0,0,0,0,0,0
2,1,510357,0,0,0,0,0,0,0,0,0,0
3,1,510357,23,0,0,0,3,0,0,0,0,0
4,1,510357,0,0,0,0,0,0,0,0,0,0
1,1,510358,27,27,27,27,27,27,27,27,27,27
1,1,510359,0,0,0,0,0,0,0,0,0,0
0,1,510360,0,0,0,0,0,0,0,0,0,0
1,1,510360,0,0,0,0,0,0,0,0,0,0
1,1,510361,0,0,0,0,0,0,0,0,0,0
1,1,510362,0,0,0,0,0,0,0,0,0,0
2,1,510362,0,0,0,0,0,0,0,0,0,0
1,1,510363,0,7,0,6,0,0,0,0,0,0
2,1,510363,14,14,14,14,14,14,14,14,14,14
1,1,510364,0,0,0,0,0,0,0,0,0,0
1,1,510365,7,7,7,7,7,7,7,7,7,7
1,1,510366,0,0,0,0,0,0,0,0,0,0
2,1,510366,0,0,0,0,0,0,0,0,0,0
3,1,510366,0,0,0,0,0,0,0,0,0,0
4,1,510366,0,0,0,0,0,0,0,0,0,0
1,1,510367,0,0,0,0,0,10,0,0,0,0
1,1,510368,0,0,0,0,0,0,0,0,0,0
1,1,510369,15,7,17,11,19,18,19,16,16,18
2,1,510369,0,0,0,0,0,0,0,0,0,0
1,1,510370,0,0,0,0,0,0,0,0,0,0
1,1,510371,20,20,20,20,20,20,20,20,20,20
1,1,510372,24,24,24,24,24,24,24,24,24,24
2,1,510372,0,0,0,0,0,0,0,0,0,0
1,1,510373,26,22,29,20,20,9,18,43,0,24
1,1,510374,27,27,27,27,27,27,27,27,27,27
1,1,510375,0,0,0,0,0,0,0,0,0,0
1,1,510376,28,0,0,18,8,0,26,38,28,14
2,1,510376,0,0,0,4,0,0,0,12,0,0
1,1,510377,0,0,0,0,0,0,0,0,0,0
2,1,510377,0,0,0,0,0,0,0,0,0,0
0,1,510378,0,0,0,0,0,0,0,0,0,0
1,1,510378,9,28,11,5,28,23,23,11,10,9
1,1,510379,0,0,0,0,0,0,0,0,0,0
2,1,510379,0,0,0,0,0,0,0,0,0,0
0,1,510380,0,0,0,0,0,0,0,24,0,0
0,2,510380,0,14,21,0,0,0,0,0,0,0
0,3,510380,3,3,3,3,3,3,3,3,3,3
0,4,510380,10,10,10,10,10,10,10,10,10,10
2,1,510380,11,4,12,7,24,6,21,14,9,13
1,1,510381,0,0,0,0,0,0,0,0,0,0
2,1,510381,0,0,0,0,0,0,0,0,0,0
1,1,510382,8,0,0,0,0,0,0,0,0,0
1,1,510383,0,21,7,28,27,26,8,0,17,29
1,1,510384,0,0,0,0,0,0,0,0,0,0
1,1,510385,22,22,22,22,22,22,22,22,22,22
2,1,510385,0,0,0,0,0,8,0,0,0,0
0,1,510386,0,0,0,0,0,0,0,0,0,0
1,1,510386,0,0,0,0,0,0,0,0,0,11
0,1,510387,0,0,0,0,0,0,0,0,0,0
1,1,510387,0,0,6,0,0,0,0,0,0,0
1,1,510388,0,0,0,0,0,0,0,0,0,0
1,1,510389,0,0,0,0,0,0,0,0,0,0
1,1,510390,36,36,36,36,36,36,36,36,36,36
1,1,510391,0,0,0,0,0,0,0,0,0,0
1,1,510392,26,26,26,26,26,26,26,26,26,26
1,1,510393,0,0,0,0,0,0,0,0,0,0
1,1,510394,15,15,15,15,15,15,15,15,15,15
1,1,510396,0,0,0,0,0,0,0,0,0,0
2,1,510396,0,0,0,0,0,0,0,0,0,0
1,1,510397,14,14,14,14,14,14,14,14,14,14
1,1,510398,0,0,0,0,0,0,0,0,0,0
2,1,510398,0,0,0,0,0,0,0,0,0,0
3,1,510398,0,0,4,8,0,0,0,0,0,0
4,1,510398,0,0,0,3,0,0,0,0,0,0
5,1,510398,0,0,0,0,0,0,0,0,0,0
1,1,510399,11,9,16,0,6,11,6,5,3,11
1,1,510400,18,16,7,0,10,8,15,12,37,14
1,1,510401,5,0,0,0,0,6,5,0,0,0
0,1,510402,3,3,3,3,3,3,3,3,3,3
1,1,510402,0,0,0,0,0,0,7,0,0,0
1,1,510403,28,28,28,28,28,28,28,28,28,28
1,1,510404,0,0,0,0,0,0,0,0,0,0
2,1,510404,0,0,0,0,0,0,0,0,0,0
1,1,510405,3,0,0,0,0,0,0,0,0,0
2,1,510405,6,6,6,6,6,6,6,6,6,6
1,1,510406,0,0,0,0,0,0,0,0,0,0
0,1,510407,19,19,19,19,19,19,19,19,19,19
1,1,510407,0,0,0,0,0,0,0,0,0,0
2,1,510407,0,0,0,0,0,0,0,0,0,10
1,1,510408,15,15,15,15,15,15,15,15,15,15
1,1,510409,0,0,0,0,0,0,0,0,0,0
2,1,510409,0,0,0,0,0,0,0,0,0,0
1,1,510410,16,16,16,16,16,16,16,16,16,16
2,1,510410,0,0,0,7,0,0,0,0,0,0
1,1,510411,0,0,0,0,0,0,0,0,0,0
2,1,510411,0,0,0,0,0,0,0,0,0,0
1,1,510412,31,31,31,31,31,31,31,31,31,31
1,1,510413,14,14,14,14,14,14,14,14,14,14
2,1,510413,0,0,0,0,0,0,0,0,0,0
1,1,510414,0,0,0,0,0,0,0,0,0,0
2,1,510414,0,13,18,0,19,14,21,8,15,17
1,1,510415,16,16,16,16,16,16,16,16,16,16
2,1,510415,0,0,0,0,0,0,0,0,0,0
1,1,510416,27,27,27,27,27,27,27,27,27,27
1,1,510417,0,0,0,0,0,0,0,0,0,0
2,1,510417,0,0,0,0,0,0,0,0,0,0
1,1,510418,0,0,0,0,0,0,0,0,0,0
1,1,510419,8,20,24,13,31,35,9,21,17,20
0,1,510420,21,16,16,0,0,42,0,16,17,9
1,1,510420,0,0,0,0,0,0,0,0,0,0
1,1,510421,0,0,0,0,0,0,0,0,0,0
1,1,510422,0,0,0,0,4,0,0,0,0,0
2,1,510422,0,0,0,0,0,0,0,0,0,0
0,1,510423,0,0,0,0,0,0,0,0,0,0
1,1,510423,0,17,16,5,11,6,3,23,9,22
1,1,510424,14,14,14,14,14,14,14,14,14,14
2,1,510424,4,0,0,0,0,0,0,0,0,0
3,1,510424,0,0,0,0,0,0,0,0,0,0
1,1,510425,27,27,27,27,27,27,27,27,27,27
1,1,510426,0,0,0,0,0,0,0,0,0,0
2,1,510426,0,0,0,0,0,0,0,0,0,0
1,1,510427,0,0,0,0,0,0,0,0,0,0
2,1,510427,0,0,0,0,0,0,0,0,0,0
1,1,510428,9,0,0,0,0,0,14,0,0,0
2,1,510428,0,0,0,0,0,0,0,0,0,0
1,1,510429,30,30,30,30,30,30,30,30,30,30