VEH_NO,PER_NO,ST_CASE,P1,P2,P3,P4,P5,P6,P7,P8,P9,P10
3,1,530061,0,0,0,0,6,11,17,0,0,0
0,1,530062,37,37,37,37,37,37,37,37,37,37
1,1,530062,10,7,2,9,19,23,28,0,6,17
1,1,530063,0,0,0,0,0,0,0,0,0,0
2,1,530063,0,0,0,0,0,0,0,0,0,0
1,1,530064,27,27,27,27,27,27,27,27,27,27
1,1,530065,22,22,22,22,22,22,22,22,22,22
1,1,530066,14,14,14,14,14,14,14,14,14,14
0,1,530067,0,0,0,0,0,0,0,0,0,0
1,1,530067,0,0,0,0,0,0,10,9,0,0
2,1,530067,0,0,0,0,0,0,0,0,0,0
3,1,530067,0,0,0,0,0,0,0,0,0,0
1,1,530068,0,12,0,0,0,0,0,0,0,25
1,1,530069,0,0,0,0,0,0,0,0,0,0
1,1,530070,9,9,9,9,9,9,9,9,9,9
1,1,530071,15,15,15,15,15,15,15,15,15,15
1,1,530072,0,0,0,0,0,0,0,0,0,0
2,1,530072,0,0,0,0,0,0,0,0,0,0
1,1,530073,12,12,12,12,12,12,12,12,12,12
1,1,530074,0,0,0,0,0,0,0,0,0,0
2,1,530074,0,0,0,0,0,0,0,0,0,0
1,1,530075,0,0,0,13,0,0,0,0,0,0
1,1,530076,0,0,0,0,0,0,0,0,0,0
2,1,530076,0,0,0,0,0,0,0,0,0,0
1,1,530077,0,0,0,0,0,0,0,0,0,0
0,1,530078,2,2,2,2,2,2,2,2,2,2
1,1,530078,0,0,0,0,0,0,0,0,0,0
2,1,530078,0,0,0,0,0,0,0,0,0,0
1,1,530079,24,24,24,24,24,24,24,24,24,24
0,1,530080,27,27,27,27,27,27,27,27,27,27
1,1,530080,16,0,0,0,0,0,0,0,0,0
1,1,530081,0,0,0,0,0,0,0,0,0,0
1,1,530082,20,20,20,20,20,20,20,20,20,20
2,1,530082,0,0,0,0,0,0,0,0,0,0
1,1,530083,0,0,0,0,0,0,0,0,0,0
2,1,530083,0,0,0,0,0,0,0,0,0,0
1,1,530084,15,15,15,15,15,15,15,15,15,15
2,1,530084,0,0,0,0,0,0,0,0,0,0
1,1,530086,0,0,0,0,0,0,0,0,0,6
2,1,530086,3,3,3,3,3,3,3,3,3,3
1,1,530087,7,7,7,7,7,7,7,7,7,7
1,1,530088,21,21,21,21,21,21,21,21,21,21
1,1,530089,17,17,17,17,17,17,17,17,17,17
1,1,530090,0,0,0,0,0,0,0,0,0,0
1,1,530091,18,18,18,18,18,18,18,18,18,18
1,1,530092,19,19,19,19,19,19,19,19,19,19
1,1,530093,0,0,0,0,0,0,0,0,0,0
1,1,530094,22,22,22,22,22,22,22,22,22,22
1,1,530095,0,0,0,0,0,0,0,0,0,0
2,1,530095,0,0,0,0,0,0,0,0,0,0
3,1,530095,0,0,0,0,0,0,0,12,0,0
1,1,530096,0,0,0,0,0,0,0,0,0,0
1,1,530097,0,0,0,0,0,0,0,0,0,0
2,1,530097,0,0,0,0,0,0,0,0,0,0
1,1,530098,40,40,40,40,40,40,40,40,40,40
1,1,530099,0,0,0,0,0,0,0,0,0,0
1,1,530100,0,0,0,0,0,0,0,0,0,0
1,1,530101,11,11,11,11,11,11,11,11,11,11
1,1,530102,0,0,0,0,0,0,0,0,0,0
1,1,530103,0,0,0,0,0,0,0,0,0,0
2,1,530103,0,0,0,0,0,0,0,0,0,0
1,1,530104,21,21,21,21,21,21,21,21,21,21
0,1,530105,0,0,0,0,0,0,0,0,0,0
1,1,530105,0,0,0,0,0,0,0,0,0,0
1,1,530106,25,25,25,25,25,25,25,25,25,25
2,1,530106,0,0,0,0,0,0,0,0,0,0
3,1,530106,0,0,0,0,0,0,0,0,0,0
4,1,530106,0,0,0,0,0,0,0,0,0,0
1,1,530107,0,0,0,0,0,0,0,0,0,0
2,1,530107,0,0,0,0,0,0,0,0,0,0
1,1,530108,0,0,0,0,0,0,0,0,0,0
1,1,530109,26,26,26,26,26,26,26,26,26,26
1,1,530110,19,19,19,19,19,19,19,19,19,19
1,1,530111,17,17,17,17,17,17,17,17,17,17
1,1,530112,26,26,26,26,26,26,26,26,26,26
2,1,530112,0,0,0,0,0,0,0,0,0,0
3,1,530112,0,0,0,0,0,0,0,0,0,0
1,1,530113,8,8,8,8,8,8,8,8,8,8
2,1,530113,0,0,6,0,0,0,0,0,0,15
1,1,530114,9,9,9,9,9,9,9,9,9,9
2,1,530114,0,0,0,0,0,0,0,0,0,0
1,1,530115,0,0,0,0,0,0,0,0,0,0
2,1,530115,0,0,0,0,0,0,0,9,0,0
1,1,530116,0,0,0,0,0,0,0,0,0,0
1,1,530117,0,0,0,0,0,0,0,0,0,0
1,1,530118,9,9,9,9,9,9,9,9,9,9
0,1,530119,0,0,0,0,0,0,0,0,0,0
1,1,530119,0,0,0,0,0,0,0,0,0,0
1,1,530120,9,9,9,9,9,9,9,9,9,9
2,1,530120,5,0,0,0,0,0,0,0,0,0
3,1,530120,0,0,0,0,0,0,0,0,4,0
1,1,530121,16,16,16,16,16,16,16,16,16,16
2,1,530121,0,0,0,0,0,0,0,0,0,0
0,1,530122,0,0,0,0,0,0,0,0,0,0
1,1,530122,0,0,0,0,0,0,0,0,0,0
1,1,530123,0,0,0,0,0,0,0,0,0,0
2,1,530123,0,0,0,0,0,0,0,0,0,0
1,1,530124,0,0,0,0,0,0,0,0,0,0
1,1,530125,0,0,0,0,0,0,0,0,0,0
1,1,530126,30,30,30,30,30,30,30,30,30,30
1,1,530127,0,0,0,0,0,0,0,0,0,0
2,1,530127,0,0,0,0,0,0,0,0,0,0
1,1,530128,0,0,0,0,0,0,0,0,0,0
2,1,530128,0,0,0,0,0,0,0,0,0,0
1,1,530129,31,31,31,31,31,31,31,31,31,31
1,1,530130,9,9,9,9,9,9,9,9,9,9
1,1,530131,13,13,13,13,13,13,13,13,13,13
2,1,530131,0,0,0,0,0,0,0,0,12,0
1,1,530132,28,28,28,28,28,28,28,28,28,28
1,1,530133,5,5,5,5,5,5,5,5,5,5
1,1,530134,0,0,0,0,0,0,0,0,0,0
2,1,530134,0,0,0,0,0,0,0,0,0,0
1,1,530135,0,0,0,0,0,0,0,0,0,0
1,1,530136,26,26,26,26,26,26,26,26,26,26
1,1,530137,22,22,22,22,22,22,22,22,22,22
1,1,530138,0,0,0,0,0,0,0,0,0,0
2,1,530138,0,0,0,0,0,0,0,0,0,0
1,1,530139,0,0,0,0,0,0,0,0,0,0
2,1,530139,0,0,0,0,0,0,0,0,0,0
1,1,530140,21,21,21,21,21,21,21,21,21,21
1,1,530141,0,0,0,0,0,0,0,0,0,0
2,1,530141,0,0,0,0,0,0,0,0,0,0
1,1,530142,19,19,19,19,19,19,19,19,19,19
2,1,530142,0,0,15,0,0,0,0,0,0,0
0,1,530143,0,0,0,0,12,0,0,0,0,0
1,1,530143,0,0,0,0,0,0,0,0,0,0
1,1,530144,18,18,18,18,18,18,18,18,18,18
1,1,530145,0,0,0,0,0,0,0,0,0,0
1,1,530146,4,4,4,4,4,4,4,4,4,4
1,1,530147,0,0,0,0,0,0,0,0,0,0
0,1,530148,0,0,0,0,0,0,0,0,0,0
1,1,530148,0,0,12,11,0,15,0,0,0,0
1,1,530149,21,21,21,21,21,21,21,21,21,21
1,1,530150,18,18,18,18,18,18,18,18,18,18
1,1,530151,29,29,29,29,29,29,29,29,29,29
2,1,530151,0,0,0,0,0,0,0,0,0,0
1,1,530152,20,20,20,20,20,20,20,20,20,20
2,1,530152,0,0,0,0,0,0,0,0,0,16
1,1,530153,0,0,0,0,0,0,0,0,0,0
1,1,530154,0,0,0,0,0,0,0,0,0,0
1,1,530155,32,32,32,32,32,32,32,32,32,32
1,1,530156,0,0,0,0,0,0,0,0,0,0
1,1,530157,18,18,18,18,18,18,18,18,18,18
1,1,530158,0,0,0,0,0,0,0,0,0,0
1,1,530159,0,0,0,0,0,0,0,0,0,0
1,1,530160,17,17,17,17,17,17,17,17,17,17
2,1,530160,0,0,0,0,0,0,0,0,0,0
1,1,530161,17,33,17,10,20,0,28,26,21,14
1,1,530162,0,0,0,0,0,0,0,0,0,0
1,1,530163,0,0,0,0,0,0,0,0,0,0
1,1,530164,23,23,23,23,23,23,23,23,23,23
2,1,530164,0,0,0,0,0,0,0,0,0,0
0,1,530165,0,0,0,0,0,0,0,0,0,0
1,1,530165,0,0,0,0,0,0,0,0,0,0
1,1,530166,0,0,0,0,0,0,0,0,0,0
1,1,530167,0,0,0,0,0,0,0,0,0,0
1,1,530168,10,10,10,10,10,10,10,10,10,10
0,1,530169,0,0,0,0,0,0,0,0,0,0
1,1,530169,0,0,0,0,0,0,0,0,0,0
0,1,530170,0,0,0,0,0,0,0,0,0,0
0,2,530170,0,15,0,45,0,17,15,0,14,0
1,1,530170,7,9,11,12,5,3,22,10,21,19
1,1,530171,0,0,0,0,0,0,0,0,0,0
1,1,530172,0,0,0,0,0,0,0,0,0,0
2,1,530172,0,0,0,0,0,0,0,0,0,0
1,1,530173,27,27,27,27,27,27,27,27,27,27
2,1,530173,0,0,0,0,0,0,0,0,0,0
1,1,530174,43,43,43,43,43,43,43,43,43,43
0,1,530175,0,0,0,0,0,0,0,0,0,0
1,1,530175,0,0,0,0,0,0,0,0,0,0
0,1,530176,0,0,0,0,0,0,0,0,0,0
1,1,530176,0,0,0,0,0,0,0,0,0,0
1,1,530177,4,4,4,4,4,4,4,4,4,4
2,1,530177,0,0,0,0,0,17,0,0,0,0
1,1,530178,0,0,0,0,0,0,0,0,0,0
2,1,530178,0,0,0,0,0,0,0,0,0,0
1,1,530179,0,0,0,0,0,0,0,0,14,0
2,1,530179,0,0,0,0,0,0,0,0,0,0
1,1,530180,7,7,7,7,7,7,7,7,7,7
2,1,530180,0,0,0,0,0,0,0,0,0,0
1,1,530181,4,4,4,4,4,4,4,4,4,4
1,1,530182,0,0,0,0,0,0,0,0,0,0
1,1,530183,0,0,0,0,0,0,0,0,0,0
0,1,530184,0,0,0,0,0,0,0,0,0,0
0,2,530184,0,0,0,7,0,13,0,0,0,0
1,1,530184,0,0,0,0,0,0,0,0,0,0
0,1,530185,27,27,27,27,27,27,27,27,27,27
1,1,530185,0,0,6,5,10,5,8,19,0,2
1,1,530186,27,27,27,27,27,27,27,27,27,27
1,1,530187,0,0,0,0,0,0,0,0,0,0
1,1,530188,0,0,0,0,0,0,0,0,0,0
2,1,530188,0,0,0,0,0,0,0,0,0,0
1,1,530189,7,7,7,7,7,7,7,7,7,7
1,1,530190,0,0,0,0,0,0,0,0,0,0
1,1,530191,0,0,8,0,26,0,0,0,0,0
2,1,530191,4,4,4,4,4,4,4,4,4,4
3,1,530191,0,0,0,0,0,0,0,0,0,0
1,1,530192,8,8,8,8,8,8,8,8,8,8
1,1,530193,0,0,14,15,0,0,0,0,10,19
1,1,530194,0,0,0,0,0,0,0,0,0,0
2,1,530194,0,0,0,0,0,0,0,0,0,0
0,1,530195,0,0,0,0,0,0,0,0,0,0
1,1,530195,2,2,2,2,2,2,2,2,2,2
1,1,530196,0,0,0,0,0,0,0,0,0,0
1,1,530197,16,16,16,16,16,16,16,16,16,16
1,1,530198,0,0,0,0,0,0,0,0,0,0
2,1,530198,0,0,0,0,0,0,0,0,0,0
1,1,530199,0,0,0,0,0,0,0,0,0,0
2,1,530199,0,0,0,0,0,0,0,0,0,0
3,1,530199,0,0,0,0,0,0,0,0,0,0
1,1,530200,16,16,16,16,16,16,16,16,16,16
2,1,530200,0,0,0,0,0,0,0,0,0,0
1,1,530201,0,0,0,0,0,0,0,0,0,0
1,1,530202,11,11,11,11,11,11,11,11,11,11
2,1,530202,0,0,0,0,0,0,0,0,0,0
1,1,530203,21,21,21,21,21,21,21,21,21,21
2,1,530203,0,0,0,0,0,0,0,0,0,0
3,1,530203,0,0,0,0,0,0,0,0,0,0
0,1,530204,19,0,0,0,0,0,0,0,0,0
1,1,530204,0,0,0,0,0,0,0,0,0,0
1,1,530205,14,14,14,14,14,14,14,14,14,14
1,1,530206,13,19,19,19,11,27,20,17,10,18
2,1,530206,0,0,0,0,7,0,0,0,0,0
1,1,530207,13,13,13,13,13,13,13,13,13,13
0,1,530208,0,0,0,0,0,0,0,0,0,0
1,1,530208,0,0,0,0,0,0,0,0,11,0
2,1,530208,0,0,0,0,0,0,0,0,0,0
1,1,530209,11,11,11,11,11,11,11,11,11,11
1,1,530210,0,0,0,0,0,0,0,0,0,0
2,1,530210,0,0,0,0,0,0,0,0,0,0
1,1,530211,0,0,0,0,0,0,0,0,0,0
2,1,530211,0,0,0,0,0,0,0,0,0,0
1,1,530212,26,26,26,26,26,26,26,26,26,26
0,1,530213,0,0,0,0,0,0,0,0,0,0
1,1,530213,0,0,0,0,0,0,0,0,0,0
1,1,530214,34,34,34,34,34,34,34,34,34,34
1,1,530215,0,0,0,0,0,0,0,0,0,0
2,1,530215,0,0,0,0,0,0,0,0,0,0
1,1,530216,21,21,21,21,21,21,21,21,21,21
1,1,530217,0,0,0,0,0,0,0,0,0,0
1,1,530218,23,0,0,0,0,0,0,7,16,0
1,1,530219,19,19,19,19,19,19,19,19,19,19
1,1,530220,0,0,0,0,0,0,0,0,0,0
2,1,530220,0,0,0,0,0,0,0,0,20,0
0,1,530221,0,0,0,0,0,0,0,0,0,0
1,1,530221,0,0,0,0,0,0,0,0,0,0
1,1,530222,21,21,21,21,21,21,21,21,21,21
1,1,530223,18,18,18,18,18,18,18,18,18,18
1,1,530224,16,16,16,16,16,16,16,16,16,16
1,1,530225,0,6,0,0,0,49,0,0,0,0
1,1,530226,16,16,16,16,16,16,16,16,16,16
2,1,530226,0,0,0,0,0,0,0,0,0,0
0,1,530227,0,0,0,0,0,0,0,0,0,0
0,2,530227,0,0,0,0,0,0,0,0,0,0
0,3,530227,0,0,0,0,0,16,0,0,0,0
1,1,530227,0,0,0,0,0,0,0,0,0,0
1,1,530228,0,0,0,0,0,0,0,0,0,0
2,1,530228,12,12,12,12,12,12,12,12,12,12
1,1,530229,20,20,20,20,20,20,20,20,20,20
1,1,530230,13,13,13,13,13,13,13,13,13,13
1,1,530231,0,0,0,0,0,0,0,0,0,0
2,1,530231,0,0,0,0,0,0,0,0,0,0
1,1,530232,0,0,0,0,0,0,0,0,0,0
2,1,530232,0,0,0,0,0,0,0,0,0,0
0,1,530233,0,0,0,0,0,0,0,0,0,0
1,1,530233,0,0,0,0,0,0,0,0,0,0
0,1,530234,0,0,0,0,0,0,0,0,0,0
1,1,530234,0,12,16,5,0,15,14,8,14,0
1,1,530235,0,0,0,0,0,0,0,0,0,0
2,1,530235,0,0,0,0,0,0,0,0,0,0
1,1,530236,0,0,0,0,0,0,0,0,0,0
2,1,530236,0,0,0,0,0,0,0,0,0,12
1,1,530237,0,0,0,0,0,0,0,0,0,0
2,1,530237,0,0,0,0,0,0,0,0,0,0
1,1,530238,0,0,0,0,0,0,0,0,0,0
2,1,530238,13,0,0,0,0,0,0,0,0,0
3,1,530238,0,0,0,0,0,0,0,0,0,0
1,1,530239,0,0,0,0,0,0,0,0,0,0
2,1,530239,0,0,0,0,0,0,0,0,0,0
3,1,530239,0,0,0,0,0,0,0,0,0,0
1,1,530240,12,12,12,12,12,12,12,12,12,12
2,1,530240,2,2,2,2,2,2,2,2,2,2
1,1,530241,19,19,19,19,19,19,19,19,19,19
2,1,530241,0,0,0,0,0,0,0,0,0,16
3,1,530241,0,0,0,0,0,0,0,0,0,0
1,1,530242,0,0,0,0,0,0,0,0,0,0
1,1,530243,6,6,6,6,6,6,6,6,6,6
0,1,530244,24,24,24,24,24,24,24,24,24,24
1,1,530244,0,0,0,0,0,8,0,0,0,0
2,1,530244,8,8,8,8,8,8,8,8,8,8
1,1,530245,0,0,0,0,0,0,0,0,0,0
1,1,530246,0,0,0,0,0,0,0,0,0,0
1,1,530248,0,0,0,0,0,0,0,0,0,0
1,1,530249,0,0,0,0,0,0,0,0,0,0
1,1,530250,14,14,14,14,14,14,14,14,14,14
1,1,530251,28,28,28,28,28,28,28,28,28,28
1,1,530252,0,0,0,0,0,0,0,0,0,0
1,1,530253,0,0,0,0,0,0,0,0,0,0
2,1,530253,0,0,0,0,17,0,4,0,0,0
1,1,530254,0,0,0,0,0,0,0,0,0,0
1,1,530255,0,0,0,0,0,0,0,0,0,0
2,1,530255,0,0,0,0,0,0,0,0,0,0
1,1,530256,21,21,21,21,21,21,21,21,21,21
2,1,530256,0,0,0,0,0,0,0,0,0,0
1,1,530257,8,8,8,8,8,8,8,8,8,8
2,1,530257,12,12,12,12,12,12,12,12,12,12
1,1,530258,5,5,5,5,5,5,5,5,5,5
1,1,530259,0,0,0,0,0,0,0,0,0,0
2,1,530259,0,0,0,0,0,0,0,0,0,0
1,1,530260,0,0,0,0,0,0,0,0,0,0
1,1,530261,0,0,0,0,0,0,0,0,0,0
2,1,530261,0,0,0,0,0,0,0,0,0,0
0,1,530262,0,0,0,0,0,0,0,0,0,0
1,1,530263,0,0,0,0,0,0,0,0,0,0
2,1,530263,0,0,0,0,0,0,0,0,0,5
1,1,530264,17,17,17,17,17,17,17,17,17,17
2,1,530264,0,0,0,0,0,0,0,0,0,0
0,1,530265,0,0,0,0,0,0,0,0,0,0
1,1,530265,0,0,0,0,0,0,0,0,0,0
1,1,530266,13,13,13,13,13,13,13,13,13,13
1,1,530267,8,8,8,8,8,8,8,8,8,8
2,1,530267,0,0,0,0,0,0,0,0,0,0
1,1,530268,12,12,12,12,12,12,12,12,12,12
2,1,530268,0,17,0,0,0,0,0,0,0,0
1,1,530269,0,0,0,0,0,0,0,0,0,0
2,1,530269,0,0,0,0,0,0,0,0,0,0
0,1,530270,0,0,0,0,0,0,0,0,0,0
1,1,530270,13,0,0,0,0,0,0,0,0,0
1,1,530271,0,0,0,0,0,0,0,0,0,0
2,1,530271,0,0,0,0,0,0,0,0,0,0
1,1,530272,3,3,3,3,3,3,3,3,3,3
1,1,530273,0,14,11,0,0,0,0,0,0,22
2,1,530273,0,0,0,0,0,0,0,0,2,0
1,1,530274,11,11,11,11,11,11,11,11,11,11
1,1,530275,0,0,0,0,0,0,0,0,0,0
1,1,530276,0,0,0,0,0,0,0,0,0,0
2,1,530276,13,0,0,0,0,0,0,0,0,0
1,1,530277,0,0,0,0,0,0,0,0,0,0
1,1,530278,6,6,6,6,6,6,6,6,6,6
1,1,530279,0,0,0,0,0,0,0,0,0,0
1,1,530280,0,0,0,0,0,0,0,0,0,0
1,1,530281,8,8,8,8,8,8,8,8,8,8
2,1,530281,0,0,0,0,0,0,0,0,0,0
1,1,530282,0,0,0,0,0,0,0,0,0,0
2,1,530282,0,0,0,0,0,6,0,0,5,0
1,1,530283,19,19,19,19,19,19,19,19,19,19
1,1,530284,0,0,0,0,0,0,0,0,0,0
1,1,530285,0,0,0,0,0,0,0,0,0,0
1,1,530286,13,13,13,13,13,13,13,13,13,13
1,1,530287,10,10,10,10,10,10,10,10,10,10
1,1,530288,0,0,0,0,0,0,0,0,0,0
2,1,530288,0,0,0,0,0,0,0,0,0,0
1,1,530289,0,0,0,0,0,0,0,0,0,0
1,1,530290,25,25,25,25,25,25,25,25,25,25
1,1,530291,0,0,0,0,0,0,0,0,0,0
2,1,530291,0,0,0,0,0,0,0,0,0,0
3,1,530291,0,0,0,0,0,0,0,0,0,0
1,1,530292,0,0,0,0,0,0,0,0,0,0
2,1,530292,0,0,0,0,0,0,0,0,0,0
0,1,530293,0,0,0,0,0,0,0,0,0,0
1,1,530293,0,0,0,0,0,0,0,0,0,0
1,1,530294,0,0,0,0,0,0,0,0,0,0
2,1,530294,0,0,0,0,0,0,0,0,0,0
1,1,530295,0,0,0,0,0,0,0,0,0,0
1,1,530296,0,0,0,0,0,0,0,0,0,0
2,1,530296,0,0,0,0,0,0,0,0,0,0
1,1,530297,0,0,0,0,0,0,0,0,0,0
2,1,530297,0,0,0,0,0,0,0,0,0,0
1,1,530298,0,0,0,0,0,0,0,0,0,0
1,1,530299,0,0,0,0,0,0,0,0,0,0
2,1,530299,0,0,0,0,0,0,0,0,0,0
1,1,530300,0,0,0,0,0,0,0,0,0,0
2,1,530300,0,0,0,0,0,0,0,0,0,0
1,1,530301,4,16,11,0,9,10,8,28,16,15
1,1,530302,0,0,0,0,0,0,0,0,0,0
1,1,530303,17,17,17,17,17,17,17,17,17,17
1,1,530304,0,0,0,0,0,0,0,0,0,0
2,1,530304,0,0,0,0,0,0,0,0,0,0
0,1,530305,0,0,0,0,0,0,0,0,0,0
1,1,530305,8,0,0,0,0,0,0,0,0,0
0,1,530306,21,21,21,21,21,21,21,21,21,21
1,1,530306,12,18,0,13,6,0,6,0,0,14
1,1,530307,20,20,20,20,20,20,20,20,20,20
1,1,530308,10,10,10,10,10,10,10,10,10,10
0,1,530309,9,9,9,9,9,9,9,9,9,9
1,1,530309,0,0,0,0,0,0,0,0,0,0
1,1,530310,13,13,13,13,13,13,13,13,13,13
1,1,530311,0,0,0,0,0,0,0,0,0,0
2,1,530311,0,0,0,0,0,0,0,0,0,0
1,1,530312,0,0,0,0,0,0,0,0,0,0
1,1,530313,17,29,11,29,9,24,0,22,26,7
1,1,530314,0,0,0,0,0,0,0,0,0,0
1,1,530315,0,0,0,0,0,0,0,0,0,0
1,1,530317,0,0,0,0,0,0,0,0,0,0
1,1,530318,20,20,20,20,20,20,20,20,20,20
1,1,530319,14,14,14,14,14,14,14,14,14,14
1,1,530320,0,0,0,0,0,0,0,0,0,0
1,1,530321,18,18,18,18,18,18,18,18,18,18
1,1,530323,20,20,20,20,20,20,20,20,20,20
1,1,530325,0,0,0,0,0,0,0,0,0,0
2,1,530325,0,0,11,0,0,0,0,0,0,0
1,1,530326,0,0,0,0,0,0,0,26,0,0
2,1,530326,0,0,0,0,0,0,0,0,0,0
3,1,530326,0,0,0,0,0,0,0,0,0,0
1,1,530327,34,34,34,34,34,34,34,34,34,34
1,1,530328,28,28,28,28,28,28,28,28,28,28
1,1,530329,23,23,23,23,23,23,23,23,23,23
1,1,530330,21,21,21,21,21,21,21,21,21,21
1,1,530331,21,21,21,21,21,21,21,21,21,21
1,1,530332,0,0,0,0,0,0,0,0,0,0
0,1,530333,0,0,0,13,0,27,0,0,0,0
1,1,530333,0,0,0,0,0,0,0,0,0,0
1,1,530334,15,15,15,15,15,15,15,15,15,15
2,1,530334,0,0,0,0,0,0,0,0,0,0
1,1,530335,0,0,0,0,0,0,0,0,0,0
2,1,530335,0,0,0,0,0,0,0,0,0,0
1,1,530336,19,19,19,19,19,19,19,19,19,19
1,1,530337,19,19,19,19,19,19,19,19,19,19
2,1,530337,0,0,0,2,0,11,3,0,0,0
1,1,530338,0,0,0,0,0,0,0,0,0,0
2,1,530338,0,0,0,0,0,0,0,0,0,0
1,1,530339,0,0,16,0,0,0,0,0,0,0
0,1,530340,0,0,0,0,0,0,0,0,0,0
1,1,530340,0,0,0,0,0,0,0,0,0,0
0,1,530341,24,24,24,24,24,24,24,24,24,24
1,1,530341,0,0,0,6,0,0,0,0,0,0
1,1,530342,16,16,16,16,16,16,16,16,16,16
1,1,530343,0,0,0,0,0,0,0,0,0,0
2,1,530344,10,10,10,10,10,10,10,10,10,10
1,1,530345,0,0,0,0,0,0,0,0,0,0
1,1,530346,0,0,0,0,0,0,0,0,0,0
2,1,530346,0,0,0,0,0,0,0,0,0,0
1,1,530347,25,25,25,25,25,25,25,25,25,25
1,1,530348,0,0,0,0,0,0,0,0,0,0
2,1,530348,0,0,0,0,0,0,0,0,0,0
1,1,530349,0,0,0,0,0,0,0,0,0,0
2,1,530349,0,0,0,0,0,0,0,0,0,0
1,1,530350,14,14,14,14,14,14,14,14,14,14
1,1,530351,0,0,0,0,0,0,0,0,0,0
1,1,530352,18,18,18,18,18,18,18,18,18,18
1,1,530353,0,0,0,0,0,0,0,0,0,0
2,1,530353,0,0,0,0,0,0,0,0,0,0
1,1,530354,0,0,0,0,0,0,0,0,0,0
2,1,530354,0,0,0,0,0,0,0,0,0,0
1,1,530355,27,27,27,27,27,27,27,27,27,27
0,1,530356,0,0,0,0,0,0,0,0,0,0
1,1,530356,0,0,0,0,0,0,0,0,0,0
1,1,530357,0,0,0,0,0,0,0,0,0,0
1,1,530358,11,11,11,11,11,11,11,11,11,11
1,1,530359,0,0,0,0,0,0,0,0,0,0
0,1,530360,0,0,0,0,0,0,0,0,0,0
1,1,530360,0,0,0,0,0,0,0,0,0,0
1,1,530361,16,16,16,16,16,16,16,16,16,16
2,1,530361,0,0,0,6,0,0,0,0,0,0
3,1,530361,0,0,0,0,0,0,0,0,0,0
1,1,530362,0,0,0,0,0,0,0,0,0,0
2,1,530362,0,0,0,0,0,0,0,0,0,0
1,1,530363,12,12,12,12,12,12,12,12,12,12
1,1,530364,15,15,15,15,15,15,15,15,15,15
2,1,530364,0,0,0,0,0,0,0,0,0,0
1,1,530365,16,16,16,16,16,16,16,16,16,16
2,1,530365,0,0,0,0,0,0,0,6,0,0
1,1,530366,0,0,0,0,0,0,0,0,0,0
1,1,530367,0,0,0,0,0,0,0,0,0,0
0,1,530368,0,0,0,0,0,0,0,0,0,0
1,1,530368,0,0,0,0,0,0,0,0,0,0
1,1,530369,0,0,0,0,0,0,0,0,0,0
2,1,530369,0,0,0,0,0,0,0,0,0,0
1,1,530370,6,6,6,6,6,6,6,6,6,6
0,1,530371,32,32,32,32,32,32,32,32,32,32
1,1,530371,0,0,0,0,0,0,0,0,0,0
1,1,530373,8,8,8,8,8,8,8,8,8,8
1,1,530374,0,0,0,0,0,0,0,0,0,0
2,1,530374,0,0,0,4,0,0,0,0,0,0
1,1,530376,18,26,9,17,29,8,8,8,0,20
2,1,530376,0,0,0,0,0,0,0,0,0,0
0,1,530377,18,18,18,18,18,18,18,18,18,18
1,1,530377,24,24,24,24,24,24,24,24,24,24
3,1,530377,0,8,0,0,0,0,0,0,0,0
1,1,530378,0,0,0,0,0,0,0,0,0,0
2,1,530378,0,0,0,0,0,0,0,0,0,0
1,1,530379,0,0,0,0,0,0,0,0,0,0
2,1,530379,0,0,0,14,0,0,0,0,0,0
3,1,530379,0,0,0,0,0,0,0,0,20,13
1,1,530380,25,25,25,25,25,25,25,25,25,25
2,1,530380,0,0,0,0,0,0,0,0,0,0
1,1,530382,0,0,0,0,0,0,0,0,0,0
1,1,530383,35,35,35,35,35,35,35,35,35,35
1,1,530384,0,0,0,0,0,0,0,0,0,0
0,1,530385,5,5,5,5,5,5,5,5,5,5
1,1,530385,0,0,0,0,0,0,0,0,0,0
1,1,530386,13,13,13,13,13,13,13,13,13,13
1,1,530387,0,0,0,0,0,0,0,0,0,0
1,1,530388,11,11,11,11,11,11,11,11,11,11
1,1,530389,0,0,0,0,0,0,0,0,0,0
2,1,530389,0,0,0,0,0,0,0,0,0,0
1,1,530390,0,0,0,0,0,0,0,0,0,0
1,1,530391,0,0,0,0,0,0,0,0,0,0
2,1,530391,0,0,0,0,0,0,0,0,0,0
1,1,530392,23,23,23,23,23,23,23,23,23,23
1,1,530393,0,0,0,0,0,0,0,0,0,15
2,1,530393,0,0,0,0,15,0,0,0,11,0
3,1,530393,0,0,0,0,0,0,0,0,0,0
1,1,530394,15,15,15,15,15,15,15,15,15,15
2,1,530394,0,0,0,0,0,0,0,0,0,0
0,1,530395,0,0,0,0,0,0,0,0,0,0