VEH_NO,PER_NO,ST_CASE,P1,P2,P3,P4,P5,P6,P7,P8,P9,P10
1,1,530395,0,0,0,0,0,0,0,0,0,0
1,1,530396,17,17,17,17,17,17,17,17,17,17
2,1,530396,0,0,5,0,16,0,0,0,0,0
1,1,530397,25,25,25,25,25,25,25,25,25,25
1,1,530398,0,0,0,0,0,0,0,0,0,0
2,1,530398,6,6,6,6,6,6,6,6,6,6
1,1,530399,11,11,11,11,11,11,11,11,11,11
1,1,530400,0,0,0,0,0,0,0,0,0,0
2,1,530400,0,0,0,0,0,0,0,0,0,0
1,1,530401,14,14,14,14,14,14,14,14,14,14
1,1,530402,22,22,22,22,22,22,22,22,22,22
1,1,530403,0,0,0,0,0,0,0,0,0,0
2,1,530403,0,0,0,0,0,0,0,0,0,0
1,1,530404,0,0,0,0,0,0,0,0,0,0
1,1,530405,29,19,0,13,15,26,5,0,14,27
1,1,530406,21,21,21,21,21,21,21,21,21,21
0,1,530407,0,0,0,0,0,0,0,0,0,0
1,1,530407,6,6,6,6,6,6,6,6,6,6
1,1,530408,0,7,0,0,0,0,0,0,0,0
0,1,530409,25,25,25,25,25,25,25,25,25,25
1,1,530409,0,16,5,0,0,0,7,4,0,12
1,1,530410,17,17,17,17,17,17,17,17,17,17
2,1,530410,14,14,6,9,11,25,15,16,11,21
1,1,530411,0,0,0,0,0,0,0,0,0,0
2,1,530411,0,0,0,0,0,0,0,0,0,0
3,1,530411,0,0,0,0,0,0,0,0,0,0
0,1,530412,18,18,18,18,18,18,18,18,18,18
1,1,530412,0,0,0,0,0,0,0,0,0,0
0,1,530413,0,0,0,0,0,0,0,0,9,32
1,1,530413,0,0,0,0,0,0,0,0,0,0
1,1,530414,0,0,0,14,0,14,0,0,0,0
2,1,530414,0,0,0,0,0,0,0,0,0,0
3,1,530414,0,0,0,6,0,0,0,0,0,3
1,1,530415,20,20,20,20,20,20,20,20,20,20
2,1,530415,0,0,0,0,0,0,0,0,0,0
0,1,530416,30,30,30,30,30,30,30,30,30,30
1,1,530416,0,0,0,0,0,0,0,0,0,0
0,1,530417,19,19,19,19,19,19,19,19,19,19
1,1,530417,0,0,0,0,0,0,0,0,0,0
1,1,530418,0,0,0,0,0,0,0,0,0,0
2,1,530418,0,0,0,0,0,0,0,0,0,0
0,1,530419,0,0,0,0,0,0,0,0,0,0
1,1,530419,0,0,0,0,0,0,0,0,0,0
0,1,530420,6,6,6,6,6,6,6,6,6,6
1,1,530420,20,20,20,20,20,20,20,20,20,20
1,1,530421,0,0,0,0,0,0,0,0,0,0
2,1,530421,0,0,13,0,5,0,0,0,0,0
0,1,530422,17,17,17,17,17,17,17,17,17,17
1,1,530422,13,13,13,13,13,13,13,13,13,13
1,1,530423,16,16,16,16,16,16,16,16,16,16
1,1,530424,0,0,0,0,0,0,0,0,0,0
2,1,530424,0,0,0,0,0,0,0,0,0,0
0,1,530425,0,0,0,0,0,0,0,0,0,0
0,2,530425,0,0,0,0,12,0,9,0,0,0
1,1,530425,0,0,0,0,0,0,0,0,0,0
1,1,530426,0,0,0,0,0,0,0,0,0,0
1,1,530427,0,0,0,0,0,0,0,0,0,0
2,1,530427,0,0,0,0,0,0,0,0,0,0
0,1,530428,11,30,0,0,0,0,0,0,0,13
1,1,530428,0,0,0,0,0,0,0,0,0,0
1,1,530429,0,0,0,0,0,0,0,0,0,0
0,1,530430,0,0,17,0,0,0,36,0,0,0
1,1,530430,0,0,0,0,0,0,0,0,0,0
1,1,530431,0,0,0,0,0,0,0,0,0,0
2,1,530431,0,0,0,0,0,0,0,0,0,0
0,1,530432,0,0,0,0,0,0,0,0,0,0
1,1,530432,10,10,10,10,10,10,10,10,10,10
0,1,530433,22,22,22,22,22,22,22,22,22,22
1,1,530433,0,0,0,0,0,0,0,0,0,0
1,1,530434,8,8,8,8,8,8,8,8,8,8
1,1,530435,0,0,0,0,0,0,0,0,0,0
1,1,530436,21,12,19,10,15,23,0,19,21,34
2,1,530436,0,0,0,0,0,0,0,0,0,0
1,1,530437,16,16,16,16,16,16,16,16,16,16
0,1,530438,26,26,26,26,26,26,26,26,26,26
1,1,530438,0,0,0,0,0,0,0,0,0,0
1,1,530439,0,0,0,0,0,0,0,0,0,0
1,1,530440,12,12,12,12,12,12,12,12,12,12
0,1,530441,0,0,0,0,0,0,0,0,0,0
1,1,530441,0,0,0,11,0,0,0,0,0,0
2,1,530441,10,13,0,0,0,0,0,0,20,0
1,1,530442,21,21,21,21,21,21,21,21,21,21
1,1,530443,29,29,29,29,29,29,29,29,29,29
1,1,530444,22,22,22,22,22,22,22,22,22,22
2,1,530444,24,4,8,0,0,17,6,29,17,0
1,1,530445,0,0,0,0,0,0,0,0,0,0
2,1,530445,0,0,0,0,0,0,0,0,0,0
1,1,530446,3,3,3,3,3,3,3,3,3,3
2,1,530446,0,0,0,0,0,0,0,0,0,0
1,1,530447,14,14,14,14,14,14,14,14,14,14
1,1,530448,0,0,2,0,0,0,0,0,0,0
2,1,530448,7,7,7,7,7,7,7,7,7,7
0,1,530449,0,0,0,0,0,0,0,0,0,0
1,1,530449,7,7,7,7,7,7,7,7,7,7
1,1,530450,14,14,14,14,14,14,14,14,14,14
1,1,530451,0,0,0,0,0,0,0,0,0,0
2,1,530451,0,0,0,0,0,0,0,0,0,0
0,1,530452,0,0,0,0,0,0,0,0,0,0
1,1,530452,0,0,0,0,0,0,0,0,0,0
1,1,530453,0,0,0,0,0,0,0,0,0,0
1,1,530454,23,23,23,23,23,23,23,23,23,23
0,1,530455,0,0,0,0,0,0,0,0,0,0
1,1,530455,0,0,0,0,0,0,0,0,0,0
1,1,530456,0,0,0,0,0,0,0,0,0,0
1,1,530457,17,17,17,17,17,17,17,17,17,17
1,1,530458,0,0,0,0,0,0,0,0,0,0
2,1,530458,0,0,0,0,0,0,0,0,0,0
1,1,530459,0,0,0,0,0,0,0,0,0,0
2,1,530459,0,0,0,0,0,0,0,0,0,0
1,1,530460,24,14,12,20,0,15,10,19,0,18
1,1,530461,0,0,13,19,12,10,0,14,10,28
1,1,540001,0,0,0,0,0,0,0,0,0,0
1,1,540002,0,0,0,0,0,0,0,0,0,0
2,1,540002,0,0,0,0,0,0,0,0,0,0
1,1,540003,28,28,28,28,28,28,28,28,28,28
0,1,540004,4,4,4,4,4,4,4,4,4,4
1,1,540004,0,0,0,0,0,0,0,0,0,0
1,1,540005,0,0,0,0,0,0,0,0,0,0
2,1,540005,1,1,1,1,1,1,1,1,1,1
1,1,540006,0,0,0,0,0,0,0,0,0,0
1,1,540007,0,0,0,0,0,0,0,0,0,0
2,1,540007,0,0,0,0,0,0,0,0,0,0
1,1,540008,20,20,20,20,20,20,20,20,20,20
2,1,540008,0,0,0,0,0,0,0,0,0,0
1,1,540009,17,17,17,17,17,17,17,17,17,17
1,1,540010,0,0,0,0,0,0,0,0,0,0
1,1,540011,9,9,9,9,9,9,9,9,9,9
2,1,540011,0,0,0,0,0,0,0,0,0,0
1,1,540012,0,0,0,0,0,0,0,0,0,0
1,1,540013,23,23,23,23,23,23,23,23,23,23
1,1,540014,0,0,0,0,0,0,0,0,0,0
1,1,540015,17,4,0,18,12,6,29,0,16,12
2,1,540015,0,0,0,0,0,0,0,0,0,0
1,1,540016,0,0,0,0,0,0,0,0,0,0
1,1,540017,0,0,0,0,0,0,0,0,0,0
2,1,540017,0,0,0,0,0,0,0,0,0,0
3,1,540017,0,0,0,0,0,0,0,0,0,0
1,1,540018,10,10,10,10,10,10,10,10,10,10
2,1,540018,0,0,0,0,0,0,3,0,0,0
1,1,540019,0,7,0,11,0,0,13,0,0,0
1,1,540020,15,15,15,15,15,15,15,15,15,15
1,1,540021,17,12,8,19,22,19,14,14,15,7
1,1,540022,0,13,0,5,0,0,0,0,4,0
2,1,540022,0,0,0,0,0,0,0,0,0,0
1,1,540023,22,22,22,22,22,22,22,22,22,22
1,1,540024,23,23,23,23,23,23,23,23,23,23
1,1,540025,42,0,22,30,13,25,27,27,21,37
1,1,540026,29,29,29,29,29,29,29,29,29,29
1,1,540027,0,0,0,0,0,0,0,0,0,0
1,1,540028,12,12,12,12,12,12,12,12,12,12
2,1,540028,0,0,0,0,0,0,0,6,0,0
3,1,540028,0,0,0,0,0,0,0,0,0,0
1,1,540029,0,0,0,0,0,0,0,0,0,0
1,1,540030,12,0,0,0,0,0,0,0,0,0
1,1,540031,0,0,0,18,0,0,0,0,0,19
1,1,540032,18,18,18,18,18,18,18,18,18,18
2,1,540032,0,0,0,0,0,0,0,0,0,0
1,1,540033,17,17,17,17,17,17,17,17,17,17
1,1,540034,21,21,21,21,21,21,21,21,21,21
1,1,540035,38,38,38,38,38,38,38,38,38,38
1,1,540036,0,0,0,0,0,0,0,0,0,0
2,1,540036,0,0,0,0,0,0,0,0,0,0
3,1,540036,0,0,0,0,0,0,0,0,0,0
1,1,540037,0,0,0,0,0,0,0,0,0,0
1,1,540038,0,0,0,0,0,0,0,0,0,0
2,1,540038,0,0,0,0,0,0,0,0,0,0
1,1,540039,10,10,10,10,10,10,10,10,10,10
1,1,540040,0,0,0,0,0,0,0,0,0,0
1,1,540041,0,0,0,0,0,0,0,0,0,0
2,1,540041,0,0,0,0,0,0,0,0,0,0
1,1,540042,0,0,0,0,0,0,0,0,0,0
1,1,540043,0,0,0,0,0,0,0,0,0,0
2,1,540043,0,0,0,0,0,0,0,0,0,0
0,1,540044,10,10,10,10,10,10,10,10,10,10
1,1,540044,0,0,0,0,0,0,0,0,0,0
1,1,540045,0,0,0,0,0,0,0,0,0,0
1,1,540046,21,21,21,21,21,21,21,21,21,21
0,1,540047,34,34,34,34,34,34,34,34,34,34
1,1,540047,16,16,16,16,16,16,16,16,16,16
1,1,540048,0,0,0,0,0,0,0,0,0,0
2,1,540048,0,0,0,0,0,0,0,0,0,0
1,1,540049,0,0,26,0,0,0,0,0,0,0
2,1,540049,0,0,0,0,0,0,0,0,0,0
1,1,540050,23,23,23,23,23,23,23,23,23,23
0,1,540051,0,0,0,0,0,0,0,0,0,0
1,1,540051,0,0,0,0,0,0,0,0,0,0
1,1,540052,0,0,0,0,0,0,0,0,0,0
1,1,540053,25,25,25,25,25,25,25,25,25,25
1,1,540054,0,0,0,0,0,0,0,0,0,0
2,1,540054,0,0,0,0,0,0,0,0,0,0
1,1,540055,29,29,29,29,29,29,29,29,29,29
0,1,540056,37,37,37,37,37,37,37,37,37,37
1,1,540056,0,0,0,0,0,0,0,0,0,0
1,1,540057,6,10,0,19,7,18,14,0,12,8
1,1,540058,18,18,18,18,18,18,18,18,18,18
1,1,540059,12,12,12,12,12,12,12,12,12,12
1,1,540060,0,0,0,0,0,0,0,0,0,0
1,1,540061,0,0,0,0,0,0,0,0,0,0
1,1,540062,21,21,21,21,21,21,21,21,21,21
1,1,540063,0,0,0,0,0,0,0,0,0,0
2,1,540063,0,0,0,0,0,0,0,0,0,0
1,1,540064,0,0,0,0,0,0,0,0,0,0
1,1,540065,5,5,5,5,5,5,5,5,5,5
1,1,540066,0,0,0,0,0,0,0,0,0,0
2,1,540066,0,0,0,0,0,0,0,0,0,0
1,1,540067,0,0,0,0,0,0,0,0,0,0
1,1,540068,32,32,32,32,32,32,32,32,32,32
2,1,540068,0,0,0,0,0,0,0,0,0,0
1,1,540069,0,0,0,0,0,0,0,0,0,0
2,1,540069,0,0,0,0,0,0,0,0,0,0
3,1,540069,0,0,0,0,0,0,0,0,0,0
1,1,540070,0,0,0,0,0,0,0,0,0,0
2,1,540070,0,0,0,0,0,0,0,0,0,0
1,1,540071,0,0,0,0,0,0,0,0,0,0
1,1,540072,29,29,29,29,29,29,29,29,29,29
1,1,540073,0,0,0,0,0,0,0,0,0,0
1,1,540074,0,0,0,0,0,0,0,0,0,0
2,1,540074,0,0,0,0,0,0,0,0,0,0
3,1,540074,0,0,0,0,0,0,0,0,0,0
1,1,540075,0,0,0,0,0,0,0,0,0,0
2,1,540075,18,18,18,18,18,18,18,18,18,18
1,1,540076,22,22,22,22,22,22,22,22,22,22
1,1,540077,11,11,11,11,11,11,11,11,11,11
1,1,540078,0,0,0,0,0,0,0,0,0,0
2,1,540078,0,0,0,0,0,0,0,0,0,0
1,1,540079,3,3,3,3,3,3,3,3,3,3
1,1,540080,35,35,35,35,35,35,35,35,35,35
1,1,540081,12,12,12,12,12,12,12,12,12,12
1,1,540082,22,22,22,22,22,22,22,22,22,22
1,1,540083,0,0,0,0,0,0,0,0,0,0
2,1,540083,0,0,0,0,0,0,0,0,0,0
1,1,540084,0,0,0,0,0,0,0,0,0,0
1,1,540085,0,0,0,0,0,0,0,0,0,0
1,1,540086,0,0,0,0,0,0,0,3,0,0
1,1,540087,0,0,0,0,0,0,0,0,0,0
2,1,540087,0,0,0,0,0,0,0,0,0,0
1,1,540088,29,29,29,29,29,29,29,29,29,29
0,1,540089,0,0,0,0,0,0,0,0,0,0
1,1,540089,0,0,0,0,0,0,5,0,0,0
1,1,540090,0,0,0,0,0,0,0,0,0,0
1,1,540092,0,0,0,0,0,0,0,0,0,0
2,1,540092,0,0,0,0,0,0,0,0,0,0
1,1,540093,0,0,0,0,0,0,0,0,0,0
2,1,540093,0,0,0,0,0,0,0,0,0,0
1,1,540094,0,0,0,0,0,0,0,0,0,0
1,1,540095,15,15,15,15,15,15,15,15,15,15
1,1,540096,0,0,0,0,0,0,0,0,0,0
1,1,540097,0,0,0,0,0,0,0,0,0,0
2,1,540097,0,0,0,0,0,0,0,0,0,0
1,1,540098,9,0,0,0,0,0,0,0,0,0
2,1,540098,0,0,0,0,0,0,0,0,0,0
1,1,540099,0,0,0,0,0,0,0,0,0,0
2,1,540099,30,30,30,30,30,30,30,30,30,30
1,1,540100,0,0,0,0,0,0,0,0,0,0
2,1,540100,0,0,0,0,0,0,0,0,0,0
1,1,540101,0,0,0,0,0,0,30,0,0,0
1,1,540102,0,0,0,0,0,0,0,0,0,0
1,1,540103,0,0,0,0,0,0,0,0,0,0
2,1,540103,0,0,0,0,0,0,0,0,0,0
1,1,540104,0,0,0,0,0,0,0,0,0,0
2,1,540104,0,0,0,0,0,0,0,0,0,0
1,1,540105,11,11,11,11,11,11,11,11,11,11
1,1,540106,0,0,0,0,0,0,0,0,0,0
2,1,540106,0,0,0,0,0,0,0,0,0,0
3,1,540106,0,0,0,0,0,0,0,0,0,0
0,1,540107,0,0,0,0,0,0,0,0,0,0
1,1,540107,0,0,0,0,0,0,0,0,0,0
1,1,540108,0,0,0,0,0,0,0,0,0,0
2,1,540108,0,0,0,0,0,0,0,0,0,0
1,1,540109,11,11,11,11,11,11,11,11,11,11
1,1,540110,19,19,19,19,19,19,19,19,19,19
0,1,540111,21,21,21,21,21,21,21,21,21,21
1,1,540111,3,3,3,3,3,3,3,3,3,3
1,1,540112,0,0,0,0,0,0,0,0,0,0
2,1,540112,25,25,25,25,25,25,25,25,25,25
1,1,540113,0,0,0,0,0,0,0,0,0,0
2,1,540113,0,0,0,0,0,0,0,0,0,0
1,1,540114,0,0,0,0,0,0,0,0,0,0
2,1,540114,0,0,0,0,0,0,0,0,0,0
1,1,540115,18,18,18,18,18,18,18,18,18,18
1,1,540116,10,25,16,12,24,21,17,14,0,16
1,1,540117,0,0,0,0,0,0,0,0,0,0
2,1,540117,0,0,0,0,0,0,0,0,0,0
1,1,540118,0,0,0,0,0,0,0,0,0,0
1,1,540119,0,0,0,0,0,0,0,0,0,0
1,1,540120,0,0,0,0,0,0,0,0,0,0
2,1,540120,0,0,0,0,0,0,0,0,0,0
1,1,540121,0,0,0,0,0,0,0,0,0,0
1,1,540122,27,27,27,27,27,27,27,27,27,27
2,1,540122,0,0,0,0,0,0,0,0,0,0
1,1,540123,0,0,0,0,0,0,0,0,0,0
0,1,540124,12,12,12,12,12,12,12,12,12,12
1,1,540124,0,0,0,0,0,0,0,0,0,0
1,1,540125,0,0,0,0,0,0,0,0,0,0
1,1,540126,24,24,24,24,24,24,24,24,24,24
1,1,540127,0,0,0,0,0,0,0,0,0,0
2,1,540127,0,0,0,0,0,0,0,0,0,0
1,1,540128,21,21,21,21,21,21,21,21,21,21
1,1,540129,0,0,0,0,0,0,0,0,0,0
2,1,540129,0,0,0,0,0,0,0,0,0,0
1,1,540130,13,21,13,25,22,7,20,17,21,7
0,1,540131,8,8,8,8,8,8,8,8,8,8
1,1,540131,0,0,0,0,0,0,0,0,0,0
0,1,540132,23,23,23,23,23,23,23,23,23,23
0,2,540132,21,21,21,21,21,21,21,21,21,21
0,3,540132,18,22,8,17,13,17,21,23,17,32
1,1,540132,0,0,0,0,0,0,0,0,0,0
1,1,540133,0,0,0,0,0,0,0,0,0,0
1,1,540134,0,0,0,0,3,0,0,0,0,0
1,1,540135,0,0,0,0,0,0,0,0,0,0
1,1,540136,0,0,0,0,0,0,0,0,0,0
2,1,540136,0,0,0,0,0,0,0,0,0,0
1,1,540137,21,21,21,21,21,21,21,21,21,21
2,1,540137,0,0,0,0,0,0,0,0,0,0
1,1,540138,27,27,27,27,27,27,27,27,27,27
1,1,540139,22,22,22,22,22,22,22,22,22,22
1,1,540140,14,14,14,14,14,14,14,14,14,14
1,1,540141,0,0,0,0,0,0,0,0,0,0
2,1,540141,0,0,0,0,0,0,0,0,0,0
1,1,540142,0,0,0,0,0,0,0,0,0,0
1,1,540143,11,19,7,13,14,0,11,7,10,5
1,1,540144,31,31,31,31,31,31,31,31,31,31
1,1,540145,19,9,0,13,6,13,12,15,8,3
1,1,540146,0,0,0,0,0,0,0,0,0,0
2,1,540146,0,0,0,0,0,0,0,0,0,0
1,1,540147,0,0,0,0,0,0,0,0,0,0
2,1,540147,23,18,14,16,0,15,12,0,13,6
1,1,540148,16,16,16,16,16,16,16,16,16,16
1,1,540149,18,18,18,18,18,18,18,18,18,18
1,1,540150,0,0,0,0,0,0,0,0,0,0
2,1,540150,0,0,0,0,0,0,0,0,0,0
1,1,540151,0,0,10,0,0,0,0,0,0,0
2,1,540151,0,0,0,0,0,0,0,0,0,0
1,1,540152,8,10,15,6,3,9,11,12,8,13
1,1,540153,29,29,29,29,29,29,29,29,29,29
2,1,540153,0,0,0,8,0,0,0,0,0,0
1,1,540154,0,0,0,2,0,0,0,0,0,0
2,1,540154,0,0,0,0,0,0,0,0,0,0
1,1,540155,0,0,0,0,0,0,0,0,0,0
2,1,540155,0,0,0,0,0,0,0,0,0,0
1,1,540156,0,0,10,0,0,0,0,0,0,0
1,1,540157,0,0,0,0,0,0,0,0,0,0
2,1,540157,3,0,0,7,0,0,0,16,0,0
1,1,540158,0,0,0,0,0,0,0,0,0,0
2,1,540158,0,0,0,0,0,0,0,0,0,0
1,1,540159,0,0,0,0,0,0,0,0,0,0
2,1,540159,0,0,0,0,0,0,0,0,0,0
1,1,540160,19,19,19,19,19,19,19,19,19,19
1,1,540161,0,0,0,0,0,0,0,0,0,0
1,1,540162,16,16,16,16,16,16,16,16,16,16
2,1,540162,0,0,0,0,0,0,0,0,0,0
1,1,540163,11,11,11,11,11,11,11,11,11,11
1,1,540164,0,0,0,0,0,0,0,0,0,0
2,1,540164,0,0,0,0,0,0,0,0,0,0
1,1,540165,11,11,11,11,11,11,11,11,11,11
1,1,540166,8,8,8,8,8,8,8,8,8,8
2,1,540166,0,0,0,0,0,0,0,0,0,0
3,1,540166,0,0,0,0,0,0,0,0,0,0
4,1,540166,0,0,0,0,0,0,0,0,0,0
0,1,540167,20,20,20,20,20,20,20,20,20,20
0,2,540167,0,0,0,0,0,0,0,0,0,0
1,1,540167,0,0,0,0,0,0,0,0,0,0
1,1,540168,25,25,25,25,25,25,25,25,25,25
2,1,540168,0,0,0,0,0,18,4,0,0,0
1,1,540169,0,0,9,6,0,0,0,0,0,0
2,1,540169,0,0,0,0,0,0,0,0,0,0
1,1,540170,0,0,0,0,0,0,0,0,0,0
1,1,540171,20,20,20,20,20,20,20,20,20,20
1,1,540172,0,0,0,0,0,0,0,0,0,0
2,1,540172,5,5,5,5,5,5,5,5,5,5
1,1,540173,2,2,2,2,2,2,2,2,2,2
1,1,540174,8,8,8,8,8,8,8,8,8,8
1,1,540175,0,0,0,0,0,0,0,0,0,0
1,1,540176,0,0,0,0,0,0,0,0,0,0
1,1,540177,0,0,0,0,0,0,0,0,0,0
2,1,540177,0,0,0,0,0,0,0,0,0,0
1,1,540178,0,0,0,0,0,0,0,0,0,0
2,1,540178,0,0,0,0,0,0,0,0,0,0
1,1,540179,0,0,0,0,0,0,0,0,0,0
1,1,540180,13,13,13,13,13,13,13,13,13,13
1,1,540181,0,0,0,0,0,0,0,0,0,0
1,1,540182,0,0,0,0,0,0,0,0,0,0
2,1,540182,0,0,0,0,0,0,0,0,0,0
1,1,540183,9,9,9,9,9,9,9,9,9,9
1,1,540184,0,0,0,0,0,0,0,0,0,0
2,1,540184,0,0,0,0,0,0,0,0,0,0
3,1,540184,0,0,0,0,0,0,0,0,0,0
1,1,540185,0,0,0,0,0,0,0,0,0,0
2,1,540185,0,0,0,0,0,0,0,0,0,0
3,1,540185,0,0,0,0,0,0,0,0,0,0
4,1,540185,0,0,0,0,0,0,0,0,0,0
0,1,540186,0,0,0,0,0,0,0,0,0,0
1,1,540186,25,25,25,25,25,25,25,25,25,25
1,1,540187,0,0,0,0,0,0,0,0,0,0
1,1,540188,0,0,0,0,0,0,0,0,0,0
2,1,540188,0,0,0,0,0,0,0,8,0,0
1,1,540189,0,0,0,0,0,0,0,0,0,0
1,1,540190,33,33,33,33,33,33,33,33,33,33
1,1,540191,0,0,0,0,0,0,0,0,0,0
1,1,540192,0,0,0,0,0,0,0,0,0,0
1,1,540193,0,0,0,0,0,0,0,0,0,0
1,1,540194,0,0,0,0,0,0,0,0,0,0
1,1,540195,16,16,16,16,16,16,16,16,16,16
1,1,540196,28,0,10,0,5,20,16,0,28,16
1,1,540197,0,0,0,0,0,0,0,0,0,0
1,1,540198,19,15,0,0,17,0,17,14,0,3
1,1,540199,0,0,0,0,0,0,0,0,0,0
2,1,540199,0,0,0,0,0,0,0,0,0,0
1,1,540200,0,0,0,0,0,0,0,0,0,0
2,1,540200,0,0,0,0,0,0,0,0,0,0
3,1,540200,0,0,0,0,0,0,0,0,0,0
1,1,540201,0,0,0,0,0,0,0,0,0,0
1,1,540202,0,0,0,0,0,0,0,0,0,0
1,1,540203,25,25,25,25,25,25,25,25,25,25
1,1,540204,0,0,0,0,0,0,0,0,0,0
1,1,540205,0,0,0,0,0,0,0,0,0,0
1,1,540206,0,0,0,0,0,0,0,0,0,0
1,1,540207,0,0,0,0,0,0,0,0,0,0
1,1,540208,0,0,0,0,0,0,0,0,0,0
2,1,540208,0,0,0,0,0,0,0,0,0,0
1,1,540209,0,0,0,0,0,0,0,0,0,0
2,1,540209,0,0,0,0,0,0,0,0,0,0
3,1,540209,0,0,0,0,0,0,0,0,0,0
0,1,540210,38,38,38,38,38,38,38,38,38,38
1,1,540210,0,0,0,0,0,0,0,0,15,0
1,1,540211,0,0,0,0,0,0,0,0,0,0
1,1,540212,7,7,7,7,7,7,7,7,7,7
1,1,540213,0,0,0,0,0,0,0,0,0,0
1,1,540214,0,0,0,0,0,0,0,0,0,0
1,1,540215,16,16,16,16,16,16,16,16,16,16
1,1,540216,0,0,0,0,0,0,0,0,0,0
1,1,540217,19,19,19,19,19,19,19,19,19,19
1,1,540218,0,0,0,0,0,0,0,0,0,0
1,1,540219,7,7,7,7,7,7,7,7,7,7
1,1,540220,0,0,0,0,0,0,0,0,0,0
1,1,540221,14,14,14,14,14,14,14,14,14,14
1,1,540222,0,0,0,0,0,0,0,0,0,0
2,1,540222,0,0,0,0,0,0,0,0,0,0
1,1,540223,0,0,0,11,0,9,0,0,0,0
1,1,540224,17,17,17,17,17,17,17,17,17,17
1,1,540225,0,0,0,0,0,0,0,0,0,0
1,1,540226,10,10,10,10,10,10,10,10,10,10
1,1,540227,0,0,0,0,0,0,0,0,0,0
2,1,540227,0,0,0,0,0,0,0,0,0,0
1,1,540228,4,4,4,4,4,4,4,4,4,4
1,1,540229,21,21,21,21,21,21,21,21,21,21
1,1,540230,9,17,0,0,12,11,0,0,0,12
1,1,540231,17,17,17,17,17,17,17,17,17,17
0,1,540232,21,21,21,21,21,21,21,21,21,21
1,1,540232,0,0,0,0,0,0,0,0,0,0
1,1,540233,0,0,11,23,0,29,20,0,29,23
1,1,540234,17,17,17,17,17,17,17,17,17,17
0,1,540235,7,7,7,7,7,7,7,7,7,7
1,1,540235,0,0,0,0,0,0,0,0,0,0
1,1,540236,4,10,16,0,0,13,5,0,25,3
1,1,540237,0,0,0,0,0,0,0,0,0,0
1,1,540238,0,0,0,0,0,0,0,0,0,0
1,1,540239,0,0,0,0,0,0,0,0,0,0
2,1,540239,0,9,8,0,0,19,19,7,3,8
1,1,540240,6,6,6,6,6,6,6,6,6,6
1,1,540241,0,0,0,0,0,0,0,0,0,0
1,1,540242,38,38,38,38,38,38,38,38,38,38
1,1,540243,6,13,15,12,20,26,17,0,26,18
1,1,540244,0,0,0,0,0,0,0,0,0,0
1,1,540245,0,0,0,0,0,0,0,0,0,0
2,1,540245,20,0,0,0,0,0,0,0,0,15
1,1,540246,0,0,0,0,0,0,0,0,0,0
2,1,540246,0,0,0,0,0,0,0,0,0,0
1,1,540247,0,0,0,0,0,0,0,0,0,0
1,1,540248,0,0,0,0,0,0,0,0,0,0
1,1,540249,3,3,3,3,3,3,3,3,3,3
1,1,540250,0,0,0,0,0,0,0,0,0,0
1,1,540251,0,0,0,0,0,0,0,0,0,0
2,1,540251,0,0,0,0,0,0,0,0,0,0
1,1,540252,0,0,0,0,0,0,0,0,0,0
2,1,540252,0,0,0,0,0,0,0,0,0,0
1,1,540253,0,0,0,0,0,0,0,0,0,0
2,1,540253,0,0,0,0,0,0,0,0,0,0
1,1,540254,9,0,0,0,0,0,0,0,0,0
2,1,540254,10,0,0,12,4,0,0,14,13,0
1,1,540255,17,17,17,17,17,17,17,17,17,17
0,1,540256,0,0,0,0,0,0,0,0,0,0
1,1,540256,0,0,0,0,0,0,0,0,0,0
1,1,540257,0,0,0,0,0,0,0,0,0,0
1,1,540258,2,2,2,2,2,2,2,2,2,2
1,1,540259,0,0,0,0,0,0,0,0,0,0
1,1,540260,0,0,0,0,0,0,0,0,0,0
1,1,540261,1,1,1,1,1,1,1,1,1,1
1,1,540262,0,0,0,0,0,0,0,0,0,0
1,1,540263,0,0,0,0,0,0,0,0,0,0
1,1,540264,34,34,34,34,34,34,34,34,34,34
1,1,540265,0,0,0,0,0,0,0,0,0,0
1,1,540266,0,0,0,0,0,0,0,0,0,0
1,1,540267,17,17,17,17,17,17,17,17,17,17
1,1,540268,0,0,0,0,0,0,0,0,0,0
1,1,540269,0,0,0,0,0,0,0,0,0,0
1,1,540270,28,28,28,28,28,28,28,28,28,28
1,1,540271,0,0,0,0,0,0,0,0,0,0
1,1,540272,0,0,0,0,0,0,0,0,0,0
2,1,540272,0,0,0,0,0,0,0,0,0,0
1,1,540273,0,0,0,0,0,0,0,0,0,0
2,1,540273,20,20,20,20,20,20,20,20,20,20
1,1,540274,0,0,0,0,0,0,0,0,0,0
1,1,540275,15,15,15,15,15,15,15,15,15,15