VEH_NO,PER_NO,ST_CASE,P1,P2,P3,P4,P5,P6,P7,P8,P9,P10
2,1,540275,19,19,19,19,19,19,19,19,19,19
1,1,540276,0,0,0,0,0,0,0,0,0,0
2,1,540276,0,0,0,0,0,0,0,0,0,0
3,1,540276,0,0,0,0,0,0,0,0,0,0
1,1,540277,0,0,0,0,0,0,0,0,0,0
0,1,540278,0,0,0,0,0,0,0,0,0,0
1,1,540278,0,0,0,0,0,0,0,0,0,0
1,1,540279,13,13,13,13,13,13,13,13,13,13
0,1,540280,0,0,0,0,0,0,0,0,0,0
1,1,540280,0,0,0,0,0,0,0,0,0,0
1,1,540281,0,0,0,0,0,0,0,0,0,0
1,1,540282,0,0,0,0,0,0,0,0,0,0
2,1,540282,0,0,0,0,0,0,0,0,0,0
1,1,540283,0,0,0,0,0,0,0,0,0,0
2,1,540283,0,0,0,0,0,0,0,0,0,0
3,1,540283,0,0,0,0,0,0,0,0,0,0
1,1,540284,5,0,0,0,0,0,0,0,0,0
2,1,540284,0,0,0,0,0,0,0,0,0,0
3,1,540284,0,0,0,0,0,0,0,0,0,9
1,1,540285,0,0,0,0,0,0,0,0,0,0
2,1,540285,0,0,0,0,0,0,0,0,0,0
1,1,540286,0,0,0,0,0,0,0,0,0,0
2,1,540286,0,0,0,0,0,0,0,0,0,0
1,1,540287,20,20,20,20,20,20,20,20,20,20
1,1,540288,0,0,0,0,0,0,0,0,0,0
1,1,540289,0,0,0,0,0,0,0,0,0,0
2,1,540289,0,0,0,0,0,0,0,0,0,0
1,1,540290,0,0,0,0,0,0,0,0,0,0
2,1,540290,6,6,6,6,6,6,6,6,6,6
0,1,540291,0,0,0,0,0,0,0,0,0,0
1,1,540291,0,0,0,0,0,0,0,0,0,0
1,1,540292,20,20,20,20,20,20,20,20,20,20
2,1,540292,0,0,0,0,0,0,0,0,0,0
1,1,540293,0,0,0,0,0,0,0,0,0,0
2,1,540293,0,0,0,0,0,0,0,0,0,0
1,1,540294,0,0,0,0,0,0,0,0,0,0
1,1,540295,0,0,0,0,0,0,0,0,0,0
1,1,540296,33,33,33,33,33,33,33,33,33,33
1,1,540297,0,0,0,0,0,0,0,0,0,0
1,1,540298,0,0,0,0,0,0,0,0,0,0
2,1,540298,0,0,0,0,0,0,0,0,0,0
1,1,540299,0,0,15,0,0,0,0,0,0,0
2,1,540299,0,0,0,0,0,0,0,0,0,0
1,1,540300,0,0,0,0,0,0,0,0,0,0
2,1,540300,0,0,0,0,0,0,0,0,0,0
1,1,540301,0,0,0,0,0,0,0,0,0,0
1,1,540302,0,0,0,0,0,0,0,0,0,0
2,1,540302,0,0,0,0,0,0,0,0,0,0
3,1,540302,0,0,0,0,0,0,0,0,0,0
1,1,540303,19,0,0,0,0,0,0,0,0,0
1,1,540304,0,0,0,0,0,0,0,0,0,0
2,1,540304,0,0,0,0,0,0,0,0,0,0
1,1,540305,0,0,0,0,0,0,0,0,0,0
2,1,540305,0,0,0,0,0,0,0,0,0,0
1,1,540306,0,0,0,0,0,0,0,0,0,0
1,1,540307,0,0,0,0,0,0,0,0,0,0
2,1,540307,0,0,0,0,0,0,0,0,0,0
1,1,540308,0,0,0,0,0,0,0,0,0,0
2,1,540308,6,0,0,0,0,0,0,0,0,0
3,1,540308,0,0,0,0,0,7,0,0,0,0
1,1,540309,0,0,0,0,25,0,0,0,0,12
1,1,540310,0,0,0,0,0,0,0,0,0,0
1,1,540311,0,0,0,0,5,0,0,0,0,0
0,1,540312,0,0,0,0,0,0,0,0,0,0
1,1,540312,0,0,0,0,0,0,0,0,0,0
1,1,540313,0,0,0,0,0,0,0,0,0,0
1,1,540314,12,12,12,12,12,12,12,12,12,12
1,1,540315,2,2,2,2,2,2,2,2,2,2
1,1,540316,0,0,0,0,0,0,0,0,0,0
1,1,540317,0,0,0,0,0,16,0,0,0,0
1,1,540318,16,16,16,16,16,16,16,16,16,16
1,1,540319,0,0,0,0,0,0,0,0,0,0
1,1,540320,10,10,10,10,10,10,10,10,10,10
1,1,540321,0,6,0,7,0,0,0,0,0,0
1,1,540322,0,0,0,0,0,0,0,0,0,0
2,1,540322,0,0,0,0,0,0,0,0,0,0
3,1,540322,0,0,0,0,0,0,0,0,0,0
1,1,540323,15,15,15,15,15,15,15,15,15,15
1,1,540324,0,0,0,0,0,0,0,0,0,0
2,1,540324,0,0,0,0,0,0,0,0,0,0
0,1,540325,0,0,0,0,16,0,0,26,0,11
1,1,540325,0,0,0,0,0,0,0,0,0,0
1,1,540326,0,0,0,0,0,0,0,0,0,0
1,1,550001,0,0,0,0,0,0,0,0,0,0
1,1,550002,0,0,0,0,0,0,0,0,0,0
1,1,550003,0,0,0,0,0,0,0,0,0,0
2,1,550003,0,0,0,0,0,0,0,0,0,0
1,1,550004,0,0,0,0,0,0,0,0,0,0
2,1,550004,0,0,0,0,0,0,0,0,0,0
1,1,550005,11,11,11,11,11,11,11,11,11,11
1,1,550006,0,0,0,0,0,0,0,0,0,0
2,1,550006,0,0,0,0,0,0,0,0,0,0
1,1,550007,0,0,0,0,0,0,0,0,0,0
2,1,550007,0,0,0,0,0,0,0,0,0,0
1,1,550008,0,0,0,0,0,0,0,0,0,0
2,1,550008,0,0,0,0,0,0,0,0,0,0
1,1,550009,18,18,18,18,18,18,18,18,18,18
2,1,550009,0,0,0,0,0,0,0,0,0,0
1,1,550010,0,0,0,0,0,0,0,0,0,0
2,1,550010,0,0,0,0,0,0,0,0,0,0
1,1,550011,0,0,0,0,0,0,0,0,0,0
1,1,550012,0,0,0,0,0,0,0,0,0,0
2,1,550012,0,0,0,0,0,0,0,0,0,0
1,1,550013,0,0,0,0,0,0,0,0,0,0
2,1,550013,0,0,0,0,0,0,0,0,0,0
1,1,550014,0,0,0,0,0,0,0,0,0,0
2,1,550014,0,0,0,0,0,0,0,0,0,0
1,1,550015,0,0,0,0,0,0,0,0,0,0
2,1,550015,0,0,0,0,0,0,0,0,0,0
1,1,550016,5,5,5,5,5,5,5,5,5,5
1,1,550017,0,0,0,0,0,0,0,0,0,0
2,1,550017,0,0,0,0,0,0,0,0,0,0
1,1,550018,23,23,23,23,23,23,23,23,23,23
2,1,550018,0,0,0,0,0,0,0,0,0,0
1,1,550019,0,0,0,0,0,0,0,0,0,0
0,1,550020,22,22,22,22,22,22,22,22,22,22
1,1,550020,0,0,0,0,0,0,0,0,0,0
1,1,550021,31,31,31,31,31,31,31,31,31,31
1,1,550022,0,0,0,0,0,0,0,0,0,0
1,1,550023,9,0,0,0,0,0,0,0,0,0
2,1,550023,0,0,0,0,0,0,0,0,0,0
1,1,550024,22,22,22,22,22,22,22,22,22,22
1,1,550025,0,0,0,0,0,0,0,0,0,0
2,1,550025,0,0,0,0,0,0,0,0,0,0
1,1,550026,0,0,0,0,0,0,0,0,0,0
2,1,550026,0,0,0,0,0,0,0,0,0,0
1,1,550027,0,0,0,0,0,0,0,0,0,0
1,1,550028,12,12,12,12,12,12,12,12,12,12
2,1,550028,0,0,0,0,0,0,0,0,0,0
0,1,550029,0,0,0,0,0,0,0,0,0,0
1,1,550029,0,0,0,0,0,0,0,0,0,0
1,1,550030,0,0,0,0,0,0,0,0,0,0
2,1,550030,0,0,0,0,0,0,0,0,0,0
1,1,550031,0,0,0,0,0,0,0,0,0,0
1,1,550032,18,18,18,18,18,18,18,18,18,18
1,1,550033,14,14,0,0,0,0,0,0,0,0
2,1,550033,0,0,0,0,0,0,0,0,0,0
1,1,550034,21,21,21,21,21,21,21,21,21,21
1,1,550035,0,0,0,0,0,0,0,0,0,0
2,1,550035,0,0,0,0,0,0,0,0,0,0
1,1,550036,6,6,6,6,6,6,6,6,6,6
1,1,550037,5,5,5,5,5,5,5,5,5,5
2,1,550037,0,0,0,0,0,0,0,0,0,0
1,1,550038,5,5,5,5,5,5,5,5,5,5
2,1,550038,4,4,4,4,4,4,4,4,4,4
1,1,550039,16,16,16,16,16,16,16,16,16,16
1,1,550040,16,16,16,16,16,16,16,16,16,16
1,1,550041,24,24,24,24,24,24,24,24,24,24
2,1,550041,0,0,0,0,0,0,0,0,0,0
1,1,550042,0,0,0,0,0,0,0,0,0,0
1,1,550043,13,13,13,13,13,13,13,13,13,13
1,1,550044,0,0,0,0,0,0,0,0,0,0
2,1,550044,0,0,0,0,0,0,0,0,0,0
1,1,550045,0,0,0,0,0,0,0,0,0,0
1,1,550046,9,9,9,9,9,9,9,9,9,9
0,1,550047,0,0,0,0,0,0,0,0,0,0
1,1,550047,4,4,4,4,4,4,4,4,4,4
1,1,550048,0,0,0,0,0,0,0,0,0,0
2,1,550048,0,0,0,0,0,0,0,0,0,0
1,1,550049,25,25,25,25,25,25,25,25,25,25
1,1,550050,16,16,16,16,16,16,16,16,16,16
1,1,550051,0,0,0,0,0,0,0,0,0,0
1,1,550052,0,0,0,0,0,0,0,0,0,0
2,1,550052,0,0,0,0,0,0,0,0,0,0
1,1,550053,0,0,0,0,0,0,0,0,0,0
2,1,550053,0,0,0,0,0,0,0,0,0,0
1,1,550054,0,0,0,0,0,0,0,0,0,0
2,1,550054,0,0,0,0,0,0,0,0,0,0
1,1,550055,19,19,19,19,19,19,19,19,19,19
1,1,550056,0,0,0,0,0,0,0,0,0,0
2,1,550056,0,0,0,0,0,0,0,0,0,0
1,1,550057,0,0,0,0,0,0,0,0,0,0
2,1,550057,0,0,0,0,0,0,0,0,0,0
1,1,550058,0,0,0,0,0,0,0,0,0,0
2,1,550058,0,0,0,0,0,0,0,0,0,0
1,1,550059,31,0,0,26,0,0,0,0,0,0
2,1,550059,0,0,0,0,0,0,0,0,0,0
1,1,550060,18,18,18,18,18,18,18,18,18,18
1,1,550061,0,0,0,0,0,0,0,0,0,0
2,1,550061,0,0,0,0,0,0,0,0,0,0
3,1,550061,0,0,0,0,0,0,0,0,0,0
1,1,550062,2,2,2,2,2,2,2,2,2,2
1,1,550063,24,24,24,24,24,24,24,24,24,24
2,1,550063,0,0,0,0,0,0,0,0,0,0
1,1,550064,16,16,16,16,16,16,16,16,16,16
1,1,550065,0,0,0,0,0,0,0,0,0,0
2,1,550065,0,0,0,0,0,0,0,0,0,0
1,1,550066,14,14,14,14,14,14,14,14,14,14
1,1,550067,24,24,24,24,24,24,24,24,24,24
1,1,550068,0,0,0,0,0,0,0,0,0,0
2,1,550068,0,0,0,0,0,0,0,0,0,0
1,1,550069,0,0,0,0,0,0,0,0,0,0
2,1,550069,0,0,0,0,0,0,0,0,0,0
1,1,550070,23,23,23,23,23,23,23,23,23,23
1,1,550071,15,15,15,15,15,15,15,15,15,15
1,1,550072,0,0,0,0,0,0,0,0,0,0
2,1,550072,3,3,3,3,3,3,3,3,3,3
1,1,550073,13,13,13,13,13,13,13,13,13,13
1,1,550074,24,24,24,24,24,24,24,24,24,24
1,1,550075,0,0,0,0,0,0,0,0,0,0
1,1,550076,15,15,15,15,15,15,15,15,15,15
2,1,550076,0,0,0,12,0,0,0,0,0,0
3,1,550076,0,0,0,12,0,0,0,0,0,9
1,1,550077,0,0,0,0,0,0,0,0,0,0
2,1,550077,4,4,4,4,4,4,4,4,4,4
1,1,550078,0,0,0,0,0,0,0,0,0,0
2,1,550078,0,0,0,0,0,0,0,0,0,0
3,1,550078,0,0,0,0,0,0,0,0,0,0
1,1,550079,0,0,0,0,0,0,0,0,0,0
2,1,550079,0,0,0,0,0,0,0,0,0,0
1,1,550080,0,0,0,0,0,0,0,0,0,0
2,1,550080,0,0,0,0,0,0,0,0,0,0
1,1,550081,4,4,4,4,4,4,4,4,4,4
2,1,550081,4,4,4,4,4,4,4,4,4,4
1,1,550082,0,0,0,0,0,0,0,0,0,0
2,1,550082,0,0,0,0,0,0,0,0,0,0
1,1,550083,13,13,13,13,13,13,13,13,13,13
1,1,550084,25,25,25,25,25,25,25,25,25,25
1,1,550085,0,0,0,0,0,0,0,0,0,0
1,1,550086,0,0,0,0,0,0,0,0,0,0
1,1,550087,13,13,13,13,13,13,13,13,13,13
1,1,550088,14,14,14,14,14,14,14,14,14,14
1,1,550089,24,24,24,24,24,24,24,24,24,24
0,1,550090,0,0,0,0,0,0,0,0,0,0
0,2,550090,0,0,0,0,0,0,0,0,0,0
1,1,550090,0,0,0,0,0,0,0,0,0,0
1,1,550091,26,26,26,26,26,26,26,26,26,26
1,1,550092,16,16,16,16,16,16,16,16,16,16
1,1,550093,20,4,11,5,0,0,0,6,15,0
1,1,550094,14,14,14,14,14,14,14,14,14,14
1,1,550095,0,0,0,0,0,0,0,0,0,0
1,1,550096,15,15,15,15,15,15,15,15,15,15
1,1,550097,21,21,21,21,21,21,21,21,21,21
1,1,550098,0,0,0,0,0,0,0,0,0,0
2,1,550098,7,0,0,0,0,0,0,0,0,0
0,1,550099,30,30,30,30,30,30,30,30,30,30
1,1,550099,0,0,0,0,0,0,0,0,0,0
1,1,550100,23,23,23,23,23,23,23,23,23,23
1,1,550101,0,0,0,0,0,0,0,0,0,0
2,1,550101,0,0,0,0,0,0,0,0,0,0
1,1,550102,31,31,31,31,31,31,31,31,31,31
1,1,550103,2,2,2,2,2,2,2,2,2,2
1,1,550104,15,15,15,15,15,15,15,15,15,15
0,1,550105,0,0,0,0,0,0,0,0,0,0
1,1,550105,0,0,0,0,0,0,0,0,0,0
0,1,550106,0,0,0,0,0,0,10,0,0,0
1,1,550106,0,0,0,0,0,0,0,0,0,0
0,1,550107,35,35,35,35,35,35,35,35,35,35
1,1,550107,0,0,0,0,0,0,0,0,0,0
1,1,550108,0,0,0,0,0,0,0,0,0,0
2,1,550108,0,0,0,0,0,0,0,0,0,0
1,1,550109,15,15,15,15,15,15,15,15,15,15
1,1,550110,0,0,0,0,0,0,0,0,0,0
2,1,550110,0,0,0,0,0,0,0,0,0,0
1,1,550111,17,17,17,17,17,17,17,17,17,17
2,1,550111,21,21,21,21,21,21,21,21,21,21
1,1,550112,0,0,0,0,0,0,0,0,0,0
0,1,550113,0,0,0,0,0,0,0,0,0,0
1,1,550113,0,0,9,6,0,0,0,0,0,0
1,1,550114,11,11,11,11,11,11,11,11,11,11
1,1,550115,28,28,28,28,28,28,28,28,28,28
1,1,550116,0,0,0,0,0,0,0,0,0,0
2,1,550116,0,0,0,0,0,0,0,0,0,0
3,1,550116,0,0,0,0,0,0,0,0,0,0
4,1,550116,0,0,0,0,0,0,0,0,0,0
5,1,550116,0,0,0,0,0,0,0,0,0,0
6,1,550116,0,0,0,0,0,0,0,0,0,0
7,1,550116,0,0,0,0,0,0,0,0,0,0
1,1,550117,0,0,0,0,0,0,0,0,0,0
2,1,550117,0,0,0,0,0,0,0,0,0,0
0,1,550118,0,0,0,0,0,0,0,0,0,0
1,1,550118,0,0,0,0,0,0,0,10,0,7
1,1,550119,16,16,16,16,16,16,16,16,16,16
1,1,550120,19,19,19,19,19,19,19,19,19,19
1,1,550121,27,0,0,0,0,0,0,0,0,0
2,1,550121,0,0,0,0,0,0,0,0,16,0
0,1,550122,14,14,14,14,14,14,14,14,14,14
1,1,550122,0,0,0,0,0,0,0,0,0,0
1,2,550123,20,17,21,0,16,35,14,0,0,7
1,1,550124,0,0,0,0,0,0,0,0,0,0
2,1,550124,0,0,0,0,0,0,0,0,0,0
1,1,550125,15,15,15,15,15,15,15,15,15,15
1,1,550126,0,0,0,0,0,0,0,0,0,0
2,1,550126,0,0,0,0,0,0,0,0,0,0
3,1,550126,0,0,0,0,0,0,0,0,0,0
1,1,550127,0,0,0,0,0,0,0,0,0,0
2,1,550127,0,0,0,0,0,0,0,0,0,0
1,1,550128,0,0,0,0,0,0,0,0,0,0
1,1,550129,25,25,25,25,25,25,25,25,25,25
1,1,550130,0,0,0,0,0,0,0,0,0,0
1,1,550131,13,13,13,13,13,13,13,13,13,13
1,1,550132,0,5,0,0,0,0,0,0,17,0
1,1,550133,0,0,0,12,0,10,0,0,17,11
1,1,550134,0,0,0,0,0,0,0,0,0,0
2,1,550134,0,0,0,0,0,0,0,0,0,0
1,1,550135,0,0,0,0,0,0,0,0,0,0
1,1,550136,0,0,0,0,0,0,0,0,0,0
1,1,550137,0,0,0,0,0,0,0,0,0,0
1,1,550138,17,17,17,17,17,17,17,17,17,17
1,1,550139,0,0,0,0,0,0,0,0,0,0
1,1,550140,0,0,0,0,0,0,0,0,0,0
2,1,550140,13,13,13,13,13,13,13,13,13,13
1,1,550141,0,0,0,0,0,0,0,0,0,0
1,1,550142,0,0,0,0,0,0,0,0,0,0
2,1,550142,0,0,0,0,0,0,0,0,0,0
3,1,550142,0,0,0,0,0,0,0,0,0,0
1,1,550143,18,18,18,18,18,18,18,18,18,18
1,1,550144,0,0,0,0,0,0,0,0,0,0
2,1,550144,0,0,0,0,0,0,0,0,0,0
1,1,550145,0,0,0,0,0,0,0,0,0,0
2,1,550145,0,0,0,0,0,0,0,0,0,0
1,1,550146,0,0,0,0,0,0,0,0,0,0
2,1,550146,0,0,0,0,0,0,0,0,0,0
1,1,550147,17,17,17,17,17,17,17,17,17,17
2,1,550147,0,0,0,0,0,0,0,0,0,0
1,1,550148,9,9,9,9,9,9,9,9,9,9
1,1,550149,17,17,17,17,17,17,17,17,17,17
1,1,550150,23,23,23,23,23,23,23,23,23,23
1,1,550151,0,0,0,0,0,0,0,0,0,0
1,1,550152,14,14,14,14,14,14,14,14,14,14
1,1,550153,8,8,8,8,8,8,8,8,8,8
1,1,550154,27,27,27,27,27,27,27,27,27,27
1,1,550155,12,12,12,12,12,12,12,12,12,12
1,1,550156,21,21,21,21,21,21,21,21,21,21
1,1,550157,24,24,24,24,24,24,24,24,24,24
1,1,550158,0,0,0,0,0,0,0,0,0,0
2,1,550158,0,0,0,0,0,0,0,0,0,0
1,1,550159,0,0,0,0,0,0,0,0,0,0
1,1,550160,0,0,0,0,0,0,0,0,0,0
2,1,550160,0,0,0,0,0,0,0,0,0,0
1,1,550161,23,23,23,23,23,23,23,23,23,23
1,1,550162,0,0,0,0,0,0,0,0,0,0
2,1,550162,0,0,0,0,0,0,0,0,0,0
1,1,550163,5,5,5,5,5,5,5,5,5,5
1,1,550164,0,0,23,0,0,0,0,0,0,0
1,1,550165,15,15,15,15,15,15,15,15,15,15
2,1,550165,16,16,16,16,16,16,16,16,16,16
1,1,550166,19,19,19,19,19,19,19,19,19,19
1,1,550167,0,0,0,0,0,5,0,0,0,0
2,1,550167,0,0,0,0,0,0,0,0,0,0
1,1,550168,8,8,8,8,8,8,8,8,8,8
1,1,550169,0,0,0,0,0,0,0,0,0,0
1,1,550170,0,0,0,0,0,0,0,0,0,0
2,1,550170,0,0,0,0,0,0,0,0,0,0
1,1,550171,0,0,0,0,0,0,0,0,0,0
2,1,550171,1,1,1,1,1,1,1,1,1,1
1,1,550172,27,27,27,27,27,27,27,27,27,27
1,1,550173,13,13,13,13,13,13,13,13,13,13
1,1,550174,0,0,0,0,0,0,0,0,0,0
2,1,550174,0,0,0,0,0,0,0,0,0,0
1,1,550175,11,11,11,11,11,11,11,11,11,11
1,1,550176,0,0,0,0,0,0,0,0,0,0
1,1,550177,15,15,15,15,15,15,15,15,15,15
1,1,550178,19,19,19,19,19,19,19,19,19,19
1,1,550179,0,0,0,0,0,0,0,0,0,0
1,1,550180,0,0,0,0,0,0,0,0,0,0
1,1,550181,0,0,0,0,0,0,0,0,0,0
3,1,550181,17,17,17,17,17,17,17,17,17,17
1,1,550182,0,0,0,0,0,0,0,0,0,0
2,1,550182,0,0,0,0,0,0,0,0,0,0
1,1,550183,0,0,0,0,0,0,0,0,0,0
0,1,550184,0,0,0,0,0,0,0,0,0,0
1,1,550184,0,0,0,0,0,0,0,0,0,0
4,1,550184,0,0,0,0,0,0,0,0,0,0
1,1,550185,0,0,0,0,0,0,0,0,0,0
1,1,550186,0,6,0,0,0,0,0,0,0,0
1,1,550187,0,0,0,0,0,0,0,0,0,0
2,1,550187,0,0,0,0,0,0,0,0,0,0
1,1,550188,12,12,12,12,12,12,12,12,12,12
1,1,550189,0,0,0,0,0,0,0,0,0,0
2,1,550189,0,0,0,0,0,0,0,0,0,0
1,1,550190,24,24,24,24,24,24,24,24,24,24
2,1,550190,0,0,0,0,0,0,0,0,0,0
1,1,550191,0,0,0,0,0,0,0,0,0,0
2,1,550191,0,0,0,0,0,0,0,0,0,0
1,1,550192,20,20,20,20,20,20,20,20,20,20
2,1,550192,0,0,0,0,0,0,0,0,0,0
1,1,550193,15,15,15,15,15,15,15,15,15,15
1,1,550194,24,24,24,24,24,24,24,24,24,24
1,1,550195,0,0,0,0,0,0,0,0,0,0
1,1,550196,0,0,0,0,0,0,0,0,0,0
1,1,550197,25,25,25,25,25,25,25,25,25,25
2,1,550197,6,6,6,6,6,6,6,6,6,6
1,1,550198,19,19,19,19,19,19,19,19,19,19
1,1,550199,0,0,14,0,3,0,9,0,0,4
1,1,550200,0,0,0,0,0,0,0,0,0,0
2,1,550200,0,0,0,0,0,0,0,0,0,0
1,1,550201,15,15,15,15,15,15,15,15,15,15
1,1,550202,0,0,0,0,0,0,0,0,0,0
0,1,550203,0,0,0,0,0,0,0,0,0,0
0,2,550203,0,0,0,0,0,0,0,0,0,0
1,1,550203,0,0,0,0,0,0,0,0,0,0
0,1,550204,22,22,22,22,22,22,22,22,22,22
1,1,550204,0,0,0,0,0,0,0,0,0,0
1,1,550205,6,6,6,6,6,6,6,6,6,6
2,1,550205,0,0,0,0,0,0,0,0,0,0
1,1,550206,0,0,0,0,0,0,0,0,0,0
2,1,550206,0,0,0,0,0,0,0,0,0,0
1,1,550207,0,0,0,0,0,0,0,0,0,0
2,1,550207,0,0,0,0,0,0,0,0,0,0
1,1,550208,20,20,20,20,20,20,20,20,20,20
0,1,550209,0,0,0,4,0,0,0,0,0,0
1,1,550209,0,0,0,0,0,0,0,0,11,0
1,1,550210,0,0,0,0,0,0,0,0,0,0
2,1,550210,8,8,8,8,8,8,8,8,8,8
0,1,550211,0,0,0,0,0,0,0,0,0,0
1,1,550211,5,5,5,5,5,5,5,5,5,5
0,1,550212,0,0,0,0,0,0,0,0,0,0
1,1,550212,0,0,19,13,0,0,9,0,0,10
2,1,550212,0,24,0,0,0,0,0,0,0,0
1,1,550213,27,27,27,27,27,27,27,27,27,27
1,1,550214,17,17,17,17,17,17,17,17,17,17
1,1,550215,12,12,12,12,12,12,12,12,12,12
1,1,550216,34,34,34,34,34,34,34,34,34,34
1,1,550217,15,15,15,15,15,15,15,15,15,15
1,1,550218,0,0,0,0,0,0,0,0,0,0
2,1,550218,0,0,0,0,0,0,0,0,0,0
1,1,550219,9,9,9,9,9,9,9,9,9,9
2,1,550219,0,0,0,0,0,0,0,0,0,0
1,1,550220,0,0,0,0,0,0,0,8,18,0
2,1,550220,0,0,0,0,0,0,0,0,0,0
1,1,550221,8,8,8,8,8,8,8,8,8,8
1,1,550222,27,27,27,27,27,27,27,27,27,27
1,1,550223,0,0,0,0,14,12,0,0,0,0
1,1,550224,0,0,0,0,0,0,0,0,0,0
2,1,550224,0,0,0,0,0,0,0,0,0,0
3,1,550224,0,0,0,0,0,0,0,0,0,0
0,1,550225,0,0,0,0,0,0,0,0,0,0
1,1,550225,12,7,0,17,11,15,8,7,12,22
1,1,550226,0,0,0,0,0,0,0,0,0,0
1,1,550227,0,0,0,0,0,0,0,0,0,0
2,1,550227,0,0,0,0,0,0,0,0,0,0
1,1,550228,0,0,0,0,0,0,0,0,0,0
2,1,550228,0,0,0,0,0,0,0,0,0,0
3,1,550228,0,0,0,0,0,0,0,0,0,0
1,1,550229,3,3,3,3,3,3,3,3,3,3
0,1,550230,28,28,28,28,28,28,28,28,28,28
1,1,550230,0,0,0,0,0,0,0,0,0,0
1,1,550231,22,22,22,22,22,22,22,22,22,22
1,1,550232,3,3,3,3,3,3,3,3,3,3
1,1,550233,14,14,14,14,14,14,14,14,14,14
1,1,550234,0,0,0,0,0,0,0,0,0,0
2,1,550234,0,0,0,0,0,0,0,0,0,0
1,1,550235,25,25,25,25,25,25,25,25,25,25
1,1,550236,0,0,0,0,0,0,0,0,0,0
0,1,550237,14,14,14,14,14,14,14,14,14,14
1,1,550237,0,0,0,0,0,0,0,0,0,0
1,1,550238,0,0,0,0,0,0,0,0,0,0
2,1,550238,0,0,0,0,0,0,0,0,0,0
0,1,550239,0,0,0,0,0,0,0,0,0,0
1,1,550239,0,0,0,0,0,0,0,0,0,0
0,1,550240,0,0,0,0,0,0,0,0,0,0
1,1,550240,0,0,0,0,0,0,0,0,0,0
1,1,550241,0,0,18,0,0,0,0,0,0,0
1,1,550242,0,0,0,0,0,0,0,0,0,0
1,1,550243,0,0,0,0,0,0,0,0,0,0
2,1,550243,0,0,0,0,0,0,0,0,0,0
1,1,550244,0,0,0,0,0,0,0,0,0,0
1,1,550245,0,0,0,0,0,0,0,0,0,0
1,1,550246,16,16,16,16,16,16,16,16,16,16
1,1,550247,0,0,0,0,0,0,0,0,0,0
1,1,550248,0,0,0,0,0,0,0,0,0,0
1,1,550249,2,2,2,2,2,2,2,2,2,2
1,1,550250,1,1,1,1,1,1,1,1,1,1
1,1,550251,0,0,0,0,0,0,0,0,0,0
1,1,550252,18,18,18,18,18,18,18,18,18,18
1,1,550253,16,16,16,16,16,16,16,16,16,16
2,1,550253,27,27,27,27,27,27,27,27,27,27
1,1,550254,0,0,0,0,0,0,0,0,0,0
2,1,550254,0,0,0,0,0,0,0,0,0,0
1,1,550255,17,17,17,17,17,17,17,17,17,17
1,1,550256,13,13,13,13,13,13,13,13,13,13
1,1,550257,16,16,16,16,16,16,16,16,16,16
1,1,550258,14,14,14,14,14,14,14,14,14,14
1,1,550259,0,0,0,0,0,0,0,0,0,0
2,1,550259,0,0,0,0,0,0,0,0,0,0
1,1,550260,0,0,0,0,0,0,0,0,0,0
2,1,550260,0,0,0,0,0,0,0,0,0,0
1,1,550261,0,0,0,0,0,0,0,0,0,0
2,1,550261,0,0,0,0,0,0,0,0,0,0
1,1,550262,12,12,12,12,12,12,12,12,12,12
1,1,550263,0,12,34,3,0,0,0,0,23,10
0,1,550264,0,0,0,0,0,0,0,0,0,0
0,2,550264,0,0,28,0,0,0,0,0,0,0
1,1,550264,18,18,18,18,18,18,18,18,18,18
1,1,550265,0,0,0,0,0,0,0,0,0,0
2,1,550265,1,1,1,1,1,1,1,1,1,1
3,1,550265,0,0,0,0,0,0,0,0,0,0
0,1,550266,0,0,0,0,0,0,0,0,0,0
1,1,550266,0,0,0,0,0,0,0,0,0,0
1,1,550267,13,9,14,22,17,12,10,7,4,15
1,1,550268,14,14,14,14,14,14,14,14,14,14
1,1,550269,0,0,0,0,0,0,0,0,0,0
2,1,550269,0,0,0,0,0,0,0,0,0,0
1,1,550270,0,0,6,0,0,0,0,0,0,0
2,1,550270,0,0,0,0,0,0,0,0,0,0
1,1,550271,15,15,15,15,15,15,15,15,15,15
1,1,550272,21,21,21,21,21,21,21,21,21,21
1,1,550273,0,0,0,0,0,0,0,0,0,0
2,1,550273,0,0,0,0,0,0,0,0,0,0
1,1,550274,9,14,23,24,29,38,20,9,15,32
1,1,550275,24,24,24,24,24,24,24,24,24,24
1,1,550276,0,0,0,0,0,0,0,0,0,0
2,1,550276,0,0,3,0,0,0,0,0,0,0
1,1,550277,16,16,16,16,16,16,16,16,16,16
1,1,550278,0,0,0,0,0,0,0,0,0,0