VEH_NO,PER_NO,ST_CASE,P1,P2,P3,P4,P5,P6,P7,P8,P9,P10
0,1,60001,17,17,17,17,17,17,17,17,17,17
1,1,60001,16,16,16,16,16,16,16,16,16,16
1,1,60002,0,0,0,0,0,0,0,0,0,0
2,1,60002,0,0,0,0,0,0,0,0,0,0
1,1,60003,19,19,19,19,19,19,19,19,19,19
1,1,60004,0,0,0,0,0,15,0,0,0,0
0,1,60005,28,28,28,28,28,28,28,28,28,28
1,1,60005,0,0,0,0,12,0,0,0,0,0
1,1,60006,11,11,11,11,11,11,11,11,11,11
2,1,60006,0,0,0,0,0,0,0,0,0,0
1,1,60007,0,0,0,0,0,0,0,0,0,0
1,1,60008,0,0,0,0,0,0,0,0,0,0
2,1,60008,0,0,0,0,0,0,0,0,0,0
1,1,60009,0,0,0,0,0,0,0,0,0,0
0,1,60010,5,5,5,5,5,5,5,5,5,5
1,1,60010,0,0,0,0,0,0,0,0,0,0
1,1,60011,0,0,0,0,0,0,0,0,0,0
1,1,60012,0,0,0,0,0,0,0,0,0,0
1,1,60013,6,6,6,6,6,6,6,6,6,6
2,1,60013,8,15,18,17,13,21,0,5,5,0
1,1,60014,0,0,0,0,0,0,0,0,0,0
2,1,60014,12,12,12,12,12,12,12,12,12,12
0,1,60015,0,0,23,0,9,0,17,0,0,0
1,1,60015,0,0,0,0,0,0,0,0,0,0
1,1,60016,0,0,0,0,0,0,0,0,0,0
2,1,60016,0,0,0,0,0,0,0,0,0,0
1,1,60017,19,19,19,19,19,19,19,19,19,19
1,1,60018,17,17,17,17,17,17,17,17,17,17
2,1,60018,0,0,0,0,0,0,0,0,0,0
1,1,60019,0,0,0,0,0,0,0,0,0,0
2,1,60019,0,0,0,0,0,0,0,0,0,0
1,1,60020,0,0,0,0,0,0,0,0,0,0
2,1,60020,0,0,0,0,0,0,0,0,0,0
1,1,60021,19,19,19,19,19,19,19,19,19,19
1,1,60022,0,0,0,0,0,0,0,0,0,0
0,1,60023,27,27,27,27,27,27,27,27,27,27
1,1,60023,0,0,0,0,0,0,0,0,0,0
1,1,60024,17,17,17,17,17,17,17,17,17,17
0,1,60025,21,21,21,21,21,21,21,21,21,21
1,1,60025,0,0,0,0,0,0,0,0,0,0
1,1,60026,19,24,0,18,7,19,15,0,20,0
2,1,60026,0,0,0,0,0,0,0,0,0,0
0,1,60027,3,3,3,3,3,3,3,3,3,3
1,1,60027,0,0,0,0,0,0,0,0,0,0
1,1,60028,0,0,0,0,0,0,0,0,0,0
1,1,60029,0,0,0,0,0,0,0,0,0,0
1,1,60030,0,0,0,0,0,0,0,0,0,0
2,1,60030,0,0,0,0,0,0,0,0,0,0
1,1,60031,0,0,0,0,0,0,0,0,0,0
1,1,60032,0,0,0,0,0,0,0,0,0,0
2,1,60032,0,0,0,0,0,0,0,0,0,0
3,1,60032,2,0,0,0,0,0,0,0,0,0
0,1,60033,0,0,0,0,0,0,0,0,0,0
1,1,60033,0,0,0,0,0,0,0,0,0,0
1,1,60034,0,0,0,0,0,0,0,0,0,0
1,1,60035,0,0,0,6,11,9,0,0,0,0
2,1,60035,2,2,2,2,2,2,2,2,2,2
1,1,60036,12,12,12,12,12,12,12,12,12,12
1,1,60037,0,0,0,0,0,0,0,0,0,0
2,1,60037,15,0,0,0,0,0,0,10,0,0
1,1,60038,17,0,0,0,0,0,0,0,0,0
1,1,60039,0,0,3,0,0,0,0,0,0,0
1,1,60040,11,11,11,11,11,11,11,11,11,11
1,1,60041,0,0,0,0,0,0,3,9,10,8
2,1,60041,0,0,0,0,0,0,0,0,0,0
1,1,60042,21,21,21,21,21,21,21,21,21,21
1,1,60043,17,17,17,17,17,17,17,17,17,17
1,1,60044,6,6,6,6,6,6,6,6,6,6
0,1,60045,12,12,12,12,12,12,12,12,12,12
1,1,60045,0,0,0,0,0,0,2,0,0,9
2,1,60045,0,0,0,0,4,0,11,0,0,0
3,1,60045,0,0,0,0,0,0,0,0,0,0
4,1,60045,0,7,0,0,0,0,0,0,0,0
1,1,60046,0,0,0,0,0,0,0,0,0,0
1,1,60047,0,0,0,0,0,0,0,0,0,0
1,1,60048,0,0,0,0,0,0,0,0,0,0
2,1,60048,0,0,0,0,0,0,0,0,0,0
1,1,60049,0,0,0,0,0,0,0,0,0,0
2,1,60049,0,0,0,0,0,0,0,0,0,0
0,1,60050,0,0,0,0,0,0,0,0,0,0
1,1,60050,0,0,0,0,0,0,0,0,0,0
1,1,60051,0,0,0,0,0,0,0,0,0,0
2,1,60051,0,0,0,0,0,0,0,0,0,0
1,1,60052,0,0,0,0,0,0,0,0,0,0
2,1,60052,0,0,0,0,0,0,0,0,0,0
1,1,60053,0,0,0,0,0,0,0,0,0,0
2,1,60053,0,0,0,0,0,0,0,0,0,0
1,1,60054,0,0,0,0,0,0,0,0,0,0
2,1,60054,0,0,0,0,0,0,0,0,0,0
1,1,60055,25,25,25,25,25,25,25,25,25,25
0,1,60056,32,32,32,32,32,32,32,32,32,32
1,1,60056,0,0,0,0,0,0,0,0,0,0
0,1,60057,0,0,0,0,0,0,0,0,0,0
1,1,60057,0,0,0,0,0,0,0,0,0,0
1,1,60058,0,0,0,0,0,0,0,0,0,0
1,1,60059,0,0,0,0,0,0,0,0,0,0
2,1,60059,0,0,0,0,0,0,0,0,0,0
3,1,60059,0,0,0,0,0,0,0,0,0,0
4,1,60059,0,0,0,0,0,0,0,0,0,0
0,1,60060,0,0,0,0,0,0,0,0,0,0
1,1,60060,0,0,0,0,0,0,0,0,0,0
1,1,60061,12,12,12,12,12,12,12,12,12,12
1,1,60062,0,0,0,0,0,0,0,0,0,0
1,1,60063,0,0,0,0,0,0,0,0,0,0
2,1,60063,0,0,0,0,0,0,0,0,0,0
3,1,60063,0,0,0,0,0,0,0,0,0,0
0,1,60064,13,13,13,13,13,13,13,13,13,13
1,1,60064,0,0,0,0,0,0,0,0,0,0
0,1,60065,1,1,1,1,1,1,1,1,1,1
1,1,60065,0,0,0,0,0,0,0,0,0,0
1,1,60066,17,17,17,17,17,17,17,17,17,17
1,1,60067,5,5,5,5,5,5,5,5,5,5
2,1,60067,0,0,0,11,0,0,0,0,0,0
1,1,60068,0,0,0,0,0,0,0,0,0,0
2,1,60068,0,0,0,0,0,0,0,0,0,0
1,1,60069,0,0,0,0,0,0,0,0,0,0
1,1,60070,0,0,0,0,0,0,0,0,0,0
1,1,60071,0,0,0,0,0,0,0,0,0,0
2,1,60071,0,0,0,0,0,0,0,0,0,0
1,1,60072,0,0,0,0,0,0,0,0,0,0
0,1,60073,0,0,0,0,0,0,0,0,0,0
1,1,60073,0,0,0,0,0,0,0,0,0,0
1,1,60074,0,0,0,0,0,0,0,0,0,0
2,1,60074,0,0,0,0,0,0,0,0,0,0
1,1,60075,0,0,0,0,0,0,0,0,0,0
1,1,60076,0,0,0,0,0,0,0,0,0,0
1,1,60077,29,29,29,29,29,29,29,29,29,29
1,1,60078,14,14,14,14,14,14,14,14,14,14
0,1,60079,0,0,0,0,0,0,0,0,0,0
1,1,60079,0,0,0,0,0,0,0,0,0,0
0,1,60080,0,0,0,0,0,0,0,0,0,0
1,1,60080,0,0,0,0,0,0,0,0,0,0
0,1,60081,31,31,31,31,31,31,31,31,31,31
1,1,60081,0,0,0,0,0,0,0,0,0,0
1,1,60082,19,19,19,19,19,19,19,19,19,19
1,1,60083,0,0,0,0,9,0,18,0,0,0
0,1,60084,23,23,23,23,23,23,23,23,23,23
1,1,60084,0,0,0,0,0,0,0,0,0,0
2,1,60084,0,0,0,0,0,0,0,0,0,0
1,1,60085,0,0,0,0,0,0,0,0,0,0
0,1,60086,0,0,0,0,0,0,0,0,0,0
1,1,60086,0,0,0,0,0,0,0,11,0,0
1,1,60087,12,12,12,12,12,12,12,12,12,12
1,1,60088,0,0,0,0,0,0,0,0,0,0
2,1,60088,0,0,0,0,0,0,0,0,0,0
3,1,60088,0,0,0,0,0,0,0,0,0,0
1,1,60089,0,0,0,0,0,0,0,0,0,0
2,1,60089,0,0,0,0,0,0,0,0,0,0
1,1,60090,22,22,22,22,22,22,22,22,22,22
2,1,60090,0,0,20,0,0,0,0,0,0,0
0,1,60091,0,0,0,0,0,0,0,0,0,0
1,1,60091,0,0,0,0,0,0,0,0,0,9
0,1,60092,17,17,17,17,17,17,17,17,17,17
2,1,60092,0,0,12,0,8,0,0,0,0,0
3,1,60092,0,0,0,0,0,0,11,0,0,0
1,1,60093,0,0,0,0,0,0,0,0,0,0
2,1,60093,0,0,0,0,0,0,0,0,0,0
0,1,60094,0,0,0,0,0,0,0,0,0,0
1,1,60094,15,0,16,5,7,19,8,0,0,0
0,1,60095,0,0,0,0,0,0,0,0,0,0
1,1,60095,0,13,17,6,12,0,11,13,0,0
1,1,60096,0,0,0,0,0,0,0,0,0,0
2,1,60096,0,0,0,0,0,0,0,0,0,0
3,1,60096,0,0,0,0,0,0,0,0,0,0
0,1,60097,0,0,0,0,0,0,0,0,0,0
1,1,60098,0,0,0,0,0,0,0,0,0,0
1,1,60099,19,19,19,19,19,19,19,19,19,19
1,1,60100,12,12,12,12,12,12,12,12,12,12
0,1,60101,0,0,0,0,0,0,0,0,0,0
1,1,60101,0,0,0,0,0,0,0,0,0,0
1,1,60102,24,24,24,24,24,24,24,24,24,24
2,1,60102,0,0,0,0,0,0,0,0,0,0
3,1,60102,0,0,0,0,0,0,0,0,0,0
4,1,60102,0,0,0,0,0,0,0,0,0,0
1,1,60103,2,2,2,2,2,2,2,2,2,2
0,1,60104,25,25,25,25,25,25,25,25,25,25
1,1,60104,0,0,0,0,0,0,0,0,0,13
1,1,60105,0,0,0,0,0,0,0,0,0,0
2,1,60105,0,0,0,0,0,0,0,0,0,0
0,1,60106,50,50,50,50,50,50,50,50,50,50
1,1,60106,0,0,0,0,0,0,0,0,0,0
2,1,60106,0,0,0,0,0,0,0,0,0,0
1,1,60107,19,19,19,19,19,19,19,19,19,19
2,1,60107,0,0,0,0,6,0,0,0,0,0
1,1,60108,16,16,16,16,16,16,16,16,16,16
2,1,60108,0,0,0,0,0,0,0,0,0,0
3,1,60108,0,0,0,0,0,0,0,0,0,0
1,1,60109,0,0,0,0,0,0,0,0,0,0
1,1,60110,0,0,0,0,0,0,0,0,0,0
1,1,60111,0,0,0,0,0,0,0,0,0,0
1,1,60112,6,6,6,6,6,6,6,6,6,6
1,1,60113,0,0,0,0,0,0,0,0,0,0
2,1,60113,0,0,0,0,0,0,0,0,0,0
1,1,60114,0,0,0,0,0,0,0,0,0,0
1,1,60115,14,14,14,14,14,14,14,14,14,14
2,1,60115,0,0,0,0,0,0,0,0,0,0
1,1,60116,0,0,0,0,0,0,0,0,0,0
1,1,60117,0,20,0,0,0,0,0,0,0,0
2,1,60117,0,0,0,0,0,0,0,0,0,0
3,1,60117,0,0,0,0,0,0,0,0,0,0
1,1,60118,10,17,16,0,17,24,7,7,13,17
2,1,60118,0,0,0,0,0,0,0,0,0,0
1,1,60119,0,0,0,0,0,0,0,0,0,0
2,1,60119,0,0,0,0,0,0,0,0,0,0
1,1,60120,0,0,0,0,0,0,0,0,0,0
1,1,60121,0,0,0,0,0,0,0,0,0,0
2,1,60121,0,0,0,0,0,0,0,0,0,0
1,1,60122,0,0,0,0,0,0,0,0,0,0
2,1,60122,0,0,0,0,0,0,0,0,0,0
0,1,60123,32,0,13,0,8,0,0,0,5,0
0,2,60123,0,0,0,0,0,0,0,0,0,0
1,1,60123,0,0,0,0,0,0,0,0,0,0
1,1,60124,26,26,26,26,26,26,26,26,26,26
1,1,60125,0,0,0,0,0,0,0,0,0,0
0,1,60126,0,0,0,0,0,0,0,0,0,0
1,1,60126,0,0,0,10,13,0,0,0,0,0
0,1,60127,0,0,0,0,0,0,0,0,0,0
1,1,60127,0,0,0,0,0,0,0,0,0,0
1,1,60128,0,0,0,0,0,0,0,0,0,0
2,1,60128,0,0,0,0,0,0,0,0,0,0
1,1,60129,0,0,0,0,0,0,0,0,0,0
0,1,60130,0,0,0,0,0,0,0,0,0,0
1,1,60130,0,0,0,0,0,0,0,0,0,0
1,1,60131,18,18,18,18,18,18,18,18,18,18
1,1,60132,0,0,0,0,0,0,0,0,0,0
2,1,60132,0,0,0,0,0,0,0,0,0,0
3,1,60132,0,0,0,0,0,0,0,0,0,0
1,1,60133,0,0,0,0,0,0,0,0,0,0
2,1,60133,0,0,0,0,0,0,0,0,0,0
3,1,60133,0,0,0,0,0,0,0,0,0,0
0,1,60134,27,27,27,27,27,27,27,27,27,27
1,1,60134,0,0,0,0,0,0,0,0,0,0
0,1,60135,10,10,10,10,10,10,10,10,10,10
1,1,60135,0,0,0,0,0,0,0,0,0,0
1,1,60136,24,24,24,24,24,24,24,24,24,24
2,1,60136,0,0,0,0,0,0,0,0,0,0
0,1,60137,15,15,15,15,15,15,15,15,15,15
1,1,60137,11,11,11,11,11,11,11,11,11,11
1,1,60138,0,0,0,0,0,0,0,0,0,0
1,1,60139,0,0,0,0,0,0,0,0,0,0
2,1,60139,0,0,0,0,0,0,0,0,0,0
1,1,60140,20,20,20,20,20,20,20,20,20,20
2,1,60140,0,0,0,0,0,0,0,0,0,2
0,1,60141,0,0,0,0,0,0,0,0,0,0
1,1,60141,0,0,0,0,0,0,0,0,0,0
1,1,60142,0,0,0,0,0,0,0,0,0,0
2,1,60142,2,2,2,2,2,2,2,2,2,2
3,1,60142,0,0,0,0,4,0,0,0,0,0
4,1,60142,0,0,0,0,0,0,0,0,0,0
1,1,60143,0,0,0,0,0,0,0,0,0,0
2,1,60143,0,0,0,0,0,0,0,0,0,0
0,1,60144,23,23,23,23,23,23,23,23,23,23
1,1,60144,0,0,0,0,0,0,0,0,0,0
2,1,60144,0,0,0,0,0,10,13,15,0,0
1,1,60145,17,17,17,17,17,17,17,17,17,17
2,1,60145,0,0,0,0,0,0,0,0,0,0
1,1,60146,16,16,16,16,16,16,16,16,16,16
2,1,60146,0,0,0,0,0,0,0,0,0,0
1,1,60147,0,0,0,0,0,0,0,0,0,0
1,1,60148,0,0,0,0,0,0,0,0,0,0
2,1,60148,0,0,0,0,0,0,0,0,0,0
0,1,60149,0,0,0,0,0,0,0,0,0,0
1,1,60149,26,0,6,0,14,0,0,29,0,13
1,1,60150,7,7,7,7,7,7,7,7,7,7
1,1,60151,0,0,0,0,0,0,0,0,0,0
2,1,60151,0,0,0,0,0,0,0,0,0,0
3,1,60151,0,0,0,0,0,0,0,0,0,0
1,1,60152,0,0,0,0,0,0,0,0,0,0
2,1,60152,0,0,0,0,0,0,0,0,0,0
1,1,60153,0,0,0,0,0,20,0,0,0,0
2,1,60153,0,0,0,0,0,0,0,0,0,0
1,1,60154,15,15,15,15,15,15,15,15,15,15
1,1,60155,0,0,0,0,0,0,0,0,0,0
1,1,60156,4,4,4,4,4,4,4,4,4,4
1,1,60157,19,19,19,19,19,19,19,19,19,19
2,1,60157,0,14,0,0,0,0,0,0,0,0
0,1,60158,0,0,0,0,0,0,0,0,0,0
0,2,60158,13,13,0,15,18,0,0,15,23,0
1,1,60158,0,0,0,0,0,0,0,0,0,0
1,1,60159,25,25,25,25,25,25,25,25,25,25
0,1,60160,0,0,0,0,0,0,0,0,0,0
1,1,60160,0,0,0,0,0,0,0,0,0,0
1,1,60161,15,15,15,15,15,15,15,15,15,15
2,1,60161,3,0,0,0,0,0,0,0,0,0
1,1,60162,15,15,15,15,15,15,15,15,15,15
1,1,60163,0,0,0,0,0,0,0,0,0,0
2,1,60163,0,0,0,0,0,0,0,0,0,0
1,1,60164,0,0,0,0,0,0,0,0,0,0
0,1,60165,0,0,0,0,0,0,0,0,0,0
1,1,60165,0,0,0,0,0,9,0,0,0,0
1,1,60166,14,14,14,14,14,14,14,14,14,14
2,1,60166,0,0,0,0,0,0,0,0,0,0
1,1,60167,19,19,19,19,19,19,19,19,19,19
1,1,60168,0,0,0,0,0,0,0,0,0,0
1,1,60169,0,0,0,0,0,0,0,0,0,0
1,1,60170,0,0,0,0,0,0,0,0,0,0
1,1,60171,0,0,0,0,0,0,0,0,0,0
0,1,60172,0,0,0,0,0,0,0,0,0,0
1,1,60172,0,0,0,0,10,6,0,0,0,0
1,1,60173,0,15,0,0,20,0,0,0,25,15
2,1,60173,0,0,0,0,0,0,0,0,0,0
0,1,60174,0,0,0,0,0,0,0,0,0,0
1,1,60174,0,0,0,0,0,0,0,0,0,0
1,1,60175,18,18,18,18,18,18,18,18,18,18
1,1,60176,18,18,18,18,18,18,18,18,18,18
2,1,60176,0,0,0,0,0,0,0,0,0,0
1,1,60177,0,11,15,0,11,0,0,0,0,0
1,1,60178,0,0,0,0,0,0,0,0,0,0
2,1,60178,0,0,0,0,0,0,0,0,0,0
1,1,60179,18,18,18,18,18,18,18,18,18,18
0,1,60180,20,20,20,20,20,20,20,20,20,20
1,1,60180,0,0,0,13,0,0,0,0,0,0
0,1,60181,21,21,21,21,21,21,21,21,21,21
1,1,60181,0,0,0,0,6,12,0,4,11,9
1,1,60182,0,0,0,0,0,0,0,0,0,0
2,1,60182,0,0,0,0,0,0,0,0,0,0
0,1,60183,0,0,0,0,0,0,0,0,0,0
1,1,60183,0,0,0,0,0,0,0,0,0,0
1,1,60184,25,25,25,25,25,25,25,25,25,25
2,1,60184,0,0,0,0,0,0,0,0,0,0
3,1,60184,0,0,0,0,0,0,0,0,0,0
4,1,60184,0,0,0,0,0,0,0,0,0,0
1,1,60185,0,0,0,0,0,0,0,0,0,0
2,1,60185,12,12,12,12,12,12,12,12,12,12
1,1,60186,0,0,0,0,0,0,0,0,0,0
1,1,60187,15,15,15,15,15,15,15,15,15,15
2,1,60187,0,0,0,0,0,0,0,0,0,0
1,1,60188,0,0,0,0,0,0,0,0,0,0
2,1,60188,0,0,0,0,0,0,0,0,0,0
1,1,60189,0,0,0,0,0,0,0,0,0,0
1,1,60190,36,36,36,36,36,36,36,36,36,36
1,1,60191,12,12,12,12,12,12,12,12,12,12
1,1,60192,0,0,0,0,0,0,0,0,0,0
1,1,60193,0,0,0,0,0,0,0,0,0,0
1,1,60194,0,0,0,0,0,0,0,0,0,0
1,1,60195,12,12,12,12,12,12,12,12,12,12
0,1,60196,0,0,0,0,0,0,0,0,0,0
1,1,60196,0,0,0,0,0,0,0,0,0,0
0,1,60197,32,32,32,32,32,32,32,32,32,32
1,1,60197,0,0,0,0,0,0,0,0,0,0
1,1,60198,0,0,0,0,0,0,0,0,0,0
1,1,60199,0,0,0,0,0,0,0,0,0,0
1,1,60200,0,0,0,0,0,0,0,0,0,0
1,1,60201,0,0,0,0,0,0,0,0,0,0
1,1,60202,0,0,0,0,0,0,0,0,0,0
2,1,60202,0,0,0,0,0,0,0,0,0,0
3,1,60202,0,0,0,0,0,0,0,0,0,0
0,1,60203,0,0,0,0,0,0,0,0,0,0
1,1,60203,0,0,0,0,0,0,0,0,0,0
1,1,60204,0,0,0,0,0,0,0,0,0,0
1,1,60205,0,0,0,0,0,0,0,0,0,0
2,1,60205,0,0,0,0,0,0,0,0,0,0
3,1,60205,0,0,0,0,0,0,0,0,0,0
0,1,60206,0,0,0,0,0,0,0,0,0,0
1,1,60206,0,0,0,0,0,0,0,0,0,0
1,1,60207,0,0,0,0,0,0,0,5,0,0
2,1,60207,0,0,0,0,0,0,0,0,0,0
1,1,60208,18,18,18,18,18,18,18,18,18,18
2,1,60208,0,0,0,0,0,0,0,0,23,0
3,1,60208,0,0,0,0,0,0,0,0,0,0
1,1,60209,0,0,0,0,6,0,0,0,0,0
2,1,60209,0,0,0,0,0,0,0,0,0,0
3,1,60209,0,0,0,0,0,0,0,0,0,0
1,1,60210,0,0,0,0,0,0,0,0,0,0
1,1,60211,0,0,0,0,0,0,0,0,0,0
2,1,60211,0,0,0,0,0,0,0,0,0,0
3,1,60211,0,0,0,0,0,0,0,0,0,0
4,1,60211,13,0,0,0,0,0,0,0,0,0
1,1,60212,29,29,29,29,29,29,29,29,29,29
1,1,60213,15,15,15,15,15,15,15,15,15,15
0,1,60214,0,0,0,0,0,0,0,0,0,0
1,1,60214,0,0,0,0,0,0,0,0,0,0
0,1,60215,0,0,0,0,0,0,0,0,0,0
1,1,60215,0,0,0,0,0,0,0,0,0,0
1,1,60216,12,12,12,12,12,12,12,12,12,12
2,1,60216,0,0,0,0,0,0,0,0,0,0
0,1,60217,0,0,0,0,0,0,0,0,0,0
1,1,60217,0,0,0,0,0,0,0,0,0,0
1,1,60218,0,0,0,0,0,0,0,0,0,0
2,1,60218,0,0,0,0,0,0,0,0,0,0
0,1,60219,0,0,0,0,0,0,0,0,0,0
1,1,60219,0,0,0,0,0,0,0,0,0,0
0,1,60220,0,0,0,0,0,0,0,0,0,0
1,1,60220,0,0,0,0,0,0,0,0,0,0
1,1,60221,2,2,2,2,2,2,2,2,2,2
2,1,60221,0,0,0,0,0,0,0,0,0,0
0,1,60222,0,0,0,0,0,0,0,0,0,0
0,2,60222,0,0,0,0,11,0,0,0,27,0
1,1,60222,0,0,0,0,0,0,0,0,0,0
1,1,60223,15,15,15,15,15,15,15,15,15,15
2,1,60223,3,3,3,3,3,3,3,3,3,3
1,1,60224,0,0,0,0,0,0,0,0,0,0
1,1,60225,19,19,19,19,19,19,19,19,19,19
1,1,60226,0,0,0,0,0,0,0,0,0,0
2,1,60226,0,0,0,0,0,0,0,0,0,0
1,1,60227,0,0,0,0,0,0,0,0,0,0
1,1,60228,0,0,0,0,0,0,0,0,0,0
2,1,60228,0,0,0,0,0,0,0,0,0,0
1,1,60229,0,0,0,0,0,0,0,0,0,0
1,1,60230,24,24,24,24,24,24,24,24,24,24
1,1,60231,20,20,20,20,20,20,20,20,20,20
1,1,60232,13,13,13,13,13,13,13,13,13,13
1,1,60233,0,0,0,0,0,0,0,0,7,0
2,1,60233,0,0,0,0,16,0,0,0,0,0
3,1,60233,0,0,0,0,0,0,0,0,0,0
4,1,60233,0,0,0,0,0,0,0,0,0,0
0,1,60234,0,0,0,0,0,0,9,0,0,0
1,1,60234,0,0,0,0,0,0,0,0,0,0
1,1,60235,0,0,0,0,0,0,0,0,8,0
2,1,60235,0,0,0,0,0,0,0,0,0,0
1,1,60236,0,0,0,0,0,0,0,0,0,0
2,1,60236,0,0,0,0,0,0,0,0,0,6
0,1,60237,0,0,0,0,0,0,0,0,0,0
1,1,60237,0,0,0,0,0,4,0,0,2,0
1,1,60238,0,0,0,0,0,7,0,0,0,0
2,1,60238,0,0,0,0,0,0,0,0,0,0
0,1,60239,23,26,16,0,21,0,0,0,23,0
1,1,60239,0,0,0,0,0,0,0,0,0,0
1,1,60240,14,12,7,10,0,8,3,16,11,19
1,1,60241,21,21,21,21,21,21,21,21,21,21
1,1,60242,14,14,14,14,14,14,14,14,14,14
1,1,60243,20,20,20,20,20,20,20,20,20,20
1,1,60244,0,0,0,0,0,0,0,0,0,0
1,1,60245,0,0,0,0,0,0,0,0,0,0
2,1,60245,0,0,0,0,0,0,0,0,0,0
1,1,60246,0,0,0,0,0,0,0,0,0,0
1,1,60247,14,14,14,14,14,14,14,14,14,14
1,1,60248,0,0,0,0,0,0,0,0,0,0
2,1,60248,0,0,0,0,0,0,0,0,0,0
1,1,60249,0,0,0,0,0,0,0,0,0,0
2,1,60249,0,0,0,0,0,0,0,0,0,0
1,1,60250,0,0,0,0,0,0,0,0,0,0
1,1,60251,0,0,0,0,0,0,0,0,0,0
1,1,60252,0,0,0,0,0,0,0,0,0,0
1,1,60253,0,0,0,0,0,0,0,0,0,0
2,1,60253,0,0,0,0,0,0,0,0,0,0
1,1,60254,18,21,14,8,10,6,8,18,25,12
2,1,60254,0,0,0,0,0,0,0,0,0,0
1,1,60255,1,1,1,1,1,1,1,1,1,1
0,1,60256,22,22,22,22,22,22,22,22,22,22
1,1,60256,0,0,0,0,0,0,0,0,6,0
1,1,60257,23,23,23,23,23,23,23,23,23,23
2,1,60257,0,0,0,0,0,0,0,0,0,0
0,1,60258,2,2,2,2,2,2,2,2,2,2
1,1,60258,0,0,0,0,0,0,0,32,0,0
1,1,60259,0,0,0,0,0,0,0,0,0,0
2,1,60259,0,0,0,0,0,0,0,0,0,0
1,1,60260,0,0,0,0,0,0,0,0,0,0
1,1,60261,20,20,20,20,20,20,20,20,20,20
0,1,60262,0,0,0,0,0,0,0,0,0,0
1,1,60262,10,10,10,10,10,10,10,10,10,10
0,1,60263,0,0,0,0,0,0,0,0,0,0
1,1,60263,6,6,6,6,6,6,6,6,6,6
1,1,60264,38,38,38,38,38,38,38,38,38,38
1,1,60265,0,0,0,0,0,0,0,0,0,0
2,1,60265,0,0,0,0,0,0,0,0,0,0
3,1,60265,0,0,0,0,0,0,0,0,0,0
4,1,60265,0,0,0,0,0,0,0,0,16,0
0,1,60266,0,0,0,0,0,0,0,0,0,0
1,1,60266,0,0,0,0,0,0,0,0,0,0
0,1,60267,0,0,0,0,0,0,0,0,0,0
1,1,60267,0,0,0,8,0,0,0,0,4,11
1,1,60268,0,0,0,0,0,0,0,0,0,0
2,1,60268,0,0,0,0,0,0,0,0,0,0
1,1,60269,0,0,0,0,0,0,0,0,0,0
1,1,60270,36,36,36,36,36,36,36,36,36,36
2,1,60270,0,0,0,0,0,0,0,0,0,0
0,1,60271,0,0,0,0,0,0,0,0,0,0
1,1,60271,0,0,0,0,0,0,0,0,0,0
0,1,60272,0,0,0,0,0,0,0,0,0,0
1,1,60272,0,0,0,0,0,0,0,0,0,0
1,1,60273,12,12,12,12,12,12,12,12,12,12
1,1,60274,20,20,20,20,20,20,20,20,20,20
0,1,60275,0,0,0,0,0,0,0,0,0,0
1,1,60275,9,22,19,14,27,24,11,4,24,9
3,1,60275,0,0,0,0,0,0,0,0,0,0
1,1,60276,0,0,0,0,0,0,0,0,0,0
0,1,60277,0,12,29,0,0,25,0,0,17,0
1,1,60277,0,3,0,0,0,0,0,0,0,0
1,1,60278,0,0,0,0,0,0,0,0,0,0
2,1,60278,0,0,0,0,0,0,0,0,0,0
1,1,60279,0,0,0,0,0,0,0,0,0,0
2,1,60279,0,0,0,0,0,0,0,0,0,0
1,1,60280,0,0,0,0,0,0,0,0,0,0
2,1,60280,0,0,0,0,0,0,0,0,0,0
1,1,60281,0,0,0,0,0,0,0,0,0,0
1,1,60282,12,12,12,12,12,12,12,12,12,12
2,1,60282,0,0,0,0,0,0,0,0,0,0
0,1,60283,40,40,40,40,40,40,40,40,40,40
1,1,60283,0,0,0,0,0,0,0,0,0,0
0,1,60284,0,0,0,0,0,0,0,0,0,0
1,1,60284,3,3,3,3,3,3,3,3,3,3
0,1,60285,0,0,0,0,0,0,0,0,0,0
1,1,60285,0,0,0,0,0,0,0,0,0,0
0,1,60286,13,13,13,13,13,13,13,13,13,13
1,1,60286,0,0,0,0,0,0,0,0,0,0