VEH_NO,PER_NO,ST_CASE,P1,P2,P3,P4,P5,P6,P7,P8,P9,P10
0,1,60287,36,36,36,36,36,36,36,36,36,36
1,1,60287,0,0,0,0,0,0,0,0,0,0
1,1,60289,23,23,23,23,23,23,23,23,23,23
1,1,60290,0,0,0,0,0,0,0,0,0,0
2,1,60290,0,0,0,0,0,0,0,0,0,0
1,1,60291,16,16,16,16,16,16,16,16,16,16
0,1,60292,14,14,14,14,14,14,14,14,14,14
1,1,60292,0,0,0,0,0,0,0,0,0,0
2,1,60292,0,0,0,0,0,0,0,0,0,0
0,1,60293,15,15,15,15,15,15,15,15,15,15
1,1,60293,0,0,0,0,0,0,0,16,0,0
0,1,60294,31,31,31,31,31,31,31,31,31,31
1,1,60294,0,0,0,0,0,0,0,0,0,0
1,1,60295,0,0,0,0,0,0,0,0,0,0
1,1,60296,0,0,0,0,0,0,0,0,0,0
0,1,60297,0,0,0,0,0,0,0,0,0,0
1,1,60298,0,0,0,0,0,0,0,0,0,0
2,1,60298,0,0,0,0,0,0,0,0,0,0
0,1,60299,11,11,11,11,11,11,11,11,11,11
1,1,60299,12,12,15,3,15,13,22,18,10,11
1,1,60300,0,0,0,0,0,0,0,0,0,0
2,1,60300,0,0,0,0,0,0,0,0,0,0
3,1,60300,0,0,0,0,0,0,0,0,0,0
1,1,60301,4,10,16,13,8,21,12,14,24,3
2,1,60301,0,0,0,0,0,0,0,0,0,0
3,1,60301,0,0,0,0,0,0,0,0,0,7
1,1,60302,0,17,0,0,0,0,0,0,0,0
1,1,60303,0,0,0,0,0,0,0,0,0,0
2,1,60303,0,0,0,0,0,0,0,0,0,0
1,1,60304,28,28,28,28,28,28,28,28,28,28
2,1,60304,0,0,0,0,0,0,0,0,0,0
1,1,60305,0,0,0,0,0,0,0,0,0,0
2,1,60305,0,0,0,0,0,0,0,0,0,0
1,1,60306,0,0,0,0,0,0,0,0,0,0
1,1,60307,0,0,0,0,0,0,0,0,0,0
0,1,60308,0,0,0,0,0,0,0,0,0,0
1,1,60308,0,0,0,0,0,0,0,0,0,0
1,1,60309,7,7,7,7,7,7,7,7,7,7
2,1,60309,0,0,0,0,0,0,0,0,0,0
1,1,60310,27,27,27,27,27,27,27,27,27,27
2,1,60310,0,0,0,0,0,0,0,0,0,0
1,1,60311,26,26,26,26,26,26,26,26,26,26
1,1,60312,5,5,5,5,5,5,5,5,5,5
1,1,60313,0,0,0,0,0,0,0,0,0,0
0,1,60314,0,0,0,0,0,0,0,0,0,0
0,2,60314,0,0,0,0,0,0,0,0,0,0
1,1,60314,0,0,0,0,0,0,0,0,0,0
1,1,60315,0,0,0,0,0,0,0,0,0,0
1,1,60316,30,30,30,30,30,30,30,30,30,30
1,1,60317,20,20,20,20,20,20,20,20,20,20
1,1,60318,14,14,14,14,14,14,14,14,14,14
1,1,60319,0,0,0,0,0,0,0,0,0,0
2,1,60319,12,12,12,12,12,12,12,12,12,12
1,1,60320,9,9,9,9,9,9,9,9,9,9
2,1,60320,12,0,0,11,5,21,0,0,0,0
1,1,60321,9,9,9,9,9,9,9,9,9,9
1,1,60322,0,0,0,0,0,0,0,0,0,0
2,1,60322,0,0,0,0,0,0,0,0,0,0
3,1,60322,0,0,0,0,0,0,0,0,0,0
4,1,60322,3,0,0,0,0,0,0,0,0,0
1,1,60323,27,27,27,27,27,27,27,27,27,27
2,1,60323,0,0,0,0,0,0,0,0,0,0
3,1,60323,0,0,0,0,0,0,0,9,0,8
0,1,60324,0,0,0,0,0,0,0,0,0,0
1,1,60324,0,0,0,0,8,0,0,0,0,5
0,1,60325,5,10,0,15,13,3,5,22,18,33
1,1,60325,0,0,0,0,0,0,0,0,0,0
1,1,60326,0,0,0,0,0,0,0,0,0,0
0,1,60327,0,0,0,0,0,0,0,0,0,0
1,1,60327,0,0,0,0,0,0,0,0,0,0
1,1,60328,16,16,16,16,16,16,16,16,16,16
2,1,60328,0,0,0,0,0,0,0,0,0,0
1,1,60329,22,22,22,22,22,22,22,22,22,22
1,1,60330,0,0,0,0,0,0,0,0,0,0
2,1,60330,0,0,0,0,0,0,0,0,0,0
1,1,60331,0,0,0,0,0,0,0,0,0,0
1,1,60332,0,0,0,0,0,0,0,0,0,0
2,1,60332,0,0,0,0,0,0,0,0,0,0
1,1,60333,0,0,0,0,0,0,0,0,0,0
2,1,60333,0,0,0,0,0,0,0,0,0,0
0,1,60334,0,0,0,0,0,0,0,0,0,0
1,1,60334,0,0,0,0,0,0,0,0,0,0
0,1,60335,0,0,0,0,0,0,0,0,0,0
1,1,60335,0,0,0,0,0,0,0,0,0,0
1,1,60336,18,9,13,15,16,11,17,4,8,18
0,1,60337,0,0,0,0,7,0,0,0,0,0
1,1,60337,0,0,0,0,0,0,0,0,0,0
0,1,60338,26,26,26,26,26,26,26,26,26,26
1,1,60338,0,0,0,9,0,16,0,1,0,0
1,1,60339,0,0,0,0,0,0,0,0,0,0
1,1,60340,0,0,0,0,0,0,0,0,0,0
2,1,60340,0,0,0,0,0,0,0,0,0,0
1,1,60341,21,21,21,21,21,21,21,21,21,21
2,1,60341,0,0,0,0,0,0,0,0,0,0
1,1,60342,0,0,0,0,0,0,0,0,0,0
2,1,60342,0,0,0,0,0,0,0,0,0,0
0,1,60343,0,0,0,0,0,0,0,0,0,0
1,1,60343,0,0,0,0,0,0,0,0,0,0
1,1,60344,0,0,0,0,0,0,0,0,0,0
2,1,60344,0,0,0,0,0,0,0,0,0,0
1,1,60345,0,0,0,0,0,0,0,0,0,0
0,1,60346,13,13,13,13,13,13,13,13,13,13
1,1,60346,29,0,0,6,10,0,0,0,12,0
1,1,60347,11,11,11,11,11,11,11,11,11,11
0,1,60348,16,24,21,19,0,16,0,0,17,0
1,1,60348,0,7,9,8,6,19,9,3,8,16
1,1,60349,0,0,0,0,0,0,0,0,0,0
2,1,60349,0,0,0,0,0,0,0,0,0,0
1,1,60350,0,0,0,0,0,0,0,0,0,0
1,1,60351,0,0,0,0,0,0,0,0,0,0
2,1,60351,0,0,0,0,0,0,0,0,0,0
3,1,60351,0,0,0,0,0,0,0,0,0,0
1,1,60352,0,0,0,0,0,0,0,0,0,0
1,1,60353,0,0,0,0,0,0,12,0,0,0
1,1,60354,23,23,23,23,23,23,23,23,23,23
1,1,60355,21,21,21,21,21,21,21,21,21,21
2,1,60355,0,0,0,0,0,0,13,0,0,0
1,1,60356,7,7,7,7,7,7,7,7,7,7
1,1,60357,0,0,0,0,0,0,0,0,0,0
2,1,60357,0,0,0,0,14,0,0,0,0,0
1,1,60358,0,0,0,0,0,0,0,0,0,0
2,1,60358,0,0,0,0,0,0,0,0,0,0
1,1,60359,0,0,0,0,0,0,0,0,0,0
1,1,60360,0,0,0,0,0,0,0,0,0,0
2,1,60360,0,4,13,0,0,0,4,0,9,0
0,1,60361,0,17,32,20,10,0,10,10,0,0
1,1,60361,6,8,29,0,9,6,13,0,16,26
1,1,60362,0,0,0,0,0,0,0,0,0,0
0,1,60363,34,34,34,34,34,34,34,34,34,34
1,1,60363,0,0,0,0,0,0,0,0,0,0
0,1,60364,0,0,0,0,0,0,0,0,0,0
1,1,60364,0,0,0,0,0,0,0,0,0,0
0,1,60365,0,0,0,0,0,0,0,0,0,0
1,1,60365,0,0,0,0,0,0,0,0,0,0
0,1,60366,22,22,22,22,22,22,22,22,22,22
1,1,60366,8,8,8,8,8,8,8,8,8,8
1,1,60367,19,19,9,6,0,0,0,3,11,12
1,1,60368,19,19,19,19,19,19,19,19,19,19
2,1,60368,0,0,0,0,0,0,0,0,0,0
1,1,60369,0,0,0,0,0,0,0,0,0,0
1,1,60370,0,0,0,0,0,0,0,0,0,0
1,1,60371,0,0,0,0,0,0,0,0,0,0
1,1,60372,22,12,38,14,19,16,9,17,17,11
0,1,60373,18,18,18,18,18,18,18,18,18,18
1,1,60373,1,0,0,0,0,3,8,0,0,0
1,1,60374,0,0,0,0,0,0,0,0,0,0
1,1,60375,12,12,12,12,12,12,12,12,12,12
1,1,60376,30,30,30,30,30,30,30,30,30,30
0,1,60377,17,17,17,17,17,17,17,17,17,17
1,1,60377,0,0,0,0,0,0,0,0,0,0
1,1,60378,15,15,15,15,15,15,15,15,15,15
2,1,60378,0,0,0,0,0,0,0,0,0,0
1,1,60379,0,0,0,0,0,0,0,0,0,0
1,1,60380,0,0,0,0,0,0,0,0,0,0
1,1,60381,12,12,12,12,12,12,12,12,12,12
2,1,60381,0,0,0,0,0,0,0,0,0,0
0,1,60382,0,0,0,0,0,0,0,0,0,0
1,1,60382,0,0,0,0,0,0,0,0,0,0
0,1,60383,0,0,0,0,0,0,0,0,0,0
1,1,60383,0,0,5,0,0,0,22,8,0,4
1,1,60384,0,0,0,0,0,0,0,0,0,0
2,1,60384,0,0,0,0,0,0,0,0,0,0
3,1,60384,0,0,0,0,0,0,0,0,0,0
4,1,60384,0,0,0,0,0,0,0,0,0,0
5,1,60384,0,0,0,0,0,0,0,0,0,0
0,1,60385,0,0,0,0,0,0,0,0,0,0
1,1,60385,0,0,0,0,0,0,0,0,0,0
0,1,60386,12,12,12,12,12,12,12,12,12,12
1,1,60386,0,0,0,0,7,0,0,0,0,0
1,1,60387,13,13,13,13,13,13,13,13,13,13
0,1,60388,0,0,0,0,0,0,0,0,0,0
1,1,60388,0,0,0,0,0,0,0,0,0,0
0,1,60389,0,0,0,0,0,0,0,0,0,0
1,1,60389,0,0,0,0,0,0,0,0,0,0
0,1,60390,0,0,0,0,0,0,0,0,0,0
1,1,60390,27,0,4,8,0,23,3,0,0,0
1,1,60391,0,0,0,0,0,0,0,0,0,0
2,1,60391,0,0,0,0,0,0,0,0,0,0
3,1,60391,0,0,0,0,0,0,0,0,0,0
0,1,60392,28,28,28,28,28,28,28,28,28,28
1,1,60392,15,15,15,15,15,15,15,15,15,15
1,1,60393,0,0,3,0,14,0,0,0,0,0
2,1,60393,0,0,0,0,0,0,0,0,0,0
1,1,60394,16,16,16,16,16,16,16,16,16,16
1,1,60395,0,0,0,0,0,0,0,0,0,0
2,1,60395,0,0,0,0,0,0,0,0,0,0
3,1,60395,0,0,0,0,0,0,0,0,0,0
0,1,60396,0,0,0,0,0,0,0,0,0,0
0,2,60396,0,0,0,0,0,0,0,0,0,0
0,3,60396,17,6,4,13,30,10,29,29,21,37
1,1,60396,0,0,0,0,0,0,0,0,0,0
2,1,60396,0,0,0,0,0,0,0,0,0,0
1,1,60397,6,6,6,6,6,6,6,6,6,6
2,1,60397,0,0,0,0,0,0,0,0,0,0
1,1,60398,0,0,0,0,0,0,0,0,0,0
2,1,60398,0,0,0,0,0,0,0,0,0,0
3,1,60398,0,0,0,0,3,0,0,0,11,0
0,1,60399,0,0,0,10,0,0,0,0,0,0
0,2,60399,0,0,0,0,0,0,0,0,0,0
0,3,60399,0,15,0,0,0,0,0,0,0,0
1,1,60399,0,0,0,0,0,0,0,0,0,0
2,1,60399,0,0,0,0,0,0,0,0,0,0
3,1,60399,0,0,0,0,0,0,0,0,0,15
4,1,60399,0,0,0,0,0,0,0,0,0,0
5,1,60399,0,0,0,0,0,0,0,0,0,0
6,1,60399,0,0,0,0,0,0,0,0,0,0
7,1,60399,0,0,0,0,0,0,0,0,0,0
1,1,60400,17,17,17,17,17,17,17,17,17,17
1,1,60401,0,0,0,0,0,0,0,0,0,0
2,1,60401,5,0,0,0,0,0,4,0,7,13
1,1,60402,0,0,0,0,0,0,0,0,0,0
2,1,60402,0,0,0,0,0,0,0,0,0,0
1,1,60403,0,0,0,0,0,0,0,0,0,0
2,1,60403,0,0,0,0,0,0,0,0,0,0
1,1,60404,0,0,0,0,0,0,0,0,0,0
1,1,60405,0,0,0,0,0,0,0,0,0,0
2,1,60405,0,0,0,0,0,0,0,0,0,0
1,1,60406,0,0,0,0,0,0,0,0,0,0
1,1,60407,0,0,0,0,0,0,0,0,0,0
2,1,60407,0,0,0,0,0,0,0,0,0,0
3,1,60407,0,0,0,0,0,0,0,0,0,0
0,1,60408,11,0,0,0,0,0,0,0,0,0
1,1,60408,13,0,0,0,0,0,0,0,0,0
0,1,60409,16,16,16,16,16,16,16,16,16,16
1,1,60409,8,0,0,0,0,0,0,0,0,0
1,1,60410,0,0,0,0,0,0,0,0,0,0
1,1,60411,19,19,19,19,19,19,19,19,19,19
1,1,60412,14,14,14,14,14,14,14,14,14,14
1,1,60413,0,0,0,0,0,0,0,0,0,0
2,1,60413,0,0,0,0,0,0,0,0,0,0
1,1,60414,29,29,29,29,29,29,29,29,29,29
2,1,60414,0,12,0,0,37,0,15,0,0,0
3,1,60414,0,0,0,0,13,0,0,0,0,0
1,1,60415,40,40,40,40,40,40,40,40,40,40
1,1,60416,29,29,29,29,29,29,29,29,29,29
0,1,60417,6,6,6,6,6,6,6,6,6,6
1,1,60417,0,0,0,0,0,0,0,0,0,0
1,1,60418,37,37,37,37,37,37,37,37,37,37
1,1,60419,6,6,6,6,6,6,6,6,6,6
2,1,60419,0,0,0,0,0,0,0,0,0,0
1,1,60420,7,7,7,7,7,7,7,7,7,7
2,1,60420,0,0,0,0,0,0,0,0,0,0
1,1,60421,0,0,0,0,0,0,0,0,0,0
2,1,60421,0,0,0,0,0,0,0,0,0,0
1,1,60422,0,0,0,0,0,0,0,0,0,0
1,1,60423,22,22,22,22,22,22,22,22,22,22
1,1,60424,0,0,0,0,0,0,0,0,0,0
2,1,60424,0,0,0,0,0,0,0,0,0,0
0,1,60425,0,0,0,0,0,0,0,0,0,0
1,1,60425,0,0,0,0,0,0,0,0,0,0
1,1,60426,0,0,0,0,0,0,0,0,0,0
2,1,60426,0,0,0,0,0,0,0,0,0,0
3,1,60426,0,0,16,0,0,0,0,0,0,0
1,1,60427,0,0,0,0,0,0,0,0,0,0
2,1,60427,12,0,0,0,0,0,0,0,0,0
3,1,60427,0,0,0,0,0,0,0,0,0,0
1,1,60428,15,15,15,15,15,15,15,15,15,15
2,1,60428,0,0,0,0,0,0,0,0,0,0
3,1,60428,17,13,20,16,14,9,7,13,0,17
0,1,60429,0,0,0,0,0,0,0,0,0,0
1,1,60429,0,0,0,0,0,0,0,0,0,0
0,1,60430,0,0,0,0,0,0,0,0,0,0
1,1,60430,0,0,0,0,0,0,0,0,0,0
1,1,60431,0,0,0,0,0,0,0,0,0,0
2,1,60431,0,0,0,0,0,0,0,0,0,0
1,1,60432,0,0,0,0,0,0,0,0,0,0
2,1,60432,0,0,0,0,0,0,0,0,0,0
0,1,60433,0,0,0,0,0,0,0,0,0,0
1,1,60433,0,0,0,0,0,0,0,0,0,0
1,1,60434,25,25,25,25,25,25,25,25,25,25
2,1,60434,0,0,0,0,0,0,0,0,11,0
1,1,60435,0,0,0,0,0,0,0,0,0,0
2,1,60435,0,0,0,0,0,0,0,0,0,0
1,1,60436,0,0,0,0,0,0,0,0,0,0
2,1,60436,0,0,0,0,0,0,0,0,0,0
3,1,60436,0,0,0,0,0,0,15,0,0,0
4,1,60436,0,0,0,0,0,0,0,0,0,0
5,1,60436,0,0,0,0,0,0,0,0,0,0
6,1,60436,0,0,0,0,0,0,0,0,0,0
7,1,60436,0,0,0,0,0,0,0,0,0,0
1,1,60437,0,0,0,0,0,0,0,0,0,0
2,1,60437,0,0,0,0,0,0,0,0,0,0
1,1,60438,29,29,29,29,29,29,29,29,29,29
2,1,60438,0,0,0,0,0,0,0,0,0,0
0,1,60439,17,17,17,17,17,17,17,17,17,17
0,2,60439,0,0,0,0,0,0,0,0,0,0
1,1,60439,6,0,17,10,15,11,0,0,0,0
1,1,60440,0,0,0,0,0,0,0,0,0,0
0,1,60441,4,4,4,4,4,4,4,4,4,4
1,1,60441,0,9,15,11,24,12,7,6,4,21
1,1,60442,24,24,24,24,24,24,24,24,24,24
1,1,60443,0,0,0,0,0,0,0,0,0,0
2,1,60443,0,0,0,0,0,0,0,0,0,0
1,1,60444,0,0,0,3,0,0,0,0,0,0
2,1,60444,0,0,0,0,0,0,0,0,0,0
1,1,60445,0,0,0,0,0,0,0,0,0,0
0,1,60446,20,20,20,20,20,20,20,20,20,20
1,1,60446,0,0,0,0,0,0,0,0,0,0
1,1,60447,0,0,0,0,0,0,0,0,0,0
1,1,60448,5,5,5,5,5,5,5,5,5,5
0,1,60449,0,0,0,0,0,0,0,0,0,0
1,1,60449,0,0,0,0,0,0,0,0,0,0
1,1,60450,22,22,22,22,22,22,22,22,22,22
3,1,60450,0,3,0,0,5,0,0,0,0,5
1,1,60451,20,20,20,20,20,20,20,20,20,20
0,1,60452,0,0,0,0,0,0,0,0,0,0
1,1,60452,0,0,0,0,0,0,0,0,0,0
0,1,60453,28,28,28,28,28,28,28,28,28,28
1,1,60453,0,0,0,0,0,0,0,0,0,0
1,1,60454,0,0,0,0,0,0,0,0,0,0
2,1,60454,0,0,0,0,0,0,0,0,0,0
1,1,60455,0,0,0,0,0,0,0,0,0,0
2,1,60455,0,0,0,0,0,0,0,0,0,0
1,1,60456,0,0,0,0,0,0,0,0,0,0
2,1,60456,0,0,0,0,0,0,0,0,0,0
1,1,60457,0,0,0,0,0,0,0,0,0,0
2,1,60457,0,0,0,0,0,0,0,0,0,0
1,1,60458,23,23,23,23,23,23,23,23,23,23
0,1,60459,0,0,0,0,0,0,0,0,0,0
1,1,60459,0,0,0,0,0,0,0,0,0,0
1,1,60460,0,0,0,0,0,0,0,0,0,0
2,1,60460,0,0,0,0,0,0,0,0,0,0
0,1,60461,0,0,0,0,0,0,0,0,0,0
1,1,60461,0,0,0,0,0,0,0,0,0,0
1,1,60462,21,21,21,21,21,21,21,21,21,21
1,1,60463,19,19,19,19,19,19,19,19,19,19
0,1,60464,0,0,0,0,0,0,27,0,0,0
1,1,60464,0,0,0,0,0,0,0,0,0,0
2,1,60464,0,0,0,0,0,0,0,0,0,0
1,1,60465,0,0,0,0,0,0,0,0,0,0
2,1,60465,0,0,0,0,0,0,0,0,0,12
0,1,60466,0,0,0,0,0,0,0,0,0,0
0,2,60466,0,0,0,0,0,0,0,0,0,0
0,3,60466,0,0,13,0,0,0,0,0,0,0
1,1,60466,0,0,0,0,0,0,0,0,0,0
1,1,60467,17,17,17,17,17,17,17,17,17,17
1,1,60468,0,0,0,0,0,0,0,0,0,0
1,1,60469,22,22,22,22,22,22,22,22,22,22
1,1,60470,10,5,14,6,0,9,10,6,0,11
1,1,60471,10,10,10,10,10,10,10,10,10,10
2,1,60471,0,0,0,0,0,0,0,0,0,0
1,1,60472,13,13,13,13,13,13,13,13,13,13
0,1,60473,20,20,20,20,20,20,20,20,20,20
1,1,60473,26,17,10,0,14,16,7,11,25,0
1,1,60474,0,0,0,0,0,0,0,0,0,0
1,1,60475,6,6,6,6,6,6,6,6,6,6
0,1,60476,0,0,0,34,16,0,0,10,0,0
1,1,60476,0,0,0,0,0,16,0,0,0,0
1,1,60477,0,14,19,0,14,18,16,23,20,29
0,1,60478,0,0,0,0,0,0,0,0,0,0
1,1,60478,23,23,23,23,23,23,23,23,23,23
2,1,60478,0,0,0,0,0,0,0,0,0,0
1,1,60479,11,11,11,11,11,11,11,11,11,11
2,1,60479,0,0,5,0,0,0,0,0,0,0
0,1,60480,0,0,0,0,0,0,0,0,0,0
1,1,60480,0,3,0,0,0,2,0,0,7,5
1,1,60481,0,0,0,0,0,0,0,0,0,0
1,1,60482,14,0,17,16,5,0,0,9,9,5
1,1,60483,0,0,0,0,0,0,0,0,0,0
0,1,60484,0,0,0,0,0,0,0,0,0,0
1,1,60484,0,0,0,0,0,0,0,0,0,0
1,1,60485,0,0,0,0,0,0,0,0,0,0
1,1,60486,23,23,23,23,23,23,23,23,23,23
2,1,60486,0,0,0,0,0,0,0,0,0,0
1,1,60487,0,0,0,0,0,0,0,0,0,0
2,1,60487,0,0,0,0,0,0,0,0,0,0
1,1,60488,0,0,0,0,0,0,0,0,0,0
1,1,60489,0,0,0,0,0,0,0,0,0,0
1,1,60490,19,19,19,19,19,19,19,19,19,19
1,1,60491,0,0,0,0,0,0,0,0,0,0
2,1,60491,0,0,0,0,0,0,0,0,0,0
3,1,60491,0,0,0,0,0,0,0,0,0,0
0,1,60492,0,0,0,0,0,0,0,0,0,0
1,1,60492,6,6,6,6,6,6,6,6,6,6
1,1,60493,27,27,27,27,27,27,27,27,27,27
1,1,60494,0,0,0,0,0,0,0,0,0,0
2,1,60494,0,0,0,0,0,20,0,0,0,0
3,1,60494,0,0,0,0,0,0,0,0,0,0
1,1,60495,17,17,17,17,17,17,17,17,17,17
1,1,60496,0,0,0,0,0,0,0,0,0,0
2,1,60496,0,0,0,0,0,0,0,0,14,0
0,1,60497,0,0,0,0,0,0,0,0,0,0
1,1,60497,0,0,0,0,21,0,11,0,0,0
0,1,60498,0,0,0,0,0,0,0,0,0,0
1,1,60498,0,0,0,0,0,0,0,0,0,0
1,1,60499,0,0,0,0,0,0,0,0,0,0
1,1,60500,0,0,0,0,0,0,0,0,0,0
2,1,60500,0,0,0,0,0,0,0,0,0,0
1,1,60501,0,0,0,0,0,0,0,0,0,0
2,1,60501,0,0,0,0,0,0,0,0,0,0
0,1,60502,0,0,0,0,0,0,0,0,0,0
1,1,60502,0,0,0,0,0,0,0,0,0,0
0,1,60503,23,23,23,23,23,23,23,23,23,23
1,1,60503,0,0,0,0,0,0,0,0,0,0
1,1,60504,0,0,0,0,0,0,0,0,0,0
2,1,60504,0,0,0,0,0,0,0,0,0,0
3,1,60504,0,0,0,0,0,0,0,0,0,0
4,1,60504,0,0,0,0,0,0,0,0,0,0
1,1,60505,0,0,0,0,0,0,0,0,0,0
0,1,60506,0,0,0,0,0,0,0,0,0,0
1,1,60506,0,0,0,10,0,0,0,0,0,0
0,1,60507,18,18,18,18,18,18,18,18,18,18
1,1,60507,4,5,2,9,0,10,2,15,0,8
0,1,60508,0,0,0,0,0,0,0,0,0,0
1,1,60508,0,0,0,0,0,0,0,0,0,0
1,1,60509,0,0,0,0,0,0,0,0,0,0
2,1,60509,0,0,0,0,0,0,0,0,0,0
1,1,60510,0,0,0,0,6,0,0,0,0,0
2,1,60510,0,0,0,0,0,0,0,0,0,0
3,1,60510,0,0,0,0,0,0,0,0,0,0
1,1,60511,38,38,38,38,38,38,38,38,38,38
2,1,60511,0,0,0,0,0,0,0,0,0,0
1,1,60512,38,38,38,38,38,38,38,38,38,38
2,1,60512,0,0,0,0,0,0,0,0,0,0
0,1,60513,24,24,24,24,24,24,24,24,24,24
1,1,60513,0,0,0,0,0,5,0,0,0,0
2,1,60513,0,0,0,0,0,0,0,0,0,0
1,1,60514,0,0,0,0,0,0,0,0,0,0
2,1,60514,0,0,0,0,0,0,0,0,0,0
3,1,60514,0,0,0,0,0,0,0,0,0,0
1,1,60515,19,19,19,19,19,19,19,19,19,19
1,1,60516,0,0,0,0,0,0,0,0,0,0
1,1,60517,10,10,10,10,10,10,10,10,10,10
1,1,60518,0,20,15,14,0,0,0,13,0,20
1,1,60519,0,0,0,0,0,0,0,0,0,0
2,1,60519,0,0,0,0,0,0,0,0,27,0
3,1,60519,0,0,0,0,0,0,0,0,0,0
4,1,60519,0,0,0,0,0,0,0,0,0,0
0,1,60520,0,0,0,0,0,0,0,0,0,0
1,1,60520,13,0,9,13,3,0,7,0,0,5
1,1,60521,0,0,0,0,0,0,0,0,0,0
2,1,60521,0,0,0,0,0,0,0,0,0,0
1,1,60522,16,16,16,16,16,16,16,16,16,16
1,1,60523,0,0,0,0,0,0,0,0,0,0
1,1,60524,33,33,33,33,33,33,33,33,33,33
1,1,60525,0,0,0,0,0,0,0,0,0,0
2,1,60525,0,0,0,0,0,0,0,0,0,0
0,1,60526,0,0,0,0,0,0,0,0,0,0
1,1,60526,0,0,0,0,0,0,0,0,0,0
0,1,60527,0,0,0,0,0,0,0,0,0,0
1,1,60527,0,0,0,0,0,0,0,0,0,0
0,1,60528,0,0,0,0,0,0,0,0,0,0
1,1,60528,0,0,0,0,0,0,0,0,0,0
1,1,60529,0,0,0,0,0,0,0,0,0,0
2,1,60529,0,0,0,0,0,0,0,0,0,0
3,1,60529,0,0,0,0,0,0,0,0,0,0
1,1,60530,3,3,3,3,3,3,3,3,3,3
1,1,60531,19,19,19,19,19,19,19,19,19,19
2,1,60531,16,16,16,16,16,16,16,16,16,16
3,1,60531,0,0,0,0,0,9,0,0,0,0
1,1,60532,0,0,0,0,0,0,0,0,0,0
2,1,60532,0,0,0,0,0,0,0,0,0,0
3,1,60532,0,0,0,0,0,0,0,0,0,0
1,1,60533,0,0,0,0,0,22,0,0,0,0
2,1,60533,0,0,0,0,0,0,6,0,0,0
1,1,60534,17,17,17,17,17,17,17,17,17,17
1,1,60535,0,0,0,0,0,0,0,0,0,0
0,1,60536,12,12,12,12,12,12,12,12,12,12
0,2,60536,16,4,0,24,0,27,21,0,0,0
1,1,60536,15,15,15,15,15,15,15,15,15,15
1,1,60537,18,18,18,18,18,18,18,18,18,18
0,1,60538,0,0,0,0,0,0,0,0,0,0
1,1,60538,12,12,12,12,12,12,12,12,12,12
1,1,60539,0,0,0,0,0,0,0,0,0,0
1,1,60540,0,0,0,0,0,0,0,0,0,0
2,1,60540,0,0,0,0,0,0,0,0,0,0
3,1,60540,17,0,0,0,0,0,0,0,0,0
1,1,60541,19,19,19,19,19,19,19,19,19,19
1,1,60542,0,0,0,0,0,0,0,0,0,0
2,1,60542,0,0,0,0,0,0,0,0,0,0
1,1,60543,0,0,0,0,0,0,0,0,0,0
2,1,60543,0,0,0,0,0,0,0,0,0,0
0,1,60544,0,0,0,0,0,0,0,0,0,0
1,1,60544,0,0,0,0,0,0,0,0,0,0
0,1,60545,0,0,0,0,0,0,0,0,0,0
1,1,60545,0,0,0,0,0,0,0,0,0,0
0,1,60546,0,0,0,0,0,0,0,23,0,0
1,1,60546,12,0,0,0,0,0,0,0,0,0
0,1,60547,0,0,0,0,0,0,0,0,0,0
1,1,60547,0,0,0,0,0,0,0,0,0,0
0,1,60548,7,7,7,7,7,7,7,7,7,7
1,1,60548,15,15,15,15,15,15,15,15,15,15
0,1,60549,14,10,24,31,22,31,22,21,41,27
1,1,60549,0,0,0,0,0,0,0,0,0,0
1,1,60550,0,0,0,0,0,0,0,0,0,0
2,1,60550,0,0,0,6,0,0,0,0,0,0
1,1,60551,0,0,5,18,0,0,8,0,17,0
1,1,60552,0,0,0,0,0,0,0,0,0,0
0,1,60553,0,0,0,0,0,0,0,0,0,0
1,1,60553,0,0,0,0,0,0,0,0,0,0
0,1,60554,26,41,13,37,22,0,21,20,19,23
1,1,60554,0,0,0,0,0,0,0,0,0,0
0,1,60555,18,18,18,18,18,18,18,18,18,18
1,1,60555,0,0,0,0,0,0,0,0,0,0
1,1,60556,0,0,0,0,0,0,0,0,0,0