VEH_NO,PER_NO,ST_CASE,P1,P2,P3,P4,P5,P6,P7,P8,P9,P10
2,1,60556,0,0,0,0,0,0,0,0,0,0
1,1,60557,0,0,0,0,0,0,0,0,0,0
2,1,60557,0,0,0,0,0,0,0,0,0,0
1,1,60558,25,25,25,25,25,25,25,25,25,25
2,1,60558,0,0,0,0,0,0,0,0,0,0
1,1,60559,1,1,1,1,1,1,1,1,1,1
1,1,60560,15,15,15,15,15,15,15,15,15,15
0,1,60561,0,0,0,0,0,0,0,0,0,0
1,1,60561,8,0,12,0,13,0,0,0,0,4
1,1,60562,0,0,0,0,0,0,0,0,0,0
1,1,60563,0,0,0,0,0,0,0,0,0,0
2,1,60563,0,0,0,0,0,0,0,0,0,0
3,1,60563,0,0,0,0,0,0,0,0,0,0
1,1,60564,0,0,0,0,0,0,0,0,0,0
0,1,60565,0,0,0,0,0,0,0,0,0,0
1,1,60565,0,12,0,0,0,0,0,0,0,0
1,1,60566,0,0,0,0,0,0,0,0,0,0
2,1,60566,0,0,0,0,4,0,0,0,0,3
0,1,60567,0,0,0,0,0,0,0,0,0,0
1,1,60567,0,0,0,0,0,0,0,0,0,17
0,1,60568,4,4,4,4,4,4,4,4,4,4
1,1,60568,0,0,0,0,0,0,0,0,0,0
0,1,60569,0,0,0,0,0,0,0,0,0,0
1,1,60569,0,0,0,0,0,0,0,0,0,0
0,1,60570,0,0,0,0,0,0,0,0,0,0
1,1,60570,0,0,0,0,0,0,0,0,0,0
1,1,60571,17,17,17,17,17,17,17,17,17,17
2,1,60571,0,0,0,0,0,0,0,0,0,0
3,1,60571,0,0,0,0,0,0,0,0,0,0
4,1,60571,0,0,0,0,0,0,0,0,0,0
1,1,60572,0,0,0,0,0,0,0,0,0,0
1,1,60573,22,22,22,22,22,22,22,22,22,22
1,1,60574,0,0,0,0,0,0,0,0,0,0
2,1,60574,0,0,0,0,0,0,0,0,0,0
0,1,60575,0,0,0,0,0,0,0,0,0,0
1,1,60575,0,0,0,0,0,0,0,0,0,0
0,1,60576,0,0,0,0,0,0,0,0,0,0
1,1,60576,0,0,0,0,0,0,0,0,0,0
1,1,60577,0,0,0,0,0,0,0,0,0,0
2,1,60577,0,0,0,0,0,0,0,0,0,0
1,1,60578,0,0,0,0,0,0,0,0,0,0
2,1,60578,0,0,0,0,0,0,0,0,0,0
1,1,60579,10,0,8,42,29,5,6,0,19,17
2,1,60579,3,3,3,3,3,3,3,3,3,3
3,1,60579,0,0,0,0,0,0,9,0,0,0
1,1,60580,0,0,0,0,0,0,0,0,0,0
1,1,60581,14,14,14,14,14,14,14,14,14,14
1,1,60582,14,14,14,14,14,14,14,14,14,14
1,1,60583,24,24,24,24,24,24,24,24,24,24
1,1,60584,0,0,0,0,0,0,0,0,0,0
2,1,60584,0,0,0,0,0,0,0,0,0,0
1,1,60585,0,0,0,0,0,0,0,0,0,0
2,1,60585,0,0,0,0,0,0,0,0,0,0
1,1,60586,0,0,0,0,0,0,0,0,0,0
2,1,60586,0,0,0,0,0,0,0,0,0,0
1,1,60587,5,5,5,5,5,5,5,5,5,5
2,1,60587,0,0,0,0,0,0,0,0,0,0
1,1,60588,26,26,26,26,26,26,26,26,26,26
1,1,60589,16,16,16,16,16,16,16,16,16,16
2,1,60589,0,0,0,0,0,0,14,0,0,0
1,1,60590,0,0,0,0,0,0,0,0,0,0
1,1,60591,0,0,0,0,0,0,0,0,0,0
1,1,60592,26,26,26,26,26,26,26,26,26,26
2,1,60592,0,0,0,0,0,0,0,0,0,0
1,1,60593,16,16,16,16,16,16,16,16,16,16
2,1,60593,0,0,0,0,0,0,0,0,0,0
0,1,60594,0,0,0,0,0,0,0,0,0,0
1,1,60594,0,0,0,0,0,0,0,0,0,0
1,1,60595,5,5,5,5,5,5,5,5,5,5
2,1,60595,0,0,0,18,0,0,0,0,0,0
3,1,60595,0,0,0,0,0,0,6,0,0,0
1,1,60596,0,0,0,0,0,0,0,0,0,0
2,1,60596,0,0,0,0,0,0,0,0,0,0
1,1,60597,0,0,0,0,0,0,0,0,0,0
2,1,60597,0,0,0,0,0,0,0,0,0,0
3,1,60597,0,0,0,0,0,0,0,0,0,0
1,1,60598,0,0,0,0,0,0,0,0,0,0
2,1,60598,0,0,0,0,0,0,0,0,0,0
1,1,60599,0,0,0,0,0,0,0,0,0,0
2,1,60599,0,0,0,0,0,0,0,0,0,0
1,1,60600,8,8,8,8,8,8,8,8,8,8
2,1,60600,0,0,0,0,0,0,0,0,0,0
1,1,60601,0,0,0,0,0,0,0,0,0,0
2,1,60601,0,0,0,0,0,0,0,0,0,0
0,1,60602,41,41,41,41,41,41,41,41,41,41
1,1,60602,0,0,0,0,0,0,0,0,0,0
1,1,60603,10,10,10,10,10,10,10,10,10,10
1,1,60604,12,12,12,12,12,12,12,12,12,12
1,1,60605,0,0,0,0,0,0,0,0,0,0
0,1,60606,0,0,0,0,0,0,0,0,0,0
1,1,60606,0,0,0,0,0,0,0,0,0,0
2,1,60606,0,0,0,0,0,0,0,0,0,0
0,1,60607,0,0,0,0,0,0,0,0,0,0
1,1,60607,0,0,0,0,0,0,0,0,0,0
2,1,60607,0,0,0,0,0,0,0,0,0,0
1,1,60608,8,16,6,0,0,5,0,0,10,0
0,1,60609,16,16,16,16,16,16,16,16,16,16
1,1,60609,0,0,0,0,0,0,0,0,0,0
1,1,60610,12,12,12,12,12,12,12,12,12,12
0,1,60611,24,24,24,24,24,24,24,24,24,24
1,1,60611,12,12,12,12,12,12,12,12,12,12
0,1,60612,25,25,25,25,25,25,25,25,25,25
1,1,60612,0,0,2,0,5,9,12,14,0,15
1,1,60613,0,0,0,0,0,0,5,13,28,0
2,1,60613,9,9,9,9,9,9,9,9,9,9
1,1,60614,0,0,0,0,0,0,0,0,0,0
2,1,60614,0,0,0,0,0,0,0,0,0,0
1,1,60615,0,0,0,0,0,0,0,0,0,0
2,1,60615,0,0,0,6,0,0,0,0,0,0
1,1,60616,0,0,0,0,0,0,0,0,0,0
2,1,60616,0,0,0,0,0,0,0,0,0,0
1,1,60617,7,0,0,4,25,0,22,23,0,0
2,1,60617,0,0,0,0,0,0,0,0,0,0
1,1,60618,15,15,15,15,15,15,15,15,15,15
1,1,60619,0,0,0,0,0,0,0,0,0,0
2,1,60619,0,4,0,0,0,0,0,4,0,0
1,1,60620,38,38,38,38,38,38,38,38,38,38
1,1,60621,0,0,0,0,0,0,0,0,0,0
2,1,60621,0,0,5,0,0,0,0,0,0,0
0,1,60622,20,20,20,20,20,20,20,20,20,20
1,1,60622,0,0,0,0,0,0,0,0,0,0
1,1,60623,15,15,15,15,15,15,15,15,15,15
1,1,60624,26,4,9,0,4,2,7,0,0,0
2,1,60624,0,0,0,0,0,0,0,0,0,0
3,1,60624,0,0,0,0,0,0,0,0,0,0
4,1,60624,0,0,0,0,0,0,0,0,0,0
5,1,60624,0,0,0,0,0,0,0,0,0,0
1,1,60625,23,23,23,23,23,23,23,23,23,23
2,1,60625,0,0,0,0,0,0,0,0,0,0
0,1,60626,0,0,0,0,0,0,0,0,0,0
1,1,60626,0,0,0,0,0,0,0,0,0,0
1,1,60627,0,0,0,0,0,0,0,0,0,0
2,1,60627,0,0,0,0,0,0,0,0,0,0
3,1,60627,0,0,0,0,0,0,0,0,0,0
4,1,60627,0,0,0,12,0,0,0,0,0,0
1,1,60628,18,18,18,18,18,18,18,18,18,18
1,1,60629,17,17,17,17,17,17,17,17,17,17
0,1,60630,32,15,0,36,0,20,0,0,29,21
1,1,60630,0,0,0,0,0,0,12,2,0,6
1,1,60631,15,15,15,15,15,15,15,15,15,15
0,1,60632,31,31,31,31,31,31,31,31,31,31
1,1,60632,0,0,0,0,0,0,0,0,0,0
1,1,60633,19,19,19,19,19,19,19,19,19,19
1,1,60634,0,0,0,0,0,0,0,0,0,0
1,1,60635,5,5,5,5,5,5,5,5,5,5
2,1,60635,0,0,0,0,0,0,0,0,0,0
1,1,60636,0,0,0,0,0,0,0,0,0,0
1,1,60637,17,17,17,17,17,17,17,17,17,17
1,1,60638,0,0,0,0,0,0,0,0,0,0
2,1,60638,0,0,0,0,4,0,0,0,0,0
1,1,60639,0,0,0,0,0,0,0,0,0,0
1,1,60640,0,0,0,0,0,0,0,0,0,0
2,1,60640,0,0,0,0,0,0,0,0,0,0
3,1,60640,0,0,0,0,0,0,0,0,0,0
4,1,60640,0,0,0,0,0,0,0,0,0,0
1,1,60641,18,18,18,18,18,18,18,18,18,18
2,1,60641,0,0,0,0,0,0,0,0,0,0
1,1,60642,20,20,20,20,20,20,20,20,20,20
2,1,60642,0,0,0,0,0,0,0,0,0,0
1,1,60643,12,12,12,12,12,12,12,12,12,12
0,1,60644,8,8,8,8,8,8,8,8,8,8
1,1,60644,0,0,0,0,0,0,0,0,0,6
0,1,60645,6,6,6,6,6,6,6,6,6,6
1,1,60645,0,0,0,0,0,0,0,0,0,0
1,1,60646,0,0,0,0,0,0,0,0,0,0
1,1,60647,7,7,7,7,7,7,7,7,7,7
1,1,60648,21,21,21,21,21,21,21,21,21,21
1,1,60649,0,0,0,0,0,0,0,0,0,0
2,1,60649,0,0,20,0,0,2,0,0,0,0
1,1,60650,0,0,0,0,0,0,0,0,0,0
0,1,60651,13,13,13,13,13,13,13,13,13,13
1,1,60651,0,0,0,0,0,0,0,0,11,0
1,1,60652,16,16,16,16,16,16,16,16,16,16
1,1,60653,0,0,0,0,0,0,0,0,0,0
2,1,60653,0,0,0,0,0,0,0,0,0,0
1,1,60654,0,0,0,0,0,0,0,0,0,0
2,1,60654,0,0,0,0,0,0,7,6,0,0
1,1,60655,11,11,11,11,11,11,11,11,11,11
2,1,60655,0,0,0,0,0,0,0,0,0,0
3,1,60655,0,0,0,0,0,0,0,0,0,0
1,1,60656,0,0,0,0,0,0,0,0,0,0
2,1,60656,0,0,0,0,0,0,0,0,0,0
3,1,60656,0,0,0,0,0,0,0,0,0,0
1,1,60657,0,0,0,0,0,0,0,0,0,0
2,1,60657,0,0,0,0,0,0,0,0,0,0
1,1,60658,1,1,1,1,1,1,1,1,1,1
2,1,60658,0,0,0,0,0,0,24,0,0,0
1,1,60659,0,0,0,0,0,0,0,0,0,0
2,1,60659,0,0,0,0,0,0,0,0,5,0
3,1,60659,0,0,0,0,0,0,0,0,0,0
0,1,60660,0,0,0,0,0,0,0,0,0,0
1,1,60660,6,18,7,16,6,0,0,0,3,10
1,1,60661,21,21,21,21,21,21,21,21,21,21
0,1,60662,22,22,22,22,22,22,22,22,22,22
1,1,60662,0,0,3,0,0,14,0,0,0,0
1,1,60663,10,10,10,10,10,10,10,10,10,10
0,1,60664,0,0,0,0,0,0,0,0,0,0
1,1,60664,0,0,0,0,0,0,0,0,0,0
0,1,60665,0,0,0,0,0,0,0,0,0,0
1,1,60665,0,0,0,0,0,0,0,0,0,0
1,1,60666,0,0,0,0,0,0,0,0,0,0
0,1,60667,0,0,0,0,0,0,0,0,0,0
1,1,60667,0,0,0,0,0,0,0,0,0,0
1,1,60668,30,30,30,30,30,30,30,30,30,30
1,1,60669,16,16,16,16,16,16,16,16,16,16
0,1,60670,0,0,0,0,0,0,0,0,0,0
1,1,60670,0,0,0,0,0,0,0,0,0,0
1,1,60671,22,22,22,22,22,22,22,22,22,22
0,1,60672,0,0,0,0,0,0,0,0,0,0
1,1,60672,0,0,0,0,0,0,0,0,0,0
1,1,60673,11,11,11,11,11,11,11,11,11,11
0,1,60674,0,0,0,0,0,0,0,0,0,0
1,1,60674,0,0,0,0,0,0,0,12,0,0
1,1,60675,0,0,0,0,0,0,0,0,0,0
2,1,60675,0,0,0,0,0,0,0,0,0,0
0,1,60676,0,0,0,0,0,0,0,0,0,0
1,1,60676,0,0,0,0,0,0,0,0,0,0
1,1,60677,11,11,11,11,11,11,11,11,11,11
1,1,60678,11,11,11,11,11,11,11,11,11,11
0,1,60679,0,0,0,0,0,0,0,0,0,0
1,1,60679,0,0,0,0,0,0,0,0,0,0
0,1,60680,0,0,0,0,0,0,0,0,0,0
2,1,60680,0,0,0,0,0,0,0,0,0,0
1,1,60681,0,0,0,0,0,0,0,0,0,0
2,1,60681,0,0,0,0,0,0,0,5,0,0
1,1,60682,0,0,0,0,0,0,0,0,0,0
2,1,60682,0,0,0,0,0,0,0,0,0,0
1,1,60683,0,0,0,0,0,0,0,0,0,0
2,1,60683,0,0,0,0,0,0,0,0,0,0
1,1,60684,0,0,0,0,0,0,0,0,0,0
2,1,60684,0,0,0,0,0,0,0,0,0,0
3,1,60684,0,0,0,0,0,0,0,0,0,0
1,1,60685,0,0,0,0,0,0,0,0,0,0
2,1,60685,0,0,0,0,0,0,0,0,0,0
1,1,60686,11,11,11,11,11,11,11,11,11,11
2,1,60686,0,0,0,0,0,0,0,0,0,0
0,1,60687,0,0,0,0,0,0,0,0,0,0
1,1,60687,0,16,0,0,0,0,0,0,0,6
1,1,60688,0,0,0,0,0,0,0,0,0,0
2,1,60688,0,0,7,0,0,0,0,4,0,0
0,1,60689,0,0,0,0,0,0,0,0,0,0
1,1,60689,0,0,0,0,0,0,0,0,0,0
1,1,60690,0,0,0,0,0,0,0,0,0,0
2,1,60690,28,28,28,28,28,28,28,28,28,28
0,1,60691,0,0,0,0,0,0,0,0,0,0
1,1,60691,0,0,0,0,0,0,0,0,0,0
1,1,60692,1,1,1,1,1,1,1,1,1,1
2,1,60692,0,0,0,0,0,0,0,4,0,0
0,1,60693,0,0,0,0,0,0,9,0,13,0
1,1,60693,0,0,0,0,0,0,0,0,0,0
1,1,60694,13,13,13,13,13,13,13,13,13,13
2,1,60694,0,0,0,0,0,0,0,0,0,0
0,1,60695,0,0,0,0,0,0,0,0,0,0
1,1,60695,19,19,19,19,19,19,19,19,19,19
1,1,60696,0,0,0,0,0,0,0,0,0,0
2,1,60696,0,0,0,0,0,0,0,0,0,0
1,1,60697,0,0,0,0,0,0,0,0,0,0
2,1,60697,0,0,0,0,0,0,0,0,0,0
1,1,60698,13,13,13,13,13,13,13,13,13,13
2,1,60698,0,0,0,0,0,0,0,0,0,0
1,1,60699,0,0,0,0,0,0,0,0,0,0
2,1,60699,0,0,0,0,0,0,0,0,0,0
1,1,60700,8,8,8,8,8,8,8,8,8,8
1,1,60701,0,0,0,0,0,0,0,0,0,0
1,1,60702,0,0,0,0,0,0,0,17,0,0
2,1,60702,0,0,0,0,0,0,0,0,0,0
1,1,60703,0,0,0,0,0,0,0,0,0,0
0,1,60704,9,9,9,9,9,9,9,9,9,9
1,1,60704,18,5,0,15,0,0,0,0,12,0
0,1,60705,0,0,0,0,0,0,0,0,0,0
1,1,60705,0,0,0,0,0,0,0,0,0,11
1,1,60706,19,19,19,19,19,19,19,19,19,19
1,1,60707,0,0,0,0,0,0,0,0,0,0
2,1,60707,0,0,0,0,0,0,0,0,0,0
1,1,60708,16,16,16,16,16,16,16,16,16,16
1,1,60709,21,21,21,21,21,21,21,21,21,21
1,1,60710,0,0,0,0,0,0,0,0,4,0
2,1,60710,14,0,0,0,0,0,0,0,0,0
1,1,60711,0,0,0,0,0,0,0,0,0,0
1,1,60712,0,0,0,0,0,0,0,0,0,0
1,1,60713,7,7,7,7,7,7,7,7,7,7
2,1,60713,0,17,0,0,0,0,0,0,0,0
1,1,60714,0,0,0,0,0,0,0,0,0,0
2,1,60714,0,0,0,0,0,0,0,0,0,0
1,1,60715,22,22,22,22,22,22,22,22,22,22
1,1,60716,0,0,0,0,0,0,0,0,0,0
0,1,60717,0,0,0,0,0,0,0,0,0,0
1,1,60717,2,2,2,2,2,2,2,2,2,2
1,1,60718,0,0,0,0,0,0,0,0,0,0
1,1,60719,0,0,0,0,0,0,0,0,0,0
2,1,60719,0,0,0,0,0,0,0,0,0,0
0,1,60720,28,31,26,0,0,20,13,15,19,3
1,1,60720,18,18,18,18,18,18,18,18,18,18
1,1,60721,8,8,8,8,8,8,8,8,8,8
0,1,60722,25,25,25,25,25,25,25,25,25,25
1,1,60722,0,0,0,0,0,0,0,0,0,0
1,1,60723,0,0,0,0,0,0,0,0,0,0
2,1,60723,0,0,0,0,0,0,0,0,0,0
1,1,60724,11,11,11,11,11,11,11,11,11,11
1,1,60725,0,0,0,0,0,0,0,0,0,0
2,1,60725,0,0,0,0,0,0,7,0,0,0
3,1,60725,0,0,0,0,0,0,0,0,0,0
4,1,60725,0,0,0,0,0,0,0,0,0,0
5,1,60725,0,0,7,0,0,0,0,0,0,6
0,1,60726,0,0,0,0,0,0,0,0,0,0
1,1,60726,0,0,0,0,0,0,0,0,0,0
1,1,60727,22,22,22,22,22,22,22,22,22,22
2,1,60727,0,0,0,0,0,0,0,0,0,0
1,1,60728,21,21,21,21,21,21,21,21,21,21
0,1,60729,0,0,0,0,0,0,0,0,0,0
1,1,60729,0,0,0,0,0,0,0,0,0,0
1,1,60730,0,0,0,0,0,0,0,0,0,0
1,1,60731,0,0,0,0,0,0,0,0,0,0
2,1,60731,0,0,0,0,0,0,0,0,0,0
0,1,60732,24,0,13,22,41,0,39,26,32,21
1,1,60732,0,0,0,0,0,0,0,0,0,0
1,1,60733,0,0,0,0,0,0,0,0,0,0
1,1,60734,22,22,22,22,22,22,22,22,22,22
1,1,60735,20,20,20,20,20,20,20,20,20,20
1,1,60736,18,18,18,18,18,18,18,18,18,18
2,1,60736,0,0,0,0,0,0,0,0,0,0
3,1,60736,15,0,0,0,0,0,0,0,0,0
1,1,60737,0,0,0,0,0,0,0,0,0,0
2,1,60737,17,17,17,17,17,17,17,17,17,17
1,1,60738,26,26,26,26,26,26,26,26,26,26
1,1,60739,13,13,13,13,13,13,13,13,13,13
2,1,60739,0,0,0,0,0,0,0,0,0,0
1,1,60740,0,0,0,0,0,0,0,0,0,0
1,1,60741,0,0,0,0,0,0,0,0,0,0
1,1,60742,0,0,0,0,0,0,0,0,0,0
1,1,60743,0,0,0,0,0,0,0,0,0,0
2,1,60743,0,0,0,0,0,0,0,0,0,0
1,1,60744,0,0,0,0,0,0,0,0,0,0
2,1,60744,0,0,0,0,0,0,0,0,0,0
1,1,60745,0,0,0,0,0,0,0,0,0,0
2,1,60745,0,0,0,0,0,0,0,0,0,0
3,1,60745,0,0,0,0,0,0,0,0,0,0
1,1,60746,22,22,22,22,22,22,22,22,22,22
2,1,60746,0,0,0,0,0,0,0,0,0,0
1,1,60747,0,0,0,0,0,0,0,0,0,0
1,1,60748,22,22,22,22,22,22,22,22,22,22
0,1,60749,2,2,2,2,2,2,2,2,2,2
1,1,60749,0,0,0,0,0,8,0,0,0,0
1,1,60750,0,0,0,0,0,0,0,0,0,0
1,1,60751,16,16,16,16,16,16,16,16,16,16
1,1,60752,15,15,15,15,15,15,15,15,15,15
1,1,60753,0,0,0,0,0,0,0,0,0,0
2,1,60753,25,25,25,25,25,25,25,25,25,25
1,1,60754,0,0,0,0,0,0,0,0,0,0
2,1,60754,0,0,0,0,0,0,0,0,0,0
0,1,60755,0,0,0,0,0,0,0,0,0,0
0,2,60755,0,33,0,0,0,15,0,0,0,0
1,1,60755,0,0,0,0,0,0,0,0,0,0
1,1,60756,17,17,17,17,17,17,17,17,17,17
0,1,60757,0,0,0,0,0,0,0,0,0,0
1,1,60757,0,0,0,13,0,9,0,0,0,0
1,1,60758,0,0,17,0,0,0,0,10,33,0
2,1,60758,0,3,0,0,0,0,0,12,0,0
1,1,60759,16,16,16,16,16,16,16,16,16,16
1,1,60760,0,0,0,0,0,0,0,0,0,0
2,1,60760,0,0,0,0,0,0,0,0,0,0
1,1,60761,22,22,22,22,22,22,22,22,22,22
1,1,60762,0,0,0,0,0,0,0,0,0,0
2,1,60762,0,0,0,0,0,0,0,0,0,0
1,1,60763,19,19,19,19,19,19,19,19,19,19
2,1,60763,0,0,0,0,0,0,0,0,0,0
1,1,60764,0,0,0,0,0,0,0,0,0,0
2,1,60764,0,0,0,0,0,0,0,0,0,0
1,1,60765,0,0,0,0,0,0,0,0,0,0
2,1,60765,0,0,0,0,0,0,0,0,0,0
3,1,60765,0,0,0,0,0,0,0,0,0,0
1,1,60766,0,0,0,0,0,0,0,0,0,0
1,1,60767,0,0,0,0,0,0,0,0,0,0
2,1,60767,0,0,0,0,0,0,0,0,0,0
1,1,60768,0,0,0,0,0,0,0,0,0,0
2,1,60768,2,2,2,2,2,2,2,2,2,2
3,1,60768,0,0,0,0,0,0,0,0,0,0
1,1,60769,12,12,12,12,12,12,12,12,12,12
2,1,60769,20,9,0,0,0,0,0,0,0,0
1,1,60770,2,2,2,2,2,2,2,2,2,2
0,1,60771,11,0,0,0,0,13,0,0,0,0
1,1,60771,0,0,0,0,0,0,0,0,0,0
1,1,60772,0,0,0,0,0,0,0,0,0,0
1,1,60773,19,19,19,19,19,19,19,19,19,19
1,1,60774,13,13,13,13,13,13,13,13,13,13
1,1,60775,0,0,0,0,0,0,0,0,0,0
1,1,60776,0,0,0,0,0,0,0,0,0,0
2,1,60776,0,0,0,0,0,0,0,0,0,0
0,1,60777,28,28,28,28,28,28,28,28,28,28
1,1,60777,0,8,19,20,0,0,0,0,0,0
1,1,60778,14,14,14,14,14,14,14,14,14,14
0,1,60779,0,0,0,0,0,0,0,0,0,0
1,1,60779,0,9,3,0,0,7,0,0,4,13
0,1,60780,16,16,16,16,16,16,16,16,16,16
1,1,60780,0,0,0,0,0,0,0,0,0,0
1,1,60781,4,4,4,4,4,4,4,4,4,4
1,1,60782,0,0,0,0,0,0,0,0,0,0
2,1,60782,0,0,0,0,0,0,0,0,0,0
3,1,60782,0,0,0,0,0,0,0,0,0,0
1,1,60783,7,7,7,7,7,7,7,7,7,7
2,1,60783,7,0,4,7,0,0,0,0,0,11
1,1,60784,19,19,19,19,19,19,19,19,19,19
1,1,60785,34,34,34,34,34,34,34,34,34,34
1,1,60786,11,11,11,11,11,11,11,11,11,11
2,1,60786,9,9,9,9,9,9,9,9,9,9
1,1,60787,10,10,10,10,10,10,10,10,10,10
2,1,60787,16,16,16,16,16,16,16,16,16,16
1,1,60788,24,24,24,24,24,24,24,24,24,24
1,1,60789,0,0,0,0,0,0,0,0,0,0
2,1,60789,8,8,8,8,8,8,8,8,8,8
0,1,60790,19,19,19,19,19,19,19,19,19,19
0,2,60790,0,0,0,0,0,0,0,0,0,0
1,1,60790,0,0,11,7,0,20,14,22,0,22
0,1,60791,0,0,0,0,0,0,0,0,0,0
1,1,60791,0,0,0,0,0,0,0,12,0,0
1,1,60792,0,0,0,0,0,0,0,0,0,0
1,1,60793,0,0,0,0,0,0,0,0,0,0
2,1,60793,0,0,0,0,0,0,0,0,0,0
1,1,60794,17,17,17,17,17,17,17,17,17,17
0,1,60795,0,0,0,0,0,0,0,0,0,0
1,1,60795,0,0,0,0,0,0,0,0,0,0
1,1,60796,0,0,0,0,0,0,0,0,0,0
2,1,60796,0,0,0,0,0,0,0,0,0,0
3,1,60796,0,0,0,0,0,0,0,0,0,0
1,1,60797,0,0,0,0,0,0,0,0,0,0
0,1,60798,25,25,25,25,25,25,25,25,25,25
1,1,60798,0,0,0,0,0,0,0,0,0,0
1,1,60799,14,14,14,14,14,14,14,14,14,14
0,1,60800,44,44,44,44,44,44,44,44,44,44
1,1,60800,8,0,9,0,0,0,0,16,0,0
1,1,60801,24,24,24,24,24,24,24,24,24,24
1,1,60802,26,26,26,26,26,26,26,26,26,26
2,1,60802,0,0,0,0,0,0,0,0,0,0
1,1,60803,0,0,0,0,0,0,0,0,0,0
2,1,60803,0,0,0,0,0,0,13,0,0,0
0,1,60804,28,28,28,28,28,28,28,28,28,28
1,1,60804,0,0,0,0,0,0,0,15,0,0
1,1,60805,15,15,15,15,15,15,15,15,15,15
1,1,60806,0,0,0,0,0,0,0,0,0,0
1,1,60807,0,0,0,0,17,0,0,0,0,0
2,1,60807,0,0,0,10,0,0,0,0,0,0
1,1,60808,17,17,17,17,17,17,17,17,17,17
1,1,60809,0,0,0,0,0,0,0,0,0,0
2,1,60809,0,0,0,0,0,0,0,0,0,0
1,1,60810,0,0,0,0,0,0,0,0,0,0
2,1,60810,0,0,0,0,0,0,0,0,0,0
1,1,60811,0,0,0,0,0,0,0,0,0,0
2,1,60811,0,0,0,0,0,0,0,0,0,0
0,1,60812,0,0,0,0,0,0,0,0,0,0
1,1,60812,0,0,0,0,0,0,0,0,0,0
1,1,60813,0,0,0,0,0,0,0,0,0,0
2,1,60813,0,0,0,0,0,0,0,0,0,0
1,1,60814,31,31,31,31,31,31,31,31,31,31
1,1,60815,11,11,11,11,11,11,11,11,11,11
1,1,60816,0,0,0,0,0,0,0,0,0,0
2,1,60816,0,0,0,0,0,0,0,0,0,0
1,1,60817,0,0,0,0,0,0,0,0,0,0
1,1,60818,0,0,0,0,0,0,0,0,0,0
2,1,60818,0,0,0,0,0,0,0,0,0,0
1,1,60819,13,13,13,13,13,13,13,13,13,13
1,1,60820,0,0,0,0,0,0,0,0,0,0
2,1,60820,0,0,0,0,0,0,0,0,0,0
1,1,60821,0,0,0,0,0,0,0,0,0,0
1,1,60822,0,0,0,0,0,0,0,0,0,0
2,1,60822,0,0,0,0,0,0,0,0,0,0
1,1,60823,5,5,5,5,5,5,5,5,5,5
2,1,60823,0,0,0,0,0,0,0,0,0,0
1,1,60824,0,0,0,0,0,0,0,0,0,0
2,1,60824,0,0,0,0,0,0,0,0,0,0
0,1,60825,0,0,0,0,0,0,0,0,0,0
1,1,60825,0,0,0,0,0,0,0,0,0,0
1,1,60826,5,5,5,5,5,5,5,5,5,5
2,1,60826,0,0,0,0,0,0,0,0,0,25
0,1,60827,20,20,20,20,20,20,20,20,20,20
1,1,60827,12,0,10,17,0,8,11,0,10,3
0,1,60828,0,0,0,0,0,0,0,0,0,0
1,1,60828,0,0,0,0,0,0,0,0,0,6
1,1,60829,0,0,0,0,0,0,0,0,0,0
2,1,60829,0,0,0,0,0,0,0,0,0,0
1,1,60830,0,0,0,0,0,0,0,0,0,0
2,1,60830,0,0,0,0,0,0,0,0,0,0
1,1,60831,0,0,0,0,0,0,0,0,0,0
0,1,60832,0,0,0,0,0,0,0,0,0,0
1,1,60832,0,0,0,0,0,0,0,0,0,0
1,1,60833,6,6,6,6,6,6,6,6,6,6
2,1,60833,0,0,0,0,0,0,0,0,0,0
1,1,60834,0,0,0,0,0,0,0,0,0,0
0,1,60835,0,0,0,0,0,0,0,0,0,0
1,1,60835,23,13,0,18,12,20,13,15,22,7
1,1,60836,18,18,18,18,18,18,18,18,18,18
1,1,60837,18,18,18,18,18,18,18,18,18,18
0,1,60838,0,0,0,0,0,0,0,0,0,0
1,1,60838,0,0,0,0,0,0,0,0,0,0