VEH_NO,PER_NO,ST_CASE,P1,P2,P3,P4,P5,P6,P7,P8,P9,P10
0,1,61419,0,0,0,0,0,0,0,0,0,0
1,1,61419,0,0,0,0,0,0,0,0,0,0
1,1,61420,0,0,0,0,0,0,0,0,0,0
1,1,61421,0,0,0,0,0,0,0,0,0,0
1,1,61422,0,0,0,0,0,0,0,0,0,0
1,1,61423,0,0,0,0,0,0,0,0,0,0
1,1,61424,15,15,15,15,15,15,15,15,15,15
2,1,61424,0,0,0,0,0,0,0,0,0,0
1,1,61425,0,0,0,0,0,0,0,0,0,0
2,1,61425,0,0,0,0,0,0,0,0,10,0
0,1,61426,0,0,0,0,0,0,0,0,0,0
1,1,61426,0,0,0,0,0,0,0,0,0,0
1,1,61427,13,5,16,0,5,0,8,0,4,0
2,1,61427,0,0,0,0,0,0,0,0,0,0
0,1,61428,0,0,0,0,0,0,0,0,0,0
1,1,61428,0,0,0,0,0,0,0,0,0,0
1,1,61429,0,0,0,0,0,0,0,0,0,0
2,1,61429,0,0,0,0,0,0,0,0,0,0
1,1,61430,0,0,0,0,0,0,0,0,0,0
2,1,61430,0,0,0,0,0,0,0,0,0,0
1,1,61431,16,16,16,16,16,16,16,16,16,16
1,1,61432,0,0,0,0,0,0,0,0,0,0
1,1,61433,10,10,10,10,10,10,10,10,10,10
2,1,61433,5,0,0,0,0,0,0,0,0,0
1,1,61434,5,0,0,0,12,0,12,19,18,25
1,1,61435,22,22,22,22,22,22,22,22,22,22
1,1,61436,22,22,22,22,22,22,22,22,22,22
1,1,61437,12,12,12,12,12,12,12,12,12,12
1,1,61438,0,0,0,0,0,0,0,0,0,0
2,1,61438,0,0,0,0,0,0,0,0,0,0
3,1,61438,0,0,0,0,0,4,0,0,0,0
1,1,61439,27,27,27,27,27,27,27,27,27,27
1,1,61440,0,0,0,0,0,0,0,0,0,0
0,1,61441,0,0,0,0,0,0,0,0,0,0
1,1,61441,0,0,0,0,0,0,0,0,0,0
1,1,61442,0,0,0,0,0,0,0,0,0,0
2,1,61442,0,0,0,0,0,0,0,0,0,0
1,1,61443,0,0,0,0,0,0,0,0,9,0
0,1,61444,0,0,0,0,0,0,0,0,0,0
1,1,61444,22,0,0,0,0,0,0,0,0,0
1,1,61445,0,0,0,0,0,0,0,0,0,0
2,1,61445,0,0,0,0,0,0,0,0,0,0
1,1,61446,0,0,0,0,0,0,0,0,0,0
2,1,61446,0,0,0,0,0,0,0,0,0,0
1,1,61447,1,1,1,1,1,1,1,1,1,1
2,1,61447,0,0,0,0,0,0,0,0,0,0
1,1,61448,0,0,0,0,0,0,0,0,0,0
1,1,61449,11,11,11,11,11,11,11,11,11,11
1,1,61450,0,0,0,0,0,0,0,0,0,0
2,1,61450,0,0,0,0,0,0,0,0,0,0
3,1,61450,0,0,0,0,0,0,0,0,0,0
4,1,61450,0,0,0,0,0,0,0,0,0,0
1,1,61451,17,17,17,17,17,17,17,17,17,17
1,1,61452,0,0,0,0,0,0,0,0,0,0
2,1,61452,0,0,0,0,0,0,0,0,0,0
1,1,61453,0,0,0,0,0,0,0,0,0,0
2,1,61453,0,0,0,0,0,0,0,0,0,0
1,1,61454,23,23,23,23,23,23,23,23,23,23
1,1,61455,8,8,8,8,8,8,8,8,8,8
2,1,61455,0,0,0,0,0,0,0,0,0,0
1,1,61456,0,0,0,0,0,0,17,0,0,0
1,1,61457,0,0,0,0,0,0,0,0,0,0
2,1,61457,0,0,0,0,0,0,0,0,0,0
1,1,61458,0,0,0,0,0,0,0,0,0,0
0,1,61459,18,18,18,18,18,18,18,18,18,18
1,1,61459,0,0,0,0,0,20,0,0,0,0
0,1,61460,32,32,32,32,32,32,32,32,32,32
1,1,61460,14,14,14,14,14,14,14,14,14,14
1,1,61461,26,26,26,26,26,26,26,26,26,26
1,1,61462,5,5,5,5,5,5,5,5,5,5
2,1,61462,0,0,0,0,0,0,0,0,0,6
1,1,61463,27,27,27,27,27,27,27,27,27,27
0,1,61464,0,0,0,0,0,0,0,0,0,0
1,1,61464,0,0,0,0,0,0,0,0,0,0
1,1,61465,0,0,0,0,0,0,0,0,0,0
2,1,61465,0,0,0,0,0,0,0,0,0,0
1,1,61466,0,0,0,0,0,0,0,0,0,0
1,1,61467,28,28,28,28,28,28,28,28,28,28
1,1,61468,0,0,0,0,0,0,0,0,0,0
1,1,61469,0,0,0,0,0,0,0,0,0,0
1,1,61470,17,17,17,17,17,17,17,17,17,17
0,1,61471,36,36,36,36,36,36,36,36,36,36
1,1,61471,0,7,0,0,0,0,0,0,0,0
1,1,61472,25,25,25,25,25,25,25,25,25,25
1,1,61473,24,24,24,24,24,24,24,24,24,24
1,1,61474,16,16,16,16,16,16,16,16,16,16
1,1,61475,0,0,0,0,0,0,0,0,0,0
2,1,61475,0,0,0,0,0,0,0,0,0,0
1,1,61476,14,14,14,14,14,14,14,14,14,14
2,1,61476,0,0,0,0,0,11,0,0,0,0
3,1,61476,0,0,6,0,0,0,0,0,18,0
4,1,61476,0,0,0,0,0,0,0,0,0,0
0,1,61477,21,21,21,21,21,21,21,21,21,21
1,1,61477,11,0,0,0,0,0,0,0,0,0
1,1,61478,0,0,0,0,0,0,0,8,0,0
2,1,61478,21,21,21,21,21,21,21,21,21,21
1,1,61479,0,0,0,0,0,0,0,0,0,0
2,1,61479,0,0,0,0,0,0,17,0,0,0
1,1,61480,26,26,26,26,26,26,26,26,26,26
1,1,61481,11,11,11,11,11,11,11,11,11,11
2,1,61481,0,0,0,0,0,0,0,0,0,0
1,1,61482,11,11,11,11,11,11,11,11,11,11
2,1,61482,0,0,0,0,0,0,0,0,0,0
1,1,61483,0,0,0,0,0,0,0,0,0,0
0,1,61484,10,10,10,10,10,10,10,10,10,10
1,1,61484,0,0,0,0,0,0,0,0,0,0
1,1,61485,0,0,0,0,11,0,16,0,0,0
2,1,61485,0,0,0,0,0,0,0,0,0,0
3,1,61485,0,0,0,0,0,0,0,0,0,0
1,1,61486,10,10,10,10,10,10,10,10,10,10
2,1,61486,0,0,0,0,0,0,0,0,0,0
1,1,61487,0,0,0,0,0,0,0,0,0,0
0,1,61488,0,0,0,0,0,0,0,0,0,0
1,1,61488,11,11,11,11,11,11,11,11,11,11
0,1,61489,27,27,27,27,27,27,27,27,27,27
1,1,61489,0,0,0,0,0,0,0,0,0,12
0,1,61490,0,0,0,0,0,0,0,0,0,0
1,1,61490,0,0,0,0,0,0,0,0,0,0
1,1,61491,0,0,0,0,0,0,0,0,0,0
1,1,61492,0,0,0,0,0,0,0,0,0,0
1,1,61493,3,3,3,3,3,3,3,3,3,3
1,1,61494,0,0,0,0,0,0,0,0,0,0
2,1,61494,0,0,0,0,0,0,0,0,0,0
0,1,61495,34,34,34,34,34,34,34,34,34,34
1,1,61495,0,0,0,0,0,0,0,0,0,0
2,1,61495,0,0,0,14,0,0,0,0,0,0
1,1,61496,0,0,0,0,0,0,0,0,0,0
2,1,61496,0,0,0,0,0,0,0,0,0,0
1,1,61497,0,0,0,0,0,0,0,0,0,0
1,1,61498,14,14,14,14,14,14,14,14,14,14
2,1,61498,0,0,0,0,0,0,0,0,0,0
1,1,61499,0,0,0,0,0,0,0,0,0,0
1,1,61500,16,16,16,16,16,16,16,16,16,16
0,1,61501,0,0,0,0,0,0,0,0,0,0
1,1,61501,0,0,0,0,0,0,0,0,0,0
1,1,61502,23,23,23,23,23,23,23,23,23,23
1,1,61503,0,0,0,0,0,0,0,0,0,0
1,1,61504,0,0,0,0,0,0,0,0,0,0
1,1,61505,0,0,0,0,0,0,0,0,0,0
1,1,61506,0,0,0,0,0,0,0,0,0,0
2,1,61506,0,0,0,0,0,0,0,0,0,0
1,1,61507,21,21,21,21,21,21,21,21,21,21
1,1,61508,3,3,3,3,3,3,3,3,3,3
2,1,61508,0,0,0,0,0,0,0,0,0,0
1,1,61509,24,24,24,24,24,24,24,24,24,24
1,1,61510,0,0,0,0,0,0,0,0,0,0
1,1,61511,10,10,10,10,10,10,10,10,10,10
1,1,61512,25,25,25,25,25,25,25,25,25,25
2,1,61512,0,0,0,0,0,0,0,0,0,0
3,1,61512,0,0,0,0,0,0,0,0,0,0
4,1,61512,0,0,0,0,0,0,0,0,0,0
1,1,61513,0,0,0,0,0,0,13,0,0,0
1,1,61514,0,0,0,0,0,0,0,0,0,0
2,1,61514,0,0,0,0,0,0,0,0,0,0
1,1,61515,0,0,0,0,0,0,0,0,0,0
1,1,61516,0,0,0,0,0,0,0,0,0,0
1,1,61517,0,0,0,0,0,0,0,0,0,0
2,1,61517,0,0,0,0,0,0,0,0,0,0
1,1,61518,0,0,0,0,0,0,0,0,0,0
2,1,61518,0,0,0,0,0,0,0,0,0,0
0,1,61519,27,27,27,27,27,27,27,27,27,27
1,1,61519,0,0,0,0,0,0,0,0,0,0
1,1,61520,30,30,30,30,30,30,30,30,30,30
2,1,61520,0,0,0,0,0,0,0,0,0,0
1,1,61521,0,0,0,0,0,0,0,0,0,0
2,1,61521,0,0,0,0,0,0,0,0,0,0
1,1,61522,0,0,0,0,0,0,0,0,0,0
1,1,61523,0,0,0,0,0,0,0,0,0,0
1,1,61524,0,0,0,0,0,0,0,0,0,0
2,1,61524,0,0,0,0,0,0,0,0,0,0
0,1,61525,0,0,0,0,0,0,0,0,0,0
1,1,61525,0,0,0,0,0,0,8,0,0,0
0,1,61526,28,28,28,28,28,28,28,28,28,28
1,1,61526,0,0,0,18,0,0,0,0,0,0
1,1,61527,0,0,0,0,0,0,0,0,0,0
1,1,61528,0,0,0,0,0,0,0,0,0,0
1,1,61529,19,19,19,19,19,19,19,19,19,19
1,1,61530,17,17,17,17,17,17,17,17,17,17
1,1,61531,9,9,9,9,9,9,9,9,9,9
1,1,61532,0,22,0,0,0,0,0,15,0,0
1,1,61533,4,4,4,4,4,4,4,4,4,4
2,1,61533,30,30,30,30,30,30,30,30,30,30
1,1,61534,3,3,3,3,3,3,3,3,3,3
1,1,61535,0,0,0,0,0,0,0,0,0,0
1,1,61536,0,0,0,0,0,0,0,0,0,0
0,1,61537,45,45,45,45,45,45,45,45,45,45
1,1,61537,0,0,0,0,0,0,0,0,0,0
0,1,61538,10,10,10,10,10,10,10,10,10,10
1,1,61538,0,0,0,0,0,0,0,0,0,0
1,1,61539,0,0,0,0,0,0,0,0,0,0
2,1,61539,0,0,0,0,0,0,0,0,0,0
0,1,61540,0,0,0,0,0,0,0,0,0,0
0,2,61540,0,0,0,0,0,0,0,0,0,0
1,1,61540,0,0,0,0,0,0,0,0,0,0
0,1,61541,0,0,0,0,0,0,0,0,0,0
1,1,61541,0,0,0,0,0,0,0,0,0,0
0,1,61542,0,0,0,0,0,0,0,0,0,0
1,1,61542,0,0,0,0,0,0,0,0,0,0
1,1,61543,17,0,0,0,0,0,0,0,0,0
2,1,61543,0,0,0,0,0,0,0,0,0,0
3,1,61543,0,0,0,0,0,0,0,0,0,0
4,1,61543,12,0,0,0,0,0,0,0,0,0
0,1,61544,0,0,0,0,0,0,0,0,0,23
0,2,61544,0,0,0,6,0,0,0,0,0,0
1,1,61544,0,13,19,0,0,0,0,7,3,0
1,1,61545,0,0,0,0,0,0,0,0,0,0
2,1,61545,15,15,15,15,15,15,15,15,15,15
1,1,61546,18,18,18,18,18,18,18,18,18,18
0,1,61547,22,22,22,22,22,22,22,22,22,22
1,1,61547,0,0,0,0,0,0,0,0,0,0
1,1,61548,0,0,0,0,0,0,0,0,0,0
1,1,61549,0,0,0,0,0,0,0,0,0,0
0,1,61550,17,17,17,17,17,17,17,17,17,17
1,1,61550,0,0,0,0,0,0,0,0,0,0
0,1,61551,0,0,0,0,0,0,0,0,0,0
1,1,61551,0,0,0,0,0,0,0,0,0,0
1,1,61552,21,21,21,21,21,21,21,21,21,21
1,1,61553,23,23,23,23,23,23,23,23,23,23
1,1,61554,0,0,0,0,0,0,0,0,10,0
2,1,61554,0,0,0,0,0,0,0,0,0,0
3,1,61554,0,0,0,0,0,0,0,0,0,0
1,1,61555,20,20,20,20,20,20,20,20,20,20
2,1,61555,0,0,0,0,0,0,0,0,0,0
1,1,61556,23,23,23,23,23,23,23,23,23,23
0,1,61557,36,36,36,36,36,36,36,36,36,36
1,1,61557,0,0,0,0,0,0,0,0,0,0
1,1,61558,4,0,0,0,19,0,0,0,0,15
2,1,61558,0,0,0,0,0,7,0,0,0,0
1,1,61559,26,26,26,26,26,26,26,26,26,26
1,1,61560,0,0,0,0,0,0,0,0,0,0
2,1,61560,0,0,0,0,0,0,0,0,0,0
1,1,61561,29,29,29,29,29,29,29,29,29,29
1,1,61562,20,20,20,20,20,20,20,20,20,20
1,1,61563,0,0,0,0,0,0,0,0,0,0
2,1,61563,0,0,0,0,0,0,0,0,0,0
0,1,61564,17,17,17,17,17,17,17,17,17,17
1,1,61564,0,0,0,0,0,0,0,0,0,0
1,1,61565,0,0,0,0,0,0,0,0,0,0
2,1,61565,0,0,0,0,0,0,0,0,0,0
0,1,61566,0,0,0,0,0,0,0,0,0,0
1,1,61566,0,0,0,0,0,0,10,0,0,0
0,1,61567,9,9,9,9,9,9,9,9,9,9
1,1,61567,0,0,0,0,2,0,0,12,0,2
1,1,61568,0,0,0,0,0,0,0,0,0,0
1,1,61569,0,0,0,0,0,0,0,0,0,0
1,1,61570,0,0,0,0,0,0,0,0,0,0
1,1,61571,0,0,0,0,0,0,0,0,0,0
2,1,61571,0,18,0,0,0,0,0,0,0,0
1,1,61572,35,35,35,35,35,35,35,35,35,35
1,1,61573,9,9,9,9,9,9,9,9,9,9
1,1,61574,0,0,0,0,0,0,0,0,0,0
2,1,61574,0,0,0,0,0,0,0,0,0,0
1,1,61575,0,0,0,0,0,0,0,0,0,0
2,1,61575,0,0,0,0,0,0,0,0,0,0
1,1,61576,0,0,0,0,11,0,0,0,0,0
1,1,61577,12,12,12,12,12,12,12,12,12,12
0,1,61578,0,0,0,0,0,0,0,0,0,0
1,1,61578,13,13,13,13,13,13,13,13,13,13
1,1,61579,7,7,7,7,7,7,7,7,7,7
1,1,61580,0,11,0,0,0,0,0,0,0,0
1,1,61581,0,0,0,0,0,0,0,0,0,0
2,1,61581,16,0,0,0,0,0,0,0,0,0
1,1,61582,26,26,26,26,26,26,26,26,26,26
2,1,61582,0,0,0,0,12,0,0,0,0,0
1,1,61583,0,0,0,0,0,0,0,0,0,0
2,1,61583,14,14,14,14,14,14,14,14,14,14
1,1,61584,0,0,0,0,0,0,0,0,0,0
1,1,61585,11,11,11,11,11,11,11,11,11,11
2,1,61585,0,0,0,0,0,0,0,0,0,0
1,1,61586,0,0,0,0,0,0,0,0,0,0
2,1,61586,2,2,2,2,2,2,2,2,2,2
1,1,61587,0,0,0,0,0,0,0,0,0,0
1,1,61588,0,0,0,0,0,0,0,0,0,0
0,1,61589,0,0,0,0,0,0,0,0,0,0
1,1,61589,0,0,0,0,0,0,0,0,0,0
1,1,61590,2,2,2,2,2,2,2,2,2,2
1,1,61591,12,12,12,12,12,12,12,12,12,12
1,1,61592,0,0,0,0,0,0,0,0,0,0
2,1,61592,0,0,0,0,0,0,0,0,0,0
1,1,61593,0,0,0,0,0,0,0,0,0,0
2,1,61593,0,0,0,0,0,0,0,0,0,0
1,1,61594,0,0,0,0,0,0,0,0,0,0
2,1,61594,0,0,0,0,0,0,0,0,0,0
1,1,61595,0,0,0,0,0,12,0,6,0,0
1,1,61596,0,0,0,0,0,0,0,0,0,0
1,1,61597,0,0,0,0,0,0,0,0,0,0
1,1,61598,0,0,0,0,0,0,0,0,0,0
2,1,61598,0,0,0,0,0,0,0,0,0,0
1,1,61599,19,19,19,19,19,19,19,19,19,19
1,1,61600,0,0,0,0,0,0,0,0,0,0
2,1,61600,0,0,0,0,0,0,0,0,0,0
1,1,61601,0,0,0,0,0,0,0,0,0,0
2,1,61601,0,0,0,0,0,0,0,16,0,0
0,1,61602,0,0,0,0,0,0,0,0,0,0
1,1,61602,0,0,0,0,0,0,0,0,0,0
1,1,61603,17,17,17,17,17,17,17,17,17,17
1,1,61604,0,0,0,0,0,0,0,0,0,0
2,1,61604,0,0,0,0,0,0,0,0,0,0
1,1,61605,0,0,0,0,0,0,0,0,0,0
1,1,61606,0,0,0,0,0,0,0,0,0,0
1,1,61607,17,17,17,17,17,17,17,17,17,17
1,1,61608,14,14,14,14,14,14,14,14,14,14
0,1,61609,0,0,0,0,0,0,0,0,0,0
1,1,61609,0,0,0,0,0,15,0,0,0,13
1,1,61610,15,15,15,15,15,15,15,15,15,15
1,1,61611,0,0,0,0,0,0,0,0,0,0
2,1,61611,0,0,0,0,0,0,0,0,0,0
1,1,61612,0,0,0,0,0,0,0,0,0,0
1,1,61613,16,16,16,16,16,16,16,16,16,16
0,1,61614,0,0,0,0,0,0,0,0,0,0
1,1,61614,0,0,0,15,0,7,0,0,0,0
1,1,61615,0,0,0,0,0,0,0,0,0,0
2,1,61615,0,0,0,0,0,0,0,0,0,0
0,1,61616,21,21,21,21,21,21,21,21,21,21
1,1,61616,0,3,0,0,0,0,0,0,0,6
1,1,61617,0,0,0,0,0,0,0,0,0,0
1,1,61618,0,0,0,0,0,0,0,0,0,0
0,1,61619,0,0,0,0,0,0,0,0,0,0
1,1,61619,0,0,6,3,0,22,14,0,6,0
0,1,61620,32,32,32,32,32,32,32,32,32,32
1,1,61620,7,7,7,7,7,7,7,7,7,7
1,1,61621,0,0,0,0,0,0,0,0,0,0
2,1,61621,0,0,0,0,0,0,0,0,0,0
1,1,61622,15,15,15,15,15,15,15,15,15,15
1,1,61623,0,0,0,0,0,0,0,0,0,0
1,1,61624,21,21,21,21,21,21,21,21,21,21
2,1,61624,0,0,0,0,0,0,0,0,0,0
1,1,61625,24,24,24,24,24,24,24,24,24,24
2,1,61625,0,0,0,0,0,0,0,0,0,0
1,1,61626,0,0,0,0,0,0,0,0,0,0
1,1,61627,19,19,19,19,19,19,19,19,19,19
2,1,61627,0,0,0,0,0,0,0,0,0,0
1,1,61628,0,0,0,0,0,0,0,0,0,0
0,1,61629,22,22,22,22,22,22,22,22,22,22
1,1,61629,5,4,5,2,27,1,0,9,0,0
1,1,61630,0,0,0,0,0,0,0,0,0,0
2,1,61630,0,0,0,0,0,0,0,0,0,0
1,1,61631,22,22,22,22,22,22,22,22,22,22
1,1,61632,14,14,14,14,14,14,14,14,14,14
2,1,61632,0,0,0,0,0,0,0,0,0,0
1,1,61633,0,0,0,0,0,0,0,9,0,0
2,1,61633,0,0,0,0,0,0,0,0,0,0
1,1,61634,0,0,0,0,0,0,0,0,0,0
1,1,61635,0,0,0,0,0,0,0,0,0,0
2,1,61635,0,0,0,0,0,0,0,0,0,0
0,1,61636,21,21,21,21,21,21,21,21,21,21
1,1,61636,0,0,4,0,0,0,0,0,0,0
1,1,61637,11,11,11,11,11,11,11,11,11,11
2,1,61637,0,0,0,0,0,0,0,0,0,0
0,1,61638,38,38,38,38,38,38,38,38,38,38
1,1,61638,0,0,0,0,0,0,0,0,0,0
1,1,61639,0,0,0,0,0,0,0,0,0,0
2,1,61639,0,0,0,0,0,0,9,0,0,0
1,1,61640,7,7,7,7,7,7,7,7,7,7
1,1,61641,0,0,0,0,0,0,0,0,0,0
0,1,61642,13,13,13,13,13,13,13,13,13,13
1,1,61642,0,0,0,0,0,0,0,0,0,0
1,1,61643,0,0,0,0,0,6,0,0,0,0
1,1,61644,0,14,13,0,16,12,8,23,13,22
1,1,61645,0,0,0,0,0,0,0,0,0,0
0,1,61646,0,0,0,0,0,0,0,0,0,0
1,1,61646,0,0,0,0,0,0,0,0,0,0
1,1,61647,0,0,0,0,0,0,0,0,0,0
1,1,61648,0,0,0,0,0,0,0,0,0,0
2,1,61648,0,0,0,0,0,0,0,0,0,0
1,1,61649,26,26,26,26,26,26,26,26,26,26
1,1,61650,0,0,0,0,0,0,0,0,0,0
0,1,61651,23,23,23,23,23,23,23,23,23,23
1,1,61651,0,0,0,0,0,0,0,0,0,0
0,1,61652,25,25,25,25,25,25,25,25,25,25
1,1,61652,0,0,0,0,0,0,0,0,0,0
2,1,61652,0,0,0,0,0,0,0,0,0,11
1,1,61653,23,23,23,23,23,23,23,23,23,23
2,1,61653,0,0,0,0,0,0,0,0,0,0
3,1,61653,0,20,0,0,0,0,0,0,0,0
4,1,61653,0,0,0,0,0,0,0,0,0,0
1,1,61654,23,23,23,23,23,23,23,23,23,23
1,1,61655,0,0,0,0,0,0,0,0,0,0
2,1,61655,0,0,0,0,0,0,0,0,0,0
1,1,61656,0,0,0,0,0,0,0,0,0,0
2,1,61656,0,0,0,0,0,0,0,0,0,0
1,1,61657,29,29,29,29,29,29,29,29,29,29
1,1,61658,0,0,0,0,0,0,0,0,0,0
2,1,61658,0,0,0,0,0,0,0,0,0,0
3,1,61658,0,0,0,0,0,0,0,0,0,0
4,1,61658,0,0,0,0,0,0,0,0,0,0
1,1,61659,0,0,0,0,0,0,0,0,0,0
1,1,61660,0,0,0,0,0,0,0,0,0,0
1,1,61661,0,0,0,0,0,0,0,0,0,0
1,1,61662,22,22,22,22,22,22,22,22,22,22
1,1,61663,15,15,15,15,15,15,15,15,15,15
2,1,61663,0,10,16,0,0,0,13,9,5,10
1,1,61664,26,26,26,26,26,26,26,26,26,26
2,1,61664,0,0,0,0,0,0,0,0,0,0
3,1,61664,0,0,0,0,0,0,0,0,0,0
4,1,61664,0,0,0,0,0,0,0,0,0,7
1,1,61665,0,14,0,0,0,0,0,0,0,0
2,1,61665,0,0,0,0,0,0,0,0,0,0
3,1,61665,0,0,0,0,0,0,0,0,0,0
1,1,61666,0,0,0,0,0,0,0,0,0,0
1,1,61667,0,0,0,0,0,0,0,0,0,0
1,1,61668,0,0,0,0,0,0,0,0,0,0
2,1,61668,0,0,0,0,0,0,0,0,0,0
1,1,61669,0,0,0,0,0,0,0,0,0,0
1,1,61670,11,11,11,11,11,11,11,11,11,11
1,1,61671,0,0,0,0,0,0,0,0,7,0
0,1,61672,0,0,0,0,0,0,0,0,0,0
1,1,61672,0,0,0,0,0,0,0,0,0,12
0,1,61673,17,17,17,17,17,17,17,17,17,17
1,1,61673,0,0,0,0,0,0,0,0,0,0
1,1,61674,18,18,18,18,18,18,18,18,18,18
2,1,61674,0,0,0,0,0,0,0,0,0,0
3,1,61674,0,0,0,0,0,4,14,0,0,0
0,1,61675,0,0,0,0,0,0,0,0,0,0
1,1,61675,0,0,0,0,6,0,0,0,0,0
1,1,61676,0,0,0,0,0,0,0,0,0,0
2,1,61676,0,0,0,0,0,0,0,0,0,0
1,1,61677,0,0,0,0,0,0,0,0,0,0
2,1,61677,0,0,0,0,0,0,0,0,0,0
1,1,61678,0,0,0,0,0,0,0,0,0,0
1,1,61679,20,20,20,20,20,20,20,20,20,20
1,1,61680,25,23,0,6,21,22,24,25,28,9
1,1,61681,0,0,0,0,0,0,0,0,0,0
1,1,61682,16,16,16,16,16,16,16,16,16,16
2,1,61682,0,0,0,0,0,0,0,0,0,0
1,1,61683,7,7,7,7,7,7,7,7,7,7
1,1,61684,0,0,0,0,0,0,0,0,0,0
0,1,61685,12,12,12,12,12,12,12,12,12,12
1,1,61685,0,0,0,0,0,0,0,0,0,0
1,1,61686,0,0,0,0,0,0,0,0,0,0
0,1,61687,11,11,11,11,11,11,11,11,11,11
1,1,61687,0,0,0,0,0,0,0,0,0,0
1,1,61688,0,0,0,0,0,0,0,0,0,0
2,1,61688,0,0,0,0,0,0,0,0,0,0
1,1,61689,11,11,11,11,11,11,11,11,11,11
2,1,61689,0,0,0,0,0,0,0,0,0,0
1,1,61690,0,0,0,0,0,0,0,0,0,0
1,1,61691,27,27,27,27,27,27,27,27,27,27
1,1,61692,0,0,0,0,0,0,0,0,0,0
1,1,61693,12,12,12,12,12,12,12,12,12,12
2,1,61693,0,0,0,0,0,0,0,0,0,0
0,1,61694,0,0,0,0,0,0,0,0,0,0
0,2,61694,0,6,0,11,0,0,20,0,0,0
0,3,61694,21,0,0,0,0,18,0,0,0,0
1,1,61694,0,0,0,0,0,0,0,0,12,0
1,1,61695,30,28,12,25,20,14,16,15,10,24
1,1,61696,0,0,0,18,0,0,0,0,0,0
2,1,61696,0,0,0,0,0,0,0,0,0,0
0,1,61697,0,0,0,0,0,0,0,0,0,0
1,1,61697,23,16,11,9,21,12,17,6,0,11
0,1,61698,0,12,0,0,29,0,12,0,17,0
1,1,61698,0,0,0,0,0,0,0,0,0,0
1,1,61699,0,0,0,0,0,0,0,0,0,0
2,1,61699,0,0,0,0,0,0,0,0,0,0
3,1,61699,0,0,0,0,0,0,0,0,0,0
1,1,61700,0,0,0,0,0,0,0,0,0,0
1,1,61701,0,0,0,0,0,0,0,0,0,0
2,1,61701,0,0,0,0,0,0,0,0,0,0
1,1,61702,0,0,0,0,0,0,0,0,0,0
1,1,61703,0,0,0,0,0,0,0,0,0,0
1,1,61704,22,22,22,22,22,22,22,22,22,22
2,1,61704,0,0,0,0,0,0,0,0,0,0
1,1,61705,0,0,0,0,0,0,0,0,0,0
1,1,61706,0,0,0,0,0,0,0,0,0,0
1,1,61707,15,15,15,15,15,15,15,15,15,15
0,1,61708,0,0,0,0,0,0,0,0,0,0
1,1,61708,0,0,0,0,0,0,0,0,0,0
1,1,61709,0,0,0,0,0,0,0,0,0,0
1,1,61710,14,14,14,14,14,14,14,14,14,14
1,1,61711,24,24,24,24,24,24,24,24,24,24
0,1,61712,0,0,0,0,0,0,0,0,0,0
1,1,61712,0,0,0,0,0,0,0,0,4,0
0,1,61713,0,0,0,0,0,0,0,0,0,0
1,1,61713,0,0,0,10,0,0,0,0,0,0
0,1,61714,0,0,0,0,0,0,0,0,0,0
1,1,61714,0,0,0,0,0,0,0,0,0,0
0,1,61715,0,0,33,0,0,0,0,0,0,0
1,1,61715,0,0,0,13,0,0,0,0,0,0
1,1,61716,0,0,0,0,0,0,0,0,0,0
2,1,61716,0,0,0,0,0,0,0,0,0,0
1,1,61717,28,28,28,28,28,28,28,28,28,28
1,1,61718,0,0,0,0,0,0,0,0,0,0
2,1,61718,0,0,0,0,0,0,0,0,0,0
1,1,61719,0,0,0,0,0,0,0,0,0,0
2,1,61719,0,0,0,0,0,0,0,0,0,0
1,1,61720,29,29,29,29,29,29,29,29,29,29
1,1,61721,0,0,0,0,0,0,0,0,0,0
2,1,61721,0,0,0,0,0,0,0,0,0,0
3,1,61721,0,0,0,0,0,0,0,0,0,0
1,1,61722,25,25,25,25,25,25,25,25,25,25