VEH_NO,PER_NO,ST_CASE,P1,P2,P3,P4,P5,P6,P7,P8,P9,P10
1,1,61723,25,14,12,23,15,13,18,9,38,22
2,1,61723,0,0,0,0,0,0,0,0,0,0
0,1,61724,0,0,0,0,0,0,0,0,0,0
1,1,61724,0,0,0,0,0,0,0,0,0,0
1,1,61725,0,0,0,0,0,0,0,0,0,0
2,1,61725,0,0,0,0,0,0,0,0,0,0
3,1,61725,0,0,0,0,0,6,0,0,0,0
1,1,61726,0,0,0,0,0,0,0,0,0,0
2,1,61726,0,0,0,0,0,0,0,0,0,0
1,1,61727,0,0,0,0,0,0,0,0,0,0
2,1,61727,0,0,0,0,0,0,0,0,0,0
1,1,61728,0,0,0,0,0,0,0,0,0,0
2,1,61728,0,0,0,0,0,0,0,0,0,0
1,1,61729,0,0,0,0,0,0,0,0,0,0
1,1,61730,0,0,0,0,0,0,0,0,0,0
2,1,61730,0,0,0,0,0,0,0,0,0,0
3,1,61730,0,0,0,0,0,0,21,0,0,0
1,1,61731,7,7,7,7,7,7,7,7,7,7
1,1,61732,0,0,0,0,0,0,0,0,0,0
2,1,61732,0,0,0,0,0,0,0,0,0,0
3,1,61732,0,0,0,0,0,0,0,0,0,0
0,1,61733,0,0,0,0,0,0,0,0,0,0
1,1,61733,0,0,0,0,0,0,0,0,0,0
0,1,61734,27,27,27,27,27,27,27,27,27,27
1,1,61734,0,0,0,0,0,0,0,0,0,0
1,1,61735,0,0,0,0,0,0,0,0,0,0
2,1,61735,0,0,0,0,0,0,0,0,0,0
0,1,61736,30,30,30,30,30,30,30,30,30,30
1,1,61736,7,2,4,0,0,27,11,3,14,14
1,1,61737,20,0,14,0,0,17,6,11,16,12
0,1,61738,24,24,24,24,24,24,24,24,24,24
1,1,61738,0,0,12,0,5,0,0,0,0,0
1,1,61739,4,0,0,0,16,0,0,6,0,9
2,1,61739,0,0,0,0,0,0,0,0,0,0
1,1,61740,0,0,0,0,0,0,0,0,0,0
1,1,61741,11,11,11,11,11,11,11,11,11,11
0,1,61742,0,0,0,0,0,0,0,0,0,0
1,1,61742,0,0,0,0,0,0,0,0,0,0
0,1,61743,0,0,0,0,0,0,0,0,0,0
1,1,61743,17,0,0,0,22,0,8,12,0,0
1,1,61744,0,0,4,0,0,0,0,0,0,0
2,1,61744,0,0,0,0,0,0,0,0,0,0
1,1,61745,0,0,0,0,0,0,0,0,0,0
1,1,61746,0,0,0,0,0,0,0,0,0,0
1,1,61747,0,0,0,0,0,0,0,0,0,2
2,1,61747,0,0,0,0,0,0,5,0,0,0
3,1,61747,3,3,3,3,3,3,3,3,3,3
1,1,61748,0,0,0,0,0,0,0,0,0,0
1,1,61749,11,11,11,11,11,11,11,11,11,11
0,1,61750,20,20,20,20,20,20,20,20,20,20
1,1,61750,10,3,11,4,0,3,2,0,9,6
1,1,61751,0,0,0,0,0,0,0,0,0,0
0,1,61752,0,0,0,0,0,0,0,0,0,0
1,1,61752,0,0,0,0,0,0,0,0,0,0
0,1,61753,0,0,0,0,0,0,0,0,0,0
1,1,61753,0,0,0,4,10,0,2,0,0,0
1,1,61754,6,6,6,6,6,6,6,6,6,6
1,1,61755,0,0,0,0,0,0,0,0,0,0
2,1,61755,0,0,0,0,0,0,0,0,0,0
0,1,61756,0,0,0,0,0,0,0,0,0,0
1,1,61756,0,0,0,0,0,0,0,0,0,0
1,1,61757,18,13,0,5,14,17,14,0,10,10
1,1,61758,0,0,0,0,0,0,0,0,0,0
1,1,61759,0,0,0,0,0,0,0,0,0,0
2,1,61759,0,0,0,0,0,0,0,0,0,0
3,1,61759,0,0,0,0,0,0,0,0,0,0
4,1,61759,0,0,0,0,0,0,0,0,0,0
5,1,61759,0,0,0,0,0,0,0,0,0,0
1,1,61760,0,0,0,0,0,0,0,0,0,0
2,1,61760,4,4,4,4,4,4,4,4,4,4
1,1,61761,20,20,20,20,20,20,20,20,20,20
2,1,61761,0,0,0,0,0,0,0,0,0,0
0,1,61762,0,0,0,0,0,0,0,0,0,0
1,1,61762,0,0,0,0,0,0,0,0,0,0
1,1,61763,0,0,0,0,0,0,0,0,0,0
1,1,61764,0,0,0,0,0,0,0,0,0,0
1,1,61765,0,0,0,0,0,0,0,0,0,0
1,1,61766,0,0,0,0,0,0,0,0,0,0
1,1,61767,0,0,0,0,0,0,0,0,0,0
0,1,61768,19,19,19,19,19,19,19,19,19,19
1,1,61768,0,0,0,0,0,0,0,0,0,0
1,1,61769,0,0,0,0,0,3,0,0,0,0
2,1,61769,0,0,0,0,0,0,0,0,0,0
1,1,61770,0,0,0,0,0,0,0,16,0,0
2,1,61770,0,0,0,0,0,0,0,0,0,0
0,1,61771,0,0,0,0,0,0,0,0,0,0
1,1,61771,0,0,0,0,0,0,0,0,0,0
1,1,61772,0,0,0,0,0,0,0,0,0,0
1,1,61773,0,0,0,14,0,0,0,0,0,0
2,1,61773,1,1,1,1,1,1,1,1,1,1
1,1,61774,24,0,10,0,0,0,0,0,0,0
2,1,61774,0,0,0,0,0,0,0,0,0,0
1,1,61775,0,0,0,0,0,0,0,0,0,0
2,1,61775,0,0,0,0,0,0,0,0,0,0
1,1,61776,0,0,0,0,0,0,0,0,0,0
0,1,61777,78,78,78,78,78,78,78,78,78,78
1,1,61777,27,13,17,3,15,2,14,22,10,17
0,1,61778,24,24,24,24,24,24,24,24,24,24
1,1,61778,0,17,6,0,0,0,4,0,0,0
0,1,61779,0,0,0,0,0,0,0,0,0,0
1,1,61779,0,0,0,0,0,0,0,0,0,0
1,1,61780,13,13,13,13,13,13,13,13,13,13
2,1,61780,0,0,0,0,0,0,0,0,0,0
1,1,61781,0,0,0,0,0,0,0,0,0,0
2,1,61781,0,0,0,0,0,0,0,0,0,0
0,1,61782,0,0,0,0,0,0,0,0,0,0
1,1,61782,0,0,15,0,0,0,0,0,0,0
1,1,61783,0,0,0,0,0,0,0,0,0,0
2,1,61783,0,0,0,0,0,0,0,0,0,0
3,1,61783,0,0,0,0,0,0,0,0,0,0
1,1,61784,0,0,0,0,0,0,0,0,0,0
2,1,61784,0,0,0,0,0,0,0,0,0,0
0,1,61785,0,0,0,0,0,0,0,0,0,0
1,1,61785,0,0,0,0,0,0,0,2,0,0
0,1,61786,26,26,26,26,26,26,26,26,26,26
1,1,61786,0,0,0,0,0,0,0,0,0,0
0,1,61787,0,0,0,0,0,0,0,0,0,0
1,1,61787,0,0,0,0,0,0,0,0,0,0
1,1,61788,4,4,4,4,4,4,4,4,4,4
1,1,61789,19,19,19,19,19,19,19,19,19,19
1,1,61790,0,0,0,0,0,0,0,0,0,0
2,1,61790,0,0,0,0,0,0,0,0,0,0
1,1,61791,0,0,0,0,0,0,0,0,0,0
2,1,61791,0,0,0,0,0,0,0,0,0,0
1,1,61792,0,0,0,0,0,0,0,0,0,0
2,1,61792,0,0,0,0,0,0,0,0,0,0
0,1,61793,0,0,0,0,0,0,0,0,0,0
0,2,61793,0,0,0,0,0,0,0,0,0,0
1,1,61793,0,0,0,0,0,0,0,0,0,0
1,1,61794,28,28,28,28,28,28,28,28,28,28
1,1,61795,4,4,4,4,4,4,4,4,4,4
2,1,61795,0,0,0,0,0,0,0,0,0,0
1,1,61796,17,17,17,17,17,17,17,17,17,17
1,1,61797,18,11,7,0,35,8,12,12,16,13
2,1,61797,18,18,18,18,18,18,18,18,18,18
1,1,61798,14,14,14,14,14,14,14,14,14,14
2,1,61798,0,0,0,0,0,0,0,0,0,0
1,1,61799,6,6,6,6,6,6,6,6,6,6
2,1,61799,0,0,0,0,10,0,9,0,0,0
1,1,61800,18,18,18,18,18,18,18,18,18,18
2,1,61800,0,0,0,0,0,0,0,0,0,0
1,1,61801,0,0,0,0,0,0,0,0,0,0
1,1,61802,0,0,0,0,0,0,0,0,0,0
2,1,61802,0,0,0,0,0,0,0,0,0,0
1,1,61803,0,0,0,0,0,0,0,0,0,0
0,1,61804,0,0,0,0,0,0,0,0,0,0
1,1,61804,0,0,0,0,0,0,0,0,0,0
0,1,61805,0,0,0,0,0,0,0,0,0,0
1,1,61805,0,0,0,0,0,0,0,0,0,0
0,1,61806,0,0,0,0,0,0,0,0,0,0
1,1,61806,18,11,12,14,18,16,15,5,3,7
0,1,61807,35,35,35,35,35,35,35,35,35,35
1,1,61807,0,0,0,28,0,0,0,0,0,19
0,1,61808,0,0,0,0,0,0,0,0,0,0
1,1,61808,0,0,0,0,0,24,11,0,0,0
2,1,61808,0,0,0,0,0,0,0,0,0,0
0,1,61809,0,0,0,0,0,0,0,0,0,0
1,1,61809,0,0,0,0,0,0,0,0,0,0
1,1,61810,4,4,4,4,4,4,4,4,4,4
1,1,61811,19,19,19,19,19,19,19,19,19,19
1,1,61812,0,0,0,0,0,0,0,0,0,0
1,1,61813,1,1,1,1,1,1,1,1,1,1
2,1,61813,0,0,0,0,0,0,0,0,0,0
3,1,61813,0,0,0,0,0,0,0,0,15,17
1,1,61814,15,15,15,15,15,15,15,15,15,15
1,1,61815,0,0,0,0,0,0,0,0,0,0
1,1,61816,0,0,0,0,0,0,0,0,0,0
2,1,61816,0,0,0,0,0,0,0,0,0,0
1,1,61817,0,0,0,0,0,0,0,0,0,0
0,1,61818,0,0,0,0,0,0,0,0,0,0
0,2,61818,0,0,0,20,0,0,10,0,0,0
1,1,61818,0,0,0,0,0,0,0,0,0,0
2,1,61818,0,0,0,0,0,0,0,0,0,0
1,1,61819,0,0,0,0,0,0,0,0,0,0
2,1,61819,0,0,0,0,0,0,0,0,0,0
1,1,61820,0,0,0,0,0,0,0,0,0,0
2,1,61820,0,0,0,0,0,0,0,0,0,0
1,1,61821,0,0,0,0,0,0,0,0,7,0
2,1,61821,0,0,0,0,0,0,0,0,0,0
3,1,61821,0,0,0,0,0,0,0,0,0,0
4,1,61821,0,0,0,0,0,0,0,0,0,0
5,1,61821,0,0,0,0,0,0,0,0,0,0
6,1,61821,0,0,0,0,0,0,0,0,0,0
1,1,61822,0,0,0,0,0,0,0,0,0,0
2,1,61822,0,0,0,0,0,0,0,0,0,0
3,1,61822,0,0,0,0,0,0,0,0,0,0
0,1,61823,0,0,0,0,0,0,0,0,0,0
0,2,61823,0,0,0,0,0,0,0,0,0,0
1,1,61823,0,0,0,6,0,0,0,0,0,0
1,1,61824,0,0,0,0,0,0,0,0,0,0
2,1,61824,0,0,0,0,0,0,0,0,0,0
0,1,61825,25,0,0,0,17,0,0,23,0,0
1,1,61825,0,0,0,0,0,0,0,0,0,0
1,1,61826,2,2,2,2,2,2,2,2,2,2
0,1,61827,0,0,0,0,0,0,0,0,0,0
1,1,61827,0,0,0,0,0,0,22,0,0,24
1,1,61828,0,0,0,0,0,0,0,0,0,0
2,1,61828,0,0,0,0,0,0,0,0,0,0
1,1,61829,0,0,0,0,0,0,0,0,0,0
2,1,61829,0,0,0,0,0,0,0,0,0,0
1,1,61830,0,0,0,0,0,0,0,3,0,0
2,1,61830,0,0,0,0,0,0,0,0,0,0
3,1,61830,0,0,0,0,0,0,0,0,0,0
4,1,61830,0,0,0,0,0,0,0,0,0,0
5,1,61830,0,0,0,0,0,0,0,0,0,0
1,1,61831,0,0,0,0,0,0,0,0,0,0
1,1,61832,0,0,0,0,0,0,0,0,0,0
2,1,61832,0,0,14,5,11,0,17,0,0,14
1,1,61833,0,0,0,0,0,0,0,0,0,0
1,1,61834,16,16,16,16,16,16,16,16,16,16
2,1,61834,0,0,0,0,0,0,0,0,0,0
1,1,61835,35,35,35,35,35,35,35,35,35,35
1,1,61836,6,6,6,6,6,6,6,6,6,6
1,1,61837,0,0,0,0,0,0,0,0,0,0
2,1,61837,0,10,0,0,0,0,0,0,0,0
0,1,61838,0,0,0,0,0,0,0,0,0,0
1,1,61838,0,0,0,0,0,0,0,29,0,0
1,1,61839,0,0,0,0,0,0,0,0,0,0
2,1,61839,0,0,0,0,0,0,0,0,0,0
3,1,61839,0,0,0,0,0,0,0,0,0,0
4,1,61839,0,0,0,0,0,0,0,0,0,0
1,1,61840,0,0,0,0,0,0,0,0,0,0
2,1,61840,0,0,0,0,0,0,0,0,0,0
1,1,61841,0,0,0,0,0,0,0,0,0,0
2,1,61841,0,0,0,0,0,0,0,0,0,0
1,1,61842,0,0,0,0,0,0,0,0,0,0
2,1,61842,0,0,0,0,0,0,0,0,0,0
1,1,61843,21,21,21,21,21,21,21,21,21,21
1,1,61844,12,12,12,12,12,12,12,12,12,12
2,1,61844,0,0,0,0,0,10,0,0,18,0
1,1,61845,0,0,0,0,0,0,0,0,0,0
1,1,61846,0,0,12,0,0,0,14,0,21,0
1,1,61847,35,35,35,35,35,35,35,35,35,35
2,1,61847,0,0,0,0,0,0,0,0,0,0
1,1,61848,4,4,4,4,4,4,4,4,4,4
1,1,61849,0,0,0,0,0,0,0,0,0,18
1,1,61850,6,6,6,6,6,6,6,6,6,6
2,1,61850,10,10,10,10,10,10,10,10,10,10
1,1,61851,19,19,19,19,19,19,19,19,19,19
2,1,61851,0,0,0,0,0,0,0,0,0,0
1,1,61852,23,23,23,23,23,23,23,23,23,23
2,1,61852,10,0,0,8,0,14,7,16,0,23
1,1,61853,14,14,14,14,14,14,14,14,14,14
1,1,61854,0,0,0,0,0,0,0,0,0,0
1,1,61855,23,23,23,23,23,23,23,23,23,23
2,1,61855,0,0,0,0,0,0,0,4,0,0
0,1,61856,0,0,0,0,0,0,0,0,0,0
1,1,61856,0,0,0,15,0,0,0,0,0,0
1,1,61857,0,0,0,0,0,0,0,28,0,0
2,1,61857,0,0,0,0,36,0,0,0,0,0
1,1,61858,34,34,34,34,34,34,34,34,34,34
2,1,61858,0,0,0,0,0,0,0,0,0,0
3,1,61858,0,0,0,0,0,0,0,0,0,0
1,1,61859,0,0,0,0,0,0,0,0,0,0
2,1,61859,0,0,0,0,0,0,0,0,0,0
1,1,61860,23,23,23,23,23,23,23,23,23,23
1,1,61861,12,12,12,12,12,12,12,12,12,12
1,1,61862,0,0,0,0,0,0,0,0,0,0
1,1,61863,21,21,21,21,21,21,21,21,21,21
2,1,61863,0,0,0,7,0,0,0,0,11,0
3,1,61863,7,7,7,7,7,7,7,7,7,7
1,1,61864,26,26,26,26,26,26,26,26,26,26
1,1,61865,18,18,18,18,18,18,18,18,18,18
2,1,61865,0,0,0,0,0,0,0,0,0,0
1,1,61866,20,20,20,20,20,20,20,20,20,20
2,1,61866,0,0,0,0,0,0,0,0,0,0
1,1,61867,14,14,14,14,14,14,14,14,14,14
1,1,61868,16,16,16,16,16,16,16,16,16,16
1,1,61869,0,0,0,0,0,0,0,0,0,0
2,1,61869,0,0,0,0,0,0,0,0,0,0
1,1,61870,0,0,0,0,0,0,0,0,0,0
1,1,61871,0,0,0,0,0,0,0,0,0,15
1,1,61872,0,0,0,0,0,0,0,0,0,0
0,1,61873,0,0,0,0,0,0,0,0,0,0
1,1,61873,0,0,0,0,0,0,0,0,0,0
1,1,61874,19,19,19,19,19,19,19,19,19,19
1,1,61875,31,31,31,31,31,31,31,31,31,31
0,1,61876,0,0,0,0,0,0,0,0,0,0
1,1,61876,0,0,0,0,0,0,0,0,0,0
0,1,61877,0,0,0,0,0,0,0,0,0,0
1,1,61877,0,0,0,0,0,0,0,0,0,0
0,1,61878,0,0,0,0,0,0,0,0,0,0
1,1,61878,0,0,0,0,0,0,0,0,0,0
1,1,61879,11,11,11,11,11,11,11,11,11,11
2,1,61879,0,0,0,0,0,0,0,0,0,0
1,1,61880,23,23,23,23,23,23,23,23,23,23
0,1,61881,37,37,37,37,37,37,37,37,37,37
1,1,61881,15,4,7,12,14,11,3,18,8,7
1,1,61882,7,21,17,3,0,8,22,22,0,11
2,1,61882,0,0,0,0,0,0,0,0,0,0
1,1,61883,0,0,0,21,0,0,0,0,0,0
0,1,61884,0,0,0,0,0,0,0,0,0,0
0,2,61884,16,0,8,0,0,0,17,12,0,0
0,3,61884,0,0,9,0,0,0,0,25,0,9
1,1,61884,0,0,0,0,0,0,0,0,0,0
2,1,61884,0,0,0,0,0,0,0,0,0,0
1,1,61885,13,13,13,13,13,13,13,13,13,13
1,1,61886,0,0,0,0,0,0,0,0,0,0
2,1,61886,0,0,0,0,0,0,0,0,0,0
1,1,61887,0,0,0,0,0,0,0,0,0,0
2,1,61887,0,0,0,0,0,0,0,0,0,0
0,1,61888,0,0,0,0,0,0,0,0,0,0
0,2,61888,0,0,0,0,0,0,0,0,0,0
0,3,61888,0,0,0,0,0,0,0,0,0,0
0,4,61888,0,0,0,0,0,0,0,0,0,0
1,1,61888,0,0,0,0,0,0,0,0,0,0
1,1,61889,0,0,0,0,0,0,0,0,0,0
0,1,61890,0,0,0,0,0,0,0,0,0,0
1,1,61890,0,0,0,0,0,0,0,0,0,0
1,1,61891,15,15,15,15,15,15,15,15,15,15
2,1,61891,0,0,0,0,0,0,0,0,0,0
1,1,61892,0,0,0,0,0,0,0,0,0,0
2,1,61892,0,0,0,0,0,0,0,0,0,0
1,1,61893,0,0,0,0,0,0,0,0,0,0
1,1,61894,0,0,0,0,0,0,0,0,0,0
1,1,61895,0,0,0,0,0,0,0,0,0,0
1,1,61896,8,8,8,8,8,8,8,8,8,8
2,1,61896,0,0,0,0,0,0,0,0,0,0
1,1,61897,0,0,0,0,0,0,0,0,0,0
2,1,61897,0,13,0,0,0,0,0,0,0,0
0,1,61898,0,0,0,0,0,0,0,0,0,7
1,1,61898,12,5,0,0,0,0,0,0,0,12
0,1,61899,21,21,21,21,21,21,21,21,21,21
1,1,61899,0,0,0,0,0,0,0,0,0,0
1,1,61900,1,1,1,1,1,1,1,1,1,1
2,1,61900,18,15,4,11,10,2,8,24,12,8
0,1,61901,0,0,0,0,0,0,0,0,0,0
1,1,61901,0,0,0,0,0,0,0,0,0,0
0,1,61902,0,0,0,0,0,0,0,0,0,0
1,1,61902,0,0,0,0,0,0,0,0,0,0
0,1,61903,0,0,0,0,0,0,0,0,0,0
1,1,61903,0,0,0,0,0,0,0,0,0,0
1,1,61904,15,15,15,15,15,15,15,15,15,15
1,1,61905,0,0,0,0,0,0,0,0,0,0
0,1,61906,0,0,0,0,0,0,0,0,0,0
1,1,61906,0,0,0,0,0,0,0,0,0,0
1,1,61907,0,0,0,0,0,0,0,0,0,0
2,1,61907,0,0,0,0,0,0,0,0,0,0
1,1,61908,4,4,4,4,4,4,4,4,4,4
1,1,61909,0,0,0,0,0,0,0,0,0,0
2,1,61909,15,15,15,15,15,15,15,15,15,15
1,1,61910,18,18,18,18,18,18,18,18,18,18
2,1,61910,11,11,11,11,11,11,11,11,11,11
0,1,61911,23,23,23,23,23,23,23,23,23,23
1,1,61911,12,7,10,8,11,0,0,6,0,0
1,1,61912,0,0,0,0,0,0,0,0,0,0
2,1,61912,0,0,0,0,0,0,0,0,0,0
3,1,61912,0,0,0,0,0,0,0,0,0,0
1,1,61913,0,0,0,0,0,0,0,0,0,0
1,1,61914,0,0,0,0,0,0,0,0,23,0
2,1,61914,0,0,0,0,0,0,0,0,0,0
1,1,61915,13,13,13,13,13,13,13,13,13,13
1,1,61916,0,6,0,0,0,0,0,0,0,0
2,1,61916,0,0,0,0,0,0,0,0,0,0
1,1,61917,14,14,14,14,14,14,14,14,14,14
1,1,61918,0,0,0,0,0,0,0,0,0,0
1,1,61919,0,0,0,0,0,0,0,0,0,0
0,1,61920,31,31,31,31,31,31,31,31,31,31
1,1,61920,0,0,11,0,0,0,0,0,17,0
0,1,61921,0,0,0,0,0,0,0,0,0,0
1,1,61921,0,0,0,0,0,0,0,0,0,0
1,1,61922,0,0,0,0,0,0,0,0,0,0
2,1,61922,0,0,0,0,0,0,0,0,0,0
0,1,61923,23,23,23,23,23,23,23,23,23,23
1,1,61923,0,0,0,0,18,0,0,0,0,0
1,1,61924,0,0,0,0,0,0,0,0,0,0
1,1,61925,16,16,16,16,16,16,16,16,16,16
2,1,61925,0,0,0,0,0,0,0,0,0,0
1,1,61926,0,0,0,0,0,0,0,0,0,0
1,1,61927,17,17,17,17,17,17,17,17,17,17
0,1,61928,0,0,0,0,0,0,0,0,0,0
1,1,61928,0,0,0,0,0,0,0,8,0,0
1,1,61929,0,0,0,0,0,0,0,0,0,0
1,1,61930,16,16,16,16,16,16,16,16,16,16
1,1,61931,0,0,0,0,0,0,0,0,0,0
0,1,61932,9,21,5,22,0,16,18,14,22,0
1,1,61932,0,0,0,0,0,0,0,0,0,0
1,1,61933,0,0,0,0,0,0,0,0,0,0
2,1,61933,0,0,0,0,0,0,0,0,0,0
1,1,61934,0,0,0,0,0,0,0,0,0,0
1,1,61935,18,22,10,27,32,27,29,22,16,14
1,1,61936,0,0,0,0,0,0,0,0,0,0
1,1,61937,0,0,0,0,0,0,0,0,0,0
1,1,61938,19,19,19,19,19,19,19,19,19,19
1,1,61939,0,0,0,0,0,0,0,0,0,0
2,1,61939,0,0,0,0,0,0,0,0,0,0
1,1,61940,2,2,2,2,2,2,2,2,2,2
2,1,61940,0,0,0,0,0,0,0,0,0,0
1,1,61941,0,0,0,0,0,0,0,0,0,0
1,1,61942,23,23,23,23,23,23,23,23,23,23
0,1,61943,0,0,0,0,0,0,0,0,0,0
0,2,61943,0,0,0,0,0,0,0,0,0,0
1,1,61943,0,0,0,0,0,0,0,0,0,0
0,1,61944,0,0,0,0,0,0,0,0,0,0
1,1,61944,0,0,0,0,0,0,0,0,0,0
1,1,61945,0,0,0,0,0,0,0,0,0,0
1,1,61946,11,11,11,11,11,11,11,11,11,11
0,1,61947,0,0,0,0,0,0,0,0,0,0
1,1,61947,0,5,4,0,0,0,10,0,0,0
1,1,61948,0,0,0,0,0,0,0,0,0,0
2,1,61948,0,0,0,0,0,0,0,0,0,0
1,1,61949,0,0,0,0,0,0,0,0,0,0
1,1,61950,0,0,0,0,0,0,0,0,0,0
0,1,61951,15,0,0,0,0,12,0,18,0,0
1,1,61951,5,0,0,0,0,0,0,0,0,0
2,1,61951,5,0,0,0,0,0,0,0,0,0
1,1,61952,0,0,0,0,0,0,0,0,0,0
2,1,61952,0,0,0,0,0,0,0,0,0,0
3,1,61952,0,0,0,0,0,0,0,0,0,0
4,1,61952,0,0,0,0,0,0,0,0,0,0
1,1,61953,0,0,0,0,0,0,0,0,0,0
2,1,61953,0,0,0,0,0,0,0,0,0,0
3,1,61953,0,0,0,0,0,0,0,0,0,0
4,1,61953,0,0,0,0,0,0,0,0,0,0
5,1,61953,0,0,0,0,0,0,0,0,0,0
1,1,61954,0,0,0,0,0,0,0,0,0,0
2,1,61954,0,0,0,0,0,0,0,0,0,0
1,1,61955,0,0,0,0,0,0,0,0,0,0
2,1,61955,0,0,0,0,0,0,0,0,0,0
0,1,61956,19,0,0,7,0,35,9,24,0,0
1,1,61956,0,0,0,0,0,0,0,0,0,0
1,1,61957,15,15,15,15,15,15,15,15,15,15
1,1,61958,15,15,15,15,15,15,15,15,15,15
1,1,61959,15,15,15,15,15,15,15,15,15,15
2,1,61959,0,0,0,0,0,0,4,0,0,16
0,1,61960,27,27,27,27,27,27,27,27,27,27
1,1,61960,0,0,0,0,0,0,0,0,0,0
1,1,61961,0,0,0,0,0,0,0,0,0,0
2,1,61961,0,0,0,0,0,0,0,0,0,0
1,1,61962,32,32,32,32,32,32,32,32,32,32
2,1,61962,0,0,0,0,0,0,0,0,0,0
1,1,61963,0,0,0,0,0,0,0,0,0,0
2,1,61963,0,0,0,0,0,0,0,0,0,0
1,1,61964,14,14,14,14,14,14,14,14,14,14
2,1,61964,0,0,0,0,0,0,0,0,0,0
3,1,61964,0,5,0,0,0,0,0,0,0,0
1,1,61965,0,0,0,0,0,0,0,0,0,0
2,1,61965,8,0,0,0,0,0,0,20,0,0
1,1,61966,18,18,18,18,18,18,18,18,18,18
2,1,61966,0,0,0,0,0,0,0,0,0,0
1,1,61967,11,11,11,11,11,11,11,11,11,11
1,1,61968,0,0,0,0,0,0,0,0,0,0
2,1,61968,0,0,0,0,0,0,0,0,0,0
3,1,61968,0,0,0,0,0,0,0,0,0,0
0,1,61969,0,0,0,0,0,0,0,0,0,0
1,1,61969,0,0,0,0,0,0,0,0,0,0
1,1,61970,0,0,0,0,0,0,0,0,0,0
1,1,61971,0,0,0,0,0,0,0,0,0,0
2,1,61971,0,0,0,0,0,0,0,0,0,0
1,1,61972,0,0,0,0,0,0,0,0,0,0
2,1,61972,0,0,0,0,0,0,0,0,0,0
0,1,61973,0,0,0,0,0,0,0,0,0,0
1,1,61973,12,19,26,5,9,7,23,19,11,7
1,1,61974,0,0,0,0,0,0,0,0,0,0
2,1,61974,0,0,0,0,0,0,0,0,0,0
1,1,61975,0,0,0,0,0,0,0,0,0,0
1,1,61976,0,0,0,0,0,0,0,0,0,0
2,1,61976,0,0,0,0,0,0,0,0,0,0
1,1,61977,13,13,13,13,13,13,13,13,13,13
2,1,61977,0,0,0,0,0,0,0,0,0,0
1,1,61978,28,28,28,28,28,28,28,28,28,28
1,1,61979,0,0,0,0,0,0,0,0,0,0
2,1,61979,0,0,0,0,0,0,0,0,0,0
1,1,61980,0,0,0,0,0,0,0,0,0,0
2,1,61980,0,0,0,0,0,0,0,0,0,0
0,1,61981,0,0,0,0,0,0,0,0,0,0
1,1,61981,0,0,0,0,0,0,0,0,0,0
1,1,61982,0,0,6,0,0,0,0,0,0,0
1,1,61983,0,0,0,0,0,0,0,0,0,0
2,1,61983,0,0,0,0,0,0,0,0,0,0
3,1,61983,0,0,7,20,0,0,0,0,0,0
4,1,61983,0,0,0,0,0,0,0,0,0,0
5,1,61983,0,0,0,0,0,0,0,0,0,0
1,1,61984,17,17,17,17,17,17,17,17,17,17
0,1,61985,22,13,0,28,12,12,31,0,0,0
1,1,61985,0,0,0,0,0,0,0,0,0,0
1,1,61986,16,16,16,16,16,16,16,16,16,16
2,1,61986,0,0,0,0,0,0,0,0,0,0
1,1,61987,0,0,0,0,0,0,0,0,0,0
2,1,61987,0,0,0,0,0,0,0,0,0,0
0,1,61988,0,0,0,0,0,0,0,0,0,0
1,1,61988,0,0,0,0,0,0,0,0,0,0
0,1,61989,0,0,0,0,0,0,0,0,0,0
1,1,61989,0,0,0,0,0,0,0,0,0,0
1,1,61990,21,21,21,21,21,21,21,21,21,21
0,1,61991,0,0,0,0,0,0,0,0,0,0
1,1,61991,0,0,0,0,0,0,0,0,0,0
0,1,61992,0,0,0,0,0,0,0,0,0,0
1,1,61992,0,0,0,0,0,0,0,0,0,0
0,1,61993,20,20,20,20,20,20,20,20,20,20
1,1,61993,0,0,0,0,0,0,0,0,0,0
0,1,61994,0,0,0,0,0,0,0,0,0,0
1,1,61994,0,0,0,0,4,0,0,0,0,0
0,1,61995,29,29,29,29,29,29,29,29,29,29
1,1,61995,0,0,0,0,0,0,0,0,0,0
1,1,61996,1,1,1,1,1,1,1,1,1,1
2,1,61996,0,0,0,0,0,0,0,0,0,0
1,1,61997,0,0,0,0,0,0,0,0,0,0