VEH_NO,PER_NO,ST_CASE,P1,P2,P3,P4,P5,P6,P7,P8,P9,P10
1,1,61998,0,0,0,0,0,0,0,0,0,0
2,1,61998,0,0,0,0,0,0,0,0,0,0
3,1,61998,0,0,0,0,0,0,0,0,0,0
1,1,61999,0,0,0,0,0,0,0,0,0,0
2,1,61999,0,0,0,0,0,0,0,0,0,0
3,1,61999,0,0,0,0,0,0,0,0,0,0
4,1,61999,0,0,0,0,0,0,0,0,0,0
1,1,62000,0,0,0,0,14,0,0,0,0,0
2,1,62000,0,0,0,0,0,0,0,0,0,0
3,1,62000,0,0,0,0,0,0,0,0,0,0
1,1,62001,0,0,0,0,0,0,0,0,0,0
2,1,62001,0,0,0,0,0,0,0,0,0,0
1,1,62002,20,20,20,20,20,20,20,20,20,20
2,1,62002,0,0,0,0,0,0,0,0,0,0
3,1,62002,0,0,0,0,0,0,0,0,0,0
1,1,62003,0,0,0,0,0,0,0,0,0,0
2,1,62003,21,21,21,21,21,21,21,21,21,21
0,1,62004,28,28,28,28,28,28,28,28,28,28
1,1,62004,39,0,0,0,0,0,0,0,3,9
1,1,62005,0,0,0,0,0,0,0,0,0,0
2,1,62005,0,0,0,0,0,0,0,0,0,0
1,1,62006,14,14,14,14,14,14,14,14,14,14
1,1,62007,10,10,10,10,10,10,10,10,10,10
0,1,62008,0,0,0,0,0,0,0,0,0,0
1,1,62008,0,0,0,0,0,0,0,0,0,0
1,1,62009,0,0,0,0,0,0,0,0,0,0
2,1,62009,0,0,0,0,0,0,0,0,0,0
1,1,62010,25,25,25,25,25,25,25,25,25,25
2,1,62010,0,0,0,0,0,0,0,0,0,0
0,1,62011,15,15,15,15,15,15,15,15,15,15
1,1,62011,0,0,0,0,0,0,0,0,0,0
1,1,62012,14,14,14,14,14,14,14,14,14,14
1,1,62013,21,21,21,21,21,21,21,21,21,21
2,1,62013,0,0,0,0,0,0,0,0,0,0
1,1,62014,0,0,0,0,0,0,0,0,0,0
1,1,62015,0,0,0,0,0,0,0,0,0,0
2,1,62015,0,0,0,0,4,0,0,0,0,0
1,1,62016,0,0,0,0,0,0,0,0,0,0
2,1,62016,0,0,0,0,0,0,0,0,0,0
1,1,62017,21,21,21,21,21,21,21,21,21,21
2,1,62017,0,0,0,0,0,0,0,0,0,0
0,1,62018,0,0,0,0,0,0,0,0,0,0
1,1,62018,12,0,17,0,12,0,0,0,0,0
1,1,62019,0,0,0,0,0,0,0,0,0,0
2,1,62019,0,4,0,0,0,0,0,0,0,0
1,1,62020,0,0,0,0,25,0,0,0,0,0
2,1,62020,0,0,0,0,0,0,0,0,0,0
1,1,62021,2,2,2,2,2,2,2,2,2,2
2,1,62021,0,0,0,0,0,0,0,0,0,0
1,1,62022,0,0,0,0,0,0,0,0,0,0
2,1,62022,0,0,0,0,0,0,0,0,0,0
0,1,62023,6,6,6,6,6,6,6,6,6,6
1,1,62023,0,0,0,0,0,0,0,0,0,0
0,1,62024,0,0,0,0,0,0,0,0,0,0
1,1,62024,7,10,0,0,0,13,16,0,0,0
0,1,62025,26,26,26,26,26,26,26,26,26,26
1,1,62025,0,0,0,0,0,0,0,0,0,0
1,1,62026,0,0,0,0,0,0,0,0,0,0
2,1,62026,0,0,0,0,0,0,0,0,0,0
1,1,62027,0,0,0,0,0,0,0,0,0,0
2,1,62027,0,0,0,0,0,0,0,0,0,0
1,1,62028,0,0,0,0,0,0,0,0,0,0
2,1,62028,0,0,0,0,0,0,0,0,0,0
1,1,62029,0,0,0,0,0,0,0,0,15,12
1,1,62030,13,13,13,13,13,13,13,13,13,13
2,1,62030,5,0,0,0,0,0,0,0,8,0
1,1,62031,0,0,0,0,0,0,0,0,0,0
1,1,62032,0,0,0,0,0,0,0,0,0,0
1,1,62033,24,24,24,24,24,24,24,24,24,24
1,1,62034,7,7,7,7,7,7,7,7,7,7
1,1,62035,13,13,13,13,13,13,13,13,13,13
1,1,62036,0,0,0,0,0,0,0,0,0,0
2,1,62036,0,0,0,0,0,0,0,0,0,0
1,1,62037,0,0,0,0,0,0,0,0,0,0
2,1,62037,0,0,0,0,0,0,0,0,0,0
0,1,62038,26,26,26,26,26,26,26,26,26,26
1,1,62038,0,0,0,0,0,0,0,0,0,0
1,1,62039,20,20,20,20,20,20,20,20,20,20
2,1,62039,0,0,0,0,0,0,0,0,0,0
1,1,62040,0,0,0,0,0,0,0,0,0,0
2,1,62040,0,0,0,0,0,0,0,0,0,0
0,1,62041,0,0,0,11,17,0,0,0,25,0
1,1,62041,0,0,0,0,0,0,0,0,0,0
0,1,62042,0,0,0,0,0,0,0,0,0,0
1,1,62042,0,0,0,0,0,0,0,0,12,0
1,1,62043,0,0,0,0,0,0,0,0,0,0
2,1,62043,0,0,0,0,0,0,0,0,0,0
1,1,62044,0,0,0,0,0,0,0,0,0,0
2,1,62044,0,0,0,0,0,0,0,0,0,0
0,1,62045,0,20,0,0,0,0,0,0,0,0
1,1,62045,0,0,0,0,0,0,0,0,0,0
1,1,62046,0,0,0,0,0,0,0,0,0,0
1,1,62047,22,22,22,22,22,22,22,22,22,22
1,1,62048,34,34,34,34,34,34,34,34,34,34
1,1,62049,26,26,26,26,26,26,26,26,26,26
1,1,62050,0,0,0,0,0,0,0,0,0,0
2,1,62050,0,0,0,0,0,0,0,0,0,0
3,1,62050,0,0,0,0,0,0,0,0,0,0
4,1,62050,0,0,0,0,0,0,0,0,0,0
5,1,62050,0,0,0,0,0,0,0,0,0,0
6,1,62050,0,0,0,0,0,0,0,0,0,0
1,1,62051,0,0,0,0,0,0,0,0,0,0
0,1,62052,0,0,0,0,0,0,0,0,0,0
0,2,62052,0,0,0,0,0,0,0,0,0,0
0,3,62052,0,0,0,0,0,0,0,0,0,0
1,1,62052,0,0,0,0,0,0,0,0,0,0
0,1,62053,19,19,19,19,19,19,19,19,19,19
1,1,62053,0,0,0,21,0,5,0,0,8,0
0,1,62054,0,0,0,0,0,0,0,0,0,0
1,1,62054,0,0,0,0,0,0,0,0,0,0
1,1,62055,0,0,0,0,0,0,0,0,0,0
1,1,62056,0,0,0,0,0,0,0,0,0,0
1,1,62057,0,0,0,0,0,0,0,0,0,0
1,1,62058,0,0,0,0,0,0,0,0,0,0
2,1,62058,0,0,0,0,0,0,0,0,0,0
1,1,62059,0,0,0,0,0,0,0,0,0,0
2,1,62059,0,0,0,0,0,0,0,0,0,0
3,1,62059,0,0,9,0,0,0,0,0,0,0
1,1,62060,23,23,23,23,23,23,23,23,23,23
2,1,62060,0,0,0,0,0,0,0,0,0,0
0,1,62061,0,0,0,0,0,0,0,0,0,0
1,1,62061,4,0,0,0,0,0,0,0,0,0
0,1,62062,0,0,0,0,0,0,0,0,0,0
1,1,62062,0,0,0,0,0,0,0,0,0,0
1,1,62063,0,0,0,0,0,0,0,0,0,0
2,1,62063,0,0,0,0,0,0,0,0,0,0
3,1,62063,0,0,0,0,0,0,0,0,0,0
4,1,62063,0,0,0,0,0,0,0,0,0,0
1,1,62064,0,0,0,0,0,0,0,0,0,0
2,1,62064,0,0,0,0,0,0,0,0,0,0
1,1,62065,0,0,0,0,0,0,0,0,0,0
2,1,62065,0,0,0,0,0,0,0,0,0,0
1,1,62066,0,0,0,0,0,0,0,0,0,0
2,1,62066,0,0,6,0,0,0,0,0,0,0
1,1,62067,0,0,0,0,0,0,0,0,0,0
0,1,62068,12,12,12,12,12,12,12,12,12,12
1,1,62068,0,0,0,0,0,0,0,0,0,0
1,1,62069,27,27,27,27,27,27,27,27,27,27
2,1,62069,0,0,0,0,0,0,0,0,0,16
3,1,62069,0,0,0,0,0,0,0,0,0,0
1,1,62070,21,21,21,21,21,21,21,21,21,21
2,1,62070,0,0,0,0,0,0,0,0,0,0
1,1,62071,0,0,0,0,0,0,0,0,0,0
1,1,62072,0,0,0,0,0,0,0,0,0,0
2,1,62072,0,0,0,0,0,0,0,0,0,0
1,1,62073,0,22,19,0,0,0,0,0,0,9
2,1,62073,0,0,0,0,0,0,0,0,0,0
1,1,62074,0,0,0,0,0,0,0,0,0,0
2,1,62074,0,0,0,0,0,0,0,0,0,0
0,1,62075,0,0,0,0,0,0,0,0,0,0
1,1,62075,0,0,0,0,9,0,0,0,0,0
0,1,62076,0,0,0,0,0,0,0,0,0,0
0,2,62076,0,10,0,0,15,0,0,0,0,0
0,3,62076,0,0,0,0,0,0,0,0,0,22
1,1,62076,0,0,0,0,0,0,0,0,0,0
1,1,62077,26,26,26,26,26,26,26,26,26,26
1,1,62078,0,0,0,0,0,0,0,0,0,0
2,1,62078,0,0,0,0,0,0,0,0,0,0
1,1,62079,0,0,0,0,0,0,0,0,0,0
1,1,62080,11,11,11,11,11,11,11,11,11,11
2,1,62080,0,0,0,0,0,0,0,0,0,0
0,1,62081,0,0,0,0,0,0,0,0,0,0
1,1,62081,0,0,0,0,0,0,0,0,0,0
1,1,62082,45,45,45,45,45,45,45,45,45,45
1,1,62083,4,4,4,4,4,4,4,4,4,4
1,1,62084,17,17,17,17,17,17,17,17,17,17
0,1,62085,0,0,0,0,0,0,0,0,0,0
1,1,62085,0,0,0,0,0,0,0,0,0,0
1,1,62086,0,0,0,0,0,0,0,0,0,0
1,1,62087,0,0,0,0,0,0,0,0,0,0
2,1,62087,0,0,0,0,0,0,0,0,0,0
1,1,62088,19,19,19,19,19,19,19,19,19,19
2,1,62088,0,0,0,0,0,0,0,0,0,0
0,1,62089,0,29,0,9,0,14,0,0,0,0
1,1,62089,0,0,0,0,0,0,0,0,0,0
1,1,62090,15,15,15,15,15,15,15,15,15,15
0,1,62091,0,0,9,0,0,0,0,0,0,0
1,1,62091,0,0,0,0,0,0,0,0,0,0
1,1,62092,0,0,0,0,0,0,0,0,0,0
1,1,62093,0,0,0,0,0,0,0,0,0,0
2,1,62093,0,0,0,0,0,0,0,0,0,0
1,1,62094,0,0,0,0,0,0,0,0,0,0
0,1,62095,0,0,0,0,0,0,0,0,0,27
1,1,62095,0,0,0,0,0,0,0,0,9,0
1,1,62096,0,0,0,0,0,0,0,0,0,0
2,1,62096,0,0,0,0,0,0,0,0,0,0
1,1,62097,16,16,16,16,16,16,16,16,16,16
1,1,62098,0,0,0,0,0,0,0,0,0,0
2,1,62098,0,0,0,0,0,0,0,0,0,0
3,1,62098,0,0,0,0,0,0,0,0,0,0
0,1,62099,0,0,0,0,0,0,0,0,0,0
1,1,62099,3,3,3,3,3,3,3,3,3,3
0,1,62100,0,0,0,0,0,0,0,0,0,0
0,2,62100,0,0,0,0,0,0,0,0,0,0
1,1,62100,20,20,20,20,20,20,20,20,20,20
0,1,62101,19,19,19,19,19,19,19,19,19,19
1,1,62101,0,0,0,0,0,0,0,0,0,0
0,1,62102,0,0,0,0,0,0,0,0,0,0
1,1,62102,0,0,0,0,0,0,0,0,0,0
0,1,62103,0,0,0,0,0,0,0,0,0,0
1,1,62103,0,0,0,0,0,16,0,0,0,0
1,1,62104,11,11,11,11,11,11,11,11,11,11
0,1,62105,0,0,0,0,0,0,0,0,0,0
0,2,62105,37,34,16,30,28,0,19,0,13,7
0,3,62105,0,0,0,8,0,0,0,0,0,0
1,1,62105,0,0,0,0,0,9,0,0,0,12
1,1,62106,0,0,0,0,0,0,0,0,0,0
2,1,62106,0,0,0,0,0,0,0,0,0,0
1,1,62107,0,0,0,0,0,0,0,0,0,0
0,1,62108,2,2,2,2,2,2,2,2,2,2
0,2,62108,4,4,4,4,4,4,4,4,4,4
0,3,62108,0,0,0,0,0,0,0,0,0,14
0,4,62108,0,0,0,19,0,0,0,0,0,0
1,1,62108,0,27,0,0,0,3,0,0,0,0
1,1,62109,15,15,15,15,15,15,15,15,15,15
0,1,62110,0,0,0,0,0,0,0,0,0,0
1,1,62110,0,0,0,0,0,0,0,0,0,0
1,1,62111,21,21,21,21,21,21,21,21,21,21
0,1,62112,26,26,26,26,26,26,26,26,26,26
1,1,62112,0,0,0,0,0,7,7,0,0,5
0,1,62113,0,0,0,0,0,0,0,0,0,0
1,1,62113,0,0,0,0,0,0,0,0,8,0
0,1,62114,8,8,8,8,8,8,8,8,8,8
1,1,62114,14,14,14,14,14,14,14,14,14,14
0,1,62115,16,16,16,16,16,16,16,16,16,16
1,1,62115,27,24,8,0,9,9,0,14,0,8
1,1,62116,0,0,0,0,0,4,0,0,0,0
0,1,62117,0,0,0,0,0,0,0,0,0,0
1,1,62117,0,0,0,0,0,0,0,0,0,0
1,1,62118,0,0,0,0,0,0,0,0,0,0
0,1,62119,12,33,15,15,33,0,23,7,0,36
1,1,62119,0,0,0,0,0,0,0,0,0,0
1,1,62120,0,0,0,0,0,0,0,0,0,0
1,1,62121,0,0,0,0,0,0,0,0,0,0
0,1,62122,0,17,0,0,0,0,0,0,12,0
1,1,62122,0,0,0,0,0,0,0,0,0,0
1,1,62123,0,0,0,0,0,0,0,0,0,0
2,1,62123,0,0,0,0,0,0,0,0,0,0
1,1,62124,6,6,6,6,6,6,6,6,6,6
0,1,62125,0,0,0,0,0,0,0,0,0,0
1,1,62125,0,0,0,0,0,0,0,0,0,0
0,1,62126,0,0,0,0,0,0,0,0,0,0
0,1,62127,0,0,0,0,0,0,0,0,0,0
1,1,62127,0,0,0,0,0,0,0,0,0,0
0,1,62128,0,0,0,0,0,0,0,0,0,0
1,1,62128,27,27,27,27,27,27,27,27,27,27
1,1,62129,0,0,0,0,0,0,0,0,0,0
1,1,62130,0,0,0,0,0,0,18,0,0,12
1,1,62131,16,16,16,16,16,16,16,16,16,16
0,1,62132,0,0,0,0,0,0,0,0,0,0
1,1,62132,0,21,0,3,0,0,0,0,0,0
1,1,62133,16,16,16,16,16,16,16,16,16,16
0,1,62134,0,0,43,0,0,0,0,0,0,0
0,2,62134,0,0,0,0,0,0,0,0,0,0
1,1,62134,0,0,0,0,0,0,0,0,0,0
1,1,62135,0,0,0,0,0,0,0,0,0,0
0,1,62136,8,8,8,8,8,8,8,8,8,8
1,1,62136,0,10,6,13,0,2,7,15,0,11
1,1,62137,15,15,15,15,15,15,15,15,15,15
1,1,62138,0,0,0,0,0,0,0,0,0,0
0,1,62139,6,6,6,6,6,6,6,6,6,6
1,1,62139,0,0,0,17,0,0,0,0,0,0
0,1,62140,0,0,14,0,0,0,7,22,0,0
1,1,62140,0,0,0,8,0,0,0,0,0,0
0,1,62141,0,0,0,0,0,0,0,0,0,0
1,1,62141,0,0,0,0,0,0,0,0,0,0
1,1,62142,0,0,0,0,0,0,0,0,0,0
2,1,62142,0,0,0,0,0,0,0,0,0,0
0,1,62143,0,0,0,0,0,0,6,0,0,0
1,1,62143,0,0,0,0,0,0,0,0,0,0
1,1,62144,0,0,0,0,0,0,0,0,0,0
2,1,62144,10,12,10,13,10,8,8,0,0,12
1,1,62145,0,0,0,0,0,8,0,0,0,0
2,1,62145,6,0,0,0,0,0,0,0,0,0
1,1,62146,22,22,22,22,22,22,22,22,22,22
1,1,62147,7,7,7,7,7,7,7,7,7,7
1,1,62148,0,0,0,0,0,0,0,0,0,0
0,1,62149,0,0,0,0,0,0,0,0,0,0
1,1,62149,11,11,11,11,11,11,11,11,11,11
1,1,62150,0,0,0,0,0,0,0,0,0,0
2,1,62150,0,0,0,0,0,0,0,0,0,0
1,1,62151,22,22,22,22,22,22,22,22,22,22
1,1,62152,25,25,25,25,25,25,25,25,25,25
1,1,62153,8,8,8,8,8,8,8,8,8,8
0,1,62154,19,19,19,19,19,19,19,19,19,19
1,1,62154,0,0,0,21,10,0,11,0,0,0
1,1,62155,0,0,0,0,0,0,0,0,0,0
1,1,62156,0,0,0,0,0,0,0,0,0,0
2,1,62156,8,8,8,8,8,8,8,8,8,8
1,1,62157,0,0,0,10,9,0,6,0,0,13
1,1,62158,0,0,0,0,0,0,0,0,0,0
0,1,62159,0,0,0,0,0,0,0,14,10,0
1,1,62159,0,1,0,2,0,0,9,15,5,0
0,1,62160,0,0,0,0,0,0,0,0,0,0
1,1,62160,0,14,0,0,0,0,0,0,0,0
1,1,62161,0,0,0,0,0,0,0,0,0,0
2,1,62161,0,0,0,0,0,0,0,0,0,0
3,1,62161,0,0,0,0,0,0,0,0,0,0
0,1,62162,0,0,0,0,0,0,0,0,0,0
1,1,62162,0,0,0,0,0,0,0,0,0,0
1,1,62163,0,0,0,0,0,0,0,4,0,0
2,1,62163,0,0,8,0,0,20,0,0,0,0
1,1,62164,0,0,0,0,0,0,0,0,0,0
0,1,62165,0,0,0,0,0,0,0,0,0,0
1,1,62165,0,0,0,0,0,0,0,0,0,0
0,1,62166,0,0,0,0,0,0,0,0,0,0
1,1,62166,0,0,0,0,0,0,0,0,0,0
1,1,62167,0,0,0,0,0,0,0,0,0,0
2,1,62167,0,0,0,0,0,0,0,0,0,0
1,1,62168,0,0,0,0,0,0,0,0,0,0
2,1,62168,0,0,0,0,0,0,0,0,0,0
0,1,62169,17,17,17,17,17,17,17,17,17,17
1,1,62169,0,0,0,0,0,0,0,0,0,0
1,1,62170,0,0,0,0,0,0,0,0,0,0
1,1,62171,0,0,0,0,0,0,0,0,0,0
2,1,62171,0,0,0,0,0,0,0,0,0,0
0,1,62172,31,31,31,31,31,31,31,31,31,31
1,1,62172,0,0,0,0,0,0,0,0,0,0
0,1,62173,23,23,23,23,23,23,23,23,23,23
1,1,62173,12,11,11,10,11,0,0,3,0,0
0,1,62174,8,8,8,8,8,8,8,8,8,8
1,1,62174,0,0,0,0,0,0,0,0,0,0
1,1,62175,26,26,26,26,26,26,26,26,26,26
2,1,62175,0,0,0,0,0,0,0,0,0,0
1,1,62176,15,15,15,15,15,15,15,15,15,15
2,1,62176,0,0,0,0,0,0,0,0,0,0
1,1,62177,18,18,18,18,18,18,18,18,18,18
2,1,62177,0,0,0,0,0,0,0,0,0,0
1,1,62178,17,17,17,17,17,17,17,17,17,17
0,1,62179,0,0,0,0,0,0,0,0,0,0
1,1,62179,0,0,0,0,0,0,0,0,4,0
2,1,62179,0,0,18,0,0,4,0,0,0,0
0,1,62180,0,0,0,0,0,0,0,0,0,0
1,1,62180,0,0,0,0,0,0,0,0,0,0
1,1,62181,38,38,38,38,38,38,38,38,38,38
2,1,62181,0,0,0,0,0,0,0,0,0,0
1,1,62182,0,0,0,0,0,0,0,0,0,0
0,1,62183,35,35,35,35,35,35,35,35,35,35
1,1,62183,0,0,0,0,0,0,15,0,0,0
0,1,62184,0,0,0,0,0,0,0,0,0,0
2,1,62184,0,20,26,15,17,19,0,0,0,0
1,1,62185,0,0,0,0,0,0,0,0,0,0
2,1,62185,0,0,0,0,0,0,0,0,0,0
1,1,62186,0,7,0,7,0,19,0,0,0,0
1,1,62187,0,0,0,0,0,0,0,0,0,0
1,1,62188,0,0,0,0,0,0,0,0,0,0
1,1,62189,0,0,0,0,0,0,0,0,9,0
2,1,62189,0,0,0,0,0,0,0,0,0,0
3,1,62189,0,0,0,0,0,0,0,0,13,0
1,1,62190,0,0,0,0,0,0,0,0,0,0
2,1,62190,0,0,0,0,0,0,0,0,0,0
3,1,62190,0,0,0,0,0,0,0,0,0,0
1,1,62191,0,0,0,0,0,0,0,0,0,0
1,1,62192,0,0,0,0,0,0,0,0,0,0
1,1,62193,16,16,16,16,16,16,16,16,16,16
1,1,62194,23,15,0,13,8,26,20,32,0,15
0,1,62195,40,40,40,40,40,40,40,40,40,40
1,1,62195,0,0,0,0,0,0,0,0,0,0
1,1,62196,19,0,0,8,11,0,23,12,11,0
1,1,62197,26,26,26,26,26,26,26,26,26,26
0,1,62198,0,0,0,0,0,0,0,0,0,0
1,1,62198,0,0,0,0,7,0,0,0,9,0
1,1,62199,0,0,0,0,0,0,0,0,0,0
1,1,62200,20,20,20,20,20,20,20,20,20,20
1,1,62201,0,0,0,0,0,0,0,0,0,0
2,1,62201,0,0,0,0,0,0,0,0,0,0
1,1,62202,0,0,0,0,0,0,0,0,0,0
0,1,62203,0,0,0,0,0,0,0,0,0,0
1,1,62203,0,0,0,0,0,0,0,0,0,0
1,1,62204,18,18,18,18,18,18,18,18,18,18
2,1,62204,1,1,1,1,1,1,1,1,1,1
1,1,62205,15,15,15,15,15,15,15,15,15,15
0,1,62206,0,0,0,0,20,0,0,0,0,0
1,1,62206,0,0,0,0,0,0,0,0,0,0
1,1,62207,0,0,0,0,0,0,0,0,13,0
0,1,62208,0,0,0,0,0,0,0,0,0,0
1,1,62208,0,0,0,0,21,0,0,0,6,0
1,1,62209,11,11,11,11,11,11,11,11,11,11
0,1,62210,0,0,0,0,0,0,0,0,0,0
1,1,62210,0,0,0,0,0,0,0,0,0,0
1,1,62211,0,0,0,0,0,0,0,0,0,0
2,1,62211,0,0,0,0,0,0,0,0,0,0
0,1,62212,0,0,0,0,0,0,0,0,0,0
1,1,62212,8,0,0,0,0,20,0,0,7,0
1,1,62213,11,11,11,11,11,11,11,11,11,11
1,1,62214,0,0,0,0,0,0,0,0,0,0
2,1,62214,0,0,0,0,0,0,0,0,0,0
3,1,62214,0,0,0,0,0,0,0,0,0,0
1,1,62215,16,16,16,16,16,16,16,16,16,16
1,1,62216,0,0,0,0,0,0,0,0,0,0
0,1,62217,0,0,0,0,0,0,0,0,0,0
1,1,62217,0,0,3,0,0,0,11,0,0,0
1,1,62218,0,0,0,0,0,0,0,0,0,0
2,1,62218,0,0,0,0,0,0,0,0,0,0
1,1,62219,0,0,0,0,0,0,0,0,0,0
1,1,62220,34,34,34,34,34,34,34,34,34,34
2,1,62220,0,0,0,0,0,0,0,0,0,7
3,1,62220,0,0,0,0,0,0,0,0,0,0
1,1,62221,28,28,28,28,28,28,28,28,28,28
0,1,62222,0,0,0,0,0,0,0,0,0,0
1,1,62222,11,11,0,16,0,0,0,4,27,0
1,1,62223,0,0,0,0,0,0,0,0,0,0
1,1,62224,14,14,14,14,14,14,14,14,14,14
1,1,62225,23,23,23,23,23,23,23,23,23,23
1,1,62226,11,0,0,10,0,0,0,0,0,0
1,1,62227,3,3,3,3,3,3,3,3,3,3
1,1,62228,0,0,0,0,0,0,0,0,0,0
2,1,62228,0,0,0,0,0,0,0,0,0,19
0,1,62229,0,0,0,0,0,0,0,0,0,0
1,1,62229,0,0,0,0,0,0,0,0,8,0
1,1,62230,0,0,0,0,0,3,0,0,0,0
2,1,62230,13,13,13,13,13,13,13,13,13,13
3,1,62230,0,8,0,0,0,3,0,0,0,0
4,1,62230,13,9,0,7,0,0,0,0,0,0
1,1,62231,0,0,0,0,0,0,0,0,0,0
2,1,62231,0,0,0,0,0,0,0,0,0,0
3,1,62231,0,0,0,0,0,0,0,0,0,0
4,1,62231,0,0,0,0,0,0,0,0,0,0
1,1,62232,0,0,0,0,0,0,0,0,0,0
1,1,62233,0,0,0,0,0,0,0,0,0,0
1,1,62234,0,0,0,0,0,0,0,0,0,0
2,1,62234,0,0,0,0,0,0,0,0,0,0
1,1,62235,0,0,0,0,0,0,0,0,0,0
0,1,62236,0,0,0,0,0,0,0,0,0,0
1,1,62236,0,0,0,0,0,0,0,0,0,0
1,1,62237,0,0,0,0,0,0,0,0,0,0
2,1,62237,0,0,0,0,0,0,0,0,0,0
1,1,62238,19,19,19,19,19,19,19,19,19,19
1,1,62239,24,24,24,24,24,24,24,24,24,24
2,1,62239,0,0,4,0,0,0,0,0,0,0
1,1,62240,0,0,0,0,0,0,0,0,0,0
1,1,62241,0,0,0,0,0,0,0,0,0,0
2,1,62241,1,1,1,1,1,1,1,1,1,1
1,1,62242,0,0,0,0,0,0,4,0,0,0
2,1,62242,0,0,0,0,0,0,0,0,0,0
0,1,62243,18,18,18,18,18,18,18,18,18,18
1,1,62243,0,0,0,0,0,0,0,0,0,0
0,1,62244,0,0,0,0,0,0,0,0,0,0
1,1,62244,0,0,0,0,0,0,0,0,0,0
1,1,62245,20,20,20,20,20,20,20,20,20,20
2,1,62245,0,0,0,0,0,0,0,0,0,0
0,1,62246,0,0,0,0,0,0,0,0,0,0
1,1,62246,0,0,0,0,0,0,0,0,0,0
1,1,62247,11,11,11,11,11,11,11,11,11,11
1,1,62248,0,0,5,0,0,11,0,13,0,0
2,1,62248,0,0,0,0,0,0,0,0,0,0
3,1,62248,0,0,0,0,0,0,0,0,0,0
0,1,62249,27,27,27,27,27,27,27,27,27,27
1,1,62249,0,0,0,0,0,0,0,0,0,0
2,1,62249,0,0,0,0,0,0,0,0,0,0
1,1,62250,0,0,0,0,0,0,0,0,0,0
1,1,62251,0,0,0,0,0,0,0,0,0,0
1,1,62252,14,14,14,14,14,14,14,14,14,14
2,1,62252,0,0,0,0,0,0,0,0,0,0
0,1,62253,0,0,0,0,0,0,0,0,0,0
1,1,62253,0,0,0,0,0,0,0,0,0,0
0,1,62254,30,30,30,30,30,30,30,30,30,30
1,1,62254,7,7,7,7,7,7,7,7,7,7
1,1,62255,0,0,0,0,0,0,0,0,0,0
1,1,62256,0,0,0,0,0,0,0,0,0,0
1,1,62257,0,0,0,0,0,0,0,0,0,0
2,1,62257,0,0,0,0,0,0,0,0,0,0
1,1,62258,0,0,0,0,0,0,0,0,0,0
2,1,62258,0,0,0,0,0,0,0,0,0,0
1,1,62259,0,0,0,0,0,0,0,0,0,0
2,1,62259,0,0,0,0,0,0,0,0,0,0
1,1,62260,0,0,0,0,0,0,0,0,0,0
2,1,62260,18,18,18,18,18,18,18,18,18,18
1,1,62261,0,0,0,0,0,0,0,0,0,0
2,1,62261,0,0,0,0,0,0,0,0,0,0
1,1,62262,22,22,22,22,22,22,22,22,22,22
2,1,62262,10,10,10,10,10,10,10,10,10,10
1,1,62263,0,0,0,0,0,0,0,0,0,0
1,1,62264,0,0,0,0,0,0,0,0,0,0
2,1,62264,0,0,0,0,0,0,0,0,0,0
0,1,62265,0,0,0,0,0,0,0,0,0,0
1,1,62265,0,0,0,0,0,0,0,0,0,0
1,1,62266,0,0,0,0,0,0,0,0,0,0
2,1,62266,0,0,0,0,0,0,0,0,0,0
1,1,62267,0,0,0,0,0,0,0,0,0,0
1,1,62268,0,0,0,0,0,0,0,0,0,0
2,1,62268,0,0,0,0,0,0,0,0,0,0
3,1,62268,0,0,0,0,0,0,0,0,0,0
1,1,62269,0,0,0,0,0,0,0,0,0,15
1,1,62270,0,0,0,0,0,0,0,0,0,0
2,1,62270,0,0,0,0,0,0,0,0,0,0
0,1,62271,0,0,0,0,0,0,0,0,0,0
1,1,62271,0,0,0,8,0,0,0,0,15,0
2,1,62271,0,0,0,0,0,0,0,0,0,0
1,1,62272,16,0,0,0,0,10,0,0,12,13
2,1,62272,0,0,0,0,0,0,0,0,0,0
0,1,62273,0,0,0,0,0,0,0,0,0,0
1,1,62273,0,0,0,0,0,0,0,0,0,0
1,1,62274,10,11,16,15,17,11,22,11,14,9
1,1,62275,27,22,26,34,8,19,19,27,13,26
0,1,62276,23,23,23,23,23,23,23,23,23,23
1,1,62276,0,0,0,0,15,0,0,0,0,0
0,1,62277,21,21,21,21,21,21,21,21,21,21