VEH_NO,PER_NO,ST_CASE,P1,P2,P3,P4,P5,P6,P7,P8,P9,P10
1,1,62277,36,12,13,18,20,9,12,16,3,19
1,1,62278,10,10,10,10,10,10,10,10,10,10
2,1,62278,0,0,0,0,0,0,0,6,5,0
0,1,62279,0,0,0,0,0,0,0,0,0,0
1,1,62279,21,0,13,16,0,2,6,0,0,3
0,1,62280,0,0,0,0,0,0,0,0,0,0
1,1,62280,0,16,0,0,0,0,3,0,0,0
1,1,62281,13,13,13,13,13,13,13,13,13,13
1,1,62282,0,0,0,0,0,21,0,0,0,0
1,1,62284,0,0,0,0,0,0,0,0,0,0
1,1,62285,0,0,0,0,0,0,0,0,0,0
0,1,62286,19,19,19,19,19,19,19,19,19,19
1,1,62286,0,0,0,0,0,0,0,0,0,0
1,1,62287,0,0,0,0,0,0,0,0,0,0
0,1,62288,20,0,0,0,0,0,0,0,0,0
1,1,62288,0,0,0,0,0,0,0,0,0,0
1,1,62289,0,0,0,0,0,0,0,0,0,0
2,1,62289,0,0,0,0,0,0,0,0,0,0
3,1,62289,0,0,0,0,0,0,0,0,0,0
4,1,62289,0,0,0,0,0,0,0,0,0,0
5,1,62289,0,0,0,0,0,0,0,0,0,0
6,1,62289,0,0,0,0,0,0,0,0,0,0
7,1,62289,0,0,0,0,0,0,0,0,0,0
8,1,62289,0,0,0,0,0,0,0,0,0,0
9,1,62289,0,0,0,0,0,0,0,0,0,0
10,1,62289,0,0,0,0,0,0,0,0,0,0
11,1,62289,0,0,0,0,0,0,0,0,0,0
0,1,62290,0,0,0,0,0,0,0,0,0,0
0,2,62290,0,0,0,0,0,0,0,0,0,0
1,1,62290,0,0,0,0,0,0,0,0,0,0
1,1,62291,11,11,11,11,11,11,11,11,11,11
1,1,62292,8,8,8,8,8,8,8,8,8,8
1,1,62293,11,11,11,11,11,11,11,11,11,11
0,1,62294,0,0,0,0,0,0,0,0,0,0
1,1,62294,0,0,0,0,0,0,0,0,0,0
1,1,62295,8,8,8,8,8,8,8,8,8,8
1,1,62296,25,25,25,25,25,25,25,25,25,25
1,1,62297,0,0,0,0,0,0,0,0,0,0
2,1,62297,0,0,0,0,0,0,0,0,0,0
1,1,62298,0,0,0,0,0,0,0,0,0,0
1,1,62299,0,0,0,0,0,0,0,0,0,0
0,1,62300,27,27,27,27,27,27,27,27,27,27
1,1,62300,0,0,0,0,0,0,0,0,0,0
0,1,62301,13,13,13,13,13,13,13,13,13,13
1,1,62301,0,0,0,0,0,0,0,0,0,0
1,1,62302,0,0,0,3,0,0,0,0,0,0
1,1,62303,12,26,13,32,15,8,11,0,23,22
1,1,62304,0,0,0,0,0,0,0,0,0,0
1,1,62305,0,0,0,0,0,0,0,0,0,0
1,1,62306,19,19,19,19,19,19,19,19,19,19
0,1,62307,0,0,0,0,0,0,0,0,0,0
1,1,62307,0,0,0,0,0,0,0,0,0,0
1,1,62308,0,0,0,0,0,0,0,0,0,0
2,1,62308,0,0,0,0,0,13,0,0,0,0
3,1,62308,0,0,0,0,0,0,0,0,0,0
0,1,62309,10,10,10,10,10,10,10,10,10,10
1,1,62309,0,0,0,0,0,0,0,0,0,0
1,1,62310,48,3,25,0,31,12,19,10,12,0
2,1,62310,0,0,0,0,0,0,0,0,0,0
1,1,62311,10,10,10,10,10,10,10,10,10,10
1,1,62312,20,20,20,20,20,20,20,20,20,20
0,1,62313,0,0,0,0,0,0,0,0,0,0
1,1,62313,8,8,8,8,8,8,8,8,8,8
0,1,62314,9,9,9,9,9,9,9,9,9,9
1,1,62314,0,0,0,0,0,0,0,0,0,0
1,1,62315,13,35,7,18,17,17,32,0,0,18
2,1,62315,0,0,4,0,21,4,0,0,8,0
3,1,62315,17,17,17,17,17,17,17,17,17,17
1,1,62316,8,8,8,8,8,8,8,8,8,8
1,1,62317,0,0,0,0,0,0,0,0,0,0
2,1,62317,1,1,1,1,1,1,1,1,1,1
1,1,62318,0,0,0,0,0,0,0,0,0,0
1,1,62319,0,0,0,0,0,0,0,0,0,0
2,1,62319,0,0,0,0,0,0,0,0,0,0
3,1,62319,0,0,0,0,0,0,0,0,0,0
1,1,62320,0,0,0,0,0,0,0,0,0,0
2,1,62320,0,0,0,0,0,0,0,0,0,0
3,1,62320,0,0,0,0,0,0,0,0,0,0
4,1,62320,0,0,0,0,0,0,0,0,0,0
0,1,62321,0,0,0,0,0,0,0,0,0,0
0,2,62321,0,0,0,0,0,0,0,0,0,0
1,1,62321,12,12,12,12,12,12,12,12,12,12
0,1,62322,0,0,0,0,0,0,0,0,0,0
0,2,62322,0,0,14,0,0,8,0,0,0,0
0,3,62322,0,0,8,10,0,0,0,0,6,0
1,1,62322,8,8,8,8,8,8,8,8,8,8
1,1,62323,0,0,0,0,0,0,0,0,0,0
2,1,62323,0,0,0,0,0,0,0,0,0,0
1,1,62324,0,0,0,0,0,0,0,0,0,0
2,1,62324,20,20,20,20,20,20,20,20,20,20
0,1,62325,25,25,25,25,25,25,25,25,25,25
1,1,62325,0,0,0,0,0,0,0,0,0,0
1,1,62326,3,3,3,3,3,3,3,3,3,3
1,1,62327,0,0,0,0,0,0,0,0,0,0
2,1,62327,0,0,0,0,0,0,0,0,0,0
3,1,62327,0,0,0,0,0,0,0,0,0,0
4,1,62327,0,0,0,0,0,0,0,0,0,0
0,1,62328,23,23,23,23,23,23,23,23,23,23
1,1,62328,0,0,0,0,0,0,0,0,0,0
1,1,62329,0,0,0,0,0,0,0,0,0,0
2,1,62329,0,0,0,0,0,0,0,0,0,0
0,1,62330,0,0,0,0,0,0,0,0,0,0
1,1,62330,0,0,0,0,0,0,0,0,0,0
1,1,62331,0,0,0,0,0,0,0,0,0,0
1,1,62332,0,0,0,0,0,0,0,0,0,0
2,1,62332,0,0,0,0,0,0,0,0,0,0
0,1,62333,48,48,48,48,48,48,48,48,48,48
1,1,62333,0,0,0,0,0,0,0,0,0,0
1,1,62334,0,0,0,0,0,0,0,0,0,0
0,1,62335,0,0,0,0,0,0,0,0,0,0
1,1,62335,0,0,0,0,0,0,0,0,0,0
0,1,62336,13,13,13,13,13,13,13,13,13,13
1,1,62336,0,0,0,0,0,0,0,0,0,0
1,1,62337,16,16,16,16,16,16,16,16,16,16
1,1,62338,6,6,6,6,6,6,6,6,6,6
1,1,62339,0,0,0,0,0,0,0,0,0,0
2,1,62339,0,0,0,0,0,0,0,0,0,0
3,1,62339,0,0,0,0,0,0,0,0,0,0
1,1,62340,0,0,0,0,0,0,0,0,0,0
1,1,62341,0,0,0,0,0,0,0,0,0,0
1,1,62342,0,0,0,0,0,0,0,0,0,0
2,1,62342,0,0,0,0,0,0,0,0,0,0
0,1,62343,0,0,0,0,0,0,0,0,0,0
1,1,62343,0,0,0,0,0,0,0,0,0,0
0,1,62344,0,0,0,0,0,0,0,0,0,0
1,1,62344,0,0,0,0,0,0,0,0,0,0
1,1,62345,0,0,0,0,0,0,0,0,0,0
2,1,62345,0,0,0,0,0,0,0,0,0,0
3,1,62345,6,0,0,0,0,0,0,0,0,0
4,1,62345,0,0,0,0,0,0,0,0,0,0
1,1,62346,0,0,0,0,0,0,0,0,0,0
1,1,62347,0,0,0,0,0,0,0,0,0,0
2,1,62347,0,0,0,0,0,0,0,0,0,0
0,1,62348,9,9,9,9,9,9,9,9,9,9
1,1,62348,0,0,0,0,0,0,0,0,0,0
1,1,62349,0,0,0,0,4,8,0,0,0,0
1,1,62350,21,21,21,21,21,21,21,21,21,21
1,1,62351,9,9,9,9,9,9,9,9,9,9
1,1,62352,0,0,0,0,0,0,0,0,9,0
1,1,62353,13,13,13,13,13,13,13,13,13,13
0,1,62354,2,2,2,2,2,2,2,2,2,2
1,1,62354,0,0,0,0,0,0,0,0,0,0
1,1,62355,0,0,0,0,0,0,0,0,0,0
2,1,62355,0,0,0,0,0,0,0,0,0,0
1,1,62356,18,18,18,18,18,18,18,18,18,18
2,1,62356,0,0,0,0,1,0,0,8,13,12
1,1,62357,0,0,0,0,0,0,0,0,0,0
2,1,62357,0,0,0,0,0,0,0,0,0,0
1,1,62358,11,11,11,11,11,11,11,11,11,11
2,1,62358,0,0,0,0,0,0,0,0,0,0
0,1,62359,14,14,14,14,14,14,14,14,14,14
1,1,62359,0,0,0,0,0,0,0,0,0,0
1,1,62360,22,22,22,22,22,22,22,22,22,22
2,1,62360,0,0,0,0,15,0,0,0,0,0
3,1,62360,0,0,0,0,0,0,0,12,0,11
4,1,62360,0,0,0,0,0,0,0,0,0,0
1,1,62361,0,0,0,0,0,0,0,0,0,0
2,1,62361,0,0,0,0,0,0,0,0,0,0
1,1,62362,0,0,0,0,0,0,0,0,0,0
1,1,62363,0,0,0,0,0,0,0,0,0,0
2,1,62363,0,0,0,0,0,0,0,0,0,0
3,1,62363,0,0,0,0,0,0,0,0,0,0
0,1,62364,9,9,9,9,9,9,9,9,9,9
0,2,62364,0,37,0,17,12,13,0,0,19,12
1,1,62364,0,0,0,0,0,0,0,0,0,0
0,1,62365,0,0,0,0,0,0,0,0,0,0
1,1,62365,0,0,0,0,0,0,0,0,0,0
0,1,62366,0,0,0,0,0,0,0,0,0,0
1,1,62366,0,0,0,0,0,0,0,0,0,0
2,1,62366,0,12,0,0,0,0,0,0,0,0
1,1,62367,0,0,0,0,0,0,0,0,0,0
1,1,62368,0,0,0,0,0,0,0,0,0,0
1,1,62369,0,0,0,0,0,0,0,0,0,0
1,1,62370,0,0,0,0,0,0,0,0,0,0
2,1,62370,0,0,0,0,0,0,0,0,0,0
1,1,62371,0,0,0,0,0,0,0,0,0,0
2,1,62371,0,0,0,0,0,0,0,0,0,0
3,1,62371,0,0,0,0,0,0,0,0,0,0
4,1,62371,0,0,0,0,0,0,0,0,0,0
5,1,62371,0,0,0,0,0,0,0,0,0,0
0,1,62372,33,33,33,33,33,33,33,33,33,33
1,1,62372,0,0,0,0,0,0,0,0,0,0
0,1,62373,0,0,0,0,0,0,0,0,0,0
1,1,62373,17,17,17,17,17,17,17,17,17,17
0,1,62374,0,0,0,0,0,0,0,0,0,0
1,1,62374,0,0,0,0,0,0,0,0,0,0
1,1,62375,21,21,21,21,21,21,21,21,21,21
2,1,62375,0,0,0,0,0,0,0,0,0,0
3,1,62375,0,0,0,0,0,0,0,0,0,0
1,1,62376,0,0,0,0,0,0,0,0,0,0
2,1,62376,26,26,26,26,26,26,26,26,26,26
1,1,62377,22,27,27,44,15,27,4,21,40,27
1,1,62378,0,0,0,0,0,0,0,0,0,0
1,1,62379,0,0,0,0,0,0,0,0,0,0
1,1,62380,7,0,0,8,11,0,11,27,0,0
2,1,62380,0,0,0,0,0,0,0,0,0,0
1,1,62381,0,0,0,0,0,0,0,0,0,0
2,1,62381,0,0,0,0,0,0,0,0,0,0
1,1,62382,0,0,0,0,0,0,0,0,0,0
2,1,62382,0,0,0,0,0,0,0,0,0,0
1,1,62383,0,6,0,0,0,0,0,0,0,0
1,1,62384,0,0,0,0,0,0,0,0,0,0
2,1,62384,0,0,0,0,0,0,0,0,0,0
1,1,62385,0,0,0,0,0,0,0,0,0,0
2,1,62385,0,0,0,0,0,0,0,0,0,0
1,1,62386,0,0,0,0,0,0,0,0,0,0
2,1,62386,0,0,0,0,0,0,0,0,0,0
1,1,62387,2,2,2,2,2,2,2,2,2,2
0,1,62388,0,0,0,0,0,0,0,0,0,0
0,2,62388,0,0,0,0,0,0,0,0,0,0
1,1,62388,0,0,0,0,0,0,0,0,0,0
1,1,62389,8,8,8,8,8,8,8,8,8,8
0,1,62390,0,0,0,0,0,0,0,0,0,0
1,1,62390,0,0,0,0,0,0,0,0,0,0
0,1,62391,11,11,11,11,11,11,11,11,11,11
1,1,62391,0,8,0,4,0,9,0,0,19,6
1,1,62392,0,0,0,0,0,0,0,0,0,0
1,1,62393,0,0,0,0,0,0,0,0,0,0
2,1,62393,0,0,0,0,0,0,0,0,0,0
3,1,62393,0,0,0,0,0,0,0,0,0,0
4,1,62393,0,0,0,0,0,0,0,11,0,0
5,1,62393,0,0,0,0,0,0,0,0,5,0
0,1,62394,0,0,0,0,0,0,0,0,0,0
1,1,62394,0,0,0,0,0,0,0,0,0,0
1,1,62395,0,0,0,6,0,0,0,0,0,10
2,1,62395,0,0,0,0,0,0,0,0,0,0
1,1,62396,28,28,28,28,28,28,28,28,28,28
1,1,62397,0,0,0,0,0,0,0,0,0,0
2,1,62397,0,0,9,0,9,0,0,0,0,0
1,1,62398,0,0,0,0,0,0,0,0,0,0
1,1,62399,0,0,0,0,0,0,0,0,0,0
2,1,62399,0,0,0,0,0,0,0,0,0,0
1,1,62400,0,0,0,0,0,0,0,0,0,0
2,1,62400,0,0,6,0,0,0,0,0,0,0
1,1,62401,0,0,0,0,0,0,0,0,13,0
2,1,62401,0,0,0,0,0,0,0,0,0,0
1,1,62402,5,5,5,5,5,5,5,5,5,5
2,1,62402,0,0,0,0,0,0,0,0,0,0
3,1,62402,0,0,0,0,0,0,0,0,0,0
4,1,62402,0,0,0,0,0,0,0,0,0,0
1,1,62403,0,0,0,0,0,0,0,0,0,0
1,1,62404,0,0,0,0,0,0,0,0,0,0
2,1,62404,0,0,0,0,0,0,0,0,0,0
3,1,62404,0,0,0,0,0,0,0,0,0,0
1,1,62405,0,10,8,0,16,23,0,9,22,13
2,1,62405,7,7,7,7,7,7,7,7,7,7
1,1,62406,0,0,0,5,0,0,0,0,0,0
1,1,62407,13,13,13,13,13,13,13,13,13,13
2,1,62407,0,0,0,0,0,0,0,0,0,0
3,1,62407,0,0,0,0,0,0,0,0,0,0
1,1,62408,0,0,0,0,0,0,0,0,0,0
2,1,62408,0,0,0,0,0,0,0,0,0,0
1,1,62409,0,0,0,0,0,0,0,0,0,0
2,1,62409,0,0,0,0,0,0,0,0,0,0
0,1,62410,0,0,0,0,0,0,0,0,0,0
1,1,62410,0,0,0,0,0,0,0,0,0,0
0,1,62411,1,1,1,1,1,1,1,1,1,1
1,1,62411,9,9,9,9,9,9,9,9,9,9
1,1,62412,0,0,0,0,0,0,0,0,0,0
2,1,62412,0,0,0,0,0,0,0,0,0,0
1,1,62413,13,13,13,13,13,13,13,13,13,13
1,1,62414,9,9,9,9,9,9,9,9,9,9
0,1,62415,0,0,0,0,0,0,0,9,0,0
1,1,62415,0,0,0,0,0,0,0,0,21,0
1,1,62416,0,0,0,0,0,0,0,0,0,0
1,1,62417,0,0,0,0,0,0,0,0,0,0
2,1,62417,0,0,0,0,0,0,0,0,0,0
0,1,62418,10,10,10,10,10,10,10,10,10,10
1,1,62418,0,0,0,0,0,0,0,0,0,0
1,1,62419,0,0,0,0,0,0,0,0,0,0
2,1,62419,12,12,12,12,12,12,12,12,12,12
1,1,62420,0,0,0,0,0,0,0,0,0,19
2,1,62420,20,20,20,20,20,20,20,20,20,20
1,1,62421,0,0,0,0,0,0,0,0,0,0
1,1,62422,25,25,25,25,25,25,25,25,25,25
0,1,62423,0,0,0,0,0,0,0,0,0,0
1,1,62423,0,8,12,0,0,0,0,0,0,0
1,1,62424,0,0,0,0,0,0,0,0,0,0
1,1,62425,21,21,21,21,21,21,21,21,21,21
1,1,62426,0,0,0,0,0,0,0,0,0,0
1,1,62427,19,19,19,19,19,19,19,19,19,19
1,1,62428,8,6,14,11,16,12,18,26,5,12
0,1,62429,0,0,0,0,0,0,0,0,0,0
1,1,62429,0,0,0,0,0,0,0,0,0,0
1,1,62430,0,0,0,4,0,0,0,0,0,0
1,1,62431,0,0,0,0,0,0,0,0,0,0
2,1,62431,0,0,0,0,0,0,0,0,0,0
1,1,62432,24,24,24,24,24,24,24,24,24,24
1,1,62433,0,0,0,0,0,0,0,0,0,0
2,1,62433,0,0,0,0,0,0,0,0,0,0
1,1,62434,0,0,0,0,0,0,0,0,0,0
2,1,62434,0,0,0,0,0,0,0,0,0,0
0,1,62435,0,0,0,0,0,0,0,0,0,0
1,1,62435,0,0,0,0,0,0,0,0,0,0
0,1,62436,0,0,0,0,0,16,12,0,0,0
0,2,62436,0,0,0,0,0,0,0,0,0,0
1,1,62436,0,0,0,0,8,0,0,0,0,0
0,1,62437,0,0,0,0,0,0,0,0,0,0
1,1,62437,0,0,0,0,0,0,0,0,0,0
1,1,62438,3,32,14,14,24,7,11,5,8,0
2,1,62438,0,0,0,0,0,0,0,0,0,0
0,1,62439,13,13,13,13,13,13,13,13,13,13
0,2,62439,0,39,14,21,10,0,0,0,0,20
1,1,62439,6,10,0,0,0,3,13,11,4,2
1,1,62440,0,0,0,0,0,0,0,0,0,0
2,1,62440,0,0,0,0,0,0,0,0,0,0
0,1,62441,21,21,21,21,21,21,21,21,21,21
1,1,62441,0,0,0,0,0,0,0,0,0,0
0,1,62442,0,0,0,0,0,0,0,0,0,0
1,1,62442,0,0,0,0,0,0,0,0,0,0
1,1,62443,0,0,0,0,0,0,0,0,0,0
0,1,62444,0,0,0,0,0,0,0,0,0,0
1,1,62444,0,0,0,0,0,0,0,0,0,0
2,1,62444,0,0,0,0,0,2,0,0,0,3
3,1,62444,0,0,0,0,0,0,0,0,0,0
4,1,62444,0,0,0,0,0,0,0,0,0,0
0,1,62445,9,0,0,0,0,0,0,0,0,0
1,1,62445,0,0,0,0,0,0,0,0,0,21
0,1,62446,23,23,23,23,23,23,23,23,23,23
1,1,62446,0,0,0,0,0,0,0,0,0,0
1,1,62447,28,28,28,28,28,28,28,28,28,28
1,1,62448,22,22,22,22,22,22,22,22,22,22
1,1,62449,18,18,18,18,18,18,18,18,18,18
1,1,62450,15,15,15,15,15,15,15,15,15,15
1,1,62451,22,22,22,22,22,22,22,22,22,22
2,1,62451,0,0,0,0,0,0,0,0,0,0
1,1,62452,0,0,0,0,0,0,0,0,0,0
1,1,62453,7,12,19,22,8,18,23,0,15,23
1,1,62454,0,20,0,0,0,12,0,0,0,0
2,1,62454,0,0,0,0,5,0,0,12,0,0
1,1,62455,8,8,8,8,8,8,8,8,8,8
1,1,62456,0,0,0,0,0,0,0,0,0,0
1,1,62457,15,0,0,0,0,0,0,0,0,0
1,1,62458,0,0,0,0,0,0,0,0,0,0
1,1,62459,20,20,20,20,20,20,20,20,20,20
0,1,62460,0,0,5,0,0,0,0,0,0,0
1,1,62460,0,0,0,0,0,0,0,0,0,0
1,1,62461,19,19,19,19,19,19,19,19,19,19
1,1,62462,14,14,14,14,14,14,14,14,14,14
1,1,62463,10,10,10,10,10,10,10,10,10,10
1,1,62464,28,28,28,28,28,28,28,28,28,28
1,1,62465,0,0,0,0,0,0,0,0,0,0
0,1,62466,0,0,0,0,0,0,0,0,0,0
1,1,62466,0,0,0,0,0,0,0,0,0,0
1,1,62467,0,0,0,0,0,0,0,0,0,0
1,1,62468,0,0,0,0,0,0,0,0,0,0
2,1,62468,0,0,0,0,0,0,0,0,0,0
0,1,62469,29,29,29,29,29,29,29,29,29,29
1,1,62469,0,0,0,0,0,0,0,0,0,0
1,1,62470,0,0,0,0,0,0,0,0,0,0
1,1,62471,11,11,11,11,11,11,11,11,11,11
0,1,62472,0,0,0,0,0,0,0,0,0,0
1,1,62472,16,16,16,16,16,16,16,16,16,16
1,1,62473,19,19,19,19,19,19,19,19,19,19
2,1,62473,9,9,9,9,9,9,9,9,9,9
1,1,62474,0,0,0,0,0,0,0,0,0,0
2,1,62474,0,0,0,0,0,0,0,0,0,0
0,1,62475,15,0,0,0,23,0,30,0,0,0
1,1,62475,0,0,0,0,0,0,0,0,0,0
2,1,62475,0,0,0,0,0,0,0,0,0,0
0,1,62476,0,0,0,0,0,0,0,0,0,0
1,1,62476,0,0,0,0,0,0,0,0,0,0
1,1,62477,24,7,22,14,11,28,13,25,13,15
2,1,62477,0,0,0,0,0,0,0,0,0,0
1,1,62478,20,20,20,20,20,20,20,20,20,20
2,1,62478,0,0,0,0,0,0,0,0,0,0
1,1,62479,0,0,0,0,0,0,0,0,0,0
2,1,62479,0,0,0,0,0,0,0,0,0,0
3,1,62479,4,4,4,4,4,4,4,4,4,4
4,1,62479,0,0,0,0,0,0,0,0,0,0
1,1,62480,10,0,0,0,0,0,0,0,0,0
1,1,62481,3,3,3,3,3,3,3,3,3,3
1,1,62482,3,0,3,0,7,0,7,5,0,0
2,1,62482,0,0,0,18,0,0,0,12,0,0
1,1,62483,21,21,21,21,21,21,21,21,21,21
0,1,62484,38,38,38,38,38,38,38,38,38,38
1,1,62484,0,0,0,0,0,0,0,0,0,0
1,1,62485,0,0,0,0,0,0,0,0,0,0
2,1,62485,0,0,0,0,0,0,0,0,0,0
3,1,62485,0,0,0,0,0,0,0,0,0,0
1,1,62486,0,0,0,0,0,0,0,0,0,0
2,1,62486,0,0,0,0,0,0,0,0,0,0
1,1,62487,0,0,0,0,0,0,0,0,0,0
2,1,62487,0,0,0,0,0,0,0,0,0,0
1,1,62488,3,16,27,6,18,23,14,18,12,8
0,1,62489,0,0,0,0,0,0,0,0,0,0
0,2,62489,0,0,0,0,0,0,2,0,9,0
1,1,62489,0,0,0,0,0,0,0,0,0,0
3,1,62489,0,0,0,0,0,0,0,0,0,0
0,1,62490,27,27,27,27,27,27,27,27,27,27
1,1,62490,0,0,0,0,0,0,0,0,0,0
1,1,62491,18,18,18,18,18,18,18,18,18,18
2,1,62491,0,0,0,0,0,0,8,0,0,0
3,1,62491,0,0,0,0,0,0,0,0,0,0
1,1,62492,0,0,0,0,0,0,0,0,0,0
2,1,62492,0,0,0,0,0,0,0,0,0,0
3,1,62492,0,0,0,0,0,0,0,0,0,0
4,1,62492,0,0,0,0,0,0,0,0,0,0
1,1,62493,0,0,0,0,0,0,0,0,0,0
1,1,62494,8,5,8,3,14,3,21,10,12,3
2,1,62494,15,15,15,15,15,15,15,15,15,15
1,1,62495,0,0,0,0,0,0,0,0,0,0
1,1,62496,0,0,0,0,0,0,0,0,0,0
1,1,62497,0,0,0,18,0,0,0,0,0,0
2,1,62497,0,0,0,0,0,0,0,0,0,0
1,1,62498,0,0,0,0,0,0,0,0,0,0
2,1,62498,0,0,0,0,0,0,0,0,0,0
1,1,62499,0,0,0,0,0,0,0,0,0,0
2,1,62499,0,0,0,0,0,0,0,0,0,0
0,1,62500,0,0,0,0,0,0,0,0,0,0
1,1,62500,0,0,0,0,0,0,0,0,0,0
1,1,62501,0,0,0,0,0,0,0,0,0,0
2,1,62501,0,0,0,0,0,0,0,0,0,0
3,1,62501,0,0,0,0,0,0,0,0,0,0
0,1,62502,0,0,0,0,0,0,0,0,0,0
1,1,62502,0,0,0,0,0,0,0,0,0,0
0,1,62503,0,0,0,0,0,0,0,0,0,0
1,1,62503,0,0,0,0,0,0,9,0,0,0
1,1,62504,21,21,21,21,21,21,21,21,21,21
2,1,62504,0,0,0,0,0,0,0,0,0,0
1,1,62505,0,0,0,0,0,0,0,0,0,0
2,1,62505,0,0,0,0,0,0,0,0,0,0
3,1,62505,0,0,0,0,0,0,0,0,0,0
1,1,62506,0,0,0,0,0,0,0,0,0,0
0,1,62507,0,0,0,0,0,0,0,0,0,0
2,1,62507,0,0,0,0,0,0,0,0,0,0
1,1,62508,0,0,0,0,0,0,0,0,0,0
0,1,62509,0,0,0,0,0,0,0,0,0,0
1,1,62509,0,0,12,0,0,0,0,0,0,0
1,1,62510,0,0,0,0,0,0,0,0,0,0
0,1,62511,0,0,0,0,0,0,14,14,0,0
1,1,62511,0,0,0,0,0,0,0,0,0,0
1,1,62512,0,0,0,0,0,0,0,0,0,0
2,1,62512,0,0,0,0,0,0,0,0,0,0
0,1,62513,0,0,0,0,0,0,0,0,0,0
1,1,62513,0,0,0,0,0,0,0,0,0,0
1,1,62514,27,27,27,27,27,27,27,27,27,27
1,1,62515,25,25,25,25,25,25,25,25,25,25
2,1,62515,0,0,0,15,0,12,0,0,0,0
3,1,62515,0,0,0,0,0,0,0,0,0,0
0,1,62516,0,0,14,0,12,0,0,0,0,0
1,1,62516,0,0,0,0,0,0,0,0,0,0
1,1,62517,0,0,0,0,0,0,0,0,0,0
1,1,62518,0,0,0,0,0,0,0,0,0,0
0,1,62519,0,0,0,0,0,0,0,0,0,0
1,1,62519,0,0,0,0,0,0,0,0,0,0
1,1,62520,0,0,0,0,0,0,0,0,0,0
1,1,62521,0,0,0,0,0,0,0,0,0,0
2,1,62521,0,0,0,0,0,0,0,0,0,3
1,1,62522,0,0,0,0,0,0,0,0,0,0
1,1,62523,16,16,16,16,16,16,16,16,16,16
1,1,62524,0,0,0,0,0,0,0,0,0,0
1,1,62525,0,0,0,0,0,0,0,0,0,0
2,1,62525,0,0,0,0,0,0,0,0,0,0
0,1,62526,0,0,0,0,0,0,0,0,0,0
0,2,62526,0,0,0,0,0,0,0,0,0,0
1,1,62526,0,0,0,0,0,0,0,0,0,0
0,1,62527,0,0,0,0,0,0,0,0,0,0
1,1,62527,0,0,0,0,0,0,0,0,0,0
0,1,62528,22,42,35,37,20,24,13,29,7,20
1,1,62528,0,0,6,0,6,5,0,0,0,0
1,1,62529,16,16,16,16,16,16,16,16,16,16
1,1,62530,0,0,0,0,0,0,0,0,0,0
2,1,62530,0,0,0,0,0,0,0,0,0,0
1,1,62531,0,0,0,0,0,0,0,0,0,0
2,1,62531,0,0,0,0,0,0,0,0,0,0
0,1,62532,0,0,0,0,0,0,0,0,0,0
1,1,62532,0,0,0,0,0,0,0,0,0,0
1,1,62533,0,0,0,0,0,0,0,0,0,0
2,1,62533,0,0,0,0,0,0,0,0,0,0
1,1,62534,21,21,21,21,21,21,21,21,21,21
0,1,62535,0,0,0,0,0,0,0,0,0,0
1,1,62535,0,0,0,0,0,0,0,0,0,0
1,1,62536,0,0,0,0,0,0,0,0,0,0
2,1,62536,0,0,0,0,0,0,0,0,0,0
1,1,62537,0,0,0,0,0,0,0,0,0,0
2,1,62537,0,0,0,0,0,0,0,0,0,0
3,1,62537,0,0,0,0,0,14,0,0,0,0
1,1,62538,0,0,0,0,0,0,0,0,0,0
2,1,62538,0,0,6,0,0,0,0,0,0,0
3,1,62538,0,0,0,0,0,0,0,0,0,0
1,1,62539,0,0,0,0,0,0,0,0,0,0
2,1,62539,0,0,0,0,0,0,0,0,0,0
1,1,62540,0,0,0,0,0,0,0,0,0,0
2,1,62540,0,0,0,11,0,0,0,0,0,0
3,1,62540,5,0,0,0,0,0,0,0,0,0
4,1,62540,0,0,0,0,0,0,0,33,0,0
1,1,62541,0,0,0,0,0,0,0,0,0,0
1,1,62542,19,19,19,19,19,19,19,19,19,19
0,1,62543,20,0,43,7,0,19,0,0,28,0
1,1,62543,0,0,2,10,7,14,0,0,3,3
1,1,62544,5,5,5,5,5,5,5,5,5,5
1,1,62545,15,15,15,15,15,15,15,15,15,15
2,1,62545,0,0,0,9,0,0,0,0,0,0
1,1,62546,21,21,21,21,21,21,21,21,21,21
1,1,62547,7,7,7,7,7,7,7,7,7,7
0,1,62548,55,55,55,55,55,55,55,55,55,55
1,1,62548,9,9,9,9,9,9,9,9,9,9
1,1,62549,24,24,24,24,24,24,24,24,24,24
0,1,62550,23,23,23,23,23,23,23,23,23,23