VEH_NO,PER_NO,ST_CASE,P1,P2,P3,P4,P5,P6,P7,P8,P9,P10
1,1,62550,0,0,0,0,0,0,0,0,0,0
1,1,62551,0,0,0,0,0,0,0,0,0,0
0,1,62552,0,0,0,0,0,0,0,0,0,0
1,1,62552,0,0,0,7,0,0,0,0,0,18
1,1,62553,5,5,5,5,5,5,5,5,5,5
2,1,62553,0,0,0,0,0,0,0,0,0,0
1,1,62554,23,23,23,23,23,23,23,23,23,23
2,1,62554,0,0,0,0,0,0,0,0,0,0
3,1,62554,0,0,0,0,0,23,0,0,0,0
4,1,62554,0,0,0,0,0,0,0,0,0,0
1,1,62555,0,0,0,0,0,0,0,0,0,0
2,1,62555,0,0,0,0,0,0,0,0,0,0
3,1,62555,0,0,0,0,0,0,0,0,0,0
1,1,62556,12,12,12,12,12,12,12,12,12,12
1,1,62557,0,0,0,0,0,0,0,0,0,0
2,1,62557,0,0,8,0,6,0,26,13,17,3
3,1,62557,7,10,0,10,0,3,4,0,0,14
0,1,62558,16,16,16,16,16,16,16,16,16,16
1,1,62558,0,0,0,0,0,0,0,0,0,0
1,1,62559,0,0,0,0,0,0,0,0,0,0
1,1,62560,0,0,0,0,0,0,0,0,0,0
2,1,62560,0,0,0,0,0,0,0,0,0,0
1,1,62561,0,0,0,0,0,0,0,0,0,0
0,1,62562,27,27,27,27,27,27,27,27,27,27
1,1,62562,0,0,0,0,0,0,0,0,0,0
0,1,62563,0,0,0,0,0,0,0,0,0,0
1,1,62563,10,10,10,10,10,10,10,10,10,10
1,1,62564,18,18,18,18,18,18,18,18,18,18
1,1,62565,11,11,11,11,11,11,11,11,11,11
1,1,62566,15,6,0,13,10,5,0,12,0,7
1,1,62567,0,0,0,0,0,0,0,0,0,0
2,1,62567,0,0,0,0,0,0,0,0,0,0
0,1,62568,22,22,22,22,22,22,22,22,22,22
1,1,62568,11,11,11,11,11,11,11,11,11,11
1,1,62569,12,12,12,12,12,12,12,12,12,12
1,1,62570,0,0,0,0,21,0,0,0,0,0
2,1,62570,0,0,0,0,0,0,0,0,0,0
3,1,62570,0,0,0,0,0,0,0,0,0,0
1,1,62571,0,17,0,0,0,0,0,0,0,0
0,1,62572,0,0,0,0,0,0,0,0,0,0
1,1,62572,0,0,0,0,0,0,0,0,0,0
0,1,62573,0,0,0,0,0,0,0,0,0,0
1,1,62573,0,0,0,0,0,12,0,0,0,0
1,1,62574,0,0,0,0,0,0,0,0,0,0
1,1,62575,0,0,0,0,0,0,0,0,0,0
1,1,62576,0,0,0,0,0,0,0,0,0,0
1,1,62577,0,0,0,0,0,0,0,0,0,0
1,1,62578,0,0,0,0,0,0,0,0,0,0
2,1,62578,0,0,0,0,0,0,0,0,0,0
1,1,62579,25,25,25,25,25,25,25,25,25,25
1,1,62580,8,8,8,8,8,8,8,8,8,8
2,1,62580,0,0,0,0,0,0,0,0,0,0
1,1,62581,0,0,0,0,0,0,0,0,0,0
0,1,62582,0,0,0,0,0,0,0,0,0,0
1,1,62582,0,0,0,0,0,0,0,0,0,5
0,1,62583,0,0,0,0,6,0,0,0,0,0
1,1,62583,8,8,8,8,8,8,8,8,8,8
0,1,62584,0,0,0,0,0,0,0,0,0,0
0,2,62584,0,0,0,0,2,0,0,0,0,0
1,1,62584,0,0,0,0,0,0,0,4,7,0
1,1,62585,22,22,22,22,22,22,22,22,22,22
1,1,62586,13,13,13,13,13,13,13,13,13,13
1,1,62587,16,16,16,16,16,16,16,16,16,16
1,1,62588,0,0,0,0,0,0,0,0,0,0
0,1,62589,0,0,0,0,0,0,0,0,0,0
1,1,62589,0,0,0,0,0,0,0,0,0,0
0,1,62590,0,0,0,0,0,0,0,0,0,0
1,1,62590,0,0,0,0,0,0,0,0,0,0
1,1,62591,20,20,20,20,20,20,20,20,20,20
0,1,62592,0,0,0,0,0,0,0,0,0,0
1,1,62592,16,0,0,8,0,0,0,0,5,0
1,1,62593,0,0,0,0,0,0,0,0,0,0
2,1,62593,0,0,0,0,0,0,0,0,0,0
1,1,62594,0,0,0,0,0,0,0,0,0,0
2,1,62594,0,9,10,0,0,0,0,0,0,0
1,1,62595,0,0,0,0,0,0,0,0,0,0
2,1,62595,0,0,0,0,0,0,0,0,0,0
1,1,62596,0,0,0,0,0,0,0,0,0,0
2,1,62596,0,0,0,0,0,0,0,0,0,0
0,1,62597,0,0,0,0,0,0,0,0,0,0
1,1,62597,0,0,0,0,0,0,0,0,10,0
1,1,62598,23,23,23,23,23,23,23,23,23,23
2,1,62598,0,0,0,0,0,0,0,0,0,0
1,1,62599,0,0,0,0,0,0,0,0,0,0
2,1,62599,0,0,0,0,0,0,0,0,0,0
1,1,62600,0,0,0,0,0,0,0,0,0,0
2,1,62600,0,0,0,0,0,0,0,0,0,0
3,1,62600,0,0,0,0,0,0,0,14,0,0
1,1,62601,0,0,0,0,0,0,0,0,0,0
0,1,62602,0,0,0,0,0,0,0,0,0,0
1,1,62602,0,0,0,0,17,0,0,0,0,0
1,1,62603,0,0,0,0,0,0,0,0,0,0
2,1,62603,0,0,0,0,0,0,0,0,0,0
3,1,62603,0,0,0,0,0,0,0,0,0,0
4,1,62603,0,0,0,0,0,0,0,0,0,0
1,1,62604,0,0,0,0,0,0,0,0,0,0
2,1,62604,0,0,0,2,0,0,0,0,0,0
1,1,62605,0,0,0,0,0,0,0,0,0,0
2,1,62605,0,0,0,0,0,0,0,0,0,0
1,1,62606,15,15,15,15,15,15,15,15,15,15
2,1,62606,0,0,0,0,0,0,0,0,0,0
1,1,62607,0,0,18,0,0,0,0,0,0,0
2,1,62607,0,0,0,0,0,0,0,0,0,10
0,1,62608,0,0,0,0,0,0,0,0,0,0
1,1,62608,0,0,4,0,0,0,0,0,0,0
1,1,62609,0,0,0,0,0,0,0,0,0,0
2,1,62609,0,0,0,0,0,0,0,0,0,0
1,1,62610,9,9,9,9,9,9,9,9,9,9
0,1,62611,0,0,0,0,0,0,0,0,0,0
1,1,62611,0,0,0,0,0,0,0,0,0,0
1,1,62612,17,6,27,25,22,38,0,16,0,22
1,1,62613,26,26,26,26,26,26,26,26,26,26
0,1,62614,21,21,21,21,21,21,21,21,21,21
1,1,62614,0,0,4,0,7,15,0,17,19,12
1,1,62615,24,15,0,0,13,0,14,0,16,0
1,1,62616,0,0,0,0,0,0,0,0,0,0
2,1,62616,0,0,0,0,0,0,0,0,0,0
1,1,62617,0,0,0,0,0,0,0,0,0,0
2,1,62617,0,0,0,0,0,0,0,0,0,0
3,1,62617,0,0,0,0,0,0,0,0,0,0
0,1,62618,19,19,19,19,19,19,19,19,19,19
1,1,62618,0,0,0,0,0,0,0,0,0,0
1,1,62619,21,21,21,21,21,21,21,21,21,21
1,1,62620,0,0,0,0,0,0,0,0,0,0
1,1,62621,0,0,0,11,0,0,0,0,0,0
2,1,62621,0,0,0,0,0,0,0,0,0,0
0,1,62622,0,0,0,0,0,0,0,0,0,0
1,1,62622,0,0,0,0,0,0,0,0,0,0
1,1,62623,15,15,15,15,15,15,15,15,15,15
1,1,62624,24,24,24,24,24,24,24,24,24,24
0,1,62625,0,0,0,0,0,0,0,0,0,0
1,1,62625,0,0,0,0,0,0,0,0,0,0
1,1,62626,26,26,26,26,26,26,26,26,26,26
1,1,62627,0,0,0,0,0,0,0,0,0,0
2,1,62627,0,0,0,0,0,0,0,0,0,0
0,1,62628,0,0,0,0,0,0,0,0,0,0
1,1,62628,0,4,0,3,0,0,0,0,0,15
1,1,62629,0,0,0,0,0,0,0,0,0,0
2,1,62629,0,0,0,0,0,0,0,0,0,0
3,1,62629,0,0,0,0,0,0,0,0,0,0
0,1,62630,0,0,33,0,0,15,18,0,0,0
1,1,62630,26,3,19,0,13,27,0,0,0,2
0,1,62631,24,24,24,24,24,24,24,24,24,24
1,1,62631,0,0,0,0,0,0,0,0,0,0
1,1,62632,19,19,19,19,19,19,19,19,19,19
0,1,62633,7,7,7,7,7,7,7,7,7,7
1,1,62633,0,0,0,0,0,0,0,0,0,0
1,1,62634,7,7,7,7,7,7,7,7,7,7
2,1,62634,0,0,0,0,0,0,0,0,0,0
3,1,62634,0,0,0,0,0,0,0,0,0,0
0,1,62635,0,0,0,0,0,0,0,0,0,0
1,1,62635,0,3,0,0,0,0,0,0,0,0
0,1,62636,0,0,0,0,0,0,0,0,0,0
0,2,62636,0,0,0,17,16,0,16,0,0,0
1,1,62636,0,0,0,0,0,0,0,0,0,0
0,1,62637,0,0,0,0,0,0,0,0,0,0
1,1,62637,0,0,0,0,0,0,0,0,0,0
1,1,62638,0,0,0,0,0,0,0,0,0,0
0,1,62639,19,19,19,19,19,19,19,19,19,19
1,1,62639,0,0,0,0,0,0,0,0,0,0
1,1,62640,14,14,14,14,14,14,14,14,14,14
1,1,62641,28,28,28,28,28,28,28,28,28,28
2,1,62641,0,0,0,0,0,0,0,0,0,0
1,1,62642,0,0,0,0,0,0,0,0,0,0
2,1,62642,0,0,0,0,0,0,0,0,0,0
1,3,62643,0,0,0,0,0,13,0,0,0,0
1,1,62644,14,14,14,14,14,14,14,14,14,14
1,1,62645,0,0,0,0,0,0,0,0,0,0
2,1,62645,0,6,0,0,0,0,0,0,0,0
1,1,62646,19,19,19,19,19,19,19,19,19,19
1,1,62647,18,18,18,18,18,18,18,18,18,18
2,1,62647,0,0,0,0,0,0,0,0,0,9
1,1,62648,13,13,13,13,13,13,13,13,13,13
1,1,62649,0,0,0,0,0,0,0,0,0,0
2,1,62649,0,0,0,0,0,0,0,0,0,0
1,1,62650,0,0,0,0,3,0,0,0,0,0
1,1,62651,0,0,0,0,0,0,0,0,0,0
2,1,62651,0,0,0,0,0,0,0,0,0,0
1,1,62652,23,23,23,23,23,23,23,23,23,23
2,1,62652,0,0,0,0,0,0,0,0,0,0
1,1,62653,18,18,18,18,18,18,18,18,18,18
1,1,62654,0,0,0,0,0,0,0,0,0,0
2,1,62654,0,0,0,0,0,0,0,0,0,0
3,1,62654,0,0,0,0,0,4,0,11,0,0
1,1,62655,10,10,10,10,10,10,10,10,10,10
0,1,62656,0,0,0,0,0,0,0,0,0,0
1,1,62656,0,0,0,0,0,0,0,0,0,0
0,1,62657,0,0,0,0,0,0,0,0,0,0
1,1,62657,0,0,0,0,0,0,0,0,0,0
0,1,62658,0,0,0,0,0,0,0,0,0,0
1,1,62658,0,0,0,0,0,0,0,0,0,0
1,1,62659,28,28,28,28,28,28,28,28,28,28
2,1,62659,0,0,0,0,0,0,0,0,0,0
1,1,62660,18,18,18,18,18,18,18,18,18,18
2,1,62660,0,0,0,0,0,0,0,0,0,0
0,1,62661,0,0,0,0,0,0,0,0,0,0
1,1,62661,0,0,0,0,0,0,0,0,0,0
1,1,62662,0,0,0,0,0,0,0,0,0,0
2,1,62662,0,0,0,0,0,0,0,0,0,0
1,1,62663,0,0,0,0,0,0,0,0,0,0
1,1,62664,0,0,0,0,0,0,0,0,0,0
2,1,62664,0,14,0,0,0,0,0,0,0,0
0,1,62665,0,0,0,0,0,0,0,0,0,0
1,1,62665,0,0,0,0,0,0,0,0,0,0
1,1,62666,0,0,0,0,0,0,0,0,0,0
1,1,62667,0,0,0,0,0,0,0,0,0,0
1,1,62668,0,0,0,0,0,0,0,0,0,0
0,1,62669,0,0,0,0,0,0,0,0,0,0
1,1,62669,0,0,0,0,0,0,0,0,0,0
1,1,62670,0,0,0,0,0,0,0,0,0,0
2,1,62670,9,9,9,9,9,9,9,9,9,9
3,1,62670,0,0,0,0,0,0,0,0,0,0
1,1,62671,0,0,0,0,0,0,0,0,0,0
2,1,62671,0,0,0,0,0,0,0,0,0,0
3,1,62671,0,0,0,0,0,0,0,0,0,0
0,1,62672,0,0,0,0,0,0,0,0,0,0
1,1,62672,0,0,0,0,0,0,0,0,0,0
0,1,62673,29,29,29,29,29,29,29,29,29,29
1,1,62673,0,0,0,0,0,0,0,0,0,0
1,1,62674,0,0,0,0,0,0,0,0,0,0
2,1,62674,6,0,0,0,0,0,0,0,0,0
3,1,62674,0,4,0,0,0,0,0,0,0,0
1,1,62675,7,7,7,7,7,7,7,7,7,7
1,1,62676,0,0,0,0,0,0,0,0,0,0
2,1,62676,0,0,0,0,0,0,0,0,0,0
1,1,62677,0,0,0,0,0,0,0,0,0,0
0,1,62678,0,0,0,0,0,0,0,0,0,0
1,1,62678,0,0,0,0,0,0,0,0,0,0
1,1,62679,0,0,0,0,0,0,0,0,0,0
2,1,62679,0,0,0,0,0,0,0,0,0,0
1,1,62680,0,0,0,0,0,0,0,0,0,0
1,1,62681,0,0,0,0,0,0,0,0,0,0
1,1,62682,0,0,0,0,0,0,0,0,0,0
0,1,62683,0,0,0,0,0,0,0,0,0,0
1,1,62683,0,0,0,0,0,0,0,0,0,0
0,1,62684,0,0,0,0,0,0,0,0,0,0
1,1,62684,10,0,15,0,0,0,0,0,0,2
1,1,62685,7,7,7,7,7,7,7,7,7,7
2,1,62685,0,0,0,0,0,0,0,0,0,0
1,1,62686,15,15,15,15,15,15,15,15,15,15
1,1,62687,0,0,0,0,0,0,0,0,0,0
2,1,62687,0,0,0,0,0,0,0,0,0,0
0,1,62688,0,0,0,0,0,0,0,0,0,0
1,1,62688,0,0,0,0,0,0,0,0,0,0
0,1,62689,0,0,0,0,0,0,0,0,0,0
1,1,62689,0,0,0,0,16,22,0,10,11,0
2,1,62689,0,0,0,0,0,0,0,0,0,0
3,1,62689,0,9,0,0,0,0,0,0,0,6
0,1,62690,0,0,0,0,0,0,0,0,0,0
1,1,62690,0,0,0,0,0,0,0,0,0,0
1,1,62691,0,0,0,0,0,0,0,0,0,0
2,1,62691,0,0,0,0,0,0,0,0,0,0
1,1,62692,0,0,0,0,0,0,0,0,0,0
2,1,62692,0,0,0,0,0,0,0,0,0,0
3,1,62692,0,0,0,0,0,0,0,0,0,0
4,1,62692,0,0,0,0,0,0,0,0,0,0
1,1,62693,0,11,41,22,0,0,0,0,0,0
0,1,62694,24,24,24,24,24,24,24,24,24,24
1,1,62694,0,0,0,0,0,0,0,0,0,0
1,1,62695,0,0,0,0,0,0,0,0,0,0
1,1,62696,25,25,25,25,25,25,25,25,25,25
0,1,62697,0,0,0,0,0,0,0,0,0,0
1,1,62697,0,0,0,0,0,0,0,0,0,0
2,1,62697,3,0,0,0,0,0,0,0,0,0
1,1,62698,0,0,0,0,0,0,0,0,0,0
2,1,62698,0,0,0,0,0,0,0,0,0,0
3,1,62698,0,0,0,0,0,0,0,0,0,0
1,1,62699,0,0,0,0,0,0,0,0,0,0
2,1,62699,0,0,0,15,16,0,7,0,0,0
1,1,62700,0,0,0,0,0,0,0,0,0,0
2,1,62700,0,20,10,19,19,13,10,8,10,2
1,1,62701,0,0,0,0,0,0,0,0,0,0
2,1,62701,0,0,0,0,0,0,0,0,0,0
3,1,62701,0,0,0,0,0,0,0,0,0,0
1,1,62702,0,0,0,0,0,0,0,0,0,0
2,1,62702,0,0,0,0,0,0,0,0,0,0
3,1,62702,0,0,0,0,0,0,0,0,0,0
4,1,62702,0,0,0,0,0,0,0,0,0,0
5,1,62702,0,0,0,0,0,0,0,0,0,0
6,1,62702,0,0,0,0,0,0,0,0,0,0
1,1,62703,31,31,31,31,31,31,31,31,31,31
1,1,62704,0,0,0,0,0,0,0,0,0,0
1,1,62705,0,0,0,0,0,0,0,0,0,0
1,1,62706,0,0,0,0,0,0,0,0,0,0
1,1,62707,0,0,0,0,0,0,0,0,0,0
2,1,62707,16,0,0,1,0,9,3,0,0,0
1,1,62708,0,0,0,0,0,0,0,0,0,0
0,1,62709,26,26,26,26,26,26,26,26,26,26
1,1,62709,0,0,0,5,0,2,0,0,0,0
1,1,62710,0,0,0,0,0,0,0,0,0,0
1,1,62711,0,0,0,0,0,0,0,0,0,0
2,1,62711,0,0,0,0,0,0,0,0,0,0
1,1,62712,0,0,0,19,15,0,17,18,0,0
2,1,62712,0,0,0,0,0,0,0,0,0,0
1,1,62713,30,30,30,30,30,30,30,30,30,30
1,1,62714,0,0,0,0,0,0,0,0,0,0
0,1,62715,28,28,28,28,28,28,28,28,28,28
1,1,62715,5,0,0,0,3,0,0,0,0,9
1,1,62716,23,23,23,23,23,23,23,23,23,23
0,1,62717,0,0,0,0,0,0,0,0,0,0
1,1,62717,0,0,0,0,0,0,0,0,0,0
1,1,62718,22,22,22,22,22,22,22,22,22,22
1,1,62719,0,0,0,8,0,0,0,0,0,0
2,1,62719,0,0,0,0,0,0,0,0,0,0
0,1,62720,0,0,0,0,0,0,0,0,0,0
1,1,62720,0,11,0,28,19,0,0,8,0,0
0,1,62721,11,0,17,11,0,12,0,0,4,0
1,1,62721,21,21,21,21,21,21,21,21,21,21
0,1,62722,0,0,0,0,0,0,0,0,0,0
1,1,62722,0,0,0,0,0,0,0,0,0,0
1,1,62723,0,0,0,0,0,0,0,0,0,0
2,1,62723,0,0,0,0,0,0,0,0,0,0
1,1,62724,0,0,0,0,0,0,0,0,0,0
1,1,62725,0,0,0,0,0,0,0,0,0,0
2,1,62725,0,0,0,0,0,0,0,0,0,0
0,1,62726,0,0,0,0,0,0,0,0,0,0
1,1,62726,0,0,0,0,0,0,0,0,0,0
1,1,62727,0,0,0,0,0,0,0,0,0,0
1,1,62728,0,0,0,0,0,0,0,0,0,0
1,1,62729,0,0,0,0,0,0,0,0,0,0
2,1,62729,0,0,0,0,0,0,0,0,0,0
1,1,62730,0,0,0,0,0,0,0,0,0,0
1,1,62731,0,0,0,0,0,0,0,0,0,0
0,1,62732,0,0,0,0,0,0,0,0,0,0
1,1,62732,0,0,0,0,0,0,0,0,0,0
0,1,62733,0,0,0,0,0,0,0,0,0,0
1,1,62733,0,0,0,0,0,11,0,0,0,10
1,1,62734,0,0,0,0,0,0,0,0,0,0
2,1,62734,0,0,0,0,0,0,0,0,0,0
1,1,62735,0,0,0,0,0,0,0,0,0,0
0,1,62736,15,15,15,15,15,15,15,15,15,15
1,1,62736,0,0,0,0,0,0,16,0,0,0
1,1,62737,14,14,14,14,14,14,14,14,14,14
1,1,62738,0,0,0,0,0,0,0,0,0,0
2,1,62738,0,0,0,0,0,0,0,0,0,0
1,1,62739,0,0,0,0,0,0,0,0,0,0
2,1,62739,0,0,0,0,0,0,0,0,0,0
1,1,62740,3,0,6,7,14,0,0,0,0,0
1,1,62741,0,0,0,0,0,0,0,0,0,0
1,1,62742,0,0,0,0,0,0,0,0,0,0
2,1,62742,0,0,0,0,0,0,0,0,0,0
1,1,62743,0,0,0,0,0,0,0,0,0,0
2,1,62743,0,0,0,0,0,0,0,0,0,0
1,1,62744,0,0,0,0,0,0,0,0,0,0
1,1,62745,0,0,0,0,0,0,0,0,0,0
2,1,62745,5,0,0,0,0,0,0,0,0,0
3,1,62745,0,0,0,0,0,0,0,0,0,0
0,1,62746,0,0,0,0,0,0,0,0,0,0
1,1,62746,0,0,0,0,0,0,0,0,0,0
2,1,62746,0,0,0,0,0,0,0,0,0,0
0,1,62747,0,0,0,0,0,0,0,0,0,0
1,1,62747,1,1,1,1,1,1,1,1,1,1
1,1,62748,0,0,0,0,0,0,0,0,0,0
2,1,62748,0,0,0,0,0,0,0,0,0,0
1,1,62749,0,0,0,16,4,0,0,0,0,0
2,1,62749,0,0,0,0,0,0,0,0,0,0
1,1,62750,22,22,22,22,22,22,22,22,22,22
2,1,62750,0,0,0,0,0,0,0,0,0,0
1,1,62751,0,0,0,0,0,0,0,0,0,0
1,1,62752,0,0,0,0,0,0,0,0,0,0
0,1,62753,0,0,0,0,0,0,0,0,0,0
1,1,62753,0,25,0,0,16,0,0,0,0,0
1,1,62754,0,0,0,0,0,0,0,0,0,0
2,1,62754,0,0,0,0,0,0,0,0,0,0
3,1,62754,0,0,0,0,0,0,0,0,0,0
1,1,62755,0,0,0,0,0,0,0,0,0,0
0,1,62756,0,0,0,0,0,0,0,0,0,0
1,1,62756,0,0,0,0,0,0,0,0,0,0
1,1,62757,0,0,0,0,0,3,8,0,16,5
1,1,62758,21,21,21,21,21,21,21,21,21,21
0,1,62759,0,0,0,0,0,0,0,0,0,0
1,1,62759,0,0,0,0,0,0,0,0,0,0
1,1,62760,0,0,0,0,0,0,0,0,0,0
1,1,62761,0,0,0,0,0,0,0,0,0,0
1,1,62762,16,16,16,16,16,16,16,16,16,16
2,1,62762,0,16,0,0,0,0,0,0,0,0
0,1,62763,0,0,0,0,18,0,0,11,0,7
1,1,62763,0,0,0,0,0,0,0,0,0,0
1,1,62764,0,0,0,0,0,0,0,8,0,0
0,1,62765,0,0,0,0,0,0,0,0,0,0
1,1,62765,0,0,0,0,0,0,0,0,0,0
0,1,62766,0,0,0,0,0,0,0,0,0,0
1,1,62766,0,0,8,0,0,0,0,0,0,0
1,1,62767,0,0,0,10,0,0,0,0,0,0
2,1,62767,0,0,0,0,0,0,0,0,0,0
1,1,62768,0,0,0,0,0,0,10,0,10,12
1,1,62769,0,0,0,0,0,0,0,0,0,0
2,1,62769,0,0,0,0,0,0,0,0,0,0
0,1,62770,0,0,0,0,0,0,0,0,0,0
1,1,62770,0,0,0,0,0,0,0,0,0,0
0,1,62771,0,0,0,0,0,0,0,0,0,0
1,1,62771,0,0,0,0,0,0,0,0,0,0
0,1,62772,0,0,0,0,0,0,0,0,0,0
1,1,62772,0,0,0,0,0,0,0,0,0,0
1,1,62773,0,0,0,0,0,0,0,0,0,0
0,1,62774,0,0,0,0,0,0,0,0,0,0
1,1,62774,0,0,0,0,0,0,0,0,0,0
1,1,62775,0,0,0,0,0,0,0,0,0,0
2,1,62775,0,0,0,0,0,0,0,0,0,0
3,1,62775,0,0,0,0,0,0,0,0,0,0
4,1,62775,0,0,0,0,0,0,0,0,0,0
5,1,62775,0,0,0,0,0,0,0,0,0,0
6,1,62775,0,0,0,9,0,0,0,0,0,0
1,1,62776,0,0,0,0,0,0,0,0,0,0
2,1,62776,0,0,0,0,0,0,0,0,0,0
3,1,62776,0,0,0,0,0,0,0,0,0,0
4,1,62776,0,0,0,0,0,0,0,0,0,0
1,1,62777,0,0,0,0,0,0,0,0,0,0
2,1,62777,0,20,0,0,0,0,0,0,0,12
1,1,62778,0,0,0,0,0,0,0,0,0,0
2,1,62778,0,0,0,0,0,0,13,0,0,0
0,1,62779,8,15,18,0,31,0,14,8,16,20
1,1,62779,12,0,0,0,9,0,0,0,0,9
0,1,62780,9,9,9,9,9,9,9,9,9,9
1,1,62780,6,0,0,0,0,12,0,0,0,0
1,1,62781,15,15,15,15,15,15,15,15,15,15
1,1,62782,8,8,8,8,8,8,8,8,8,8
0,1,62783,0,0,0,0,0,0,0,0,0,0
1,1,62783,0,0,6,0,0,0,0,0,0,0
1,1,62784,0,0,0,0,0,0,0,0,0,0
2,1,62784,0,0,0,0,0,0,0,0,0,0
1,1,62785,0,0,0,0,0,0,0,0,0,0
2,1,62785,0,0,0,0,0,0,0,0,0,0
1,1,62786,0,0,0,0,0,0,0,0,0,0
2,1,62786,0,0,0,0,0,0,0,0,0,0
1,1,62787,23,23,23,23,23,23,23,23,23,23
1,1,62788,24,24,24,24,24,24,24,24,24,24
1,1,62789,0,0,0,0,0,0,0,0,0,0
1,1,62790,24,24,24,24,24,24,24,24,24,24
2,1,62790,0,0,0,0,0,0,0,0,0,0
1,1,62791,0,0,0,0,0,0,0,0,0,0
2,1,62791,20,20,20,20,20,20,20,20,20,20
1,1,62792,21,0,0,0,0,0,0,0,0,0
1,1,62793,0,0,0,0,0,0,0,0,0,0
1,1,62794,0,0,0,0,0,0,0,0,0,0
2,1,62794,0,0,0,0,0,0,0,0,0,0
1,1,62795,0,0,0,0,0,0,0,0,0,0
2,1,62795,0,0,0,0,0,0,0,0,0,0
1,1,62796,27,27,27,27,27,27,27,27,27,27
1,1,62797,0,0,0,0,0,0,0,0,0,0
2,1,62797,0,0,0,0,0,0,0,0,0,0
3,1,62797,0,0,0,0,0,0,0,0,0,0
1,1,62798,28,28,28,28,28,28,28,28,28,28
1,1,62799,0,0,0,0,0,0,0,0,0,13
2,1,62799,0,0,0,4,0,0,0,0,0,0
3,1,62799,0,0,0,0,0,0,0,0,0,0
1,1,62800,0,0,0,0,0,0,0,0,0,0
2,1,62800,0,0,0,0,0,0,0,0,0,0
1,1,62801,4,4,4,4,4,4,4,4,4,4
0,1,62802,0,0,0,0,0,0,0,0,0,0
1,1,62802,0,0,0,0,0,0,0,0,0,0
0,1,62803,0,0,0,0,0,0,0,0,0,0
1,1,62803,0,0,0,0,0,0,0,0,0,0
1,1,62804,0,0,0,0,0,0,0,0,0,0
1,1,62805,0,0,0,0,0,0,0,0,0,0
2,1,62805,0,0,0,0,0,0,0,11,0,0
0,1,62806,0,0,0,0,0,0,0,0,0,0
1,1,62806,0,0,0,0,0,0,0,0,0,0
1,1,62807,0,0,0,0,0,0,0,0,0,0
1,1,62808,22,22,22,22,22,22,22,22,22,22
2,1,62808,0,0,26,11,0,0,14,0,16,12
1,1,62809,0,0,0,0,0,0,0,0,0,0
2,1,62809,0,0,0,0,0,0,0,0,0,0
1,1,62810,0,0,0,0,0,0,0,0,0,0
1,1,62811,0,0,0,0,0,0,0,0,0,0
1,1,62812,0,0,0,0,0,0,0,0,0,0
0,1,62813,29,29,29,29,29,29,29,29,29,29
1,1,62813,0,0,0,0,11,11,0,0,16,0
0,1,62814,37,37,37,37,37,37,37,37,37,37
1,1,62814,0,0,19,4,0,0,0,0,7,0
1,1,62815,0,0,0,0,0,0,0,0,0,0
2,1,62815,0,0,0,0,0,0,0,0,0,0
3,1,62815,0,0,0,0,0,0,0,0,0,0
4,1,62815,0,0,0,0,0,0,0,0,0,0
5,1,62815,0,0,0,0,0,0,0,0,0,0
1,1,62816,0,0,0,0,0,0,0,0,0,0
1,1,62817,0,0,0,0,0,0,0,0,0,0
2,1,62817,0,0,0,0,0,0,0,0,0,0
0,1,62818,0,0,0,0,0,0,0,0,0,0
1,1,62818,0,0,0,0,0,5,0,0,0,0
0,1,62819,22,0,0,0,0,0,0,20,0,0
1,1,62819,0,0,0,0,0,0,0,0,0,0
1,1,62820,0,0,14,0,0,0,0,0,0,0
0,1,62821,0,0,0,0,0,0,0,0,0,0
0,2,62821,0,0,0,0,0,0,0,0,0,0
1,1,62821,0,0,0,0,0,0,0,0,0,0
1,1,62822,24,24,24,24,24,24,24,24,24,24
2,1,62822,0,0,0,0,8,0,0,0,0,0
1,1,62823,0,0,0,0,0,0,0,0,0,0
2,1,62823,0,0,0,0,0,0,0,0,0,0
1,1,62824,17,17,17,17,17,17,17,17,17,17
2,1,62824,0,0,0,0,0,0,0,0,20,0
0,1,62825,0,0,0,0,0,0,0,0,0,0
1,1,62825,0,0,0,0,0,0,0,0,0,0
1,1,62826,2,2,2,2,2,2,2,2,2,2
2,1,62826,0,0,0,0,0,0,0,0,0,0
0,1,62827,15,0,0,0,0,0,25,25,21,0
1,1,62827,0,0,0,0,0,0,0,0,0,0
1,1,62828,0,0,0,0,0,0,0,0,0,0
0,1,62829,0,0,0,0,0,0,0,0,0,0
1,1,62829,0,0,0,0,0,0,0,0,0,0
0,1,62830,0,0,0,0,0,0,0,0,0,0
1,1,62830,0,0,0,0,0,0,0,0,0,0
1,1,62831,0,10,15,0,0,0,0,0,0,0